{"type":"Topology","arcs":[[[76,5126],[-2,-53],[-74,11],[22,51],[54,-9]],[[1762,4356],[23,-28],[92,-48],[29,-29],[13,-61],[46,-85],[16,-91],[23,-51],[5,-72],[-12,-111],[-31,-59],[-70,-11],[-63,-36],[-57,-111],[-50,-14],[-89,-91],[-140,-187],[-129,-34],[-57,-38],[-232,-17],[-66,3],[-36,49],[-102,68],[-40,1],[-60,32],[-58,7],[-141,52],[-139,109],[-46,75],[-67,72],[-68,28],[-57,-13],[-50,46],[-3,28],[101,114],[42,105],[14,111],[42,66],[-18,65],[29,70],[38,35],[181,44],[96,47],[111,31],[82,-15],[92,-63],[115,-11],[140,-44],[117,24],[64,4],[68,24],[64,65],[156,60],[82,-115]],[[13977,5332],[116,148],[58,95],[95,98],[116,88],[86,110],[23,83],[-7,84],[-30,34],[-7,59],[-65,24],[17,77],[-22,27],[-94,42],[-65,16],[-104,109],[10,83],[-11,173],[232,17],[5,-106],[101,2],[24,38],[-14,47],[47,23],[37,-39],[122,-61],[-15,107],[64,-26],[47,-54],[76,51],[-1,55],[-29,48],[168,-12],[51,-43],[73,104],[80,-18],[107,46],[10,32],[56,23],[46,-26],[53,27],[51,-7],[39,-53],[136,-10],[90,108],[28,-12],[90,-107],[36,-16],[46,22],[81,-28],[83,-47],[81,24],[8,-64],[73,-105],[27,-67],[-13,-55],[31,-58],[62,-16],[22,-42],[89,-14],[59,-43],[8,-28],[74,-33],[-3,-183],[39,14],[58,-10],[80,-64],[82,-11],[-14,-71],[-20,-45],[3,-27],[57,-130],[-38,-57],[-66,-15],[-22,-26],[-55,19],[-67,-14],[-62,11],[2,-91],[-82,12],[-50,-26],[8,-41],[-78,-27],[-63,22],[-38,-19],[-25,-78],[-85,20],[-39,-23],[-29,31],[-68,-15],[-31,-19],[-11,21],[-91,0],[-7,-2],[-6,-4],[-20,-28],[-25,-11],[-56,-58],[-61,11],[-73,-107],[34,-55],[-58,-69],[6,-57],[11,-19],[-2,-30],[1,-5],[-60,32],[-61,15],[-31,63],[-37,13],[-19,41],[-53,-35],[-23,19],[-57,-9],[-35,37],[-95,20],[-53,-39],[-60,-5],[-38,-37],[-93,45],[-59,-5],[-79,-72],[-66,-41],[-32,30],[-75,38],[-20,-28],[-54,18],[-81,-27],[-106,46],[-32,-52],[-50,-17],[-92,120],[-73,7],[-30,59],[-88,59],[-33,40],[-7,7],[-1,0]],[[8635,9298],[-36,-23],[-75,24],[-61,37],[-70,70],[53,31],[15,32],[61,40],[78,-17],[89,-102],[11,-43],[-65,-49]],[[35956,5429],[51,84],[43,-39],[34,26],[29,56],[28,-78],[104,-10],[153,-71],[137,-114],[9,-16],[9,-10],[-1,-2],[-6,-8],[-11,-4],[-13,7],[-10,-31],[65,-153],[11,-165],[-19,-31],[35,-57],[86,-21],[19,-62],[-59,-5],[-24,-105],[11,-23],[-40,-131],[20,-25],[-1,-37],[-15,-43],[21,-64],[-8,-70],[37,-24],[-19,-43],[-46,-2],[-8,-62],[-32,-25],[5,-54],[-91,-73],[-80,-39],[-48,-50],[-146,73],[-101,-24],[-53,-50],[-112,-31],[-19,32],[-133,33],[-95,74],[-37,-25],[-34,-66],[-118,-20],[-31,23],[-56,-11],[-28,-88],[-50,-18],[-87,-90],[-35,-58],[-66,6],[-30,-14],[-52,13],[-17,46],[-74,52],[-23,42],[48,72],[8,78],[49,20],[14,67],[-41,4],[-45,41],[-33,70],[-67,15],[-88,-33],[-171,28],[-18,19],[-64,-5],[-86,51],[-85,64],[6,21],[-28,45],[49,33],[102,-5],[31,-16],[132,101],[4,44],[41,59],[0,76],[23,60],[103,30],[37,47],[-24,44],[54,60],[44,71],[-24,21],[-35,114],[14,54],[41,50],[-34,83],[-8,56],[36,26],[13,65],[29,10],[28,59],[-8,32],[73,4],[15,42],[-25,42],[50,95],[96,5],[35,-49],[40,-8],[71,-58],[70,36],[53,86],[86,19],[91,-5],[31,-49],[59,-31],[121,30],[67,-40],[75,17],[-37,-96],[30,-51],[-27,-45]],[[33339,10184],[337,200],[209,3],[33,27],[77,-57],[107,-39],[33,10],[61,-39],[41,-108],[149,-7],[49,38],[77,2],[180,-49],[61,12],[82,-61],[-14,-50],[-6,-24],[-36,-128],[-54,-117],[-5,-163],[-70,41],[-99,30],[-178,-17],[-54,37],[-51,5],[19,-134],[-109,66],[-42,52],[-57,0],[-64,34],[-14,-53],[0,-115],[-22,-70],[-48,3],[-99,63],[-92,72],[-48,-26],[-46,105],[53,45],[-10,27],[-61,-24],[-59,43],[27,38],[-38,30],[-69,22],[30,59],[-26,61],[-137,143],[-17,13]],[[33793,10399],[18,78],[-32,45],[-85,60],[-103,-32],[-97,82],[-39,-7],[-91,81],[28,79],[91,-6],[217,-28],[12,17],[126,-36],[52,-41],[15,51],[60,5],[80,-16],[52,11],[93,-51],[109,-1],[135,-34],[154,30],[36,-81],[-28,-70],[-40,3],[-48,-46],[72,-62],[104,-63],[44,-131],[-36,-71],[-180,49],[-77,-2],[-49,-38],[-149,7],[-41,108],[-61,39],[-33,-10],[-107,39],[-77,57],[-33,-27],[-92,12]],[[33142,10848],[-15,39],[-96,77],[29,42],[91,-37],[151,-24],[38,6],[94,-15],[75,-32],[132,13],[45,22],[41,-14],[-2,-47],[35,-13],[-26,-80],[-149,33],[-140,1],[-90,36],[-82,6],[-65,-17],[-6,-62],[-36,-3],[-24,69]],[[36842,7182],[-77,48],[102,41],[68,-11],[25,42],[-38,46],[7,62],[-10,114],[-72,57],[-38,75],[50,30],[78,24],[26,47],[-41,24],[-25,140],[27,38],[61,-3],[25,24],[-25,105],[35,42],[15,57],[-41,47],[-62,3],[-1,102],[50,40],[-11,38],[11,73],[-56,66],[22,51],[-12,28],[-142,-29],[-50,67],[61,27],[1,113],[-34,72],[27,37],[19,67],[-31,8],[10,70],[72,32],[39,-3],[39,79],[95,-9],[-15,-105],[73,-19],[77,46],[40,65],[-14,37],[27,77],[75,19],[212,-14],[51,0],[3,-3],[110,-6],[-15,-37],[-99,-43],[16,-82],[-14,-70],[-42,-26],[-14,-54],[36,-50],[-25,-61],[31,-75],[-13,-111],[47,-33],[-23,-60],[38,-21],[-27,-43],[15,-49],[77,-26],[27,-25],[69,-194],[-47,-81],[-77,0],[-2,-86],[22,-61],[81,2],[-13,-46],[39,-69],[-27,-58],[-44,-53],[-31,-65],[81,2],[34,-15],[49,-79],[61,-51],[115,-73],[48,-8],[18,-57],[68,5],[7,-34],[49,-6],[46,-32],[-40,-29],[-23,-150],[-41,-24],[-75,-118],[-66,-39],[-44,-18],[-7,-1],[-9,0],[-12,5],[-47,9],[-25,18],[-17,-15],[-58,10],[-75,-12],[-20,-43],[-131,-7],[-66,55],[-62,11],[-77,65],[-59,31],[-131,-12],[-120,45],[-66,39],[-58,-15],[-70,42]],[[36868,1783],[-50,-34],[-81,-25],[-101,18],[-97,4],[-76,-32],[-75,-52],[-92,19],[-194,-50],[-96,23],[-62,36],[-90,16],[-107,-56],[-40,-68],[-85,7],[-60,28],[-14,47],[-67,36],[-48,62],[-62,32],[-95,5],[-64,-18],[-71,46],[-56,-17],[-52,9],[-103,-29],[-71,120],[-6,97],[-72,78],[-130,76],[-46,-2],[-37,108],[-88,43],[-41,48],[88,146],[-29,235],[-54,47],[-26,68],[-110,38],[-46,47],[-141,-17],[-55,-28],[-179,-16],[-35,-57],[-39,-17],[-45,41],[-29,14],[12,64],[-42,80],[33,89],[-37,39],[-33,109],[34,100],[41,34],[66,-2],[45,75],[-20,140],[92,13],[89,79],[36,-17],[43,61],[68,124],[36,38],[-8,150],[45,103],[52,22],[36,35],[24,48],[90,-62],[34,-10],[52,-41],[64,5],[18,-19],[171,-28],[88,33],[67,-15],[33,-70],[45,-41],[41,-4],[-14,-67],[-49,-20],[-8,-78],[-48,-72],[23,-42],[74,-52],[17,-46],[52,-13],[12,-28],[-23,-100],[63,-46],[77,-79],[55,-33],[120,-4],[89,-21],[-11,-37],[71,-121],[-7,-98],[101,-118],[-35,-76],[65,-48],[48,11],[22,-94],[51,-68],[74,25],[25,46],[47,18],[71,-16],[8,-30],[114,-64],[0,-71],[-38,-25],[0,-92],[24,-48],[4,-68],[83,-42],[11,-56],[64,-88],[10,-43],[38,-43],[70,-3],[119,-55],[45,-2],[52,-57],[70,1],[32,-19],[49,13],[36,-20],[61,-119]],[[35308,5766],[9,82],[-35,36],[-5,81],[20,51],[23,20],[8,21],[66,28],[39,63],[32,137],[23,26],[126,3],[26,102],[169,59],[79,-11],[28,14],[147,-12],[81,0],[27,10],[32,-53],[-33,-23],[3,-122],[-15,-52],[68,-53],[2,-59],[144,-134],[110,-120],[56,23],[25,-25],[-13,-59],[37,-81],[-26,-77],[40,-49],[-13,-53],[-57,-24],[7,-106],[-12,-50],[29,-92],[-11,0],[-9,16],[-69,53],[-60,48],[-8,13],[-153,71],[-104,10],[-28,78],[-29,-56],[-34,-26],[-43,39],[-54,12],[37,96],[-75,-17],[-67,40],[-121,-30],[-59,31],[-31,49],[-91,5],[-86,-19],[-53,-86],[-70,-36],[-120,101],[3,0],[5,4],[16,19],[26,37],[30,-1],[11,48]],[[32118,7364],[80,47],[58,-30],[20,32],[79,25],[15,35],[83,6],[107,-40],[45,5],[83,-25],[7,-20],[11,-9],[31,-9],[105,36],[265,33],[83,-29],[79,-6],[71,-31],[157,75],[228,60],[4,68],[76,29],[29,80],[-1,51],[71,-13],[67,24],[59,63],[63,39],[-88,-384],[-45,-178],[-70,-313],[45,-65],[-66,-88],[-95,-89],[-22,-37],[-3,-114],[-55,-51],[-44,-103],[-104,-68],[-25,-43],[-89,-84],[-121,-60],[-138,-41],[-35,-28],[-45,-17],[-119,-72],[-41,-62],[-68,-29],[-64,-49],[-55,8],[35,54],[-3,172],[-67,13],[-29,46],[-34,-2],[11,73],[-18,19],[17,70],[32,21],[-20,62],[17,33],[-39,42],[-53,-69],[-26,-61],[-35,-26],[-176,-29],[-75,64],[-51,7],[0,32],[-51,38],[-51,12],[-29,30],[26,53],[-50,43],[-27,132],[23,25],[-20,59],[-36,7],[-17,47],[-34,12],[-17,34],[-45,28],[-61,94],[33,26],[55,121],[27,31],[80,46],[51,70],[-1,31],[30,11]],[[20385,8358],[8,142],[13,107],[91,176],[-37,70],[51,98],[40,38],[31,133],[-2,99],[26,85],[8,68],[36,51],[78,17],[56,71],[-23,68],[14,75],[63,86],[100,-27],[15,64],[45,-2],[25,108],[25,18],[-1,144],[19,154],[49,-3],[172,53],[93,50],[21,-27],[19,-97],[2,-213],[-42,-146],[16,-120],[39,-183],[-36,-352],[-7,-276],[3,-160],[-9,-314],[-10,-229],[-287,16],[-711,34],[-9,1],[16,123]],[[21471,11231],[300,-134],[103,-30],[147,-25],[56,3],[160,36],[88,-25],[111,-15],[25,-18],[90,21],[63,39],[28,43],[-2,89],[45,8],[62,-109],[69,10],[82,-19],[50,-28],[213,-149],[92,-45],[63,-4],[55,-49],[107,-23],[147,71],[-12,-95],[14,-159],[-17,-179],[-23,-69],[57,-48],[126,26],[108,-8],[171,37],[94,-28],[77,55],[82,9],[73,-15],[139,-69],[139,42],[16,-6],[25,-4],[61,7],[-37,-338],[-42,-175],[-60,5],[-46,-209],[45,-35],[21,-79],[-27,-25],[23,-42],[34,-6],[-11,-57],[14,-46],[-22,-116],[16,-67],[108,2],[-12,-206],[-39,-75],[-56,-62],[22,-51],[-49,-84],[16,-33],[-24,-27],[11,-23],[-13,-51],[-24,-15],[21,-18],[0,-20],[-5,-11],[-31,-5],[-50,4],[-90,29],[1,-46],[-29,-56],[-49,-46],[-40,-3],[-2,-59],[-15,-4],[-10,5],[-10,-2],[-16,6],[-38,21],[-12,30],[-119,9],[-96,-65],[-139,-4],[-49,-52],[-80,-15],[-32,30],[-83,-11],[-56,19],[-25,34],[-62,-21],[-19,-53],[-47,-46],[-84,-24],[-178,71],[-60,-13],[-50,-33],[-74,4],[-108,-40],[-43,29],[-101,8],[-46,-24],[-83,-4],[-67,-68],[-69,-28],[-124,4],[-37,72],[-12,67],[-22,13],[7,67],[-30,69],[5,52],[45,45],[-57,53],[-123,173],[-83,-12],[-20,36],[-47,-26],[-57,-75],[-205,-95],[-34,-35],[-46,-4],[-35,-43],[-119,-56],[-50,-97],[-34,-29],[6,147],[1,66],[8,248],[-3,160],[7,276],[36,352],[-39,183],[-16,120],[42,146],[-2,213],[-19,97],[-29,81],[41,135],[17,226],[2,105],[-34,138],[18,161],[55,111]],[[26163,8990],[84,21],[35,-12],[70,41],[74,-18],[105,6],[24,4],[1,0],[4,1],[5,2],[67,14],[46,6],[10,5],[51,2],[81,41],[35,38],[67,-7],[-22,-201],[8,-16],[-21,-142],[41,-102],[52,-62],[103,-202],[-4,-367],[21,-59],[-49,-100],[22,-72],[-40,-11],[-18,59],[-51,-33],[-6,-44],[47,-45],[-21,-28],[30,-54],[-51,-63],[-28,-78],[37,-117],[-37,-60],[-1,-16],[5,-5],[25,-27],[-22,-15],[54,-64],[-15,-71],[86,-28],[-62,-63],[8,-27],[12,-9],[33,-5],[32,-29],[-23,-67],[18,-30],[-119,-35],[-112,-64],[-100,26],[-62,58],[-120,44],[-60,9],[-64,-11],[-44,14],[-33,-20],[-61,6],[-21,41],[-45,26],[-42,-106],[-51,6],[-42,-28],[-70,-128],[80,-73],[14,-34],[-35,-121],[-119,-8],[-41,-70],[24,-116],[35,-107],[38,-69],[-31,-57],[33,-22],[-8,-61],[26,-87],[-20,-14],[-17,-74],[-23,-21],[15,-77],[-27,-58],[45,-37],[-4,-51],[34,-43],[-6,-89],[-22,-41],[15,-63],[-20,-35],[-51,32],[-44,-16],[-32,-55],[-49,-40],[-74,-24],[-39,-63],[-48,-26],[-36,61],[-88,21],[-65,34],[-20,23],[42,49],[-11,60],[69,87],[-21,52],[49,15],[69,-7],[22,63],[-50,70],[0,25],[-53,63],[15,72],[49,64],[8,87],[-67,108],[-3,49],[-35,94],[-48,9],[-78,118],[-61,-3],[-114,313],[-129,58],[-38,42],[23,66],[39,22],[-22,117],[77,-7],[43,25],[-51,51],[-36,70],[53,35],[25,38],[-49,40],[48,31],[0,53],[-33,10],[1,91],[42,53],[4,44],[-94,25],[-42,66],[36,112],[-101,75],[-3,48],[-29,6],[-13,29],[-42,47],[8,22],[-38,70],[-50,10],[-41,82],[-57,0],[-33,44],[24,27],[-65,94],[-84,9],[-29,43],[-61,-40],[-161,-35],[-75,43],[-51,-17],[69,100],[3,3],[-5,11],[5,10],[-4,15],[6,23],[40,3],[49,46],[29,56],[-1,46],[90,-29],[50,-4],[19,5],[12,0],[23,5],[29,15],[53,-26],[60,51],[20,-5],[121,43],[85,-28],[71,-3],[39,38],[36,-42],[42,22],[52,-14],[70,3],[121,42],[101,17],[65,59],[44,71],[6,-8],[26,-2],[15,-10],[49,5],[13,44],[77,38],[80,-8],[3,47],[125,93],[118,33]],[[26795,10960],[84,5],[181,-6],[114,38],[86,108],[37,6],[26,134],[17,23],[21,7],[2,-4],[-5,-188],[-13,-437],[0,-90],[14,0],[5,-100],[-26,-49],[-5,-181],[19,-364],[-15,-76],[-32,-80],[-111,-197],[-15,-80],[41,-63],[26,-66],[0,-115],[9,-22],[17,-33],[1,-4],[-24,-1],[-117,23],[-134,-18],[-143,11],[-35,-38],[-81,-41],[-51,-2],[-10,-5],[-46,-6],[-67,-14],[-8,-2],[-23,43],[-12,12],[-16,35],[-12,117],[-81,16],[-57,104],[-14,65],[40,56],[34,11],[-47,103],[-32,34],[27,125],[-9,75],[47,80],[27,-18],[113,93],[74,29],[75,60],[23,51],[-2,90],[-14,68],[-69,-12],[-144,3],[-108,-49],[-15,32],[-64,16],[-45,57],[-12,125],[36,53],[9,49],[37,67],[255,53],[-5,61],[105,-17],[69,12],[45,58],[-71,73],[-52,28],[35,59],[91,10]],[[26933,7328],[2,9],[4,5],[9,3],[20,26],[4,26],[-37,117],[28,78],[51,63],[-30,54],[21,28],[-47,45],[6,44],[51,33],[18,-59],[40,11],[-22,72],[49,100],[-21,59],[4,367],[-103,202],[-52,62],[-41,102],[21,142],[-8,16],[22,201],[76,-4],[134,18],[117,-23],[17,1],[7,0],[5,1],[25,6],[30,15],[75,-24],[146,-4],[53,80],[62,53],[85,-6],[1,-59],[21,-25],[204,-144],[54,2],[15,48],[100,41],[89,-125],[-1,-48],[27,-145],[31,-63],[23,-95],[80,-41],[72,29],[50,2],[54,-69],[11,-48],[106,-88],[-73,-259],[-57,-178],[-15,-148],[-51,-41],[10,-31],[-39,-77],[-114,-59],[-16,-82],[-27,-46],[-66,-184],[-49,-15],[-98,-82],[-203,-105],[-355,-50],[-120,-74],[-56,-9],[-12,41],[-46,13],[-44,-29],[-136,-27],[-57,32],[-42,3],[-20,36],[62,63],[-86,28],[15,71],[-54,64],[22,15],[-4,19],[-21,8],[-5,5],[-1,7]],[[28210,10031],[-9,-70],[37,-59],[130,38],[78,-31],[-17,-61],[-66,-80],[7,-97],[19,-25],[76,-14],[25,-47],[120,-34],[99,-74],[-38,-87],[-62,-65],[-41,-162],[-23,-57],[17,-41],[-28,-93],[23,-42],[-7,-49],[-54,-56],[-6,-93],[-32,-45],[20,-58],[-80,-36],[-80,41],[-23,95],[-31,63],[-27,145],[1,48],[-89,125],[-100,-41],[-15,-48],[-54,-2],[-204,144],[-21,25],[-1,59],[-85,6],[-62,-53],[-53,-80],[-146,4],[-75,24],[-61,-18],[-26,55],[0,115],[-26,66],[-41,63],[15,80],[111,197],[32,80],[15,76],[-19,364],[5,181],[26,49],[-19,100],[6,276],[465,-35],[58,-61],[41,-24],[18,-91],[19,-18],[55,38],[147,-30],[2,-36],[72,6],[-24,-69],[60,-16],[-13,-79],[12,-31],[-41,-52],[-15,-162],[32,-142],[-29,1]],[[34042,9753],[37,-39],[57,0],[42,-52],[114,-89],[46,-70],[-8,-35],[16,-129],[45,-54],[28,-5],[-1,-80],[17,-81],[-23,-54],[-9,-78],[53,21],[8,2],[40,-2],[-12,-59],[23,-47],[-51,-66],[-87,-8],[-8,-89],[-52,-27],[-5,-59],[-52,-40],[-68,0],[-78,81],[-75,-62],[-15,67],[-61,-31],[-36,27],[52,65],[-34,11],[-70,-21],[-32,-29],[-39,-97],[-61,42],[-87,-6],[51,-97],[-2,-118],[-40,12],[-98,79],[-79,51],[28,50],[6,35],[-10,77],[35,53],[71,55],[73,9],[-64,124],[35,46],[-43,60],[-2,53],[43,52],[-74,25],[-15,24],[-91,42],[-39,-4],[-78,56],[29,22],[-22,54],[-35,35],[8,85],[-18,105],[41,60],[103,-1],[71,-28],[25,40],[6,61],[-35,59],[22,50],[38,-30],[-27,-38],[59,-43],[61,24],[10,-27],[-53,-45],[46,-105],[48,26],[92,-72],[99,-63],[48,-3],[22,70],[0,115],[14,53],[27,5]],[[34698,9159],[-12,-29],[-10,-17],[-7,-7],[-9,-3],[-9,1],[-4,-2],[-91,41],[-34,-136],[-48,3],[-10,0],[-8,-2],[-53,-21],[9,78],[23,54],[-17,81],[1,80],[-28,5],[-45,54],[-16,129],[8,35],[-46,70],[-24,157],[51,-5],[54,-37],[178,17],[99,-30],[70,-41],[5,163],[54,117],[36,128],[6,24],[14,50],[40,-36],[51,-41],[142,-50],[56,-64],[93,-47],[76,-19],[120,-56],[22,-68],[3,-100],[-100,-26],[-76,-49],[-31,9],[-8,-119],[13,-65],[25,-30],[20,-38],[0,-9],[4,-6],[8,-3],[-3,-5],[-65,-18],[-124,2],[-48,29],[-82,-44],[-141,28],[-132,-132]],[[28688,8421],[-103,86],[-11,48],[-46,40],[-8,29],[-42,5],[-20,58],[32,45],[6,93],[54,56],[7,49],[-23,42],[28,93],[-17,41],[23,57],[41,162],[62,65],[33,54],[30,138],[297,162],[44,-3],[36,26],[23,78],[-13,83],[49,70],[44,-48],[77,-50],[13,-37],[53,-28],[32,-87],[133,-43],[92,-233],[57,-20],[7,-78],[-37,-24],[-39,-59],[-24,-57],[-7,-31],[-25,-48],[-24,-20],[11,-65],[-51,-39],[-44,18],[-58,-17],[-47,30],[-150,9],[-55,-103],[7,-85],[-46,-4],[-127,63],[-91,-10],[4,-91],[112,-78],[-7,-36],[-99,-52],[-52,-69],[5,-138],[-18,-96],[-42,42],[-86,7]],[[38513,10044],[19,-87],[38,-70],[37,-26],[71,-16],[141,34],[117,77],[17,33],[78,77],[36,9],[29,-32],[-18,-68],[-122,-108],[-14,-81],[40,-53],[3,-4],[9,-6],[32,-11],[23,10],[20,-5],[21,5],[22,-6],[41,-1],[42,-8],[64,-13],[91,-87],[38,-99],[-44,17],[-38,-44],[-60,8],[-157,117],[-27,-26],[-4,-60],[-50,-59],[23,-92],[92,-73],[-12,-40],[-118,5],[-111,-26],[-3,-46],[63,-46],[16,-38],[-11,-59],[-33,-27],[-79,-14],[23,-63],[31,-35],[23,-65],[-14,-55],[57,-131],[152,-20],[179,30],[-26,-41],[-55,-278],[1,-161],[-18,-80],[-62,-80],[-91,-34],[-58,-63],[23,-113],[3,-167],[-25,-47],[-129,17],[-50,-45],[-34,25],[-74,15],[-129,-193],[-64,-112],[-98,-13],[-67,-28],[-42,20],[-50,47],[-46,32],[-49,6],[-7,34],[-68,-5],[-18,57],[-48,8],[-115,73],[-61,51],[-49,79],[-34,15],[-81,-2],[31,65],[44,53],[27,58],[-39,69],[13,46],[-81,-2],[-22,61],[2,86],[77,0],[47,81],[-69,194],[-27,25],[-77,26],[-15,49],[27,43],[-38,21],[23,60],[-47,33],[13,111],[-31,75],[25,61],[-36,50],[14,54],[42,26],[14,70],[-16,82],[99,43],[41,73],[99,24],[31,86],[40,74],[17,108],[31,71],[32,29],[159,85],[149,173],[45,109],[83,36],[50,-44],[71,-3]],[[38982,9733],[11,-10],[33,-10],[23,9],[20,-5],[21,5],[21,-6],[1,12],[-15,-3],[-19,4],[-13,-7],[-23,3],[-11,-8],[-17,0],[-27,13],[-10,16],[1,11],[20,15],[145,25],[70,48],[64,25],[84,67],[66,-25],[12,-77],[-47,-68],[15,-83],[50,-36],[71,-21],[52,9],[58,-109],[70,-58],[65,-27],[22,-36],[-30,-41],[-28,-65],[-133,-46],[-4,-51],[-46,-39],[-14,-44],[-53,-63],[-57,-33],[23,-48],[14,-129],[63,-27],[23,-46],[106,-101],[26,-66],[52,-32],[-19,-44],[7,-82],[-35,-13],[-7,-75],[21,-32],[73,-10],[47,-22],[-13,-64],[-38,-8],[-6,-40],[-110,-41],[-23,-49],[-14,-94],[-45,-89],[22,-67],[57,-90],[-13,-67],[-1,-66],[-53,-25],[-68,-110],[-13,-45],[-9,-18],[-9,0],[-125,32],[-101,94],[-91,136],[-72,9],[-95,41],[-4,80],[-23,113],[58,63],[91,34],[62,80],[18,80],[-1,161],[55,278],[26,41],[-179,-30],[-152,20],[-57,131],[14,55],[-23,65],[-31,35],[-23,63],[79,14],[33,27],[11,59],[-16,38],[-63,46],[3,46],[111,26],[118,-5],[12,40],[-92,73],[-23,92],[50,59],[4,60],[27,26],[157,-117],[60,-8],[38,44],[44,-17],[-38,99],[-91,87],[-64,13],[-42,8],[-41,1],[-22,6],[-21,-5],[-20,5],[-23,-10],[-32,11],[-12,10]],[[17997,11336],[84,-5],[39,38],[109,14],[83,-12],[173,-57],[99,-16],[91,-38],[239,-29],[40,5],[39,-3],[17,-8],[1,-287],[11,-415],[-6,-202],[-4,-317],[18,-245],[22,-158],[-34,-207],[35,-350],[-27,3],[-21,-22],[-60,16],[-63,122],[-63,51],[-34,-6],[-102,59],[-61,108],[-6,91],[18,40],[4,35],[2,62],[-24,35],[-50,-10],[-98,14],[-65,40],[-97,-25],[-40,1],[-83,38],[-10,78],[61,76],[89,23],[54,75],[24,63],[-62,14],[-87,88],[7,38],[-23,89],[-17,15],[-49,121],[-57,-11],[-130,59],[-10,82],[-49,34],[-40,68],[-54,-7],[-31,72],[13,32],[77,0],[4,93],[75,92],[-33,42],[20,36],[-13,55],[89,79],[48,-3],[-1,57],[45,65],[-64,4],[-66,73],[4,38]],[[29598,11066],[87,41],[66,-30],[76,3],[59,43],[112,-90],[88,-23],[56,2],[73,65],[44,11],[55,58],[70,0],[27,25],[217,-67],[53,-27],[59,-51],[119,-39],[58,-31],[111,-16],[108,-5],[169,-31],[117,0],[56,15],[124,-10],[96,22],[-10,-47],[-119,-26],[-68,30],[-90,-5],[-68,-52],[-113,-68],[-125,-101],[15,-47],[-29,-17],[-114,95],[-48,16],[-54,-16],[-62,-64],[-65,-2],[-56,58],[-34,-17],[-32,28],[-17,-123],[30,-45],[-33,-64],[68,-37],[2,-33],[-52,-52],[11,-92],[-75,-29],[-46,-57],[37,-61],[-37,-50],[12,-72],[110,-9],[29,-79],[-66,-22],[-11,-24],[43,-57],[8,-169],[26,-28],[15,-5],[18,-16],[29,-14],[-29,-31],[-16,-44],[-38,3],[-13,-49],[-36,-10],[-70,18],[-46,-38],[-181,-31],[-16,21],[-93,-45],[-75,1],[-53,44],[-81,-21],[-24,9],[-153,-15],[-4,506],[39,113],[36,67],[2,55],[-36,74],[-6,114],[-118,2],[-85,129],[-76,193],[43,443]],[[29569,11085],[29,-19],[-43,-443],[76,-193],[85,-129],[118,-2],[6,-114],[36,-74],[-2,-55],[-36,-67],[-39,-113],[4,-506],[-55,3],[-87,-64],[-20,41],[37,24],[-7,78],[-57,20],[-92,233],[-133,43],[-32,87],[-53,28],[-13,37],[-77,50],[-44,48],[-49,-70],[13,-83],[-23,-78],[-36,-26],[-44,3],[-297,-162],[49,216],[23,263],[83,85],[60,16],[29,51],[-27,32],[-43,-10],[47,233],[41,92],[-24,677],[116,-54],[68,24],[8,50],[60,4],[41,-42],[55,-7],[83,-44],[76,-62],[90,-21]],[[24690,11253],[210,-6],[114,35],[90,-4],[32,49],[75,11],[31,-21],[142,-20],[100,-55],[159,-55],[-24,-33],[14,-10],[15,-31],[46,-61],[18,-74],[-8,-94],[-30,-76],[-81,-68],[-15,-32],[29,-36],[57,51],[46,8],[54,-16],[14,-45],[-77,-71],[-107,-37],[-46,-44],[79,-42],[-47,-136],[40,-32],[75,2],[18,50],[-26,52],[49,36],[23,-25],[6,-67],[-14,-40],[64,-57],[-39,-16],[1,-79],[-59,-38],[-58,-9],[-29,-38],[-164,-72],[30,-34],[-25,-184],[-66,-29],[-66,27],[-41,99],[-104,5],[-98,26],[-110,-39],[-53,-78],[-30,-12],[-13,-108],[-48,-46],[-9,-60],[-68,12],[-17,-82],[13,-33],[-130,5],[-23,42],[27,25],[-21,79],[-45,35],[46,209],[60,-5],[42,175],[37,338],[-16,17],[-45,-24],[-21,4],[0,67],[90,5],[53,496],[-39,-33],[-82,49],[-42,85],[37,213]],[[25660,11190],[137,58],[104,-71],[66,-23],[76,-47],[53,35],[56,-49],[71,-21],[35,40],[108,-15],[95,-33],[89,-17],[27,-45],[103,-23],[-11,-88],[52,-28],[71,-73],[-45,-58],[-69,-12],[-105,17],[5,-61],[-255,-53],[-37,-67],[-9,-49],[-36,-53],[12,-125],[45,-57],[64,-16],[15,-32],[108,49],[144,-3],[69,12],[14,-68],[2,-90],[-23,-51],[-75,-60],[-74,-29],[-113,-93],[-27,18],[-47,-80],[9,-75],[-27,-125],[32,-34],[47,-103],[-34,-11],[-40,-56],[14,-65],[57,-104],[81,-16],[12,-117],[16,-35],[12,-12],[23,-43],[-26,-5],[-105,-6],[-74,18],[-70,-41],[-35,12],[-202,-54],[-125,-93],[-3,-47],[-80,8],[-77,-38],[-13,-44],[-49,-5],[-41,12],[-11,18],[12,90],[-14,80],[48,89],[1,307],[13,45],[-62,103],[-30,72],[-36,20],[-6,53],[-30,18],[-24,66],[-46,78],[25,184],[-30,34],[164,72],[29,38],[58,9],[59,38],[-1,79],[39,16],[-64,57],[14,40],[-6,67],[-23,25],[-49,-36],[26,-52],[-18,-50],[-75,-2],[-40,32],[47,136],[-79,42],[46,44],[107,37],[77,71],[-14,45],[-54,16],[-46,-8],[-57,-51],[-29,36],[15,32],[81,68],[30,76],[8,94],[-18,74],[-46,61],[-9,40],[21,37]],[[22692,11212],[116,-27],[136,7],[55,61],[65,29],[46,49],[49,1],[109,-21],[45,10],[93,-4],[238,19],[42,33],[6,42],[51,-8],[105,20],[10,-22],[67,-4],[15,33],[100,1],[63,-38],[219,-26],[82,-35],[96,-14],[66,-33],[124,-32],[-37,-213],[42,-85],[82,-49],[39,33],[-53,-496],[-90,-5],[-20,-61],[-139,-42],[-139,69],[-73,15],[-82,-9],[-77,-55],[-94,28],[-171,-37],[-108,8],[-126,-26],[-57,48],[23,69],[17,179],[-14,159],[12,95],[-147,-71],[-107,23],[-55,49],[-63,4],[-92,45],[-213,149],[-50,28],[-82,19],[-69,-10],[-55,98]],[[27363,11276],[255,48],[148,-4],[63,29],[138,-16],[79,10],[70,68],[52,-67],[144,-52],[31,-35],[64,-22],[33,45],[15,56],[45,-31],[50,4],[59,-31],[115,-25],[60,29],[63,-5],[125,-40],[24,-677],[-41,-92],[-47,-233],[43,10],[27,-32],[-29,-51],[-60,-16],[-83,-85],[-23,-263],[-71,-310],[-102,63],[-120,34],[-25,47],[-76,14],[-19,25],[-7,97],[66,80],[17,61],[-78,31],[-130,-38],[-37,59],[3,71],[35,-2],[-32,142],[15,162],[41,52],[-12,31],[13,79],[-60,16],[24,69],[-72,-6],[-2,36],[-147,30],[-55,-38],[-19,18],[-18,91],[-41,24],[-58,61],[-465,35],[7,251],[0,25],[2,75],[3,88],[0,5]],[[24759,8980],[12,206],[-108,-2],[-16,67],[22,116],[-14,46],[11,57],[96,1],[-13,33],[17,82],[68,-12],[9,60],[48,46],[13,108],[30,12],[53,78],[110,39],[98,-26],[104,-5],[41,-99],[66,-27],[74,9],[38,-58],[24,-66],[30,-18],[6,-53],[36,-20],[30,-72],[62,-103],[-13,-45],[-1,-307],[-48,-89],[14,-80],[-10,-57],[-2,-33],[5,-10],[-44,-71],[-65,-59],[-101,-17],[-121,-42],[-70,-3],[-52,14],[-42,-22],[-36,42],[-39,-38],[-71,3],[-85,28],[-121,-43],[-20,5],[-60,-51],[-53,26],[-29,-15],[-18,6],[0,20],[-21,18],[24,15],[26,101],[-16,33],[49,84],[-22,51],[56,62],[39,75]],[[20179,11306],[150,-12],[45,19],[29,52],[132,-2],[180,11],[159,37],[159,-7],[166,-26],[16,-19],[151,-58],[105,-70],[-55,-111],[-18,-161],[34,-138],[-2,-105],[-17,-226],[-41,-135],[8,-54],[-93,-50],[-172,-53],[-49,3],[-19,-154],[1,-144],[-25,-18],[-25,-108],[-45,2],[-15,-64],[-100,27],[-63,-86],[-14,-75],[23,-68],[-56,-71],[-52,-3],[-59,64],[-34,-11],[-54,59],[-10,48],[19,42],[-8,102],[-72,26],[-44,132],[56,64],[-69,47],[-11,41],[19,76],[-43,65],[3,69],[-50,70],[48,39],[3,122],[25,52],[-32,199],[-79,18],[-39,87],[41,21],[24,110],[-39,49],[-63,13],[-9,43],[12,72],[-45,10],[-4,39],[33,72],[-16,27]],[[19010,11229],[59,27],[142,15],[16,28],[167,32],[114,-5],[142,49],[120,-20],[177,10],[89,-20],[91,-33],[52,-6],[16,-27],[-33,-72],[4,-39],[45,-10],[-12,-72],[9,-43],[63,-13],[39,-49],[-24,-110],[-41,-21],[39,-87],[79,-18],[32,-199],[-25,-52],[-3,-122],[-48,-39],[50,-70],[-3,-69],[43,-65],[-19,-76],[11,-41],[69,-47],[-56,-64],[44,-132],[72,-26],[8,-102],[-19,-42],[10,-48],[27,-42],[94,-84],[-36,-51],[-8,-68],[-26,-85],[2,-99],[-31,-133],[-40,-38],[-51,-98],[37,-70],[-48,-94],[-43,-82],[-2,-5],[-82,26],[-146,75],[-173,52],[-37,47],[-58,3],[-55,28],[-123,12],[-179,2],[-92,15],[-79,81],[-23,63],[-139,65],[-58,-10],[-25,-25],[-58,-10],[-24,18],[-35,350],[34,207],[-22,158],[-18,245],[4,317],[6,202],[-11,415],[-1,117],[0,170],[0,4]],[[32384,8403],[-37,-13],[-64,8],[-42,-27],[-62,25],[-49,-31],[-58,-78],[14,-71],[-31,-52],[-27,19],[7,70],[-72,49],[-53,53],[-12,36],[-48,28],[-46,128],[-45,37],[-7,18],[73,25],[40,43],[22,75],[-25,86],[48,17],[1,85],[-25,51],[85,21],[58,-3],[212,30],[41,51],[-43,32],[-50,143],[-39,-9],[204,186],[33,46],[46,116],[237,-17],[55,7],[153,58],[72,9],[26,-1],[54,-2],[12,0],[4,0],[0,-10],[-4,-12],[-38,-37],[50,-125],[84,-160],[-58,-83],[-44,12],[-191,108],[-42,-66],[2,-33],[52,-53],[-62,-42],[2,-145],[-71,-63],[-4,-45],[7,-29],[40,-31],[66,-150],[-34,-107],[53,-10],[-26,-76],[42,-48],[-89,-40],[-49,-63],[16,-47],[-22,-79],[47,-89],[87,-67],[15,-31],[-139,-26],[-8,-35],[32,-40],[-16,-27],[-7,-79],[-14,21],[-23,8],[-10,19],[-114,3],[-82,-55],[-13,36],[22,47],[8,111],[-26,103],[116,78],[29,33],[-39,54],[-14,78],[-67,-2],[-66,27],[-60,19]],[[32433,9597],[-46,-116],[-33,-46],[-204,-186],[39,9],[50,-143],[43,-32],[-41,-51],[-212,-30],[-58,3],[-85,-21],[25,-51],[-1,-85],[-48,-17],[25,-86],[-22,-75],[-40,-43],[-73,-25],[-13,-6],[-27,76],[4,86],[-11,51],[-6,10],[-19,2],[44,103],[-6,96],[-35,80],[6,63],[26,70],[7,150],[7,85],[-1,27],[28,9],[-28,50],[31,57],[-41,127],[-1,79],[16,58],[-22,66],[74,77],[44,-9],[70,24],[156,-15],[368,53],[14,-13],[65,21],[91,16],[102,-11],[52,14],[93,2],[70,29],[18,-21],[-30,-57],[130,-36],[68,-78],[-52,-89],[-13,-69],[-56,-60],[50,-21],[21,-47],[-4,0],[-12,0],[-54,2],[-26,1],[-72,-9],[-153,-58],[-55,-7],[-237,17]],[[31940,10071],[3,0],[4,1],[6,0],[8,-1],[5,1],[14,0],[14,3],[39,-9],[36,-41],[100,36],[42,64],[37,114],[113,-49],[36,-46],[26,-73],[-368,-53],[-156,15],[9,19],[26,17],[4,1],[2,1]],[[32764,10834],[25,-90],[-17,-22],[34,-107],[34,-21],[47,-73],[48,-35],[101,-39],[83,-2],[76,44],[17,-27],[-27,-57],[-90,-83],[-185,-193],[-70,-29],[-93,-2],[-52,-14],[-102,11],[-156,-37],[-40,86],[-36,46],[-113,49],[10,81],[49,52],[21,75],[1,56],[56,33],[36,-14],[32,30],[55,-28],[86,90],[94,176],[76,44]],[[33251,10420],[40,-53],[-7,-168],[43,-7],[29,-21],[137,-143],[26,-61],[-33,-37],[-1,-44],[51,-50],[35,-59],[-6,-61],[-25,-40],[-71,28],[-103,1],[-41,-60],[18,-105],[-8,-85],[35,-35],[22,-54],[-29,-22],[78,-56],[39,4],[91,-42],[15,-24],[74,-25],[-43,-52],[2,-53],[43,-60],[-35,-46],[64,-124],[-73,-9],[-71,-55],[-19,-22],[-30,-55],[-47,-13],[-37,31],[-74,19],[-50,-6],[-40,-31],[-43,124],[16,39],[-72,51],[-4,77],[-34,67],[-82,30],[-34,-22],[-60,25],[-46,62],[-86,67],[-2,33],[42,66],[191,-108],[44,-12],[58,83],[-84,160],[-50,125],[38,37],[4,12],[1,5],[-1,5],[0,0],[-21,47],[-50,21],[56,60],[13,69],[52,89],[-68,78],[-130,36],[30,57],[-18,21],[185,193],[90,83],[66,15]],[[31704,8773],[-38,-94],[17,-135],[-73,-60],[37,-144],[-48,-223],[-18,5],[-22,52],[-19,67],[-78,-3],[-66,114],[3,37],[-34,48],[-65,-16],[-21,-28],[-64,-31],[-105,-110],[-41,41],[-72,106],[-46,21],[-32,-37],[-75,-2],[-47,-99],[-57,33],[-35,47],[-87,33],[-57,-15],[-27,-28],[-69,7],[-27,-17],[-72,-5],[-50,42],[-45,-24],[-1,19],[-7,13],[-24,63],[-172,352],[-89,95],[-61,41],[-118,106],[-18,56],[-39,-29],[-11,-59],[-94,-8],[-46,25],[-23,21],[-35,20],[-11,65],[24,20],[25,48],[7,31],[36,75],[47,0],[87,64],[93,-14],[19,16],[120,1],[81,21],[53,-44],[75,-1],[93,45],[16,-21],[181,31],[46,38],[70,-18],[36,10],[13,49],[38,-3],[16,44],[29,31],[2,0],[9,5],[17,21],[74,8],[46,-22],[180,125],[33,-9],[397,-136],[244,-82],[-14,-235],[-26,-70],[-6,-63],[35,-80],[6,-96],[-34,-68],[-10,-33],[2,-10],[22,-40]],[[31641,8505],[42,39],[-17,135],[46,-7],[27,-76],[65,-49],[46,-128],[48,-28],[12,-36],[53,-53],[72,-49],[-7,-70],[27,-19],[31,52],[-14,71],[58,78],[49,31],[62,-25],[42,27],[64,-8],[68,2],[95,-35],[67,2],[14,-78],[39,-54],[-29,-33],[-116,-78],[26,-103],[-8,-111],[-22,-47],[13,-36],[82,55],[114,-3],[33,-27],[7,-44],[25,9],[33,-18],[7,-29],[-22,-57],[-30,-6],[-12,-69],[21,-109],[-57,-25],[33,-30],[-37,-41],[-3,-6],[-83,25],[-45,-5],[-107,40],[-83,-6],[-15,-35],[-79,-25],[-20,-32],[-58,30],[-110,-58],[1,-31],[-51,-70],[-80,-46],[-27,-31],[-55,-121],[-33,-26],[-11,21],[-26,5],[-18,97],[8,46],[-37,34],[-71,9],[-28,25],[19,57],[-27,32],[-78,-11],[-17,75],[-50,102],[11,38],[-49,79],[39,53],[9,49],[-24,21],[-6,100],[-44,26],[-4,43],[129,-2],[16,154],[15,36],[48,223],[-37,144],[31,21]],[[43074,8777],[53,-39],[11,-51],[-50,-77],[-30,78],[-40,68],[56,21]],[[41252,8961],[119,8],[116,34],[73,61],[14,60],[43,15],[26,72],[56,5],[-16,-84],[-35,-54],[95,-64],[27,93],[-25,113],[50,14],[-20,-80],[28,-42],[46,-15],[74,29],[91,96],[12,98],[62,46],[9,73],[142,-71],[6,-55],[-53,-53],[1,-85],[-41,-135],[-81,-58],[0,-94],[-79,-102],[-133,-91],[5,-73],[83,2],[-13,-71],[-43,-23],[53,-86],[82,-62],[-27,-125],[15,-80],[-16,-56],[-1,-131],[50,-12],[-16,-49],[31,-62],[-29,-22],[4,-55],[-56,-61],[-111,-95],[-11,-41],[12,-84],[-52,-1],[-80,-45],[-79,-6],[-127,17],[-59,38],[-39,0],[-120,62],[-38,-59],[-121,-28],[3,-68],[-81,-96],[-53,9],[-87,78],[-53,32],[-14,40],[-78,48],[-68,-62],[-49,-72],[22,-33],[-25,-44],[32,-24],[-59,-42],[-26,36],[-78,-44],[-68,0],[-49,-48],[-38,-2],[-66,46],[-122,27],[-86,61],[-86,-24],[-6,62],[-52,53],[37,18],[2,44],[-39,69],[-60,36],[-27,46],[-67,50],[-64,24],[-15,30],[33,30],[30,55],[121,-34],[74,-70],[33,7],[19,-55],[41,-49],[90,-2],[65,31],[30,67],[51,3],[5,154],[24,47],[185,0],[85,52],[-8,172],[18,42],[61,21],[31,40],[62,17],[74,-13],[84,-32],[45,22],[-31,117],[65,61],[59,113],[17,64],[-22,78],[39,48],[31,82],[51,90],[54,66]],[[42701,9488],[109,-77],[-24,-60],[-44,-19],[-91,51],[8,41],[-33,51],[75,13]],[[39793,9387],[113,-71],[80,-17],[114,38],[62,47],[36,73],[105,17],[36,-49],[-16,-43],[23,-49],[56,-2],[12,-63],[62,-73],[47,-33],[214,-94],[172,-23],[79,24],[106,2],[59,-90],[89,-19],[-44,-67],[-29,-73],[-22,-17],[-31,-82],[-39,-48],[22,-78],[-17,-64],[-59,-113],[-65,-61],[31,-117],[-45,-22],[-84,32],[-74,13],[-62,-17],[-31,-40],[-61,-21],[-18,-42],[8,-172],[-85,-52],[-185,0],[-24,-47],[-5,-154],[-51,-3],[-30,-67],[-65,-31],[-90,2],[-41,49],[-19,55],[-33,-7],[-74,70],[-121,34],[-30,-55],[-41,-36],[-13,-22],[-48,-42],[-26,21],[13,67],[-57,90],[-22,67],[45,89],[14,94],[23,49],[110,41],[6,40],[38,8],[13,64],[-47,22],[-73,10],[-21,32],[7,75],[35,13],[-7,82],[19,44],[-52,32],[-26,66],[-106,101],[-23,46],[-63,27],[-14,129],[-23,48],[57,33],[53,63],[14,44],[46,39],[4,51],[133,46],[28,65],[28,22]],[[42929,6866],[-17,-70],[-49,20],[66,50]],[[42778,6911],[47,-95],[-104,-8],[-90,47],[-48,-32],[-64,26],[6,54],[-25,40],[86,32],[63,-2],[58,-38],[52,58],[19,-82]],[[41888,7492],[24,-50],[42,-12],[88,52],[31,-23],[13,-60],[-99,-4],[2,-63],[28,-50],[-45,-22],[-26,-71],[22,-91],[87,-100],[70,-45],[58,-20],[-18,-64],[-48,60],[-42,-10],[-6,-49],[102,-4],[27,65],[95,66],[17,62],[70,25],[39,-33],[-38,-52],[-67,-33],[12,-70],[55,-48],[68,-115],[-8,-34],[38,-94],[81,-41],[42,-56],[40,3],[49,-48],[-52,-30],[-36,-48],[-42,53],[-43,6],[-41,48],[-37,-8],[-73,-107],[34,-7],[26,-51],[-7,-51],[-35,-6],[-5,-50],[-62,-17],[-39,27],[17,57],[-61,87],[-39,35],[24,36],[-86,55],[-27,34],[-70,26],[-31,41],[-87,-47],[-84,-69],[9,-114],[-51,-62],[35,-27],[86,-30],[1,-46],[29,-44],[-25,-33],[-43,7],[-22,-65],[26,-35],[60,32],[34,48],[31,-30],[-9,-54],[-49,-44],[-9,-37],[-70,-13],[-9,66],[-63,27],[-84,-119],[-100,41],[-146,94],[-121,158],[76,63],[44,85],[-10,41],[-67,12],[-86,-38],[-75,-1],[-46,57],[-51,-16],[-22,27],[-55,8],[-55,62],[-42,-3],[-46,32],[-13,84],[-42,12],[27,98],[67,75],[48,20],[27,83],[-48,38],[-64,-43],[-94,-13],[-21,69],[-43,39],[-57,3],[-37,49],[-59,-54],[-82,-2],[-43,-16],[-22,29],[-56,12],[-87,-8],[11,-41],[-14,-56],[-118,10],[-70,26],[-57,38],[-65,87],[-106,14],[-85,23],[-80,41],[-41,49],[-109,70],[-41,130],[-38,32],[8,18],[-1,13],[14,32],[68,110],[24,0],[29,25],[22,19],[53,68],[100,-26],[67,-50],[27,-46],[60,-36],[39,-69],[-2,-44],[-37,-18],[52,-53],[6,-62],[86,24],[86,-61],[122,-27],[66,-46],[38,2],[49,48],[68,0],[78,44],[26,-36],[59,42],[-32,24],[25,44],[-22,33],[49,72],[68,62],[78,-48],[14,-40],[53,-32],[87,-78],[53,-9],[81,96],[-3,68],[121,28],[38,59],[120,-62],[39,0],[59,-38],[127,-17],[79,6],[80,45],[69,-16]],[[44826,3948],[-146,46],[-173,-42],[-21,24],[-188,-53],[-52,5],[-103,-36],[-133,-72],[-132,-92],[-113,-8],[-46,-35],[-25,27],[-63,12],[-68,-18],[-130,40],[-24,21],[-159,29],[-40,44],[-80,19],[-66,45],[-25,115],[-73,65],[-57,23],[28,32],[3,76],[17,45],[-11,106],[-32,60],[38,6],[78,-23],[78,29],[48,-10],[77,11],[51,-12],[194,-2],[178,51],[129,65],[115,36],[121,16],[40,48],[63,42],[84,4],[43,47],[50,7],[61,-22],[102,5],[92,25],[57,46],[135,35],[50,32],[39,0],[189,33],[65,23],[94,-8],[95,27],[36,29],[30,76],[-15,48],[117,51],[103,4],[76,19],[101,-7],[37,13],[116,8],[136,29],[230,14],[73,-38],[41,15],[85,-14],[54,-38],[115,-16],[33,15],[93,0],[72,-82],[40,-4],[63,40],[73,-31],[76,-52],[166,-39],[54,5],[89,-54],[27,42],[78,16],[63,-57],[188,-43],[51,19],[42,-59],[69,-12],[27,45],[94,-18],[17,45],[51,11],[38,39],[57,-67],[45,16],[43,-51],[64,-110],[60,-44],[61,-20],[-56,-54],[-36,31],[-137,19],[-42,-30],[-123,-23],[-35,-47],[-54,75],[-8,42],[-119,35],[-71,-28],[-30,-44],[10,-93],[-130,-44],[-58,48],[-51,-9],[-74,-43],[-43,-47],[-22,65],[-44,11],[-31,-38],[21,-27],[-35,-36],[-58,-26],[34,-46],[-87,-21],[-8,-79],[-63,27],[-61,-3],[8,41],[154,75],[-48,31],[-143,43],[27,58],[-159,9],[-77,82],[-51,-36],[21,-53],[-66,-25],[-72,4],[-65,-22],[18,-113],[-32,-3],[-30,-114],[51,-62],[-31,-16],[-26,59],[-67,41],[-39,-11],[-111,11],[-75,-58],[-66,30],[-62,5],[-60,-44],[-27,87],[-47,4],[-36,-48],[46,-44],[-15,-39],[-48,-7],[-56,42],[-61,-36],[-2,-54],[-48,-41],[-54,95],[-3,96],[-96,5],[-16,-41],[-107,-66],[61,-13],[34,-42],[77,-1],[20,-40],[59,-25],[-19,-64],[-33,-32],[-81,-31],[-141,-32],[-46,34],[18,44],[-18,65],[7,41],[-74,65],[-92,-6],[-38,-22],[14,-66],[48,4],[118,-36],[-27,-101],[-41,-18],[-43,-49],[-44,35],[-40,-14],[-10,-63],[-79,17],[45,111],[-62,45],[-83,14],[-91,-36],[-18,-45],[-62,29]],[[48165,7457],[-52,19],[-51,68],[-36,90],[-73,61],[-50,-2],[16,55],[-27,65],[41,27],[64,1],[96,-27],[67,-40],[10,-42],[-32,-96],[65,18],[33,-13],[38,-51],[-54,-41],[36,-58],[-69,3],[-22,-37]],[[47390,8095],[-10,-85],[43,-45],[-19,-156],[23,-88],[-53,-6],[-22,88],[-74,41],[-28,110],[27,44],[63,16],[24,66],[26,15]],[[49280,8222],[53,-15],[-11,-62],[-56,-20],[-4,-35],[47,-95],[-121,16],[-29,78],[-106,61],[26,53],[80,-26],[47,-49],[33,10],[41,84]],[[46578,8200],[-99,68],[76,18],[-2,-59],[25,-27]],[[48721,8585],[61,-30],[27,-53],[96,-53],[-23,-24],[-55,21],[-64,-27],[-110,19],[-52,66],[-57,32],[47,30],[74,21],[56,-2]],[[47813,7830],[-78,37],[-57,93],[-49,16],[7,53],[-23,42],[3,51],[-23,29],[-74,17],[-8,27],[-84,47],[-35,42],[-107,195],[0,29],[-64,60],[-18,68],[-58,39],[58,18],[33,42],[117,-214],[53,-24],[68,-6],[45,-41],[54,-108],[53,-21],[65,29],[8,82],[64,67],[76,-105],[166,-27],[31,22],[19,60],[65,-57],[55,-29],[80,-15],[65,53],[104,-37],[58,-41],[40,-6],[88,-76],[197,-122],[33,-48],[71,-68],[17,-140],[-92,20],[-63,39],[-114,11],[31,-76],[50,-47],[-50,-59],[29,-63],[-50,-21],[-37,-62],[-36,43],[-11,71],[-31,24],[-70,7],[-89,-41],[-42,18],[-52,78],[-3,65],[20,57],[-92,-13],[-83,20],[-68,82],[-10,-37],[-53,-9],[-130,24],[8,-83],[21,-39],[-98,-42]],[[29962,1491],[3,-69],[-57,5],[-23,30],[-137,96],[-115,42],[-41,56],[3,29],[-34,73],[-69,29],[-71,6],[-176,-32],[-65,-6],[3,38],[-37,64],[-39,120],[-5,100],[56,53],[28,104],[55,73],[-7,39],[61,83],[8,58],[4,6],[5,15],[35,6],[8,45],[50,-24],[41,48],[82,167],[70,-2],[50,72],[-37,45],[42,62],[-19,97],[61,62],[109,52],[110,125],[116,-2],[114,49],[-13,-52],[-31,-5],[-60,-55],[19,-44],[-92,-132],[35,-88],[-17,-91],[57,-75],[58,-102],[-5,-94],[71,-88],[95,-73],[9,-43],[42,-43],[24,-124],[-27,-30],[-68,3],[-56,-64],[-43,18],[-53,-41],[-59,-10],[0,-81],[-45,-55],[-71,-28],[-36,-40],[-21,-78],[-31,-41],[27,-47],[84,5],[-6,-33],[57,-16],[-52,-146],[26,-21]],[[31220,571],[-44,-10],[-60,14],[-49,-9],[-45,45],[68,13],[114,-21],[16,-32]],[[30962,647],[-56,-63],[-28,60],[84,3]],[[31011,1012],[-2,-46],[-56,0],[10,53],[48,-7]],[[30975,952],[70,-49],[5,-43],[-57,-46],[-25,50],[37,43],[-30,45]],[[29972,1386],[42,-118],[-58,-13],[-10,35],[26,96]],[[31563,1494],[-69,-23],[-27,-44],[-64,5],[11,-81],[-57,45],[-9,-44],[-66,-49],[-62,-11],[-10,-56],[-130,-44],[-40,-51],[67,-3],[6,-71],[35,-94],[-49,-74],[-72,54],[-4,57],[24,82],[-91,-6],[-12,-54],[-63,33],[-102,-33],[-41,22],[-97,80],[21,39],[-104,10],[23,-34],[61,-21],[80,-83],[10,-43],[92,-5],[27,-100],[-56,6],[-62,26],[-24,40],[-48,28],[-76,-4],[16,40],[-66,93],[-142,75],[-64,-9],[-15,29],[-133,-32],[-114,-83],[-34,79],[19,37],[5,81],[-21,11],[16,108],[-15,46],[-101,44],[52,146],[-57,16],[6,33],[-84,-5],[-27,47],[31,41],[21,78],[36,40],[71,28],[45,55],[0,81],[59,10],[53,41],[43,-18],[56,64],[68,-3],[27,30],[-24,124],[-42,43],[-9,43],[-95,73],[-71,88],[5,94],[-58,102],[-57,75],[17,91],[-35,88],[92,132],[-19,44],[60,55],[31,5],[43,112],[33,35],[24,64],[31,20],[142,-5],[48,10],[77,49],[70,26],[37,43],[263,23],[11,68],[47,74],[-5,159],[93,19],[72,32],[25,-10],[62,-3],[29,-3],[6,5],[14,-5],[23,-20],[20,0],[47,-26],[55,-121],[-16,-96],[10,-31],[173,-219],[78,0],[14,-57],[-18,-145],[-49,-34],[-5,-76],[53,-90],[90,50],[161,30],[80,6],[104,52],[109,6],[28,-45],[57,6],[19,-32],[-70,-136],[-86,-184],[-55,-14],[-56,-63],[8,-70],[-64,8],[-91,-24],[-19,-43],[-43,-30],[-74,5],[-67,-30],[-48,-62],[-11,-49],[-36,-1],[0,-270],[-11,-667]],[[27174,1894],[-60,-55],[-41,103],[-66,47],[-57,20],[-97,5],[-78,-14],[-128,-54],[-29,14],[4,10],[6,5],[12,6],[45,15],[18,46],[-3,253],[4,288],[-68,73],[-29,6],[11,74],[-45,64],[-69,27],[-69,141],[-5,47],[-41,27],[-73,-49],[-126,19],[36,166],[39,74],[73,43],[29,42],[-102,21],[-32,27],[-107,-43],[11,63],[-40,44],[-3,52],[44,11],[-28,58],[-84,21],[-74,-5],[-59,13],[-28,67],[14,49],[43,28],[7,35],[9,-6],[16,-7],[39,-9],[77,-39],[53,-16],[50,28],[44,51],[2,60],[-62,68],[12,36],[90,44],[49,1],[88,35],[-17,-32],[67,-35],[32,-7],[58,-86],[101,-44],[50,9],[111,-44],[122,-9],[157,-68],[32,26],[253,41],[108,-32],[10,-10],[36,-10],[23,-37],[3,-28],[-26,-27],[28,-32],[22,-71],[-72,-152],[18,-14],[44,-150],[68,-34],[-18,-35],[-8,-44],[-25,-126],[19,-44],[-16,-51],[18,-106],[49,-8],[-22,-44],[35,-31],[6,-77],[24,-52],[-21,-51],[-41,-41],[-23,-60],[-54,-42],[-42,8],[-64,-49],[-19,-56],[14,-132],[-56,-54],[-35,13],[-64,-98],[-63,-41],[-44,-63]],[[26388,3985],[-9,7],[17,32],[-88,-35],[-49,-1],[-90,-44],[-12,-36],[62,-68],[-2,-60],[-44,-51],[-50,-28],[-130,55],[-55,16],[-21,18],[-24,38],[-30,28],[16,75],[-57,89],[-83,51],[21,30],[-43,79],[1,27],[53,36],[28,109],[-20,74],[60,48],[-29,42],[-37,116],[-27,13],[9,69],[26,38],[-9,58],[68,94],[21,79],[-4,10],[6,17],[-1,33],[45,30],[57,1],[51,25],[50,77],[49,23],[41,46],[53,29],[41,-10],[102,37],[76,13],[38,-23],[129,73],[73,3],[32,43],[49,3],[9,60],[37,47],[46,-13],[68,26],[48,-33],[62,-11],[75,37],[63,-17],[48,-34],[77,-1],[57,-22],[12,-28],[89,9],[40,-27],[50,-101],[22,-197],[65,-62],[85,-108],[14,-50],[-37,-161],[-23,-26],[-36,-79],[10,-18],[-40,-82],[-7,-103],[-69,-54],[15,-79],[34,-28],[18,-164],[73,-44],[-49,-107],[-68,-54],[5,-31],[-29,-66],[18,-48],[-14,-21],[-36,10],[-10,10],[-108,32],[-253,-41],[-32,-26],[-157,68],[-122,9],[-111,44],[-50,-9],[-101,44],[-58,86],[-32,7],[-58,28]],[[28387,5409],[-34,14],[-91,-10],[-24,-79],[-29,-32],[-86,-8],[-83,-24],[-47,46],[-57,-62],[-46,-15],[-73,4],[-131,55],[-19,68],[-109,19],[-52,43],[-94,42],[-70,9],[-43,0],[-36,14],[-59,-18],[-48,34],[-63,17],[-75,-37],[-62,11],[-48,33],[-68,-26],[-46,13],[-37,-47],[-9,-60],[-49,-3],[-32,-43],[-73,-3],[-129,-73],[-38,23],[-76,-13],[-102,-37],[-41,10],[-53,-29],[-41,-46],[-49,-23],[-50,-77],[-51,-25],[-57,-1],[-27,-31],[-18,1],[1,-13],[-24,3],[-17,11],[-65,9],[-129,-17],[-48,-63],[-64,-27],[-58,3],[-53,103],[7,35],[49,62],[-13,36],[51,30],[65,-34],[88,-21],[36,-61],[48,26],[39,63],[74,24],[49,40],[32,55],[44,16],[51,-32],[20,35],[-15,63],[22,41],[6,89],[-34,43],[4,51],[-45,37],[27,58],[-15,77],[23,21],[17,74],[20,14],[-26,87],[8,61],[-33,22],[31,57],[-38,69],[-35,107],[-24,116],[41,70],[119,8],[35,121],[-14,34],[-80,73],[70,128],[42,28],[51,-6],[42,106],[45,-26],[21,-41],[61,-6],[33,20],[44,-14],[64,11],[60,-9],[120,-44],[62,-58],[100,-26],[112,64],[119,35],[-18,30],[24,55],[-1,12],[34,-1],[29,13],[107,14],[44,29],[46,-13],[12,-41],[56,9],[120,74],[355,50],[203,105],[98,82],[49,15],[66,184],[27,46],[16,82],[90,32],[7,-95],[22,-22],[-50,-46],[-41,-85],[-2,-92],[70,4],[57,-59],[49,-27],[201,-260],[77,-132],[-12,-49],[77,-43],[55,-53],[-12,-171],[21,-92],[-16,-41],[-40,21],[-20,-60],[52,-81],[-14,-159],[30,-56],[1,-32],[-18,-40],[-1,-24],[-12,-19],[-10,-52],[24,-73],[-78,-8],[-26,20],[-69,98],[-46,10],[-64,-69],[-6,-55],[52,-132],[-16,-30],[-68,12],[-79,-35],[31,-139],[-19,-40],[-35,4],[-9,-29],[-46,-13],[-22,15],[-16,-16],[-23,-7],[-11,3]],[[30167,8596],[72,-146],[31,-76],[-75,-238],[-22,-63],[-5,-125],[-34,-80],[-38,-303],[4,-72],[-34,-139],[29,-59],[-7,-59],[-28,-25],[-36,-79],[-84,-128],[-112,-40],[-67,-10],[3,-35],[-134,-68],[-6,0],[-21,6],[-8,0],[-91,-37],[-110,3],[-13,-69],[-55,-4],[-107,-83],[-74,-15],[-32,19],[-100,6],[-61,22],[-55,53],[-77,43],[12,49],[-77,132],[-201,260],[-49,27],[-57,59],[-70,-4],[2,92],[41,85],[50,46],[-22,22],[16,113],[40,86],[-10,31],[51,41],[15,148],[57,178],[73,259],[83,-5],[42,-42],[18,96],[-5,138],[52,69],[99,52],[7,36],[-112,78],[-4,91],[91,10],[127,-63],[46,4],[-7,85],[55,103],[150,-9],[47,-30],[58,17],[44,-18],[48,27],[38,-8],[69,-46],[94,8],[11,59],[39,29],[18,-56],[118,-106],[61,-41],[89,-95],[100,-206]],[[31419,7331],[-89,-15],[-13,-60],[-45,-54],[-14,-63],[-36,-5],[-76,-52],[30,-132],[-19,-16],[-73,24],[-107,-22],[-64,14],[-18,-61],[-40,-43],[-43,-16],[-48,34],[-103,-50],[-63,5],[-48,-23],[-66,9],[-9,-30],[-42,-5],[-202,-27],[-193,30],[-63,21],[-135,-29],[-88,-71],[-22,20],[-3,34],[-11,16],[-39,7],[-15,56],[-41,20],[5,3],[4,1],[3,1],[7,5],[12,13],[39,19],[73,30],[-3,35],[67,10],[112,40],[84,128],[36,79],[28,25],[7,59],[-29,59],[34,139],[-4,72],[38,303],[34,80],[5,125],[22,63],[70,222],[6,-3],[45,24],[50,-42],[72,5],[27,17],[69,-7],[27,28],[57,15],[87,-33],[35,-47],[57,-33],[47,99],[75,2],[32,37],[46,-21],[72,-106],[41,-41],[105,110],[64,31],[21,28],[65,16],[34,-48],[-3,-37],[66,-114],[78,3],[19,-67],[15,-27],[7,-25],[10,-16],[-7,-25],[-6,-42],[-10,-112],[-129,2],[4,-43],[44,-26],[6,-100],[24,-21],[-9,-49],[-39,-53],[49,-79],[-11,-38],[50,-102],[2,-52],[-62,4],[-18,-39],[-60,0]],[[32000,6841],[17,-28],[36,-7],[20,-59],[-23,-25],[27,-132],[50,-43],[-26,-53],[29,-30],[51,-12],[51,-38],[-26,-33],[-13,-48],[29,-75],[-42,-38],[-49,-3],[-73,-54],[-53,-85],[-49,-16],[5,-94],[-24,-24],[-90,5],[-90,-32],[-27,-28],[-156,-24],[-27,6],[-115,-208],[-8,-42],[34,-28],[-18,-96],[31,-62],[-46,-14],[-167,56],[-18,-28],[-108,122],[-12,65],[-176,8],[-4,19],[-66,40],[7,103],[-49,-44],[-35,7],[-53,-69],[-69,-19],[-7,-48],[-38,-11],[-103,25],[-16,388],[-55,63],[-61,157],[100,300],[-15,77],[-20,24],[-21,45],[9,35],[15,23],[10,13],[4,6],[1,2],[6,25],[66,-9],[48,23],[63,-5],[103,50],[48,-34],[43,16],[40,43],[18,61],[64,-14],[107,22],[73,-24],[19,16],[-30,132],[76,52],[36,5],[14,63],[45,54],[13,60],[110,22],[39,-7],[18,39],[77,-27],[78,11],[27,-32],[-19,-57],[28,-25],[71,-9],[37,-34],[-8,-46],[18,-97],[26,-5],[26,-47],[46,-68],[45,-28],[17,-34],[34,-31]],[[32241,4684],[7,1],[8,5],[26,7],[9,58],[59,26],[-39,109],[80,40],[58,-25],[15,-70],[110,6],[0,-47],[197,-36],[21,-57],[67,-30],[46,-4],[3,63],[75,71],[110,16],[54,-45],[25,30],[48,-2],[67,87],[7,45],[39,36],[69,25],[73,51],[40,55],[-1,54],[66,115],[-13,66],[72,-56],[6,-40],[86,-89],[50,-38],[55,-78],[259,-70],[-7,-44],[-56,-68],[-2,-91],[38,-100],[46,-24],[69,-147],[15,-83],[70,-85],[69,-18],[25,-37],[-36,-30],[1,-41],[-76,-33],[-51,-34],[-69,-19],[-46,6],[-37,-23],[-76,20],[-32,55],[-61,-51],[-145,42],[-43,42],[-164,-15],[-26,-22],[-67,-11],[-2,-42],[-93,-61],[-64,-79],[-25,-66],[-169,38],[-76,63],[-31,-55],[-18,-104],[53,-115],[27,4],[17,-66],[-44,-53],[19,-37],[67,-29],[11,-48],[-19,-47],[15,-78],[-41,-68],[5,-56],[-120,-273],[19,-59],[-120,-35],[-68,-7],[-65,24],[-11,48],[-95,30],[-30,-5],[-102,24],[-40,104],[-148,20],[-19,32],[-57,-6],[-28,45],[-109,-6],[-104,-52],[-80,-6],[-161,-30],[-90,-50],[-53,90],[5,76],[49,34],[18,145],[-14,57],[-78,0],[-173,219],[-10,31],[16,96],[-55,121],[-47,26],[-20,0],[-23,20],[-14,5],[-6,0],[-5,57],[-40,67],[48,38],[-39,78],[34,31],[-8,62],[-28,74],[79,33],[33,36],[24,136],[-30,68],[67,81],[6,37],[-6,49],[1,26],[-9,3],[3,9],[5,6],[2,4],[54,18],[31,-12],[63,-101],[69,-10],[17,28],[18,130],[63,-13],[-36,-94],[13,-40],[64,-30],[65,85],[71,-66],[42,-10],[84,37],[-16,83],[23,22],[86,-108],[26,-79],[32,-21],[102,-1]],[[34930,1790],[-78,-48],[-124,-120],[-50,-74],[-26,-71],[-63,5],[-72,-74],[-14,-45],[-54,-10],[-21,-43],[-70,72],[-92,39],[-137,34],[-71,100],[-36,6],[-16,89],[21,54],[-48,79],[14,288],[-31,44],[-35,2],[-35,74],[-46,31],[-27,50],[-14,108],[-33,50],[-33,0],[-104,96],[-1,48],[-67,29],[73,49],[101,50],[54,54],[6,49],[12,-1],[39,17],[35,57],[179,16],[55,28],[141,17],[46,-47],[110,-38],[26,-68],[54,-47],[29,-235],[-88,-146],[41,-48],[88,-43],[37,-108],[46,2],[130,-76],[72,-78],[6,-97],[71,-120]],[[34022,1561],[-91,-16],[-55,26],[-58,-6],[-154,-68],[-91,-65],[-245,-138],[-61,-54],[-180,-18],[-74,-30],[-29,4],[-83,-57],[-108,-60],[-75,-13],[-92,-110],[-157,-92],[-41,0],[44,120],[-28,39],[-48,-24],[-48,-84],[-122,35],[-77,58],[-106,-23],[-127,10],[-77,42],[-102,-58],[-39,-92],[-45,-16],[-60,34],[-74,18],[38,35],[-70,88],[-49,41],[-3,65],[77,-14],[107,13],[14,-21],[161,-32],[101,-50],[109,-29],[18,132],[118,6],[-11,64],[-37,40],[-54,-7],[-174,59],[-210,148],[-91,33],[11,667],[0,270],[36,1],[11,49],[48,62],[67,30],[74,-5],[43,30],[19,43],[91,24],[64,-8],[-8,70],[56,63],[55,14],[86,184],[70,136],[148,-20],[40,-104],[102,-24],[30,5],[95,-30],[11,-48],[65,-24],[68,7],[120,35],[-19,59],[120,273],[-5,56],[41,68],[-15,78],[19,47],[-11,48],[-67,29],[-19,37],[44,53],[-17,66],[-27,-4],[-53,115],[18,104],[31,55],[76,-63],[169,-38],[25,66],[64,79],[93,61],[2,42],[67,11],[26,22],[164,15],[43,-42],[145,-42],[61,51],[32,-55],[76,-20],[37,23],[46,-6],[69,19],[-6,-93],[8,-150],[-36,-38],[-68,-124],[-43,-61],[-36,17],[-89,-79],[-92,-13],[20,-140],[-45,-75],[-66,2],[-41,-34],[-34,-100],[33,-109],[37,-39],[-33,-89],[42,-80],[-12,-64],[62,-47],[-6,-56],[-54,-54],[-101,-50],[-73,-49],[67,-29],[1,-48],[104,-96],[33,0],[33,-50],[14,-108],[27,-50],[46,-31],[35,-74],[35,-2],[31,-44],[-14,-288],[48,-79],[-21,-54],[16,-89]],[[30108,5360],[97,32],[67,54],[37,-30],[46,21],[74,-25],[47,4],[50,-28],[134,-7],[11,-84],[65,-18],[55,3],[35,51],[-33,30],[18,81],[52,52],[40,63],[30,2],[68,-38],[104,-110],[54,-31],[90,-108],[-7,-73],[-89,-31],[14,-35],[70,-49],[-61,-50],[5,-32],[66,-31],[85,-5],[46,-47],[-49,-17],[-23,-39],[19,-7],[17,4],[28,4],[-2,-4],[-5,-6],[-3,-9],[9,-3],[-1,-26],[6,-49],[-6,-37],[-67,-81],[30,-68],[-24,-136],[-33,-36],[-79,-33],[28,-74],[8,-62],[-34,-31],[39,-78],[-48,-38],[40,-67],[-1,-17],[6,-45],[-116,16],[-72,-32],[-93,-19],[5,-159],[-47,-74],[-11,-68],[-263,-23],[-33,33],[-11,93],[-56,57],[-63,-5],[-65,29],[-50,-7],[-2,87],[-76,83],[-80,-5],[-154,129],[-316,251],[-55,46],[-14,11],[-169,135],[93,156],[48,37],[-48,40],[-16,75],[42,147],[-16,54],[96,115],[103,38],[33,-37],[42,22],[45,91],[74,-11],[29,83],[44,-10],[47,16]],[[28079,1211],[119,-66],[-9,-31],[-110,97]],[[28750,1453],[13,-40],[-33,-30],[-36,34],[19,38],[37,-2]],[[29180,1750],[-44,-16],[-96,-77],[-132,-77],[-29,-30],[-102,57],[-42,-14],[-39,-45],[29,-81],[-21,-13],[-13,-24],[-30,34],[-50,-6],[33,-142],[-71,-34],[19,62],[-47,22],[-59,-6],[35,-46],[-54,-155],[-45,-7],[-2,-47],[-86,-56],[-67,53],[-40,67],[-67,45],[-37,8],[-38,48],[-58,33],[-42,1],[-57,30],[-43,-6],[-13,45],[-82,39],[-64,16],[-128,2],[-30,-16],[-106,119],[-30,58],[-113,141],[-79,73],[-93,29],[71,123],[63,41],[64,98],[35,-13],[56,54],[-14,132],[19,56],[64,49],[42,-8],[54,42],[23,60],[41,41],[21,51],[-24,52],[-6,77],[-35,31],[22,44],[-49,8],[-18,106],[16,51],[-16,56],[575,-104],[52,37],[75,22],[91,-43],[47,-9],[74,-63],[137,-4],[42,33],[91,27],[84,-2],[32,-60],[105,-79],[27,-73],[74,-15],[64,-33],[80,-8],[61,-71],[16,-47],[2,-8],[-2,-3],[-1,-41],[-7,-17],[-61,-83],[7,-39],[-55,-73],[-28,-104],[-56,-53],[5,-100],[39,-120],[37,-64],[-3,-38]],[[28950,6016],[4,12],[-1,32],[-30,56],[14,159],[-52,81],[20,60],[40,-21],[16,41],[-21,92],[12,171],[61,-22],[100,-6],[32,-19],[74,15],[107,83],[55,4],[13,69],[110,-3],[91,37],[67,-30],[15,-56],[50,-23],[2,-71],[18,-36],[-43,-55],[53,-129],[44,-19],[0,-74],[39,-52],[-5,-99],[-26,-24],[-7,-73],[16,-33],[7,-124],[-60,-85],[10,-47],[71,-59],[112,87],[16,121],[73,40],[22,62],[61,57],[12,44],[59,6],[62,36],[9,29],[123,5],[61,-157],[55,-63],[16,-388],[103,-25],[38,11],[7,48],[69,19],[53,69],[35,-7],[49,44],[-7,-103],[66,-40],[-35,-45],[-12,-40],[5,-16],[5,-3],[-40,-63],[-52,-52],[-18,-81],[33,-30],[-35,-51],[-55,-3],[-65,18],[-11,84],[-134,7],[-50,28],[-47,-4],[-74,25],[-46,-21],[-37,30],[-67,-54],[-144,-48],[-44,10],[-29,-83],[-74,11],[-45,-91],[-42,-22],[-33,37],[-103,-38],[-96,-115],[-50,33],[-64,12],[-28,28],[17,133],[-61,37],[-70,-28],[-23,66],[-76,-13],[-64,21],[-33,-58],[-31,49],[-85,-15],[-83,-35],[-65,41],[-13,32],[-69,14],[-117,-3],[-37,42],[-104,25],[10,18],[2,21],[17,19],[-31,139],[79,35],[68,-12],[16,30],[-52,132],[6,55],[64,69],[46,-10],[69,-98],[26,-20],[78,8],[-12,66],[-12,7],[10,52],[12,19],[1,24],[14,28]],[[30440,6711],[-1,-10],[14,-12],[7,-33],[20,-24],[15,-77],[-89,-265],[-134,-40],[-9,-29],[-62,-36],[-59,-6],[-12,-44],[-61,-57],[-22,-62],[-73,-40],[-16,-121],[-112,-87],[-71,59],[-10,47],[60,85],[-7,124],[-16,33],[7,73],[26,24],[5,99],[-39,52],[0,74],[-44,19],[-53,129],[43,55],[-18,36],[44,29],[67,59],[135,29],[63,-21],[193,-30],[202,27],[42,5],[-12,-16],[-15,-23],[-8,-25]],[[27640,4664],[38,63],[37,161],[-14,50],[-85,108],[-65,62],[-22,197],[-50,101],[-40,27],[-89,-9],[-8,55],[70,-9],[94,-42],[52,-43],[109,-19],[19,-68],[131,-55],[73,-4],[46,15],[57,62],[47,-46],[83,24],[86,8],[29,32],[24,79],[91,10],[45,-17],[23,7],[16,16],[22,-15],[80,20],[104,-25],[37,-42],[117,3],[69,-14],[13,-32],[65,-41],[83,35],[85,15],[31,-49],[33,58],[64,-21],[76,13],[23,-66],[70,28],[61,-37],[-17,-133],[28,-28],[64,-12],[66,-87],[-42,-147],[16,-75],[48,-40],[-48,-37],[-93,-156],[183,-146],[-10,-5],[-8,3],[-29,-9],[-12,-11],[-37,-95],[-85,-70],[-14,-102],[-33,-115],[30,-226],[-96,0],[-96,-24],[-87,58],[-66,-46],[-50,57],[-42,-13],[-39,20],[-50,-48],[-69,-42],[36,-40],[-26,-29],[-20,-85],[-69,-43],[-5,-75],[-115,-44],[-58,33],[27,85],[-15,146],[-182,-22],[-89,27],[-59,45],[-67,10],[101,-176],[-51,-1],[-75,24],[-70,45],[-25,-76],[-120,45],[-84,13],[-41,36],[-70,-17],[-63,1],[-53,-40],[-72,26],[-40,21],[-16,1],[-19,18],[-3,28],[-20,11],[-2,5],[-1,10],[1,9],[-1,2],[0,2],[14,19],[-18,48],[29,66],[-5,31],[68,54],[49,107],[-73,44],[-18,164],[-34,28],[-15,79],[69,54],[7,103],[40,82],[11,60]],[[27601,3125],[5,18],[22,13],[-4,22],[-34,5],[-34,29],[-44,150],[-18,14],[72,152],[-11,42],[-11,29],[-12,14],[8,18],[37,8],[112,-47],[53,40],[63,-1],[70,17],[41,-36],[84,-13],[120,-45],[25,76],[70,-45],[75,-24],[51,1],[-101,176],[67,-10],[59,-45],[89,-27],[182,22],[15,-146],[-27,-85],[58,-33],[115,44],[5,75],[69,43],[20,85],[26,29],[-36,40],[69,42],[50,48],[39,-20],[42,13],[50,-57],[66,46],[87,-58],[96,24],[96,0],[-30,226],[33,115],[14,102],[85,70],[37,95],[12,11],[29,9],[8,-3],[10,5],[371,-297],[154,-129],[80,5],[76,-83],[2,-87],[50,7],[65,-29],[63,5],[56,-57],[11,-93],[33,-33],[-37,-43],[-70,-26],[-77,-49],[-48,-10],[-142,5],[-31,-20],[-24,-64],[-33,-35],[-30,-60],[-114,-49],[-116,2],[-110,-125],[-109,-52],[-61,-62],[19,-97],[-42,-62],[37,-45],[-50,-72],[-70,2],[-82,-167],[-41,-48],[-50,24],[-8,-45],[-40,-21],[-2,0],[-2,5],[-5,5],[-10,4],[-1,38],[-61,71],[-80,8],[-64,33],[-74,15],[-27,73],[-105,79],[-32,60],[-84,2],[-91,-27],[-42,-33],[-137,4],[-74,63],[-47,9],[-91,43],[-75,-22],[-52,-37],[-575,104],[19,69],[35,34],[-32,11],[3,26]],[[37839,5972],[-70,35],[-75,-57],[-36,51],[-12,57],[-57,24],[-15,37],[-42,14],[31,50],[-15,43],[126,121],[29,96],[147,272],[112,111],[-25,50],[11,80],[4,1],[10,9],[21,11],[13,-2],[66,39],[75,118],[41,24],[23,150],[40,29],[92,-67],[67,28],[60,-2],[8,-81],[71,-19],[76,-97],[-28,-77],[11,-29],[-12,-84],[-44,-55],[-45,-88],[-119,-270],[-47,-300],[93,-242],[9,-166],[-43,-101],[-83,-50],[-46,-78],[-22,-92],[-169,58],[-15,-6],[12,47],[-8,32],[103,28],[34,56],[87,64],[-108,32],[-62,38],[-57,74],[-56,43],[-161,41]],[[41358,6162],[38,-35],[-16,-56],[-61,-29],[-53,-46],[-16,-39],[-41,-29],[-35,21],[-77,-30],[-125,-20],[-108,-72],[-52,-74],[-21,-57],[17,-66],[52,-80],[-54,-16],[-44,17],[0,64],[-179,27],[-78,-1],[0,48],[-29,36],[-55,-11],[-39,29],[-81,-16],[-112,-69],[-107,-94],[-86,-131],[-36,74],[16,70],[-20,21],[-103,-30],[-76,-83],[-58,19],[-208,89],[64,148],[36,104],[-111,57],[-39,-11],[-100,28],[-49,2],[-81,31],[-76,52],[-105,9],[-17,41],[-55,-19],[-78,-58],[-131,52],[-95,-17],[-128,21],[-9,-22],[-60,-30],[-15,-39],[-14,-11],[-24,21],[-93,242],[47,300],[119,270],[45,88],[44,55],[12,84],[-11,29],[28,77],[-76,97],[-71,19],[-8,81],[38,15],[64,112],[129,193],[74,-15],[34,-25],[50,45],[129,-17],[25,47],[18,78],[78,-32],[72,-9],[91,-136],[101,-94],[48,-15],[77,-17],[10,0],[38,-32],[41,-130],[109,-70],[41,-49],[80,-41],[85,-23],[106,-14],[65,-87],[57,-38],[70,-26],[118,-10],[14,56],[-11,41],[87,8],[56,-12],[22,-29],[43,16],[82,2],[59,54],[37,-49],[57,-3],[43,-39],[21,-69],[94,13],[64,43],[48,-38],[-27,-83],[-48,-20],[-67,-75],[-27,-98],[42,-12],[13,-84],[46,-32],[42,3],[55,-62],[55,-8],[22,-27],[51,16],[46,-57],[75,1],[86,38],[67,-12],[10,-41],[-44,-85],[-43,-49],[-33,-14],[13,-35]],[[38954,3494],[-14,-89],[-42,-17],[4,-58],[-60,-58],[-78,-2],[-29,-21],[-61,61],[-88,63],[-79,-38],[-159,-149],[-40,46],[-97,-39],[-4,-27],[62,-47],[61,18],[-53,-222],[31,-26],[1,-54],[41,-75],[-30,-53],[-20,-89],[44,-53],[-46,-62],[-74,-55],[-104,43],[-71,-37],[-66,-52],[-52,59],[-68,44],[3,34],[-31,45],[-60,15],[-43,69],[-59,7],[-206,-103],[-42,11],[-14,57],[-65,57],[-40,55],[-126,38],[-32,31],[-60,-17],[-81,22],[-34,27],[-74,-14],[-31,-32],[-41,22],[-131,6],[-58,42],[-44,-10],[-64,19],[-50,-9],[-23,73],[-114,2],[-30,56],[-107,41],[-58,-23],[-112,140],[-99,49],[-13,-13],[-136,-25],[-22,70],[-67,31],[-7,45],[-53,10],[-56,-46],[-34,16],[-96,-2],[-48,10],[-57,-6],[-63,10],[-55,33],[-77,79],[-63,46],[41,142],[66,-6],[35,58],[87,90],[50,18],[28,88],[56,11],[31,-23],[118,20],[34,66],[37,25],[95,-74],[133,-33],[19,-32],[112,31],[53,50],[101,24],[146,-73],[48,50],[80,39],[91,73],[-5,54],[32,25],[8,62],[46,2],[19,43],[-37,24],[8,70],[-21,64],[10,23],[13,8],[-8,12],[2,27],[126,19],[41,27],[46,-1],[27,26],[65,4],[30,39],[123,-3],[41,-42],[70,10],[29,-31],[88,-26],[78,32],[25,-53],[77,-42],[17,-38],[104,-49],[2,-65],[23,-22],[126,16],[-8,43],[50,38],[10,37],[58,-4],[26,40],[88,16],[49,-17],[56,-44],[-12,-54],[60,-1],[-19,-91],[-40,-21],[-44,-80],[0,-51],[91,-35],[51,-78],[-7,-36],[131,-17],[51,-23],[23,-82],[70,-22],[55,0],[13,-38],[56,-16],[6,38],[71,-17],[101,-194],[104,-4],[61,-35],[47,10]],[[37983,2402],[-66,-81],[-62,-39],[-125,42],[-72,-4],[-50,-21],[-68,-60],[-49,-90],[-132,-191],[-102,86],[-168,-80],[-221,-181],[-61,119],[-36,20],[-49,-13],[-32,19],[-70,-1],[-52,57],[-45,2],[-119,55],[-70,3],[-38,43],[-10,43],[-64,88],[-11,56],[-83,42],[-4,68],[-24,48],[0,92],[38,25],[0,71],[-114,64],[-8,30],[-71,16],[-47,-18],[-25,-46],[-74,-25],[-51,68],[-22,94],[-48,-11],[-65,48],[35,76],[-101,118],[7,98],[-71,121],[17,43],[83,-9],[56,46],[53,-10],[7,-45],[67,-31],[22,-70],[136,25],[13,13],[99,-49],[112,-140],[58,23],[107,-41],[30,-56],[114,-2],[23,-73],[50,9],[64,-19],[44,10],[58,-42],[131,-6],[41,-22],[31,32],[74,14],[34,-27],[81,-22],[60,17],[32,-31],[126,-38],[40,-55],[65,-57],[14,-57],[42,-11],[206,103],[59,-7],[43,-69],[60,-15],[31,-45],[-3,-34],[68,-44],[52,-59]],[[40159,5156],[-51,-18],[9,-66],[-38,2],[-2,86],[82,-4]],[[39996,5433],[-42,-130],[-42,-54],[-100,-39],[-165,-91],[-94,-84],[-57,-70],[-16,-46],[22,-28],[-125,-153],[-43,-67],[-56,-124],[-30,-146],[47,-34],[-38,-61],[-96,-113],[-46,-83],[-30,-87],[3,-81],[32,-51],[-102,-45],[-65,-100],[10,-68],[-51,-37],[69,-86],[-27,-61],[-47,-10],[-61,35],[-104,4],[-101,194],[-71,17],[-6,-38],[-56,16],[-13,38],[-55,0],[-70,22],[-23,82],[-51,23],[-131,17],[7,36],[-51,78],[-91,35],[0,51],[44,80],[40,21],[19,91],[-60,1],[12,54],[-56,44],[-49,17],[-88,-16],[-26,-40],[-58,4],[-10,-37],[-50,-38],[8,-43],[-126,-16],[-23,22],[-2,65],[-104,49],[-5,46],[14,65],[22,42],[-1,28],[24,55],[53,35],[71,148],[37,3],[43,35],[26,97],[-8,198],[118,214],[11,41],[-32,68],[34,70],[78,-22],[53,9],[11,9],[7,23],[13,7],[169,-58],[22,92],[46,78],[83,50],[43,101],[-6,150],[21,-5],[14,11],[15,39],[69,52],[128,-21],[95,17],[131,-52],[78,58],[55,19],[17,-41],[105,-9],[76,-52],[81,-31],[49,-2],[100,-28],[39,11],[111,-57],[-36,-104],[-64,-148],[208,-89],[58,-19],[76,83],[103,30],[20,-21],[-16,-70],[36,-74]],[[35847,6468],[-38,7],[-169,-59],[-26,-102],[-126,-3],[-23,-26],[-32,-137],[-39,-63],[-81,-21],[-34,58],[14,148],[-93,6],[-108,46],[-49,71],[6,62],[64,47],[27,56],[-3,84],[-11,37],[-9,15],[-2,2],[-4,6],[-52,20],[-37,54],[8,36],[62,58],[-4,60],[-49,129],[-5,79],[108,27],[-30,51],[20,59],[6,115],[-82,40],[-77,17],[-4,55],[-31,23],[-109,22],[-19,-3],[-46,35],[-23,48],[33,75],[8,58],[-56,34],[22,60],[42,20],[62,-14],[30,20],[34,59],[63,24],[71,-28],[85,-57],[31,22],[114,34],[41,-22],[45,10],[72,58],[94,27],[28,-6],[295,-15],[-10,-35],[75,-95],[31,-64],[36,7],[55,-62],[73,-42],[63,19],[34,-23],[47,-12],[31,1],[46,-19],[44,-79],[-4,-31],[61,-49],[9,-28],[127,-108],[80,-48],[-4,-32],[102,-47],[-21,-15],[-84,1],[-54,-21],[-133,-118],[-111,-218],[-59,54],[-38,-14],[16,-133],[-56,-39],[98,-72],[8,-44],[56,-54],[-52,-43],[-34,22],[-63,-24],[-86,-55],[-81,0],[-147,12],[-28,-14],[-41,4]],[[34756,7600],[14,-21],[46,-35],[128,-19],[31,-23],[4,-55],[77,-17],[82,-40],[-6,-115],[-20,-59],[30,-51],[-108,-27],[5,-79],[49,-129],[4,-60],[-62,-58],[-8,-36],[37,-54],[35,-14],[17,-6],[4,-6],[-4,-4],[-32,-19],[-13,-8],[-81,17],[-54,-24],[-25,70],[-42,55],[-79,59],[-66,18],[-82,-5],[12,-181],[-34,-41],[-16,-60],[-65,1],[-10,70],[-82,-43],[-15,-95],[-103,32],[-70,8],[-72,-53],[5,-48],[86,-20],[-83,-87],[-145,-77],[12,-119],[-71,-41],[-26,-88],[-64,-13],[-39,-31],[-82,-10],[-60,32],[-56,7],[-55,40],[-103,26],[-45,32],[-88,-25],[-100,-1],[-49,37],[-49,16],[3,19],[138,41],[121,60],[89,84],[25,43],[104,68],[44,103],[55,51],[3,114],[22,37],[95,89],[66,88],[-45,65],[70,313],[45,178],[88,384],[95,-21],[21,25],[68,8],[73,-21],[60,-92],[36,49],[-23,119],[43,82],[59,22],[24,-19],[43,4],[54,-39],[69,-13],[82,25],[42,-22],[55,-75],[-36,-32],[-62,14],[-42,-20],[-22,-60],[56,-34],[-8,-58],[-33,-75],[9,-27]],[[34515,6567],[84,6],[16,60],[34,41],[-12,181],[82,5],[66,-18],[79,-59],[42,-55],[25,-70],[54,24],[81,-17],[13,8],[32,19],[4,4],[22,-54],[3,-84],[-27,-56],[-64,-47],[-6,-62],[49,-71],[108,-46],[93,-6],[-14,-148],[34,-58],[7,-28],[-43,-71],[5,-81],[35,-36],[1,-61],[-21,-69],[-30,1],[-47,-60],[-8,0],[-5,3],[-16,11],[-96,-5],[-50,-95],[25,-42],[-15,-42],[-73,-4],[8,-32],[-28,-59],[-29,-10],[-13,-65],[-36,-26],[8,-56],[34,-83],[-41,-50],[-14,-54],[35,-114],[24,-21],[-44,-71],[-54,-60],[24,-44],[-37,-47],[-103,-30],[-23,-60],[0,-76],[-41,-59],[-4,-44],[-132,-101],[-31,16],[-102,5],[-49,-33],[-66,10],[-70,85],[-15,83],[-69,147],[-46,24],[-38,100],[2,91],[56,68],[7,44],[-259,70],[-55,78],[-50,38],[-86,89],[-6,40],[-70,72],[-31,-17],[-69,31],[-28,-8],[-52,40],[61,216],[-139,334],[-151,168],[59,-7],[49,-37],[100,1],[88,25],[45,-32],[103,-26],[55,-40],[56,-7],[60,-32],[82,10],[39,31],[64,13],[26,88],[71,41],[-12,119],[145,77],[83,87],[-86,20],[-5,48],[72,53],[70,-8],[103,-32],[15,95],[82,43],[-9,-77]],[[18240,5908],[-34,47],[-89,3],[-40,-29],[-71,5],[-36,31],[17,43],[-68,27],[-118,23],[-33,-41],[-65,3],[-67,53],[-166,-53],[-42,10],[-35,-94],[-87,-54],[-88,1],[-57,-76],[-289,36],[-16,53],[34,116],[-82,11],[-80,64],[-58,10],[-39,-14],[3,183],[-74,33],[-8,28],[-59,43],[-89,14],[-22,42],[-62,16],[-31,58],[13,55],[-27,67],[-73,105],[-8,64],[-81,-24],[-83,47],[-81,28],[-46,-22],[-36,16],[-90,107],[-28,12],[56,74],[49,-21],[34,-60],[37,1],[127,122],[61,168],[56,-20],[96,-55],[30,43],[50,9],[63,36],[95,22],[-9,88],[21,59],[-15,70],[18,76],[58,6],[25,10],[35,27],[33,-23],[-58,-75],[-70,-10],[-21,-29],[42,-42],[75,32],[46,-20],[21,-39],[57,-3],[38,51],[69,-20],[22,-57],[55,-3],[51,41],[24,-13],[103,8],[78,-57],[66,27],[66,-34],[88,21],[47,-34],[68,-9],[65,28],[40,-23],[73,-13],[51,-110],[14,-85],[42,-1],[37,44],[-5,47],[2,42],[9,11],[62,-21],[85,36],[54,-11],[54,-36],[19,-53],[60,37],[-27,58],[45,16],[26,-87],[48,-31],[-36,-104],[23,-11],[61,30],[4,-58],[89,-2],[18,-92],[66,10],[16,50],[-36,34],[94,31],[39,-54],[49,29],[31,-60],[98,-29],[107,-72],[-4,-85],[-68,-120],[-38,-122],[22,-88],[124,-378],[16,-53],[107,-327],[-353,94],[-112,25],[-367,90]],[[17855,7226],[3,-64],[-37,-44],[-42,1],[-14,85],[-51,110],[-73,13],[-40,23],[-65,-28],[-68,9],[-47,34],[-88,-21],[-66,34],[-66,-27],[-78,57],[-103,-8],[-24,13],[-51,-41],[-55,3],[-22,57],[-69,20],[-38,-51],[-57,3],[-21,39],[-46,20],[-75,-32],[-42,42],[21,29],[70,10],[58,75],[-33,23],[-35,-27],[-34,6],[-41,32],[-20,70],[-11,113],[-215,118],[150,186],[57,140],[71,42],[23,61],[-14,71],[-69,33],[16,41],[-58,72],[-34,91],[-8,87],[-45,-56],[11,116],[46,-2],[45,37],[12,122],[43,86],[-23,34],[51,145],[17,77],[39,14],[31,90],[45,22],[28,71],[63,17],[93,41],[110,17],[15,-15],[125,-1],[76,-26],[40,-45],[40,7],[26,-38],[120,-13],[91,-57],[58,-1],[31,24],[117,-1],[203,-42],[34,-32],[48,-5],[39,-32],[74,-13],[30,-46],[65,-36],[163,32],[-12,87],[34,73],[6,52],[54,23],[57,57],[124,12],[-4,-35],[-18,-40],[6,-91],[61,-108],[102,-59],[34,6],[63,-51],[63,-122],[60,-16],[21,22],[51,-21],[58,10],[46,-17],[-110,-423],[-118,-375],[-18,-124],[-80,-247],[-5,-113],[13,-68],[-19,-279],[47,-93],[-18,-128],[35,-40],[-22,-76],[-8,-102],[3,-49],[-75,42],[-98,29],[-31,60],[-49,-29],[-39,54],[-94,-31],[36,-34],[-16,-50],[-66,-10],[-18,92],[-89,2],[-4,58],[-61,-30],[-23,11],[36,104],[-48,31],[-26,87],[-45,-16],[27,-58],[-60,-37],[-19,53],[-54,36],[-54,11],[-85,-36],[-62,21],[-9,-36]],[[15245,1177],[-91,29],[-15,59],[-78,-27],[-29,-43],[-58,5],[-30,30],[-7,52],[-74,-10],[-111,21],[-50,24],[-80,13],[-50,-7],[-49,27],[-153,-23],[7,42],[-22,40],[-57,49],[-168,75],[-125,1],[-90,-46],[-124,-128],[-36,-77],[5,-41],[37,-51],[-11,-61],[32,-41],[93,-51],[12,-111],[-48,-27],[-32,27],[9,41],[-44,20],[-33,-59],[-60,4],[-39,52],[73,78],[-8,130],[-28,58],[-62,50],[-165,26],[-58,-8],[-61,137],[-6,46],[37,140],[-12,140],[-39,103],[38,158],[113,121],[74,23],[49,34],[90,20],[226,102],[90,11],[72,73],[15,39],[7,101],[-9,57],[-32,31],[-174,48],[-39,54],[-31,-13],[-97,40],[-148,32],[-35,53],[-103,-26],[-15,14],[126,149],[76,69],[0,52],[-47,73],[-9,45],[25,60],[42,52],[28,75],[97,-41],[46,15],[73,51],[3,74],[-40,46],[-115,50],[-3,-58],[-54,2],[-48,68],[-7,46],[16,111],[51,47],[-55,65],[61,43],[1,53],[43,11],[54,53],[84,46],[35,57],[25,91],[-5,59],[-45,114],[31,97],[-13,79],[-46,29],[1,109],[88,45],[56,104],[27,123],[-31,68],[-8,82],[-79,27],[-34,89],[47,48],[23,-3],[12,-1],[5,-2],[3,3],[40,-47],[88,-59],[30,-59],[73,-7],[92,-120],[44,14],[25,-26],[39,-10],[50,-42],[-11,-59],[55,-23],[42,-71],[37,2],[98,-74],[42,-74],[93,-23],[-42,-75],[52,-120],[83,-26],[44,-92],[100,-50],[83,-20],[95,-50],[47,-45],[63,-6],[36,-27],[-2,-95],[-23,-12],[16,-109],[-36,-81],[7,-133],[-25,-35],[11,-109],[77,7],[50,-67],[-11,-61],[-74,-30],[-25,-47],[-45,-27],[-33,-83],[-32,-117],[-62,-86],[7,-62],[26,-9],[25,-58],[-41,-33],[-48,-84],[32,-43],[14,-69],[-4,-60],[30,-54],[31,-101],[-6,-57],[14,-55],[6,-534],[-12,-36],[40,-42],[86,-20],[14,-21],[-31,-86],[-35,-47],[-24,-73],[14,-125],[-22,-98],[-33,-58],[-7,-56]],[[14739,5051],[78,22],[79,72],[59,5],[93,-45],[38,37],[60,5],[53,39],[95,-20],[35,-37],[57,9],[23,-19],[53,35],[19,-41],[37,-13],[31,-63],[61,-15],[45,-38],[58,-25],[-36,-73],[-60,88],[-58,-52],[-11,-64],[7,-101],[-25,-46],[56,-54],[-27,-89],[16,-43],[104,-72],[40,-39],[104,-56],[-1,-57],[-56,-117],[-89,1],[-79,-37],[-53,36],[-107,8],[-69,-38],[-29,16],[-18,-9],[-45,15],[-47,45],[-95,50],[-83,20],[-100,50],[-44,92],[-83,26],[-52,120],[42,75],[-93,23],[-42,74],[-98,74],[-37,-2],[-42,71],[-55,23],[11,59],[-50,42],[-59,32],[33,59],[106,-46],[81,27],[54,-18],[20,28],[43,-49],[32,11],[20,-11]],[[14335,9961],[68,66],[22,112],[-14,55],[16,91],[-22,55],[-2,67],[-85,181],[-9,82],[-22,52],[-36,31],[-54,88],[-22,84],[-5,120],[6,90],[34,49],[18,67],[80,83],[91,22],[50,28],[32,82],[91,82],[83,91],[82,41],[102,18],[50,36],[178,41],[108,9],[47,-18],[231,4],[46,-39],[4,-80],[68,-47],[46,-4],[43,-76],[32,-9],[48,-63],[-9,-73],[24,-44],[43,-22],[40,18],[138,-55],[51,-42],[66,8],[27,-65],[54,-14],[-12,-53],[9,-156],[40,0],[-2,-146],[-319,-79],[-3,-93],[-25,1],[-22,-107],[-116,-23],[-11,-36],[-62,-29],[-33,-42],[-68,-50],[-107,10],[-350,-378],[-114,-127],[15,-102],[-64,-153],[-88,-131],[-13,-2],[-15,-23],[12,-17],[-44,-22],[-53,17],[-106,94],[-60,33],[-64,0],[-92,38],[30,28],[-22,90],[-29,22],[8,82],[-38,8],[-6,44],[-42,21],[56,43],[-29,36]],[[12911,9212],[23,15],[204,34],[98,56],[90,22],[92,66],[90,34],[109,56],[75,20],[57,42],[78,119],[223,116],[37,13],[152,82],[96,74],[29,-36],[-56,-43],[42,-21],[6,-44],[38,-8],[-8,-82],[29,-22],[22,-90],[-30,-28],[92,-38],[64,0],[60,-33],[106,-94],[53,-17],[44,22],[-12,17],[15,23],[14,-28],[19,-120],[30,-70],[-25,-43],[3,-43],[77,-34],[-34,-135],[17,-63],[-14,-126],[-61,-55],[-4,-43],[-50,-39],[16,-86],[36,-36],[11,-99],[-56,-78],[67,-101],[4,-135],[-49,-2],[-76,-21],[-42,54],[-81,56],[-86,-6],[-41,-46],[-31,12],[-79,-17],[-66,-37],[-15,-33],[-56,-7],[-103,8],[-41,45],[-177,-75],[-21,-29],[-42,15],[-28,42],[-32,73],[-6,65],[-79,22],[-51,33],[11,90],[-127,39],[-56,56],[-42,-10],[-43,25],[-18,54],[-91,57],[-52,-1],[8,48],[-62,4],[-68,77],[52,50],[-9,61],[-71,117],[2,51],[-45,-3],[-18,35],[-72,46],[-20,47],[-37,24],[-8,60]],[[13161,7737],[-133,35],[-45,24],[-83,138],[-53,117],[-95,136],[-26,71],[-73,147],[-16,67],[-51,115],[-58,34],[-68,103],[-62,68],[-27,51],[-40,134],[49,71],[82,28],[64,39],[46,4],[333,92],[14,-59],[37,-24],[20,-47],[72,-46],[18,-35],[45,3],[-2,-51],[71,-117],[9,-61],[-52,-50],[68,-77],[62,-4],[-8,-48],[52,1],[91,-57],[18,-54],[43,-25],[42,10],[56,-56],[127,-39],[-11,-90],[51,-33],[79,-22],[6,-65],[32,-73],[19,-5],[9,-37],[11,-11],[28,-33],[-59,-7],[-47,20],[-20,-50],[-55,-27],[-52,1],[-50,48],[-47,-3],[-26,-35],[-85,-40],[-105,4],[-23,-27],[-51,-5],[-48,20],[-35,-45],[-25,-72],[-24,-33],[1,-18]],[[13836,7174],[-17,187],[-19,79],[-37,81],[-75,100],[-101,46],[-115,15],[-71,32],[-54,-5],[-114,31],[-50,-9],[-23,24],[49,105],[35,45],[48,-20],[51,5],[23,27],[105,-4],[85,40],[26,35],[47,3],[50,-48],[52,-1],[55,27],[20,50],[47,-20],[59,7],[24,58],[177,75],[41,-45],[103,-8],[56,7],[15,33],[66,37],[79,17],[31,-12],[41,46],[86,6],[81,-56],[42,-54],[76,21],[42,-6],[67,26],[3,52],[47,-3],[49,46],[68,-25],[67,-1],[29,-48],[54,12],[22,-12],[10,3],[17,-15],[28,-14],[70,0],[28,17],[388,-123],[124,-6],[141,-20],[70,-34],[49,-43],[77,-15],[215,-118],[11,-113],[12,-55],[8,-15],[19,-16],[-27,-38],[-18,-76],[15,-70],[-21,-59],[9,-88],[-95,-22],[-63,-36],[-50,-9],[-30,-43],[-96,55],[-56,20],[-61,-168],[-127,-122],[-37,-1],[-34,60],[-49,21],[-146,-182],[-136,10],[-39,53],[-51,7],[-53,-27],[-46,26],[-56,-23],[-10,-32],[-107,-46],[-80,18],[-73,-104],[-51,43],[-168,12],[-19,47],[34,23],[-35,62],[-11,15],[-19,10],[-7,15],[7,21],[-9,49],[10,37],[45,6],[-5,74],[-87,4],[-36,72],[-42,31],[-77,18],[-74,-55],[-50,83],[-95,-3],[-46,-40],[-183,-57],[-254,-22]],[[14093,6682],[-36,160],[-62,112],[-67,85],[-68,106],[30,33],[200,18],[183,57],[46,40],[95,3],[50,-83],[74,55],[77,-18],[42,-31],[36,-72],[87,-4],[5,-74],[-45,-6],[-10,-37],[2,-70],[26,-25],[23,-41],[-30,-107],[67,-47],[1,-55],[-76,-51],[-47,54],[-64,26],[15,-107],[-122,61],[-37,39],[-47,-23],[14,-47],[-24,-38],[-101,-2],[-5,106],[-232,-17]],[[15941,8034],[-122,6],[-388,123],[-28,-17],[-70,0],[-28,14],[-17,15],[-9,-3],[-2,44],[-31,52],[32,63],[-11,61],[33,31],[24,85],[24,18],[97,20],[26,63],[44,23],[32,-20],[65,44],[9,260],[75,50],[77,-25],[45,-49],[42,-7],[22,14],[12,32],[14,8],[49,-7],[15,-25],[62,-13],[-40,-60],[12,-33],[80,-25],[63,35],[76,-20],[-14,53],[57,-13],[35,29],[15,-82],[45,-7],[6,-81],[45,56],[8,-87],[34,-91],[58,-72],[-16,-41],[69,-33],[14,-71],[-23,-61],[-71,-42],[-57,-140],[-150,-186],[-77,15],[-49,43],[-70,34],[-143,20]],[[15897,8936],[-37,-51],[-42,7],[-45,49],[-77,25],[-75,-50],[-9,-260],[-65,-44],[-32,20],[-44,-23],[-26,-63],[-97,-20],[-24,-18],[-24,-85],[-33,-31],[11,-61],[-32,-63],[31,-52],[-21,-32],[-54,-12],[-29,48],[-67,1],[-68,25],[-49,-46],[-47,3],[-3,-52],[-54,-13],[-10,130],[-67,101],[56,78],[-11,99],[-36,36],[-16,86],[50,39],[4,43],[61,55],[14,126],[-17,63],[34,135],[-77,34],[-3,43],[25,43],[-30,70],[-20,150],[88,131],[64,153],[-15,102],[114,127],[350,378],[107,-10],[68,50],[33,42],[62,29],[11,36],[116,23],[22,107],[25,-1],[3,93],[319,79],[67,-236],[190,-432],[273,-596],[-25,-42],[-28,-71],[-45,-22],[-31,-90],[-39,-14],[-17,-77],[-51,-145],[23,-34],[-43,-86],[-12,-122],[-45,-37],[-108,16],[-15,40],[-35,-29],[-57,13],[14,-53],[-76,20],[-63,-35],[-80,25],[-12,33],[40,60],[-62,13],[-15,25],[-26,-2],[-23,9],[-11,-3]],[[16507,4021],[38,-20],[40,-52],[-78,-107],[-12,-46],[20,-32],[48,6],[60,-28],[67,-5],[43,23],[83,-41],[54,-59],[69,-51],[144,17],[61,52],[-33,24],[39,75],[-3,43],[80,87],[36,137],[75,72],[29,-13],[63,26],[39,48],[58,-14],[-9,-66],[19,-149],[-11,-107],[21,-41],[3,-74],[23,-75],[-16,-407],[-26,-74],[-125,31],[-38,-31],[-53,1],[-63,40],[-49,2],[-115,102],[-68,-23],[-24,-27],[-92,17],[-135,47],[-30,-41],[-163,-19],[-125,72],[-88,16],[-81,45],[-13,-24],[-62,-10],[-128,28],[-29,-13],[-47,46],[-106,-70],[-31,16],[-116,-33],[-58,-48],[-59,41],[-75,-19],[-74,2],[-51,-29],[-131,-50],[-41,-2],[35,107],[45,27],[25,47],[74,30],[11,61],[-50,67],[-77,-7],[-11,109],[25,35],[-7,133],[36,81],[-16,109],[23,12],[2,95],[55,20],[7,29],[107,-8],[53,-36],[79,37],[89,-1],[56,117],[1,57],[-29,18],[24,33],[60,-33],[1,65],[41,13],[-18,110],[55,59],[-12,70],[-23,39],[24,27],[-23,90],[30,33],[67,1],[-16,65],[81,39],[35,-21],[-18,-53],[34,-35],[147,-29],[14,-42],[36,-11],[35,-71],[73,-19],[8,-65],[-27,-81],[10,-53],[-51,-66],[99,35],[74,-21],[84,12],[-23,-74],[-37,-28],[-57,9],[-40,-74],[45,-17],[56,9],[31,-145],[-59,-47],[-36,-1],[-11,-78]],[[15916,5420],[3,2],[7,2],[45,-4],[46,4],[11,-21],[31,19],[68,15],[29,-31],[39,23],[85,-20],[30,36],[33,-13],[29,-44],[62,-36],[253,-32],[107,-36],[49,10],[61,-16],[76,12],[26,-65],[128,-91],[102,-5],[92,-47],[33,-76],[59,-39],[70,12],[78,-54],[23,-35],[93,-37],[56,-71],[15,-48],[10,-79],[-9,-80],[-112,-59],[-40,-61],[-38,-187],[-50,-80],[-47,-11],[-39,-48],[-63,-26],[-29,13],[-75,-72],[-36,-137],[-80,-87],[3,-43],[-39,-75],[33,-24],[-61,-52],[-144,-17],[-69,51],[-54,59],[-83,41],[-43,-23],[-67,5],[-60,28],[-48,-6],[-20,32],[12,46],[78,107],[-40,52],[-60,30],[33,68],[36,1],[59,47],[-31,145],[-56,-9],[-45,17],[40,74],[57,-9],[37,28],[23,74],[-84,-12],[-74,21],[-99,-35],[51,66],[-10,53],[27,81],[-8,65],[-73,19],[-35,71],[-36,11],[-14,42],[-147,29],[-34,35],[18,53],[-35,21],[-81,-39],[16,-65],[-67,-1],[-30,-33],[23,-90],[-24,-27],[23,-39],[12,-70],[-55,-59],[18,-110],[-41,-13],[-1,-65],[-60,33],[-28,-30],[-71,35],[-40,39],[-104,72],[-16,43],[27,89],[-56,54],[25,46],[-7,101],[11,64],[58,52],[60,-88],[36,73],[-12,24],[-26,5],[-6,7],[2,30],[-11,19],[-6,57],[58,69],[-34,55],[73,107],[61,-11],[56,58],[25,11],[10,10],[7,13],[3,5],[3,2]],[[15628,1461],[21,-48],[-21,-29],[-21,-102],[-34,-4],[-9,55],[19,47],[-18,32],[13,47],[50,2]],[[17574,1304],[-37,92],[25,60],[-45,36],[-11,85],[-40,66],[-177,41],[-64,-27],[-75,-10],[13,-88],[29,-22],[24,-66],[-44,-19],[-92,77],[-27,6],[-93,68],[62,52],[-40,43],[-52,-6],[-3,-76],[-56,-26],[-44,16],[-45,42],[-103,16],[-64,-11],[-26,35],[-47,-24],[-43,20],[-43,-36],[-62,7],[-34,31],[-63,14],[-73,-13],[-62,36],[-68,8],[-76,-12],[-15,-26],[-134,-11],[-65,-154],[43,-59],[-11,-53],[-28,-13],[-84,49],[-18,57],[44,11],[-19,51],[-92,-39],[12,-38],[-82,-24],[-37,-44],[24,-55],[-3,-52],[-37,-55],[-88,-43],[-39,-32],[-67,-14],[-75,5],[5,53],[33,58],[22,98],[-14,125],[24,73],[35,47],[31,86],[-14,21],[-86,20],[-40,42],[12,36],[-6,534],[-14,55],[6,57],[-31,101],[-30,54],[4,60],[-14,69],[-32,43],[48,84],[41,33],[-25,58],[-26,9],[-7,62],[62,86],[30,93],[41,2],[131,50],[51,29],[74,-2],[75,19],[59,-41],[58,48],[116,33],[31,-16],[106,70],[47,-46],[29,13],[128,-28],[62,10],[13,24],[81,-45],[88,-16],[125,-72],[163,19],[30,41],[135,-47],[92,-17],[24,27],[68,23],[115,-102],[49,-2],[63,-40],[53,-1],[38,31],[125,-31],[-5,-15],[2,-30],[21,-43],[-15,-18],[19,-75],[-10,-30],[281,-55],[26,-28],[95,-5],[17,-22],[3,-59],[8,-44],[-13,-201],[-30,-394],[-13,-120],[-343,-727]],[[19766,1338],[-66,-72],[-20,-96],[-63,42],[-8,33],[-64,58],[-60,-74],[-52,28],[-25,37],[-58,9],[-41,-22],[-110,-9],[-160,-48],[-65,20],[-14,61],[-41,65],[10,80],[-9,86],[-100,-36],[-43,41],[-48,7],[-84,102],[-56,34],[-71,-57],[19,-88],[-65,-62],[95,4],[85,-15],[93,-40],[99,-83],[24,-40],[0,-51],[-90,-63],[-74,-29],[-69,-2],[-83,-28],[-28,12],[-57,-33],[-19,-43],[24,-57],[65,-13],[38,-29],[98,-22],[18,-35],[-86,-86],[-62,1],[-202,109],[-61,8],[-64,-10],[-33,29],[-147,-65],[-34,2],[5,66],[36,28],[-31,67],[-109,28],[-23,46],[-126,115],[-114,9],[-66,47],[343,727],[13,120],[30,394],[13,201],[2,50],[100,22],[109,-4],[105,-36],[42,-27],[55,-5],[93,14],[95,-34],[24,-26],[85,6],[83,-23],[73,-48],[77,16],[27,33],[82,-4],[1,-35],[99,-22],[24,44],[68,-38],[36,18],[27,6],[32,-1],[2,0],[2,-10],[-10,-48],[-13,-23],[71,-12],[-8,-59],[74,-7],[50,-34],[2,-59],[49,-44],[66,-35],[49,-67],[25,-70],[28,-33],[6,-116],[-18,-60],[10,-434],[31,-76],[38,-127]],[[17571,3579],[9,82],[-30,65],[-3,74],[-21,41],[11,107],[-19,149],[-18,20],[27,46],[-11,23],[50,82],[38,187],[40,61],[112,59],[9,80],[-10,79],[-15,48],[-20,31],[73,68],[58,33],[30,46],[63,-43],[123,13],[28,-10],[119,31],[35,23],[81,-21],[69,7],[15,36],[79,-23],[64,44],[24,-76],[9,-84],[76,-75],[14,-73],[33,-30],[19,-164],[-18,-84],[-44,-12],[-65,-77],[23,-52],[27,-94],[6,-32],[1,-41],[56,-20],[31,-48],[5,-50],[-69,-78],[15,-63],[80,-91],[18,-59],[5,-128],[49,-47],[19,-136],[89,-94],[27,-131],[31,-50],[53,-135],[90,-96],[8,-22],[39,-6],[53,-44],[0,-1],[2,-9],[2,-8],[6,-26],[-1,-28],[28,-66],[10,-15],[4,-15],[0,-5],[-32,1],[-27,-6],[-36,-18],[-68,38],[-24,-44],[-99,22],[-1,35],[-82,4],[-27,-33],[-77,-16],[-73,48],[-83,23],[-85,-6],[-24,26],[-95,34],[-93,-14],[-55,5],[-42,27],[-105,36],[-109,4],[-94,-19],[-19,50],[-17,22],[-95,5],[-26,28],[-281,55],[10,30],[-19,75],[15,18],[-23,73],[31,89],[14,335]],[[16900,5701],[16,38],[-44,104],[289,-36],[57,76],[88,-1],[87,54],[35,94],[42,-10],[166,53],[67,-53],[65,-3],[33,41],[118,-23],[68,-27],[-17,-43],[36,-31],[71,-5],[40,29],[89,-3],[1,-39],[400,-98],[112,-25],[70,-19],[307,-81],[35,-3],[488,1],[69,-13],[-7,-81],[30,-16],[4,-64],[89,-116],[60,0],[60,-27],[68,21],[60,0],[53,-6],[72,-12],[-14,-44],[-96,-74],[-37,-40],[-94,15],[-80,-332],[-19,-29],[-10,-81],[-43,-24],[-89,17],[-122,-1],[-44,53],[-47,14],[-59,85],[-76,37],[-25,39],[-72,45],[-43,-42],[-22,-64],[-63,16],[-109,-42],[-46,0],[-67,56],[-36,1],[-111,91],[-86,-10],[-13,-20],[-114,-23],[-47,-47],[-79,23],[-15,-36],[-69,-7],[-81,21],[-35,-23],[-119,-31],[-28,10],[-123,-13],[-63,43],[-30,-46],[-58,-33],[-55,-46],[-67,35],[-80,20],[-23,35],[-78,54],[-70,-12],[-59,39],[-33,76],[-92,47],[-102,5],[-128,91],[-26,65],[-76,-12],[-61,16],[-49,-10],[-107,36],[-253,32],[-62,36],[-29,44],[-33,13],[-9,-2],[4,44],[38,19],[63,-22],[78,27],[-8,41],[50,26],[82,-12],[-2,91],[62,-11],[67,14],[55,-19],[22,26],[66,15],[22,19]],[[18657,4187],[-2,9],[-4,3],[-8,14],[-15,77],[-23,52],[65,77],[44,12],[18,84],[-19,164],[-33,30],[-14,73],[-76,75],[-9,84],[-24,76],[97,26],[13,20],[86,10],[111,-91],[36,-1],[67,-56],[46,0],[109,42],[63,-16],[22,64],[43,42],[72,-45],[25,-39],[76,-37],[59,-85],[47,-14],[44,-53],[122,1],[89,-17],[43,24],[10,81],[19,29],[80,332],[94,-15],[37,40],[96,74],[12,32],[2,10],[0,2],[0,3],[153,-5],[78,-54],[-41,-137],[74,-72],[20,-66],[53,-43],[110,-13],[144,-33],[11,-50],[-6,-75],[70,-62],[16,-42],[26,-44],[-25,-14],[0,-28],[28,-64],[20,-119],[-68,-19],[-57,-64],[-132,-64],[25,-92],[-16,-6],[-11,-8],[-18,-3],[-6,-7],[-49,4],[-81,-17],[-8,-52],[-86,-18],[-77,-80],[-1,-36],[75,-148],[-13,-64],[-38,-47],[-54,-10],[-79,-48],[-122,-35],[-75,-130],[-75,1],[0,-114],[-48,-84],[-56,-57],[13,-59],[63,-62],[-49,-125],[38,-1],[-10,-67],[-28,-30],[-46,56],[-40,-55],[-51,28],[-190,12],[14,-77],[51,-57],[-3,-63],[-22,-22],[-106,6],[-91,27],[-38,29],[-76,20],[-5,4],[-1,0],[-41,32],[-12,12],[-39,6],[-8,22],[-90,96],[-53,135],[-31,50],[-27,131],[-89,94],[-19,136],[-49,47],[-5,128],[-18,59],[-80,91],[-15,63],[69,78],[-5,50],[-31,48],[-56,20],[-1,41],[-4,23]],[[19893,1344],[-71,32],[-56,-38],[-38,127],[-31,76],[-10,434],[18,60],[-6,116],[-28,33],[-25,70],[-49,67],[-66,35],[-49,44],[-2,59],[-50,34],[-74,7],[8,59],[-71,12],[23,71],[-2,10],[-2,5],[-4,15],[-10,15],[-28,66],[-9,71],[1,1],[5,-4],[15,-5],[61,-15],[38,-29],[91,-27],[106,-6],[22,22],[3,63],[-51,57],[-14,77],[190,-12],[51,-28],[40,55],[46,-56],[28,30],[10,67],[-38,1],[49,125],[-63,62],[-13,59],[56,57],[48,84],[0,114],[75,-1],[75,130],[122,35],[79,48],[54,10],[38,47],[13,64],[-75,148],[1,36],[77,80],[86,18],[8,52],[81,17],[49,-4],[6,7],[18,3],[9,5],[21,-50],[56,-30],[13,-54],[-22,-37],[0,-69],[75,-81],[-260,-379],[-35,-139],[-1,-128],[-97,-164],[-18,-94],[22,-69],[41,-65],[0,-52],[62,-64],[-48,-77],[-11,-69],[-151,-52],[-4,-75],[20,-45],[-38,-44],[25,-28],[47,-2],[-6,-47],[25,-45],[-6,-72],[-74,-2],[-31,-54],[32,-99],[-91,-56],[-25,-417],[-286,-208]],[[21666,2171],[-21,42],[-94,-26],[-37,4],[-15,87],[-24,33],[-103,-10],[-92,-80],[-82,-26],[-88,-88],[-62,-6],[-37,-45],[-71,1],[-44,43],[-48,-46],[60,-149],[-23,-52],[-133,55],[-33,-16],[-22,-81],[36,-88],[71,27],[90,1],[83,20],[60,65],[50,83],[37,8],[18,-41],[-5,-71],[-65,-109],[-1,-26],[-107,-59],[-74,-4],[-222,-85],[-63,-73],[-69,-24],[-41,-75],[-146,-27],[-85,-42],[-119,-39],[-110,20],[-27,39],[-51,-6],[-64,39],[286,208],[25,417],[91,56],[-32,99],[31,54],[74,2],[6,72],[-25,45],[6,47],[-47,2],[-25,28],[38,44],[-20,45],[4,75],[151,52],[11,69],[48,77],[-62,64],[0,52],[-41,65],[-22,69],[18,94],[97,164],[1,128],[35,139],[260,379],[-75,81],[0,69],[22,37],[-13,54],[-56,30],[-3,24],[-14,18],[-2,11],[-9,98],[132,64],[57,64],[68,19],[-20,119],[-28,64],[0,28],[42,6],[25,20],[29,-14],[29,27],[63,-7],[75,79],[37,-41],[120,-50],[115,-3],[3,-49],[22,-34],[-15,-30],[66,-93],[19,-110],[56,-96],[-34,-19],[-55,-74],[15,-121],[-36,-74],[-18,-81],[-30,-75],[10,-49],[59,-57],[-12,-140],[-43,-76],[28,-83],[-2,-71],[-36,-67],[11,-65],[40,-54],[-25,-61],[35,-173],[53,82],[67,142],[78,80],[29,-124],[85,-65],[65,-26],[28,22],[56,-21],[20,49],[57,-93],[-52,-53],[16,-51],[-29,-29],[-33,-89],[33,-27],[68,-123],[35,-37],[22,-57],[-34,-63],[-50,-14],[-40,17],[-155,-60],[-56,-89],[-17,-95],[-33,-40]],[[22663,1771],[-47,12],[-61,55],[-85,16],[-64,61],[-1,43],[-69,51],[-53,-3],[-95,34],[-79,1],[-100,-28],[-58,14],[-75,-29],[-65,9],[-69,-37],[-41,-49],[-34,-79],[-17,-89],[-69,0],[-5,37],[-58,33],[89,38],[47,102],[-14,38],[77,64],[18,39],[-48,44],[-29,-28],[-13,-70],[-36,-16],[-20,72],[60,22],[50,83],[17,95],[56,89],[155,60],[40,-17],[50,14],[34,63],[-22,57],[-35,37],[-68,123],[-33,27],[33,89],[29,29],[-16,51],[52,53],[-57,93],[-20,-49],[-56,21],[-28,-22],[-65,26],[-85,65],[-29,124],[-78,-80],[-67,-142],[-53,-82],[-35,173],[25,61],[-40,54],[-11,65],[36,67],[2,71],[-28,83],[43,76],[12,140],[-59,57],[-10,49],[30,75],[18,81],[36,74],[-15,121],[55,74],[34,19],[-56,96],[-19,110],[-66,93],[15,30],[-22,34],[-3,49],[5,25],[50,-5],[62,-53],[110,-124],[7,-41],[48,-81],[74,-94],[65,44],[117,29],[140,-104],[80,19],[41,77],[-13,38],[17,48],[63,70],[67,53],[9,60],[64,11],[21,-46],[63,-10],[73,10],[37,-17],[46,41],[42,-7],[52,4],[19,-5],[36,-92],[60,-25],[6,-29],[71,-77],[-2,-123],[96,-140],[21,-86],[-23,-99],[46,-67],[-23,-43],[-5,-75],[-33,-49],[15,-19],[-10,-56],[-10,-25],[-5,-20],[1,-17],[25,-45],[-54,-114],[-40,-28],[-14,-125],[-42,-86],[38,-116],[-8,-34],[-63,-98],[0,-202],[45,-156],[11,-77],[-33,-68],[6,-70],[-39,-110],[9,-58],[31,-41],[-27,-82],[46,-48],[-37,-58],[-57,-29],[-23,-65],[-88,-32],[-18,-74]],[[20356,5489],[-29,48],[-62,15],[-66,137],[-22,115],[58,17],[15,26],[-37,53],[12,80],[-21,135],[43,91],[-38,62],[43,61],[63,-9],[-5,41],[-47,52],[-12,59],[40,39],[86,27],[47,-5],[105,-42],[47,4],[65,-28],[163,-26],[59,49],[-25,104],[24,151],[61,2],[17,114],[100,-2],[71,-23],[60,32],[79,-57],[25,-80],[40,-31],[76,6],[47,-55],[40,-18],[12,-60],[42,-37],[20,-124],[74,-13],[13,-35],[80,10],[59,-31],[89,6],[69,-37],[61,69],[69,29],[98,-44],[35,-47],[85,19],[29,-26],[43,14],[151,-86],[120,8],[57,-33],[97,10],[13,-76],[80,-34],[110,-109],[0,-70],[-68,-63],[7,-55],[50,-77],[4,-45],[102,-87],[56,-18],[96,-111],[53,-11],[-2,-53],[-41,-32],[-13,-52],[-44,-46],[-6,-35],[-112,-64],[-5,-61],[26,-40],[-29,-39],[37,-36],[58,43],[27,-5],[0,-41],[-41,-59],[16,-46],[-42,-116],[-9,-61],[-34,-53],[-7,-54],[-62,-8],[-107,42],[-63,-20],[-16,-21],[-15,1],[-10,5],[-20,7],[-35,9],[-94,3],[-46,-41],[-37,17],[-73,-10],[-63,10],[-21,46],[-64,-11],[-9,-60],[-67,-53],[-63,-70],[-17,-48],[13,-38],[-41,-77],[-80,-19],[-140,104],[-117,-29],[-65,-44],[-74,94],[-48,81],[-7,41],[-110,124],[-62,53],[-16,6],[-34,-1],[-24,-1],[-18,-18],[-78,-3],[-120,50],[-37,41],[-75,-79],[-63,7],[-29,-27],[-54,-6],[-43,52],[-16,42],[-19,4],[-51,58],[6,75],[-11,50],[-144,33],[-110,13],[-53,43],[-20,66],[-74,72],[41,137],[-43,31],[-9,55],[28,39],[-28,43]],[[20362,6858],[-13,-102],[55,-17],[12,-68],[58,-54],[50,-27],[5,-95],[-105,38],[-47,5],[-86,-27],[-40,-39],[12,-59],[47,-52],[5,-41],[-63,9],[-43,-61],[38,-62],[-43,-91],[21,-135],[-12,-80],[37,-53],[-15,-26],[-58,-17],[22,-115],[66,-137],[62,-15],[57,-91],[-54,-71],[-153,2],[-72,12],[-53,6],[-60,0],[-68,-21],[-60,27],[-60,0],[-89,116],[-4,64],[-30,16],[7,81],[-69,13],[-488,-1],[-59,9],[-107,327],[-16,53],[-124,378],[-22,88],[38,122],[68,120],[4,85],[20,29],[-55,50],[8,102],[22,76],[-35,40],[18,128],[-47,93],[19,279],[-13,68],[5,113],[80,247],[18,124],[118,375],[110,423],[-21,42],[58,10],[139,-65],[23,-63],[79,-81],[92,-15],[179,-2],[123,-12],[55,-28],[58,-3],[37,-47],[173,-52],[146,-75],[82,-26],[-11,-102],[-1,-83],[-23,-182],[23,-64],[26,-30],[-72,-69],[39,-101],[7,-75],[11,-23],[14,-7],[-3,-6],[-48,-19],[8,-74],[-13,-48],[6,-89],[-60,-61],[-8,-58],[20,-43],[-35,-35],[6,-49],[66,-23],[0,-64],[-34,-77],[67,-101],[-36,-62],[16,-62],[-7,-137]],[[20417,7862],[0,4],[-14,7],[-11,23],[-7,75],[-39,101],[72,69],[-26,30],[-14,63],[711,-34],[287,-16],[5,82],[26,18],[44,69],[13,39],[119,56],[35,43],[46,4],[34,35],[205,95],[57,75],[47,26],[20,-36],[83,12],[123,-173],[57,-53],[-45,-45],[-5,-52],[30,-69],[-7,-67],[22,-13],[12,-67],[37,-72],[124,-4],[69,28],[67,68],[83,4],[46,24],[101,-8],[43,-29],[108,40],[74,-4],[50,33],[60,13],[178,-71],[84,24],[47,46],[19,53],[62,21],[25,-34],[56,-19],[83,11],[32,-30],[80,15],[49,52],[139,4],[96,65],[119,-9],[12,-30],[38,-21],[16,-6],[10,2],[10,-5],[12,1],[-18,-83],[75,-43],[161,35],[61,40],[29,-43],[84,-9],[65,-94],[-24,-27],[33,-44],[57,0],[41,-82],[50,-10],[38,-70],[-8,-22],[42,-47],[-15,-23],[-63,1],[-19,-82],[22,-64],[-26,-24],[2,-48],[-77,-86],[-45,13],[-47,-15],[-108,-9],[-83,13],[-33,-29],[-30,-65],[47,-42],[-28,-44],[7,-70],[-45,-39],[-6,-49],[-37,-26],[64,-59],[-48,-120],[21,-22],[-51,-47],[-45,-159],[-38,-83],[-22,32],[-87,31],[-37,38],[-24,64],[-64,38],[-99,-50],[-7,-210],[-60,13],[-18,-55],[54,-59],[-48,-176],[23,-89],[-81,-54],[-72,-101],[-53,-11],[24,-73],[-29,-42],[-13,-72],[-58,-50],[35,-27],[14,-127],[-36,-63],[-81,19],[-83,-23],[31,-165],[-39,-26],[20,-52],[-2,-61],[38,-61],[-14,-45],[21,-22],[-5,-10],[-10,1],[-11,-8],[-52,11],[-58,-47],[-65,5],[-70,-61],[-97,-24],[-16,13],[-27,5],[-58,-43],[-37,36],[29,39],[-26,40],[5,61],[112,64],[6,35],[44,46],[13,52],[41,32],[2,53],[-53,11],[-96,111],[-56,18],[-102,87],[-4,45],[-50,77],[-7,55],[68,63],[0,70],[-110,109],[-80,34],[-13,76],[-97,-10],[-57,33],[-120,-8],[-151,86],[-43,-14],[-29,26],[-85,-19],[-35,47],[-98,44],[-69,-29],[-61,-69],[-69,37],[-89,-6],[-59,31],[-80,-10],[-13,35],[-74,13],[-20,124],[-42,37],[-12,60],[-40,18],[-47,55],[-76,-6],[-40,31],[-25,80],[-79,57],[-60,-32],[-71,23],[-100,2],[-17,-114],[-61,-2],[-24,-151],[25,-104],[-59,-49],[-163,26],[-65,28],[-47,0],[-5,95],[-50,27],[-58,54],[-12,68],[-55,17],[16,93],[4,146],[-16,62],[36,62],[-67,101],[34,77],[0,64],[-66,23],[-6,49],[35,35],[-20,43],[8,58],[60,61],[-6,89],[13,48],[-8,74],[22,7],[26,12],[3,2]],[[24734,6385],[-38,-13],[-33,-64],[-36,-38],[-74,-18],[-65,-64],[-97,26],[-79,-18],[-58,75],[-52,20],[-45,-69],[18,-37],[-24,-64],[-60,-38],[-30,-79],[-60,-30],[-71,-2],[11,56],[38,27],[-16,86],[-32,10],[11,74],[-23,89],[48,176],[-54,59],[18,55],[60,-13],[7,210],[99,50],[64,-38],[24,-64],[37,-38],[87,-31],[22,-32],[38,83],[45,159],[51,47],[-21,22],[48,120],[-64,59],[37,26],[6,49],[45,39],[-7,70],[28,44],[-47,42],[30,65],[33,29],[83,-13],[108,9],[47,15],[45,-13],[77,86],[-2,48],[26,24],[-22,64],[19,82],[63,-1],[58,-32],[2,-28],[101,-75],[-36,-112],[42,-66],[94,-25],[-4,-44],[-42,-53],[-1,-91],[33,-10],[0,-53],[-48,-31],[49,-40],[-25,-38],[-53,-35],[36,-70],[51,-51],[-43,-25],[-77,7],[22,-117],[-39,-22],[-23,-66],[38,-42],[129,-58],[114,-313],[-62,-3],[-71,42],[-97,5],[-153,77],[-119,-1],[-50,-22],[-23,26],[-40,-15],[-6,-30],[-20,-7]],[[24604,6261],[23,9],[36,38],[33,64],[58,20],[46,45],[23,-26],[50,22],[119,1],[153,-77],[97,-5],[71,-42],[46,-2],[77,8],[78,-118],[48,-9],[35,-94],[3,-49],[67,-108],[-8,-87],[-49,-64],[-15,-72],[53,-63],[0,-25],[50,-70],[-22,-63],[-69,7],[-49,-15],[21,-52],[-69,-87],[11,-60],[-42,-49],[-31,-53],[13,-36],[-49,-62],[-7,-35],[-125,-3],[-103,16],[-26,66],[-97,28],[-24,62],[-73,32],[-5,40],[-44,42],[-105,-6],[-139,28],[-23,47],[-68,-23],[-52,12],[-47,-27],[-5,-47],[-43,-40],[-53,18],[-63,-40],[-19,-40],[-56,-45],[-93,-31],[-70,0],[-54,-26],[-84,39],[-62,-97],[1,-70],[-82,37],[-132,100],[-41,6],[-49,20],[-5,19],[-21,22],[14,45],[-38,61],[2,61],[-20,52],[39,26],[-31,165],[83,23],[81,-19],[36,63],[-14,127],[-35,27],[58,50],[13,72],[29,42],[-24,73],[53,11],[72,101],[44,27],[26,-47],[32,-10],[16,-86],[-38,-27],[-11,-56],[71,2],[60,30],[30,79],[60,38],[24,64],[-18,37],[45,69],[52,-20],[58,-75],[79,18],[97,-26],[65,64],[51,9]],[[24647,1607],[-87,33],[-73,-43],[-47,15],[-104,-9],[-46,-40],[-29,-58],[-54,1],[-49,62],[-86,36],[104,45],[-7,31],[-53,7],[-8,34],[30,49],[-83,54],[-84,32],[-94,11],[-241,-43],[-92,-31],[-129,-71],[-77,-67],[-11,36],[46,31],[13,71],[-20,74],[-57,50],[140,153],[-58,60],[-61,0],[-36,22],[-44,78],[15,45],[114,-2],[85,38],[88,-28],[84,57],[-57,48],[11,114],[-10,59],[15,47],[-8,184],[-61,77],[-3,65],[106,-26],[52,-41],[12,-40],[57,7],[103,-40],[67,6],[38,59],[86,-8],[76,30],[91,-19],[5,-51],[40,-6],[58,47],[17,53],[58,19],[6,28],[68,18],[23,-31],[133,-44],[54,-82],[52,16],[-62,-175],[-145,-117],[1,-53],[67,-35],[9,-124],[-19,-68],[-24,-156],[-33,-101],[-1,-82],[98,43],[31,-354]],[[23323,1615],[-53,3],[-33,-34],[-122,-13],[-35,34],[-12,46],[-72,48],[-69,-10],[-154,42],[-31,-3],[-79,43],[18,74],[88,32],[23,65],[57,29],[37,58],[-46,48],[27,82],[-31,41],[-9,58],[39,110],[-6,70],[33,68],[-11,77],[-45,156],[0,202],[63,98],[8,34],[-38,116],[42,86],[14,125],[40,28],[54,114],[-25,45],[6,42],[40,-16],[37,-11],[24,-13],[15,-57],[79,-41],[37,-149],[44,-51],[49,-86],[16,-60],[69,-69],[78,-53],[34,-72],[-1,-62],[4,-20],[61,-77],[8,-184],[-15,-47],[10,-59],[-11,-114],[57,-48],[-84,-57],[-88,28],[-85,-38],[-114,2],[-15,-45],[44,-78],[36,-22],[61,0],[58,-60],[-140,-153],[57,-50],[20,-74],[-13,-71],[-46,-31],[-12,-23],[8,-53]],[[26032,368],[52,-69],[-64,-57],[-45,-61],[-64,-18],[-119,-103],[-43,-22],[37,155],[71,85],[62,29],[95,66],[18,-5]],[[25559,1701],[-88,-5],[-87,11],[-70,-22],[-123,-90],[-199,-35],[-119,-74],[-136,-18],[-22,72],[-66,74],[-33,347],[-98,-43],[1,82],[33,101],[24,156],[19,68],[-9,124],[-67,35],[-1,53],[145,117],[62,175],[-52,-16],[-54,82],[-133,44],[-23,31],[-68,-18],[-6,-28],[-58,-19],[-17,-53],[-58,-47],[-40,6],[-5,51],[-91,19],[-76,-30],[-86,8],[-38,-59],[-67,-6],[-103,40],[-57,-7],[-12,40],[-52,41],[-106,26],[0,17],[-3,10],[-31,62],[-78,53],[-69,69],[-16,60],[-49,86],[-44,51],[-37,149],[-79,41],[-15,57],[-24,13],[-37,11],[-40,16],[8,20],[10,56],[-15,19],[33,49],[5,75],[23,43],[-46,67],[23,99],[-21,86],[-96,140],[2,123],[-71,77],[-6,29],[-60,25],[-22,46],[-14,46],[36,-11],[10,-5],[15,-1],[79,41],[107,-42],[62,8],[7,54],[34,53],[9,61],[42,116],[-16,46],[20,18],[37,69],[97,24],[70,61],[65,-5],[58,47],[63,-3],[20,-10],[33,-9],[16,-11],[41,-6],[132,-100],[82,-37],[-1,70],[62,97],[84,-39],[54,26],[70,0],[93,31],[56,45],[19,40],[63,40],[53,-18],[43,40],[5,47],[47,27],[52,-12],[68,23],[23,-47],[139,-28],[105,6],[44,-42],[5,-40],[73,-32],[24,-62],[97,-28],[26,-66],[103,-16],[36,-39],[-9,-22],[-29,-28],[-159,-85],[-27,-80],[33,-43],[-2,-97],[-41,-36],[12,-92],[44,-38],[8,-145],[65,-6],[52,-26],[14,-151],[62,-64],[33,-121],[-61,-58],[-24,-95],[-30,-54],[73,-51],[29,-57],[-9,-50],[29,-59],[62,-78],[-18,-52],[3,-64],[40,-90],[-42,-74],[55,-54],[23,-107],[82,-73],[-37,-101],[-43,-42],[-8,-48],[59,-104],[-31,-51],[53,-18],[34,-101],[-25,-53],[38,-52],[0,-47],[34,-63],[46,-19],[-4,-56],[-57,-60],[-42,2],[11,-94],[-75,25],[-30,-47],[47,-108],[-15,-86],[20,-136]],[[26616,1961],[-53,46],[-149,0],[-178,-36],[-167,-53],[-196,-73],[-314,-144],[-20,136],[15,86],[-47,108],[30,47],[75,-25],[-11,94],[42,-2],[57,60],[4,56],[-46,19],[-34,63],[0,47],[-38,52],[25,53],[-34,101],[-53,18],[31,51],[-59,104],[8,48],[43,42],[37,101],[-82,73],[-23,107],[-55,54],[42,74],[-40,90],[-3,64],[18,52],[-62,78],[-29,59],[9,50],[-29,57],[-73,51],[30,54],[24,95],[61,58],[-33,121],[-62,64],[-14,151],[-52,26],[-65,6],[-8,145],[-44,38],[-12,92],[41,36],[2,97],[-33,43],[27,80],[159,85],[29,28],[9,22],[-11,22],[100,20],[53,-103],[58,-3],[64,27],[48,63],[129,17],[65,-9],[17,-11],[24,-3],[0,-20],[-6,-17],[4,-10],[-21,-79],[-68,-94],[9,-58],[-26,-38],[-9,-69],[27,-13],[37,-116],[29,-42],[-60,-48],[20,-74],[-28,-109],[-53,-36],[-1,-27],[43,-79],[-21,-30],[83,-51],[57,-89],[-16,-75],[30,-28],[24,-38],[12,-12],[-7,-35],[-43,-28],[-14,-49],[28,-67],[59,-13],[74,5],[84,-21],[28,-58],[-44,-11],[3,-52],[40,-44],[-11,-63],[107,43],[32,-27],[102,-21],[-29,-42],[-73,-43],[-39,-74],[-36,-166],[126,-19],[73,49],[41,-27],[5,-47],[69,-141],[69,-27],[45,-64],[-11,-74],[29,-6],[68,-73],[-4,-288],[3,-253],[-18,-46],[-5,-5],[-30,-9],[-10,-1],[-12,-6],[-6,-5],[-6,-9]],[[35416,10754],[10,38],[87,-14],[77,-40],[54,8],[15,41],[88,-58],[118,-44],[175,-55],[213,-38],[63,-30],[175,-27],[51,3],[89,-30],[87,9],[55,-13],[63,12],[66,34],[38,-6],[59,37],[26,78],[117,-34],[49,-82],[111,-48],[107,-74],[166,-61],[106,-2],[185,-37],[55,7],[54,-29],[49,4],[63,-40],[83,-7],[71,12],[57,-39],[49,-97],[31,-32],[-69,-45],[-45,-109],[-149,-173],[-159,-85],[-32,-29],[-31,-71],[-17,-108],[-40,-74],[-31,-86],[-99,-24],[-26,-36],[-110,6],[-3,3],[-51,2],[9,176],[38,41],[21,108],[3,83],[16,81],[33,14],[-1,61],[-95,4],[-80,27],[-151,18],[-96,1],[-120,39],[-176,-236],[-87,85],[-86,-49],[-15,153],[-73,5],[-71,22],[34,55],[-84,135],[8,106],[-40,-1],[-298,118],[-82,52],[-64,-75],[-70,-4],[-9,8],[-33,12],[-33,-33],[-38,18],[-64,128],[-59,6],[-42,30],[-113,1],[-55,46],[13,108],[-33,82],[-45,16],[-21,30],[-41,12]],[[34260,8613],[52,40],[5,59],[52,27],[8,89],[87,8],[51,66],[-23,47],[30,58],[34,136],[91,-41],[-1,-6],[4,-14],[-6,-5],[18,-44],[-8,-34],[17,-49],[-9,-84],[24,-41],[-57,-125],[-7,-45],[22,-25],[31,-183],[-22,-7],[-5,-158],[-20,-53],[17,-60],[-37,-47],[-63,-36],[6,-51],[-26,-4],[-19,-14],[-40,-8],[-43,-82],[23,-119],[-36,-49],[-60,92],[-73,21],[-68,-8],[-21,-25],[-95,21],[-63,-39],[-59,-63],[-67,-24],[-71,13],[-31,53],[-53,7],[-2,71],[51,47],[-11,66],[-54,131],[-35,11],[6,61],[-26,35],[30,98],[-19,40],[31,28],[-15,50],[2,118],[-51,97],[87,6],[61,-42],[39,97],[32,29],[70,21],[34,-11],[-52,-65],[36,-27],[61,31],[15,-67],[75,62],[78,-81],[68,0]],[[36804,8775],[-24,-29],[24,-49],[-61,-27],[50,-67],[142,29],[12,-28],[-22,-51],[56,-66],[-11,-73],[11,-38],[-50,-40],[1,-102],[62,-3],[41,-47],[-15,-57],[-35,-42],[25,-105],[-25,-24],[-61,3],[-27,-38],[25,-140],[41,-24],[-26,-47],[-78,-24],[-50,-30],[38,-75],[72,-57],[10,-114],[-7,-62],[38,-46],[-25,-42],[-68,11],[-106,-32],[-106,47],[4,32],[-80,48],[-127,108],[-9,28],[-61,49],[4,31],[-21,38],[-22,31],[-1,10],[-12,6],[-15,24],[14,50],[-24,40],[60,20],[-33,75],[54,101],[-33,37],[-114,-2],[-26,14],[-32,63],[-70,43],[-41,8],[-37,79],[-49,4],[-34,49],[18,38],[-29,40],[-56,0],[-11,44],[-41,41],[5,39],[46,63],[-50,17],[1,56],[-55,14],[-56,162],[-93,22],[5,95],[84,72],[39,4],[86,-49],[44,-3],[34,34],[26,83],[-25,73],[5,34],[52,47],[32,-27],[84,-1],[33,-71],[48,15],[8,49],[-38,87],[13,71],[43,42],[54,5],[0,-38],[134,-18],[93,22],[45,25],[93,20],[43,23],[24,20],[78,-57],[50,-17],[-24,-46],[28,-25],[-22,-39],[-6,-65],[-48,-25],[44,-69],[-33,-129],[43,-31],[-27,-37],[34,-72],[-1,-35]],[[35305,9295],[18,-28],[38,-18],[44,-10],[35,-1],[-1,-11],[1,-76],[36,-43],[-3,-79],[78,-67],[59,-70],[-67,6],[-37,28],[-57,0],[-77,-50],[-103,-7],[-47,10],[-98,-15],[-29,-68],[-66,-47],[99,-71],[-149,-66],[-26,-41],[-5,-72],[-8,-9],[-20,-18],[-61,14],[-46,-2],[-33,27],[-38,69],[-59,48],[-61,27],[7,45],[57,125],[-24,41],[9,84],[-17,49],[8,34],[-18,44],[2,19],[5,8],[9,-1],[9,3],[7,7],[10,17],[8,26],[136,135],[141,-28],[82,44],[48,-29],[124,-2],[50,17],[15,1],[8,2],[7,-1]],[[34926,8477],[14,13],[8,9],[5,72],[26,41],[149,66],[-99,71],[66,47],[29,68],[98,15],[47,-10],[103,7],[77,50],[57,0],[37,-28],[67,-6],[19,-84],[93,-22],[56,-162],[55,-14],[-1,-56],[50,-17],[-46,-63],[-5,-39],[41,-41],[11,-44],[56,0],[29,-40],[-18,-38],[34,-49],[49,-4],[37,-79],[41,-8],[70,-43],[32,-63],[26,-14],[114,2],[33,-37],[-54,-101],[33,-75],[-60,-20],[24,-40],[-14,-50],[-50,-12],[-81,35],[-63,-19],[-73,42],[-55,62],[-36,-7],[-31,64],[-75,95],[10,35],[-295,15],[-28,6],[-94,-27],[-72,-58],[-45,-10],[-41,22],[-114,-34],[-31,-22],[-85,57],[-71,28],[-63,-24],[-28,-47],[-55,75],[-42,22],[-82,-25],[-69,13],[-54,39],[-43,-4],[2,23],[-6,51],[63,36],[37,47],[-17,60],[20,53],[5,158],[22,7],[-30,181],[38,0],[59,-48],[38,-69],[33,-27],[46,2],[49,-17],[12,3],[6,5]],[[37105,9918],[108,-33],[96,-1],[151,-18],[80,-27],[95,-4],[1,-61],[-33,-14],[-16,-81],[-3,-83],[-21,-108],[-38,-41],[-11,-107],[0,-22],[2,-47],[0,-2],[-212,14],[-75,-19],[-27,-77],[14,-37],[-40,-65],[-77,-46],[-73,19],[15,105],[-95,9],[-39,-79],[-39,3],[-72,-32],[-13,43],[-39,41],[48,25],[6,65],[22,39],[-28,25],[24,46],[-50,17],[-78,57],[-24,-20],[-25,15],[-22,-5],[-44,11],[-1,78],[-46,49],[28,41],[54,39],[48,67],[93,-26],[-5,53],[86,49],[87,-85],[176,236],[12,-6]],[[36608,9631],[-54,-40],[-28,-41],[46,-49],[1,-78],[48,-44],[-93,-20],[-45,-25],[-93,-22],[-134,18],[0,38],[-54,-5],[-43,-42],[-13,-71],[38,-87],[-8,-49],[-48,-15],[-33,71],[-84,1],[-32,27],[-52,-47],[-5,-34],[25,-73],[-26,-83],[-34,-34],[-44,3],[-86,49],[-39,-4],[-108,-83],[-59,70],[-78,67],[3,79],[-36,43],[-1,76],[1,11],[2,-1],[7,0],[2,1],[4,14],[24,-2],[0,13],[78,83],[122,33],[5,59],[43,3],[100,68],[55,123],[17,72],[-23,46],[39,129],[140,4],[7,42],[74,47],[-7,24],[20,106],[-55,61],[-39,90],[4,41],[64,75],[82,-52],[298,-118],[40,1],[-8,-106],[84,-135],[-34,-55],[71,-22],[73,-5],[20,-206],[-93,26],[-48,-66]],[[34624,10605],[56,-47],[129,-59],[71,-10],[50,8],[60,44],[27,-27],[81,-27],[69,10],[95,48],[96,78],[43,124],[56,-5],[66,-46],[33,-82],[-13,-108],[55,-46],[113,-1],[42,-30],[59,-6],[64,-128],[54,11],[17,4],[33,-12],[6,-15],[36,-21],[33,-9],[39,-90],[55,-61],[-20,-106],[7,-24],[-74,-47],[-7,-42],[-140,-4],[-39,-129],[23,-46],[-17,-72],[-55,-123],[-100,-68],[-43,-3],[-5,-59],[-122,-33],[-38,-27],[-40,-56],[-24,-11],[-13,-15],[-3,1],[-1,1],[-3,0],[-4,2],[-5,-2],[-6,6],[-7,0],[-8,-6],[-44,10],[-38,18],[-8,20],[-10,8],[-7,1],[-4,-1],[-1,4],[-8,3],[-4,6],[0,9],[-20,38],[-25,30],[-13,65],[8,119],[31,-9],[76,49],[100,26],[-3,100],[-22,68],[-120,56],[-76,19],[-93,47],[-56,64],[-142,50],[-51,41],[-13,15],[-13,11],[-16,11],[-80,60],[-50,156],[-19,34],[-104,63],[-72,62],[48,46],[40,-3],[28,70]],[[15366,11788],[35,33],[185,18],[100,-16],[109,-35],[62,9],[7,24],[124,-41],[77,20],[183,5],[12,18],[143,-17],[96,-30],[70,-1],[162,-74],[77,-12],[59,58],[72,-18],[185,-100],[187,-63],[124,-73],[47,-42],[143,-65],[42,-4],[41,27],[136,-20],[153,-54],[-4,-37],[66,-73],[64,-4],[-45,-65],[1,-57],[-48,3],[-89,-79],[13,-55],[-20,-36],[33,-42],[-75,-92],[-4,-93],[-77,0],[-13,-32],[31,-72],[54,7],[40,-68],[49,-34],[10,-82],[130,-59],[57,11],[49,-121],[17,-15],[23,-89],[-7,-38],[87,-88],[62,-14],[-24,-63],[-54,-75],[-89,-23],[-61,-76],[10,-78],[83,-38],[40,-1],[97,25],[65,-40],[98,-14],[50,10],[24,-35],[-2,-62],[-124,-12],[-57,-57],[-54,-23],[-6,-52],[-34,-73],[12,-87],[-163,-32],[-65,36],[-30,46],[-74,13],[-39,32],[-48,5],[-34,32],[-203,42],[-117,1],[-31,-24],[-58,1],[-91,57],[-120,13],[-26,38],[-40,-7],[-40,45],[-76,26],[-125,1],[-15,15],[-110,-17],[-93,-41],[-32,13],[-279,608],[-190,432],[-67,236],[2,146],[-40,0],[-9,156],[12,53],[-54,14],[-27,65],[-66,-8],[-51,42],[-138,55],[-40,-18],[-43,22],[-24,44],[9,73],[-48,63],[-32,9],[-43,76],[-46,4],[-68,47],[-4,80],[-46,39],[-87,18]],[[37549,6920],[133,8],[20,43],[75,12],[58,-10],[17,15],[25,-18],[20,-6],[27,-3],[12,-5],[9,0],[3,0],[-11,-80],[25,-50],[-112,-111],[-147,-272],[-29,-96],[-127,-121],[-141,-149],[-90,-180],[-30,26],[-91,9],[-46,-9],[-48,-98],[-43,-56],[-19,-119],[-150,-217],[-61,-131],[-28,-42],[-6,-62],[-133,-232],[-40,-81],[-33,16],[-11,165],[-65,153],[10,31],[30,5],[1,2],[2,5],[0,5],[-5,33],[-24,59],[12,50],[-7,106],[57,24],[13,53],[-40,49],[26,77],[-37,81],[13,59],[-25,25],[-56,-23],[-110,120],[-144,134],[-2,59],[-68,53],[15,52],[-3,122],[33,23],[-32,53],[59,45],[63,24],[34,-22],[52,43],[-56,54],[-8,44],[-98,72],[56,39],[-16,133],[38,14],[59,-54],[111,218],[133,118],[54,21],[44,-5],[40,4],[21,15],[8,-9],[147,-90],[58,15],[66,-39],[120,-45],[131,12],[59,-31],[77,-65],[62,-11],[64,-56]],[[32722,8877],[0,20],[5,29],[-1,16],[71,63],[-2,145],[62,42],[34,-14],[46,-62],[60,-25],[34,22],[82,-30],[34,-67],[4,-77],[72,-51],[-16,-39],[43,-124],[40,31],[50,6],[74,-19],[37,-31],[62,14],[3,-89],[-28,-50],[79,-51],[98,-79],[40,-12],[15,-50],[-31,-28],[19,-40],[-30,-98],[26,-35],[-6,-61],[35,-11],[54,-131],[11,-66],[-51,-47],[2,-71],[53,-7],[31,-53],[1,-51],[-29,-80],[-76,-29],[-4,-68],[-228,-60],[-157,-75],[-71,31],[-79,6],[-83,29],[-265,-33],[-105,-36],[-42,18],[-4,26],[37,41],[-33,30],[57,25],[-21,109],[12,69],[30,6],[22,57],[-7,29],[-11,10],[-35,14],[2,87],[16,27],[-32,40],[8,35],[139,26],[-15,31],[-87,67],[-47,89],[22,79],[-16,47],[49,63],[89,40],[-42,48],[26,76],[-53,10],[34,107],[-66,150],[-13,6],[-27,25],[-7,9]],[[32735,5885],[66,0],[64,49],[68,29],[41,62],[119,72],[67,17],[151,-168],[139,-334],[-61,-216],[52,-40],[28,8],[69,-31],[29,1],[13,-66],[-66,-115],[1,-54],[-40,-55],[-73,-51],[-69,-25],[-39,-36],[-7,-45],[-67,-87],[-48,2],[-25,-30],[-54,45],[-110,-16],[-75,-71],[-3,-63],[-46,4],[-67,30],[-21,57],[-197,36],[0,47],[-110,-6],[-15,70],[-58,25],[-80,-40],[39,-109],[-59,-26],[-9,-58],[-34,-12],[-44,0],[-21,3],[-7,-2],[-37,-1],[-32,21],[-26,79],[-86,108],[-23,-22],[16,-83],[-84,-37],[-42,10],[-71,66],[-65,-85],[-64,30],[-13,40],[36,94],[-63,13],[-18,-130],[-17,-28],[-69,10],[-63,101],[-31,12],[-49,-17],[-5,-1],[-16,-3],[-12,-1],[-17,-4],[-13,0],[-6,7],[5,19],[18,20],[21,-5],[28,22],[-46,47],[-85,5],[-66,31],[-5,32],[61,50],[-70,49],[-14,35],[89,31],[7,73],[-90,108],[-54,31],[-104,110],[-68,38],[-35,1],[7,56],[39,26],[176,-8],[12,-65],[108,-122],[18,28],[167,-56],[46,14],[-31,62],[18,96],[-34,28],[8,42],[115,208],[27,-6],[156,24],[27,28],[90,32],[90,-5],[24,24],[-5,94],[49,16],[53,85],[73,54],[49,3],[42,38],[-29,75],[13,48],[77,-6],[75,-64],[176,29],[35,26],[26,61],[53,69],[39,-42],[-17,-33],[20,-62],[-32,-21],[-17,-70],[18,-19],[-11,-73],[34,2],[29,-46],[67,-13],[3,-172],[-46,-62]],[[31703,10936],[24,-28],[103,6],[73,45],[23,41],[10,79],[44,9],[81,-24],[-10,-27],[-61,4],[-41,-35],[-13,-68],[29,-137],[80,-94],[69,-50],[56,-24],[109,-11],[173,33],[132,74],[65,63],[23,43],[109,49],[36,33],[-9,94],[44,16],[-12,-121],[-28,0],[-124,-116],[-94,-176],[-86,-90],[-55,28],[-32,-30],[-36,14],[-56,-33],[-1,-56],[-21,-75],[-49,-52],[-38,9],[8,-136],[-17,-68],[-42,-64],[-100,-36],[-36,41],[-39,9],[-14,-3],[-14,0],[-5,-1],[-8,1],[-6,0],[-4,-1],[-5,-1],[-39,-37],[-70,-24],[-44,9],[-74,-77],[22,-66],[-16,-58],[1,-79],[41,-127],[-31,-57],[28,-50],[-27,-36],[-244,82],[-397,136],[-33,9],[-180,-125],[-46,22],[-74,-8],[-26,-26],[-5,2],[-10,8],[-16,4],[-33,21],[-26,28],[-8,169],[-43,57],[11,24],[66,22],[-29,79],[-110,9],[-12,72],[37,50],[-37,61],[46,57],[75,29],[-11,92],[52,52],[-2,33],[-68,37],[33,64],[-30,45],[17,123],[32,-28],[34,17],[56,-58],[65,2],[62,64],[54,16],[48,-16],[114,-95],[29,17],[-15,47],[125,101],[113,68],[68,52],[90,5],[68,-30],[119,26],[15,52]],[[38200,5771],[83,-27],[-87,-64],[-34,-56],[-103,-28],[8,-32],[-1,-14],[-11,-33],[-5,-24],[-11,-9],[-53,-9],[-78,22],[-34,-70],[32,-68],[-11,-41],[-118,-214],[8,-198],[-26,-97],[-43,-35],[-37,-3],[-71,-148],[-53,-35],[-23,-83],[-22,-42],[-14,-65],[-12,-8],[-77,42],[-25,53],[-78,-32],[-88,26],[-29,31],[-70,-10],[-41,42],[-123,3],[-30,-39],[-65,-4],[-27,-26],[-46,1],[-41,-27],[-125,-16],[-2,7],[-20,25],[40,131],[-11,23],[24,105],[59,5],[-19,62],[-86,21],[-24,46],[41,26],[40,81],[133,232],[6,62],[28,42],[61,131],[150,217],[19,119],[43,56],[48,98],[46,9],[91,-9],[30,-26],[90,180],[117,120],[40,-14],[-31,-50],[42,-14],[15,-37],[57,-24],[12,-57],[36,-51],[75,57],[90,-47],[141,-29],[56,-43],[57,-74],[87,-43]]],"transform":{"scale":[0.000055381371824319615,0.00005347979487090099],"translate":[-67.95420284869034,17.88296793299528]},"objects":{"municipalities":{"type":"GeometryCollection","geometries":[{"arcs":[[[0]],[[1]],[[2]],[[3]]],"type":"MultiPolygon","properties":{"Precinct":"Mayagüez 042","TOTPOP":85169,"NH_WHITE":600,"NH_BLACK":112,"NH_AMIN":15,"NH_ASIAN":119,"NH_NHPI":3,"NH_OTHER":39,"NH_2MORE":26,"HISP":84255,"H_WHITE":66601,"H_BLACK":6907,"H_AMIN":640,"H_ASIAN":67,"H_NHPI":6,"H_OTHER":7060,"H_2MORE":2974,"VAP":67949,"HVAP":67161,"WVAP":523,"BVAP":99,"AMINVAP":15,"ASIANVAP":100,"NHPIVAP":3,"OTHERVAP":29,"2MOREVAP":19,"State":"Puerto Rico","STATEFP":72,"Municipio":"Mayagüez","MUNIFP":97,"HDIST":19,"SEND":4,"SEND-name":"Mayagüez","Code":42,"GOV16PPD":13404,"GOV16PNP":11512,"GOV16I":5597,"RC16PPD":15058,"RC16PNP":12532,"MAY16PPD":19075,"MAY16PNP":10494}},{"arcs":[[4]],"type":"Polygon","properties":{"Precinct":"San Lorenzo 087","TOTPOP":21736,"NH_WHITE":75,"NH_BLACK":6,"NH_AMIN":1,"NH_ASIAN":6,"NH_NHPI":0,"NH_OTHER":3,"NH_2MORE":3,"HISP":21642,"H_WHITE":16471,"H_BLACK":1925,"H_AMIN":169,"H_ASIAN":15,"H_NHPI":0,"H_OTHER":1828,"H_2MORE":1234,"VAP":16612,"HVAP":16532,"WVAP":64,"BVAP":6,"AMINVAP":1,"ASIANVAP":5,"NHPIVAP":0,"OTHERVAP":2,"2MOREVAP":2,"State":"Puerto Rico","STATEFP":72,"Municipio":"San Lorenzo","MUNIFP":129,"HDIST":34,"SEND":7,"SEND-name":"Humacao","Code":87,"GOV16PPD":4012,"GOV16PNP":4314,"GOV16I":1700,"RC16PPD":4435,"RC16PNP":4724,"MAY16PPD":5822,"MAY16PNP":4164}},{"arcs":[[5]],"type":"Polygon","properties":{"Precinct":"San Juan 002","TOTPOP":91472,"NH_WHITE":831,"NH_BLACK":254,"NH_AMIN":11,"NH_ASIAN":210,"NH_NHPI":1,"NH_OTHER":45,"NH_2MORE":48,"HISP":90072,"H_WHITE":60429,"H_BLACK":16820,"H_AMIN":636,"H_ASIAN":253,"H_NHPI":7,"H_OTHER":8480,"H_2MORE":3447,"VAP":73122,"HVAP":71932,"WVAP":709,"BVAP":209,"AMINVAP":11,"ASIANVAP":182,"NHPIVAP":1,"OTHERVAP":35,"2MOREVAP":43,"State":"Puerto Rico","STATEFP":72,"Municipio":"San Juan","MUNIFP":127,"HDIST":2,"SEND":1,"SEND-name":"San Juan","Code":2,"GOV16PPD":14133,"GOV16PNP":11910,"GOV16I":6000,"RC16PPD":16329,"RC16PNP":13253,"MAY16PPD":18865,"MAY16PNP":13290}},{"arcs":[[[6]],[[7]]],"type":"MultiPolygon","properties":{"Precinct":"San Juan 001","TOTPOP":92298,"NH_WHITE":2084,"NH_BLACK":502,"NH_AMIN":23,"NH_ASIAN":242,"NH_NHPI":2,"NH_OTHER":45,"NH_2MORE":90,"HISP":89310,"H_WHITE":54038,"H_BLACK":22066,"H_AMIN":953,"H_ASIAN":382,"H_NHPI":7,"H_OTHER":7809,"H_2MORE":4055,"VAP":73156,"HVAP":70508,"WVAP":1871,"BVAP":436,"AMINVAP":20,"ASIANVAP":205,"NHPIVAP":2,"OTHERVAP":34,"2MOREVAP":80,"State":"Puerto Rico","STATEFP":72,"Municipio":"San Juan","MUNIFP":127,"HDIST":1,"SEND":1,"SEND-name":"San Juan","Code":1,"GOV16PPD":11214,"GOV16PNP":14394,"GOV16I":6278,"RC16PPD":13254,"RC16PNP":15864,"MAY16PPD":16099,"MAY16PNP":15784}},{"arcs":[[8]],"type":"Polygon","properties":{"Precinct":"Canóvanas 104","TOTPOP":22038,"NH_WHITE":74,"NH_BLACK":15,"NH_AMIN":1,"NH_ASIAN":6,"NH_NHPI":0,"NH_OTHER":2,"NH_2MORE":4,"HISP":21936,"H_WHITE":15210,"H_BLACK":2836,"H_AMIN":144,"H_ASIAN":14,"H_NHPI":2,"H_OTHER":3237,"H_2MORE":493,"VAP":16213,"HVAP":16128,"WVAP":65,"BVAP":10,"AMINVAP":1,"ASIANVAP":3,"NHPIVAP":0,"OTHERVAP":2,"2MOREVAP":4,"State":"Puerto Rico","STATEFP":72,"Municipio":"Canóvanas","MUNIFP":29,"HDIST":37,"SEND":8,"SEND-name":"Carolina","Code":104,"GOV16PPD":3201,"GOV16PNP":3531,"GOV16I":1574,"RC16PPD":3679,"RC16PNP":3834,"MAY16PPD":4032,"MAY16PNP":4181}},{"arcs":[[9]],"type":"Polygon","properties":{"Precinct":"Patillas 091","TOTPOP":19270,"NH_WHITE":73,"NH_BLACK":32,"NH_AMIN":4,"NH_ASIAN":2,"NH_NHPI":0,"NH_OTHER":10,"NH_2MORE":5,"HISP":19144,"H_WHITE":11824,"H_BLACK":3801,"H_AMIN":106,"H_ASIAN":12,"H_NHPI":4,"H_OTHER":2740,"H_2MORE":657,"VAP":14607,"HVAP":14506,"WVAP":60,"BVAP":23,"AMINVAP":2,"ASIANVAP":2,"NHPIVAP":0,"OTHERVAP":9,"2MOREVAP":5,"State":"Puerto Rico","STATEFP":72,"Municipio":"Patillas","MUNIFP":109,"HDIST":34,"SEND":7,"SEND-name":"Humacao","Code":91,"GOV16PPD":4926,"GOV16PNP":3824,"GOV16I":728,"RC16PPD":4662,"RC16PNP":4232,"MAY16PPD":5304,"MAY16PNP":4108}},{"arcs":[[10]],"type":"Polygon","properties":{"Precinct":"San Lorenzo 086","TOTPOP":19282,"NH_WHITE":81,"NH_BLACK":6,"NH_AMIN":1,"NH_ASIAN":6,"NH_NHPI":0,"NH_OTHER":8,"NH_2MORE":2,"HISP":19178,"H_WHITE":14591,"H_BLACK":2113,"H_AMIN":139,"H_ASIAN":8,"H_NHPI":1,"H_OTHER":1508,"H_2MORE":818,"VAP":14438,"HVAP":14357,"WVAP":62,"BVAP":6,"AMINVAP":0,"ASIANVAP":5,"NHPIVAP":0,"OTHERVAP":6,"2MOREVAP":2,"State":"Puerto Rico","STATEFP":72,"Municipio":"San Lorenzo","MUNIFP":129,"HDIST":33,"SEND":7,"SEND-name":"Humacao","Code":86,"GOV16PPD":3637,"GOV16PNP":3640,"GOV16I":1750,"RC16PPD":4109,"RC16PNP":4069,"MAY16PPD":5177,"MAY16PNP":3803}},{"arcs":[[11]],"type":"Polygon","properties":{"Precinct":"Aguas Buenas 081","TOTPOP":28659,"NH_WHITE":107,"NH_BLACK":12,"NH_AMIN":3,"NH_ASIAN":6,"NH_NHPI":0,"NH_OTHER":14,"NH_2MORE":4,"HISP":28513,"H_WHITE":20663,"H_BLACK":3592,"H_AMIN":175,"H_ASIAN":19,"H_NHPI":5,"H_OTHER":2767,"H_2MORE":1292,"VAP":21474,"HVAP":21351,"WVAP":94,"BVAP":8,"AMINVAP":1,"ASIANVAP":6,"NHPIVAP":0,"OTHERVAP":11,"2MOREVAP":3,"State":"Puerto Rico","STATEFP":72,"Municipio":"Aguas Buenas","MUNIFP":7,"HDIST":5,"SEND":1,"SEND-name":"San Juan","Code":81,"GOV16PPD":4403,"GOV16PNP":5902,"GOV16I":2179,"RC16PPD":4995,"RC16PNP":6433,"MAY16PPD":3749,"MAY16PNP":8005}},{"arcs":[[12]],"type":"Polygon","properties":{"Precinct":"Hatillo 028","TOTPOP":11576,"NH_WHITE":55,"NH_BLACK":14,"NH_AMIN":0,"NH_ASIAN":10,"NH_NHPI":0,"NH_OTHER":4,"NH_2MORE":0,"HISP":11493,"H_WHITE":9988,"H_BLACK":438,"H_AMIN":12,"H_ASIAN":7,"H_NHPI":0,"H_OTHER":832,"H_2MORE":216,"VAP":8821,"HVAP":8751,"WVAP":50,"BVAP":13,"AMINVAP":0,"ASIANVAP":4,"NHPIVAP":0,"OTHERVAP":3,"2MOREVAP":0,"State":"Puerto Rico","STATEFP":72,"Municipio":"Hatillo","MUNIFP":65,"HDIST":14,"SEND":3,"SEND-name":"Arecibo","Code":28,"GOV16PPD":1719,"GOV16PNP":2252,"GOV16I":642,"RC16PPD":1936,"RC16PNP":2329,"MAY16PPD":2914,"MAY16PNP":1644}},{"arcs":[[13]],"type":"Polygon","properties":{"Precinct":"Arecibo 027","TOTPOP":80341,"NH_WHITE":470,"NH_BLACK":51,"NH_AMIN":4,"NH_ASIAN":42,"NH_NHPI":1,"NH_OTHER":18,"NH_2MORE":19,"HISP":79736,"H_WHITE":67809,"H_BLACK":4713,"H_AMIN":268,"H_ASIAN":46,"H_NHPI":3,"H_OTHER":4753,"H_2MORE":2144,"VAP":62252,"HVAP":61752,"WVAP":384,"BVAP":41,"AMINVAP":4,"ASIANVAP":39,"NHPIVAP":1,"OTHERVAP":14,"2MOREVAP":17,"State":"Puerto Rico","STATEFP":72,"Municipio":"Arecibo","MUNIFP":13,"HDIST":14,"SEND":3,"SEND-name":"Arecibo","Code":27,"GOV16PPD":10737,"GOV16PNP":16941,"GOV16I":5436,"RC16PPD":12610,"RC16PNP":17910,"MAY16PPD":8410,"MAY16PNP":24005}},{"arcs":[[14]],"type":"Polygon","properties":{"Precinct":"Ciales 023","TOTPOP":18782,"NH_WHITE":38,"NH_BLACK":4,"NH_AMIN":1,"NH_ASIAN":0,"NH_NHPI":0,"NH_OTHER":6,"NH_2MORE":8,"HISP":18725,"H_WHITE":16777,"H_BLACK":778,"H_AMIN":21,"H_ASIAN":5,"H_NHPI":0,"H_OTHER":776,"H_2MORE":368,"VAP":13970,"HVAP":13929,"WVAP":30,"BVAP":4,"AMINVAP":0,"ASIANVAP":0,"NHPIVAP":0,"OTHERVAP":4,"2MOREVAP":3,"State":"Puerto Rico","STATEFP":72,"Municipio":"Ciales","MUNIFP":39,"HDIST":13,"SEND":3,"SEND-name":"Arecibo","Code":23,"GOV16PPD":4464,"GOV16PNP":5301,"GOV16I":1187,"RC16PPD":4856,"RC16PNP":5464,"MAY16PPD":5372,"MAY16PNP":5566}},{"arcs":[[15]],"type":"Polygon","properties":{"Precinct":"Manatí 021","TOTPOP":20550,"NH_WHITE":109,"NH_BLACK":11,"NH_AMIN":0,"NH_ASIAN":14,"NH_NHPI":0,"NH_OTHER":3,"NH_2MORE":2,"HISP":20411,"H_WHITE":16774,"H_BLACK":1692,"H_AMIN":107,"H_ASIAN":12,"H_NHPI":0,"H_OTHER":1300,"H_2MORE":526,"VAP":15322,"HVAP":15208,"WVAP":87,"BVAP":11,"AMINVAP":0,"ASIANVAP":13,"NHPIVAP":0,"OTHERVAP":1,"2MOREVAP":2,"State":"Puerto Rico","STATEFP":72,"Municipio":"Manatí","MUNIFP":91,"HDIST":12,"SEND":3,"SEND-name":"Arecibo","Code":21,"GOV16PPD":2515,"GOV16PNP":4302,"GOV16I":1691,"RC16PPD":3076,"RC16PNP":4673,"MAY16PPD":1582,"MAY16PNP":6722}},{"arcs":[[16]],"type":"Polygon","properties":{"Precinct":"Morovis 020","TOTPOP":32610,"NH_WHITE":142,"NH_BLACK":20,"NH_AMIN":4,"NH_ASIAN":13,"NH_NHPI":0,"NH_OTHER":0,"NH_2MORE":6,"HISP":32425,"H_WHITE":28686,"H_BLACK":1669,"H_AMIN":71,"H_ASIAN":13,"H_NHPI":5,"H_OTHER":1127,"H_2MORE":854,"VAP":23553,"HVAP":23407,"WVAP":109,"BVAP":18,"AMINVAP":4,"ASIANVAP":10,"NHPIVAP":0,"OTHERVAP":0,"2MOREVAP":5,"State":"Puerto Rico","STATEFP":72,"Municipio":"Morovis","MUNIFP":101,"HDIST":12,"SEND":3,"SEND-name":"Arecibo","Code":20,"GOV16PPD":6883,"GOV16PNP":6869,"GOV16I":1817,"RC16PPD":7367,"RC16PNP":7249,"MAY16PPD":7753,"MAY16PNP":7233}},{"arcs":[[17]],"type":"Polygon","properties":{"Precinct":"Vega Baja 019","TOTPOP":31528,"NH_WHITE":204,"NH_BLACK":24,"NH_AMIN":0,"NH_ASIAN":11,"NH_NHPI":0,"NH_OTHER":17,"NH_2MORE":9,"HISP":31263,"H_WHITE":24965,"H_BLACK":2913,"H_AMIN":134,"H_ASIAN":31,"H_NHPI":2,"H_OTHER":2445,"H_2MORE":773,"VAP":23584,"HVAP":23369,"WVAP":170,"BVAP":19,"AMINVAP":0,"ASIANVAP":8,"NHPIVAP":0,"OTHERVAP":11,"2MOREVAP":7,"State":"Puerto Rico","STATEFP":72,"Municipio":"Vega Baja","MUNIFP":145,"HDIST":12,"SEND":3,"SEND-name":"Arecibo","Code":19,"GOV16PPD":5390,"GOV16PNP":5161,"GOV16I":2522,"RC16PPD":6382,"RC16PNP":5631,"MAY16PPD":8995,"MAY16PNP":3989}},{"arcs":[[18]],"type":"Polygon","properties":{"Precinct":"San Juan 004","TOTPOP":92623,"NH_WHITE":1014,"NH_BLACK":160,"NH_AMIN":10,"NH_ASIAN":115,"NH_NHPI":1,"NH_OTHER":28,"NH_2MORE":45,"HISP":91250,"H_WHITE":70385,"H_BLACK":11409,"H_AMIN":427,"H_ASIAN":114,"H_NHPI":12,"H_OTHER":5585,"H_2MORE":3318,"VAP":72301,"HVAP":71116,"WVAP":879,"BVAP":139,"AMINVAP":8,"ASIANVAP":98,"NHPIVAP":1,"OTHERVAP":24,"2MOREVAP":36,"State":"Puerto Rico","STATEFP":72,"Municipio":"San Juan","MUNIFP":127,"HDIST":4,"SEND":1,"SEND-name":"San Juan","Code":4,"GOV16PPD":15026,"GOV16PNP":14301,"GOV16I":8884,"RC16PPD":18699,"RC16PNP":16618,"MAY16PPD":21031,"MAY16PNP":16938}},{"arcs":[[19]],"type":"Polygon","properties":{"Precinct":"San Juan 003","TOTPOP":92245,"NH_WHITE":671,"NH_BLACK":251,"NH_AMIN":15,"NH_ASIAN":90,"NH_NHPI":1,"NH_OTHER":38,"NH_2MORE":41,"HISP":91138,"H_WHITE":60198,"H_BLACK":17774,"H_AMIN":870,"H_ASIAN":293,"H_NHPI":3,"H_OTHER":8206,"H_2MORE":3794,"VAP":70594,"HVAP":69675,"WVAP":559,"BVAP":211,"AMINVAP":11,"ASIANVAP":76,"NHPIVAP":1,"OTHERVAP":29,"2MOREVAP":32,"State":"Puerto Rico","STATEFP":72,"Municipio":"San Juan","MUNIFP":127,"HDIST":3,"SEND":1,"SEND-name":"San Juan","Code":3,"GOV16PPD":12199,"GOV16PNP":13107,"GOV16I":6424,"RC16PPD":14731,"RC16PNP":14554,"MAY16PPD":16689,"MAY16PNP":14914}},{"arcs":[[20]],"type":"Polygon","properties":{"Precinct":"Vega Alta 017","TOTPOP":9221,"NH_WHITE":43,"NH_BLACK":2,"NH_AMIN":0,"NH_ASIAN":0,"NH_NHPI":2,"NH_OTHER":3,"NH_2MORE":2,"HISP":9169,"H_WHITE":7013,"H_BLACK":830,"H_AMIN":80,"H_ASIAN":7,"H_NHPI":0,"H_OTHER":1030,"H_2MORE":209,"VAP":6812,"HVAP":6770,"WVAP":34,"BVAP":1,"AMINVAP":0,"ASIANVAP":0,"NHPIVAP":2,"OTHERVAP":3,"2MOREVAP":2,"State":"Puerto Rico","STATEFP":72,"Municipio":"Vega Alta","MUNIFP":143,"HDIST":12,"SEND":3,"SEND-name":"Arecibo","Code":17,"GOV16PPD":1753,"GOV16PNP":1389,"GOV16I":539,"RC16PPD":1870,"RC16PNP":1469,"MAY16PPD":2224,"MAY16PNP":1450}},{"arcs":[[21]],"type":"Polygon","properties":{"Precinct":"Río Grande 102","TOTPOP":43018,"NH_WHITE":246,"NH_BLACK":64,"NH_AMIN":3,"NH_ASIAN":42,"NH_NHPI":0,"NH_OTHER":18,"NH_2MORE":14,"HISP":42631,"H_WHITE":26476,"H_BLACK":10858,"H_AMIN":301,"H_ASIAN":71,"H_NHPI":7,"H_OTHER":3547,"H_2MORE":1371,"VAP":32103,"HVAP":31762,"WVAP":221,"BVAP":51,"AMINVAP":3,"ASIANVAP":40,"NHPIVAP":0,"OTHERVAP":16,"2MOREVAP":10,"State":"Puerto Rico","STATEFP":72,"Municipio":"Río Grande","MUNIFP":119,"HDIST":37,"SEND":8,"SEND-name":"Carolina","Code":102,"GOV16PPD":5871,"GOV16PNP":7115,"GOV16I":2643,"RC16PPD":6568,"RC16PNP":7605,"MAY16PPD":8596,"MAY16PNP":6895}},{"arcs":[[22]],"type":"Polygon","properties":{"Precinct":"Río Grande 101","TOTPOP":11276,"NH_WHITE":124,"NH_BLACK":10,"NH_AMIN":4,"NH_ASIAN":4,"NH_NHPI":0,"NH_OTHER":8,"NH_2MORE":4,"HISP":11122,"H_WHITE":6746,"H_BLACK":2422,"H_AMIN":47,"H_ASIAN":12,"H_NHPI":0,"H_OTHER":1521,"H_2MORE":374,"VAP":8715,"HVAP":8583,"WVAP":104,"BVAP":10,"AMINVAP":4,"ASIANVAP":4,"NHPIVAP":0,"OTHERVAP":6,"2MOREVAP":4,"State":"Puerto Rico","STATEFP":72,"Municipio":"Río Grande","MUNIFP":119,"HDIST":36,"SEND":8,"SEND-name":"Carolina","Code":101,"GOV16PPD":1398,"GOV16PNP":1414,"GOV16I":584,"RC16PPD":1575,"RC16PNP":1529,"MAY16PPD":2077,"MAY16PNP":1269}},{"arcs":[[23]],"type":"Polygon","properties":{"Precinct":"Quebradillas 031","TOTPOP":25965,"NH_WHITE":146,"NH_BLACK":7,"NH_AMIN":0,"NH_ASIAN":14,"NH_NHPI":1,"NH_OTHER":3,"NH_2MORE":1,"HISP":25793,"H_WHITE":23010,"H_BLACK":950,"H_AMIN":33,"H_ASIAN":23,"H_NHPI":0,"H_OTHER":1186,"H_2MORE":591,"VAP":19561,"HVAP":19417,"WVAP":124,"BVAP":5,"AMINVAP":0,"ASIANVAP":12,"NHPIVAP":1,"OTHERVAP":1,"2MOREVAP":1,"State":"Puerto Rico","STATEFP":72,"Municipio":"Quebradillas","MUNIFP":115,"HDIST":15,"SEND":3,"SEND-name":"Arecibo","Code":31,"GOV16PPD":5083,"GOV16PNP":5805,"GOV16I":1827,"RC16PPD":5643,"RC16PNP":6126,"MAY16PPD":7181,"MAY16PNP":5485}},{"arcs":[[24]],"type":"Polygon","properties":{"Precinct":"Dorado 015","TOTPOP":38165,"NH_WHITE":614,"NH_BLACK":48,"NH_AMIN":5,"NH_ASIAN":48,"NH_NHPI":0,"NH_OTHER":16,"NH_2MORE":16,"HISP":37418,"H_WHITE":25923,"H_BLACK":5941,"H_AMIN":254,"H_ASIAN":42,"H_NHPI":1,"H_OTHER":3801,"H_2MORE":1456,"VAP":28109,"HVAP":27553,"WVAP":453,"BVAP":38,"AMINVAP":3,"ASIANVAP":38,"NHPIVAP":0,"OTHERVAP":13,"2MOREVAP":11,"State":"Puerto Rico","STATEFP":72,"Municipio":"Dorado","MUNIFP":137,"HDIST":11,"SEND":3,"SEND-name":"Arecibo","Code":15,"GOV16PPD":7322,"GOV16PNP":6443,"GOV16I":3543,"RC16PPD":8402,"RC16PNP":7199,"MAY16PPD":9053,"MAY16PNP":8228}},{"arcs":[[25]],"type":"Polygon","properties":{"Precinct":"Vega Alta 016","TOTPOP":30730,"NH_WHITE":315,"NH_BLACK":68,"NH_AMIN":9,"NH_ASIAN":36,"NH_NHPI":0,"NH_OTHER":12,"NH_2MORE":11,"HISP":30279,"H_WHITE":21072,"H_BLACK":5033,"H_AMIN":191,"H_ASIAN":26,"H_NHPI":4,"H_OTHER":2934,"H_2MORE":1019,"VAP":22713,"HVAP":22373,"WVAP":240,"BVAP":54,"AMINVAP":7,"ASIANVAP":26,"NHPIVAP":0,"OTHERVAP":6,"2MOREVAP":7,"State":"Puerto Rico","STATEFP":72,"Municipio":"Vega Alta","MUNIFP":143,"HDIST":11,"SEND":3,"SEND-name":"Arecibo","Code":16,"GOV16PPD":4584,"GOV16PNP":5119,"GOV16I":1871,"RC16PPD":5179,"RC16PNP":5561,"MAY16PPD":5383,"MAY16PNP":6000}},{"arcs":[[26]],"type":"Polygon","properties":{"Precinct":"Barceloneta 025","TOTPOP":24816,"NH_WHITE":119,"NH_BLACK":17,"NH_AMIN":0,"NH_ASIAN":16,"NH_NHPI":0,"NH_OTHER":3,"NH_2MORE":2,"HISP":24659,"H_WHITE":19909,"H_BLACK":1879,"H_AMIN":81,"H_ASIAN":15,"H_NHPI":0,"H_OTHER":2163,"H_2MORE":612,"VAP":18496,"HVAP":18375,"WVAP":89,"BVAP":14,"AMINVAP":0,"ASIANVAP":15,"NHPIVAP":0,"OTHERVAP":3,"2MOREVAP":0,"State":"Puerto Rico","STATEFP":72,"Municipio":"Barceloneta","MUNIFP":17,"HDIST":13,"SEND":3,"SEND-name":"Arecibo","Code":25,"GOV16PPD":4870,"GOV16PNP":4907,"GOV16I":2041,"RC16PPD":5517,"RC16PNP":5247,"MAY16PPD":6790,"MAY16PNP":5065}},{"arcs":[[27]],"type":"Polygon","properties":{"Precinct":"Manatí 022","TOTPOP":23563,"NH_WHITE":161,"NH_BLACK":21,"NH_AMIN":1,"NH_ASIAN":3,"NH_NHPI":1,"NH_OTHER":5,"NH_2MORE":3,"HISP":23368,"H_WHITE":19048,"H_BLACK":2095,"H_AMIN":114,"H_ASIAN":13,"H_NHPI":1,"H_OTHER":1491,"H_2MORE":606,"VAP":17645,"HVAP":17484,"WVAP":133,"BVAP":18,"AMINVAP":1,"ASIANVAP":3,"NHPIVAP":1,"OTHERVAP":3,"2MOREVAP":2,"State":"Puerto Rico","STATEFP":72,"Municipio":"Manatí","MUNIFP":91,"HDIST":13,"SEND":3,"SEND-name":"Arecibo","Code":22,"GOV16PPD":3303,"GOV16PNP":5304,"GOV16I":1601,"RC16PPD":3703,"RC16PNP":5635,"MAY16PPD":2036,"MAY16PNP":8043}},{"arcs":[[28]],"type":"Polygon","properties":{"Precinct":"Arecibo 026","TOTPOP":16099,"NH_WHITE":117,"NH_BLACK":18,"NH_AMIN":2,"NH_ASIAN":11,"NH_NHPI":0,"NH_OTHER":1,"NH_2MORE":9,"HISP":15941,"H_WHITE":13122,"H_BLACK":1093,"H_AMIN":70,"H_ASIAN":4,"H_NHPI":2,"H_OTHER":1079,"H_2MORE":571,"VAP":12012,"HVAP":11888,"WVAP":93,"BVAP":14,"AMINVAP":1,"ASIANVAP":9,"NHPIVAP":0,"OTHERVAP":1,"2MOREVAP":6,"State":"Puerto Rico","STATEFP":72,"Municipio":"Arecibo","MUNIFP":13,"HDIST":13,"SEND":3,"SEND-name":"Arecibo","Code":26,"GOV16PPD":1800,"GOV16PNP":2771,"GOV16I":1028,"RC16PPD":2181,"RC16PNP":2965,"MAY16PPD":1378,"MAY16PNP":4084}},{"arcs":[[29]],"type":"Polygon","properties":{"Precinct":"Vega Baja 018","TOTPOP":28134,"NH_WHITE":131,"NH_BLACK":15,"NH_AMIN":0,"NH_ASIAN":15,"NH_NHPI":2,"NH_OTHER":5,"NH_2MORE":6,"HISP":27960,"H_WHITE":20813,"H_BLACK":3891,"H_AMIN":138,"H_ASIAN":17,"H_NHPI":2,"H_OTHER":2444,"H_2MORE":655,"VAP":20965,"HVAP":20820,"WVAP":111,"BVAP":12,"AMINVAP":0,"ASIANVAP":13,"NHPIVAP":1,"OTHERVAP":2,"2MOREVAP":6,"State":"Puerto Rico","STATEFP":72,"Municipio":"Vega Baja","MUNIFP":145,"HDIST":11,"SEND":3,"SEND-name":"Arecibo","Code":18,"GOV16PPD":4909,"GOV16PNP":4703,"GOV16I":1801,"RC16PPD":5544,"RC16PNP":5074,"MAY16PPD":7795,"MAY16PNP":3576}},{"arcs":[[30]],"type":"Polygon","properties":{"Precinct":"Florida 024","TOTPOP":12680,"NH_WHITE":46,"NH_BLACK":5,"NH_AMIN":0,"NH_ASIAN":5,"NH_NHPI":0,"NH_OTHER":0,"NH_2MORE":0,"HISP":12624,"H_WHITE":11421,"H_BLACK":581,"H_AMIN":38,"H_ASIAN":2,"H_NHPI":1,"H_OTHER":361,"H_2MORE":220,"VAP":9353,"HVAP":9306,"WVAP":37,"BVAP":5,"AMINVAP":0,"ASIANVAP":5,"NHPIVAP":0,"OTHERVAP":0,"2MOREVAP":0,"State":"Puerto Rico","STATEFP":72,"Municipio":"Florida","MUNIFP":54,"HDIST":13,"SEND":3,"SEND-name":"Arecibo","Code":24,"GOV16PPD":2264,"GOV16PNP":3237,"GOV16I":828,"RC16PPD":2501,"RC16PNP":3322,"MAY16PPD":2942,"MAY16PNP":3418}},{"arcs":[[31]],"type":"Polygon","properties":{"Precinct":"Hatillo 029","TOTPOP":30377,"NH_WHITE":214,"NH_BLACK":19,"NH_AMIN":3,"NH_ASIAN":18,"NH_NHPI":0,"NH_OTHER":6,"NH_2MORE":6,"HISP":30111,"H_WHITE":26351,"H_BLACK":1384,"H_AMIN":74,"H_ASIAN":8,"H_NHPI":0,"H_OTHER":1641,"H_2MORE":653,"VAP":22933,"HVAP":22718,"WVAP":167,"BVAP":15,"AMINVAP":3,"ASIANVAP":18,"NHPIVAP":0,"OTHERVAP":6,"2MOREVAP":6,"State":"Puerto Rico","STATEFP":72,"Municipio":"Hatillo","MUNIFP":65,"HDIST":15,"SEND":3,"SEND-name":"Arecibo","Code":29,"GOV16PPD":5374,"GOV16PNP":5837,"GOV16I":2118,"RC16PPD":6083,"RC16PNP":6197,"MAY16PPD":9407,"MAY16PNP":3880}},{"arcs":[[32]],"type":"Polygon","properties":{"Precinct":"Camuy 030","TOTPOP":35113,"NH_WHITE":175,"NH_BLACK":9,"NH_AMIN":10,"NH_ASIAN":8,"NH_NHPI":1,"NH_OTHER":3,"NH_2MORE":2,"HISP":34905,"H_WHITE":30682,"H_BLACK":1440,"H_AMIN":102,"H_ASIAN":27,"H_NHPI":0,"H_OTHER":1823,"H_2MORE":831,"VAP":26469,"HVAP":26297,"WVAP":147,"BVAP":7,"AMINVAP":6,"ASIANVAP":6,"NHPIVAP":1,"OTHERVAP":3,"2MOREVAP":2,"State":"Puerto Rico","STATEFP":72,"Municipio":"Camuy","MUNIFP":27,"HDIST":15,"SEND":3,"SEND-name":"Arecibo","Code":30,"GOV16PPD":5816,"GOV16PNP":8645,"GOV16I":2192,"RC16PPD":6553,"RC16PNP":8976,"MAY16PPD":7108,"MAY16PNP":9299}},{"arcs":[[33]],"type":"Polygon","properties":{"Precinct":"Bayamón 011","TOTPOP":92082,"NH_WHITE":712,"NH_BLACK":108,"NH_AMIN":4,"NH_ASIAN":123,"NH_NHPI":4,"NH_OTHER":29,"NH_2MORE":35,"HISP":91067,"H_WHITE":71552,"H_BLACK":9194,"H_AMIN":460,"H_ASIAN":119,"H_NHPI":6,"H_OTHER":7015,"H_2MORE":2721,"VAP":71233,"HVAP":70399,"WVAP":578,"BVAP":96,"AMINVAP":3,"ASIANVAP":104,"NHPIVAP":4,"OTHERVAP":19,"2MOREVAP":30,"State":"Puerto Rico","STATEFP":72,"Municipio":"Bayamón","MUNIFP":21,"HDIST":8,"SEND":2,"SEND-name":"Bayamón","Code":11,"GOV16PPD":12337,"GOV16PNP":15499,"GOV16I":7449,"RC16PPD":15020,"RC16PNP":17195,"MAY16PPD":8243,"MAY16PNP":26360}},{"arcs":[[34]],"type":"Polygon","properties":{"Precinct":"Bayamón 010","TOTPOP":93296,"NH_WHITE":574,"NH_BLACK":122,"NH_AMIN":6,"NH_ASIAN":127,"NH_NHPI":2,"NH_OTHER":32,"NH_2MORE":37,"HISP":92396,"H_WHITE":71977,"H_BLACK":10463,"H_AMIN":583,"H_ASIAN":96,"H_NHPI":9,"H_OTHER":6147,"H_2MORE":3121,"VAP":72410,"HVAP":71661,"WVAP":491,"BVAP":105,"AMINVAP":4,"ASIANVAP":106,"NHPIVAP":2,"OTHERVAP":20,"2MOREVAP":21,"State":"Puerto Rico","STATEFP":72,"Municipio":"Bayamón","MUNIFP":21,"HDIST":7,"SEND":2,"SEND-name":"Bayamón","Code":10,"GOV16PPD":13071,"GOV16PNP":16181,"GOV16I":7334,"RC16PPD":15633,"RC16PNP":17903,"MAY16PPD":8463,"MAY16PNP":27285}},{"arcs":[[35]],"type":"Polygon","properties":{"Precinct":"Bayamón 009","TOTPOP":3529,"NH_WHITE":33,"NH_BLACK":1,"NH_AMIN":2,"NH_ASIAN":7,"NH_NHPI":0,"NH_OTHER":1,"NH_2MORE":1,"HISP":3484,"H_WHITE":2866,"H_BLACK":287,"H_AMIN":14,"H_ASIAN":1,"H_NHPI":0,"H_OTHER":223,"H_2MORE":93,"VAP":2946,"HVAP":2905,"WVAP":30,"BVAP":0,"AMINVAP":2,"ASIANVAP":7,"NHPIVAP":0,"OTHERVAP":1,"2MOREVAP":1,"State":"Puerto Rico","STATEFP":72,"Municipio":"Bayamón","MUNIFP":21,"HDIST":6,"SEND":2,"SEND-name":"Bayamón","Code":9,"GOV16PPD":672,"GOV16PNP":635,"GOV16I":349,"RC16PPD":830,"RC16PNP":712,"MAY16PPD":421,"MAY16PNP":1186}},{"arcs":[[36]],"type":"Polygon","properties":{"Precinct":"Cataño 008","TOTPOP":28140,"NH_WHITE":168,"NH_BLACK":49,"NH_AMIN":0,"NH_ASIAN":41,"NH_NHPI":1,"NH_OTHER":5,"NH_2MORE":10,"HISP":27866,"H_WHITE":19731,"H_BLACK":3998,"H_AMIN":281,"H_ASIAN":33,"H_NHPI":0,"H_OTHER":3024,"H_2MORE":799,"VAP":20954,"HVAP":20725,"WVAP":144,"BVAP":37,"AMINVAP":0,"ASIANVAP":36,"NHPIVAP":1,"OTHERVAP":4,"2MOREVAP":7,"State":"Puerto Rico","STATEFP":72,"Municipio":"Cataño","MUNIFP":33,"HDIST":6,"SEND":2,"SEND-name":"Bayamón","Code":8,"GOV16PPD":4212,"GOV16PNP":5927,"GOV16I":2471,"RC16PPD":4904,"RC16PNP":6489,"MAY16PPD":4264,"MAY16PNP":8265}},{"arcs":[[37]],"type":"Polygon","properties":{"Precinct":"Guaynabo 007","TOTPOP":59895,"NH_WHITE":984,"NH_BLACK":200,"NH_AMIN":6,"NH_ASIAN":89,"NH_NHPI":7,"NH_OTHER":25,"NH_2MORE":41,"HISP":58543,"H_WHITE":47237,"H_BLACK":5383,"H_AMIN":246,"H_ASIAN":55,"H_NHPI":3,"H_OTHER":3803,"H_2MORE":1816,"VAP":47436,"HVAP":46325,"WVAP":809,"BVAP":166,"AMINVAP":5,"ASIANVAP":76,"NHPIVAP":5,"OTHERVAP":17,"2MOREVAP":33,"State":"Puerto Rico","STATEFP":72,"Municipio":"Guaynabo","MUNIFP":61,"HDIST":6,"SEND":2,"SEND-name":"Bayamón","Code":7,"GOV16PPD":7806,"GOV16PNP":10779,"GOV16I":5724,"RC16PPD":9797,"RC16PNP":12377,"MAY16PPD":5752,"MAY16PNP":17344}},{"arcs":[[38]],"type":"Polygon","properties":{"Precinct":"Toa Alta 013","TOTPOP":74066,"NH_WHITE":362,"NH_BLACK":30,"NH_AMIN":13,"NH_ASIAN":45,"NH_NHPI":2,"NH_OTHER":28,"NH_2MORE":20,"HISP":73566,"H_WHITE":56176,"H_BLACK":7103,"H_AMIN":275,"H_ASIAN":49,"H_NHPI":7,"H_OTHER":7468,"H_2MORE":2488,"VAP":53742,"HVAP":53339,"WVAP":284,"BVAP":26,"AMINVAP":10,"ASIANVAP":39,"NHPIVAP":2,"OTHERVAP":24,"2MOREVAP":18,"State":"Puerto Rico","STATEFP":72,"Municipio":"Toa Alta","MUNIFP":135,"HDIST":9,"SEND":2,"SEND-name":"Bayamón","Code":13,"GOV16PPD":10778,"GOV16PNP":11567,"GOV16I":5858,"RC16PPD":12945,"RC16PNP":12778,"MAY16PPD":14870,"MAY16PNP":13186}},{"arcs":[[39]],"type":"Polygon","properties":{"Precinct":"Bayamón 012","TOTPOP":19209,"NH_WHITE":114,"NH_BLACK":8,"NH_AMIN":2,"NH_ASIAN":1,"NH_NHPI":0,"NH_OTHER":12,"NH_2MORE":11,"HISP":19061,"H_WHITE":15065,"H_BLACK":1190,"H_AMIN":112,"H_ASIAN":8,"H_NHPI":3,"H_OTHER":1730,"H_2MORE":953,"VAP":14534,"HVAP":14420,"WVAP":87,"BVAP":8,"AMINVAP":2,"ASIANVAP":1,"NHPIVAP":0,"OTHERVAP":10,"2MOREVAP":6,"State":"Puerto Rico","STATEFP":72,"Municipio":"Bayamón","MUNIFP":21,"HDIST":9,"SEND":2,"SEND-name":"Bayamón","Code":12,"GOV16PPD":3006,"GOV16PNP":3530,"GOV16I":1123,"RC16PPD":3427,"RC16PNP":3717,"MAY16PPD":2288,"MAY16PNP":5284}},{"arcs":[[[40]],[[41]],[[42]]],"type":"MultiPolygon","properties":{"Precinct":"Fajardo 099","TOTPOP":36993,"NH_WHITE":445,"NH_BLACK":111,"NH_AMIN":6,"NH_ASIAN":44,"NH_NHPI":0,"NH_OTHER":21,"NH_2MORE":24,"HISP":36342,"H_WHITE":23519,"H_BLACK":6753,"H_AMIN":252,"H_ASIAN":51,"H_NHPI":4,"H_OTHER":3801,"H_2MORE":1962,"VAP":27733,"HVAP":27180,"WVAP":382,"BVAP":90,"AMINVAP":5,"ASIANVAP":37,"NHPIVAP":0,"OTHERVAP":17,"2MOREVAP":22,"State":"Puerto Rico","STATEFP":72,"Municipio":"Fajardo","MUNIFP":53,"HDIST":36,"SEND":8,"SEND-name":"Carolina","Code":99,"GOV16PPD":4096,"GOV16PNP":5938,"GOV16I":2291,"RC16PPD":4542,"RC16PNP":6491,"MAY16PPD":3403,"MAY16PNP":8627}},{"arcs":[[43]],"type":"Polygon","properties":{"Precinct":"Luquillo 100","TOTPOP":20068,"NH_WHITE":287,"NH_BLACK":70,"NH_AMIN":8,"NH_ASIAN":22,"NH_NHPI":0,"NH_OTHER":13,"NH_2MORE":17,"HISP":19651,"H_WHITE":12866,"H_BLACK":4096,"H_AMIN":178,"H_ASIAN":14,"H_NHPI":1,"H_OTHER":1738,"H_2MORE":758,"VAP":14977,"HVAP":14636,"WVAP":244,"BVAP":50,"AMINVAP":5,"ASIANVAP":20,"NHPIVAP":0,"OTHERVAP":11,"2MOREVAP":11,"State":"Puerto Rico","STATEFP":72,"Municipio":"Luquillo","MUNIFP":89,"HDIST":36,"SEND":8,"SEND-name":"Carolina","Code":100,"GOV16PPD":3448,"GOV16PNP":3575,"GOV16I":1329,"RC16PPD":3734,"RC16PNP":3803,"MAY16PPD":4924,"MAY16PNP":3400}},{"arcs":[[[44]],[[45]],[[46]]],"type":"MultiPolygon","properties":{"Precinct":"Ceiba 098","TOTPOP":13631,"NH_WHITE":127,"NH_BLACK":23,"NH_AMIN":0,"NH_ASIAN":7,"NH_NHPI":3,"NH_OTHER":3,"NH_2MORE":7,"HISP":13461,"H_WHITE":9496,"H_BLACK":2225,"H_AMIN":96,"H_ASIAN":12,"H_NHPI":0,"H_OTHER":1026,"H_2MORE":606,"VAP":10278,"HVAP":10129,"WVAP":110,"BVAP":21,"AMINVAP":0,"ASIANVAP":5,"NHPIVAP":3,"OTHERVAP":3,"2MOREVAP":7,"State":"Puerto Rico","STATEFP":72,"Municipio":"Ceiba","MUNIFP":37,"HDIST":36,"SEND":8,"SEND-name":"Carolina","Code":98,"GOV16PPD":1941,"GOV16PNP":2551,"GOV16I":874,"RC16PPD":2040,"RC16PNP":2759,"MAY16PPD":1973,"MAY16PNP":3380}},{"arcs":[[47]],"type":"Polygon","properties":{"Precinct":"Vieques 096","TOTPOP":9301,"NH_WHITE":444,"NH_BLACK":57,"NH_AMIN":3,"NH_ASIAN":4,"NH_NHPI":0,"NH_OTHER":5,"NH_2MORE":13,"HISP":8775,"H_WHITE":5012,"H_BLACK":2560,"H_AMIN":59,"H_ASIAN":2,"H_NHPI":1,"H_OTHER":683,"H_2MORE":458,"VAP":7105,"HVAP":6619,"WVAP":412,"BVAP":49,"AMINVAP":3,"ASIANVAP":4,"NHPIVAP":0,"OTHERVAP":5,"2MOREVAP":13,"State":"Puerto Rico","STATEFP":72,"Municipio":"Vieques","MUNIFP":147,"HDIST":36,"SEND":8,"SEND-name":"Carolina","Code":96,"GOV16PPD":1859,"GOV16PNP":1481,"GOV16I":528,"RC16PPD":1900,"RC16PNP":1522,"MAY16PPD":2215,"MAY16PNP":1505}},{"arcs":[[[48]],[[49]],[[50]],[[51]],[[52]],[[53]]],"type":"MultiPolygon","properties":{"Precinct":"Culebra 097","TOTPOP":1818,"NH_WHITE":140,"NH_BLACK":4,"NH_AMIN":1,"NH_ASIAN":3,"NH_NHPI":0,"NH_OTHER":0,"NH_2MORE":2,"HISP":1668,"H_WHITE":895,"H_BLACK":479,"H_AMIN":15,"H_ASIAN":1,"H_NHPI":0,"H_OTHER":68,"H_2MORE":210,"VAP":1403,"HVAP":1259,"WVAP":134,"BVAP":4,"AMINVAP":1,"ASIANVAP":3,"NHPIVAP":0,"OTHERVAP":0,"2MOREVAP":2,"State":"Puerto Rico","STATEFP":72,"Municipio":"Culebra","MUNIFP":49,"HDIST":36,"SEND":8,"SEND-name":"Carolina","Code":97,"GOV16PPD":478,"GOV16PNP":465,"GOV16I":248,"RC16PPD":489,"RC16PNP":488,"MAY16PPD":714,"MAY16PNP":522}},{"arcs":[[54]],"type":"Polygon","properties":{"Precinct":"Salinas 085","TOTPOP":3460,"NH_WHITE":27,"NH_BLACK":3,"NH_AMIN":1,"NH_ASIAN":0,"NH_NHPI":0,"NH_OTHER":2,"NH_2MORE":4,"HISP":3423,"H_WHITE":2109,"H_BLACK":734,"H_AMIN":34,"H_ASIAN":8,"H_NHPI":0,"H_OTHER":417,"H_2MORE":121,"VAP":2616,"HVAP":2588,"WVAP":23,"BVAP":2,"AMINVAP":1,"ASIANVAP":0,"NHPIVAP":0,"OTHERVAP":1,"2MOREVAP":1,"State":"Puerto Rico","STATEFP":72,"Municipio":"Salinas","MUNIFP":123,"HDIST":27,"SEND":6,"SEND-name":"Guayama","Code":85,"GOV16PPD":656,"GOV16PNP":630,"GOV16I":196,"RC16PPD":683,"RC16PNP":676,"MAY16PPD":936,"MAY16PNP":533}},{"arcs":[[[55]],[[56]],[[57]],[[58]],[[59]],[[60]]],"type":"MultiPolygon","properties":{"Precinct":"Salinas 078","TOTPOP":27618,"NH_WHITE":126,"NH_BLACK":28,"NH_AMIN":3,"NH_ASIAN":6,"NH_NHPI":0,"NH_OTHER":8,"NH_2MORE":5,"HISP":27442,"H_WHITE":18691,"H_BLACK":4325,"H_AMIN":145,"H_ASIAN":20,"H_NHPI":4,"H_OTHER":3122,"H_2MORE":1135,"VAP":20031,"HVAP":19904,"WVAP":91,"BVAP":22,"AMINVAP":1,"ASIANVAP":4,"NHPIVAP":0,"OTHERVAP":7,"2MOREVAP":2,"State":"Puerto Rico","STATEFP":72,"Municipio":"Salinas","MUNIFP":123,"HDIST":30,"SEND":6,"SEND-name":"Guayama","Code":78,"GOV16PPD":5235,"GOV16PNP":4390,"GOV16I":1617,"RC16PPD":5514,"RC16PNP":4872,"MAY16PPD":7150,"MAY16PNP":3884}},{"arcs":[[61]],"type":"Polygon","properties":{"Precinct":"Juana Díaz 064","TOTPOP":16766,"NH_WHITE":70,"NH_BLACK":5,"NH_AMIN":0,"NH_ASIAN":6,"NH_NHPI":0,"NH_OTHER":3,"NH_2MORE":3,"HISP":16679,"H_WHITE":12355,"H_BLACK":2298,"H_AMIN":76,"H_ASIAN":15,"H_NHPI":3,"H_OTHER":1562,"H_2MORE":370,"VAP":12257,"HVAP":12197,"WVAP":48,"BVAP":2,"AMINVAP":0,"ASIANVAP":5,"NHPIVAP":0,"OTHERVAP":3,"2MOREVAP":2,"State":"Puerto Rico","STATEFP":72,"Municipio":"Juana Díaz","MUNIFP":75,"HDIST":26,"SEND":6,"SEND-name":"Guayama","Code":64,"GOV16PPD":2897,"GOV16PNP":2901,"GOV16I":1051,"RC16PPD":3244,"RC16PNP":3074,"MAY16PPD":4400,"MAY16PNP":2305}},{"arcs":[[62]],"type":"Polygon","properties":{"Precinct":"Villalba 065","TOTPOP":26073,"NH_WHITE":73,"NH_BLACK":2,"NH_AMIN":0,"NH_ASIAN":7,"NH_NHPI":0,"NH_OTHER":4,"NH_2MORE":4,"HISP":25983,"H_WHITE":21332,"H_BLACK":2210,"H_AMIN":63,"H_ASIAN":4,"H_NHPI":0,"H_OTHER":1624,"H_2MORE":750,"VAP":18900,"HVAP":18835,"WVAP":51,"BVAP":2,"AMINVAP":0,"ASIANVAP":7,"NHPIVAP":0,"OTHERVAP":3,"2MOREVAP":2,"State":"Puerto Rico","STATEFP":72,"Municipio":"Villalba","MUNIFP":149,"HDIST":26,"SEND":6,"SEND-name":"Guayama","Code":65,"GOV16PPD":6444,"GOV16PNP":7246,"GOV16I":1414,"RC16PPD":6797,"RC16PNP":7540,"MAY16PPD":7702,"MAY16PNP":7367}},{"arcs":[[63]],"type":"Polygon","properties":{"Precinct":"Orocovis 066","TOTPOP":23426,"NH_WHITE":83,"NH_BLACK":4,"NH_AMIN":1,"NH_ASIAN":5,"NH_NHPI":0,"NH_OTHER":3,"NH_2MORE":2,"HISP":23328,"H_WHITE":20224,"H_BLACK":1440,"H_AMIN":101,"H_ASIAN":13,"H_NHPI":6,"H_OTHER":1015,"H_2MORE":529,"VAP":17067,"HVAP":16992,"WVAP":62,"BVAP":4,"AMINVAP":1,"ASIANVAP":5,"NHPIVAP":0,"OTHERVAP":1,"2MOREVAP":2,"State":"Puerto Rico","STATEFP":72,"Municipio":"Orocovis","MUNIFP":107,"HDIST":26,"SEND":6,"SEND-name":"Guayama","Code":66,"GOV16PPD":5166,"GOV16PNP":6953,"GOV16I":1147,"RC16PPD":5401,"RC16PNP":7222,"MAY16PPD":5549,"MAY16PNP":7663}},{"arcs":[[64]],"type":"Polygon","properties":{"Precinct":"Corozal 072","TOTPOP":37142,"NH_WHITE":167,"NH_BLACK":25,"NH_AMIN":0,"NH_ASIAN":5,"NH_NHPI":0,"NH_OTHER":10,"NH_2MORE":8,"HISP":36927,"H_WHITE":31539,"H_BLACK":1948,"H_AMIN":80,"H_ASIAN":19,"H_NHPI":2,"H_OTHER":2737,"H_2MORE":602,"VAP":27498,"HVAP":27329,"WVAP":135,"BVAP":16,"AMINVAP":0,"ASIANVAP":4,"NHPIVAP":0,"OTHERVAP":8,"2MOREVAP":6,"State":"Puerto Rico","STATEFP":72,"Municipio":"Corozal","MUNIFP":47,"HDIST":28,"SEND":6,"SEND-name":"Guayama","Code":72,"GOV16PPD":7693,"GOV16PNP":8166,"GOV16I":2351,"RC16PPD":8345,"RC16PNP":8696,"MAY16PPD":10018,"MAY16PNP":8152}},{"arcs":[[65]],"type":"Polygon","properties":{"Precinct":"Naranjito 073","TOTPOP":30402,"NH_WHITE":105,"NH_BLACK":14,"NH_AMIN":2,"NH_ASIAN":9,"NH_NHPI":0,"NH_OTHER":3,"NH_2MORE":5,"HISP":30264,"H_WHITE":25483,"H_BLACK":1804,"H_AMIN":140,"H_ASIAN":14,"H_NHPI":2,"H_OTHER":1806,"H_2MORE":1015,"VAP":22845,"HVAP":22737,"WVAP":81,"BVAP":12,"AMINVAP":2,"ASIANVAP":7,"NHPIVAP":0,"OTHERVAP":3,"2MOREVAP":3,"State":"Puerto Rico","STATEFP":72,"Municipio":"Naranjito","MUNIFP":105,"HDIST":28,"SEND":6,"SEND-name":"Guayama","Code":73,"GOV16PPD":7375,"GOV16PNP":6542,"GOV16I":1995,"RC16PPD":7860,"RC16PNP":7034,"MAY16PPD":6361,"MAY16PNP":9486}},{"arcs":[[66]],"type":"Polygon","properties":{"Precinct":"Comerío 074","TOTPOP":20778,"NH_WHITE":70,"NH_BLACK":9,"NH_AMIN":0,"NH_ASIAN":1,"NH_NHPI":0,"NH_OTHER":2,"NH_2MORE":5,"HISP":20691,"H_WHITE":16258,"H_BLACK":1779,"H_AMIN":125,"H_ASIAN":19,"H_NHPI":4,"H_OTHER":1833,"H_2MORE":673,"VAP":15518,"HVAP":15450,"WVAP":55,"BVAP":8,"AMINVAP":0,"ASIANVAP":1,"NHPIVAP":0,"OTHERVAP":2,"2MOREVAP":2,"State":"Puerto Rico","STATEFP":72,"Municipio":"Comerío","MUNIFP":45,"HDIST":28,"SEND":6,"SEND-name":"Guayama","Code":74,"GOV16PPD":4632,"GOV16PNP":4372,"GOV16I":994,"RC16PPD":4794,"RC16PNP":4655,"MAY16PPD":5779,"MAY16PNP":4267}},{"arcs":[[67]],"type":"Polygon","properties":{"Precinct":"Cayey 077","TOTPOP":48119,"NH_WHITE":245,"NH_BLACK":18,"NH_AMIN":0,"NH_ASIAN":33,"NH_NHPI":2,"NH_OTHER":6,"NH_2MORE":9,"HISP":47806,"H_WHITE":38190,"H_BLACK":3968,"H_AMIN":178,"H_ASIAN":35,"H_NHPI":10,"H_OTHER":3889,"H_2MORE":1536,"VAP":36702,"HVAP":36445,"WVAP":203,"BVAP":16,"AMINVAP":0,"ASIANVAP":27,"NHPIVAP":2,"OTHERVAP":5,"2MOREVAP":4,"State":"Puerto Rico","STATEFP":72,"Municipio":"Cayey","MUNIFP":35,"HDIST":29,"SEND":6,"SEND-name":"Guayama","Code":77,"GOV16PPD":9736,"GOV16PNP":6347,"GOV16I":3885,"RC16PPD":10802,"RC16PNP":7193,"MAY16PPD":15043,"MAY16PNP":4640}},{"arcs":[[68]],"type":"Polygon","properties":{"Precinct":"Arroyo 080","TOTPOP":19575,"NH_WHITE":128,"NH_BLACK":32,"NH_AMIN":0,"NH_ASIAN":4,"NH_NHPI":1,"NH_OTHER":8,"NH_2MORE":12,"HISP":19390,"H_WHITE":10341,"H_BLACK":6323,"H_AMIN":170,"H_ASIAN":27,"H_NHPI":4,"H_OTHER":1851,"H_2MORE":674,"VAP":14322,"HVAP":14180,"WVAP":96,"BVAP":26,"AMINVAP":0,"ASIANVAP":2,"NHPIVAP":1,"OTHERVAP":5,"2MOREVAP":12,"State":"Puerto Rico","STATEFP":72,"Municipio":"Arroyo","MUNIFP":15,"HDIST":30,"SEND":6,"SEND-name":"Guayama","Code":80,"GOV16PPD":4247,"GOV16PNP":3879,"GOV16I":776,"RC16PPD":4219,"RC16PNP":4134,"MAY16PPD":4950,"MAY16PNP":3968}},{"arcs":[[69]],"type":"Polygon","properties":{"Precinct":"Guayama 079","TOTPOP":45362,"NH_WHITE":255,"NH_BLACK":74,"NH_AMIN":7,"NH_ASIAN":19,"NH_NHPI":2,"NH_OTHER":20,"NH_2MORE":27,"HISP":44958,"H_WHITE":30662,"H_BLACK":8335,"H_AMIN":373,"H_ASIAN":40,"H_NHPI":11,"H_OTHER":3188,"H_2MORE":2349,"VAP":33678,"HVAP":33363,"WVAP":200,"BVAP":55,"AMINVAP":4,"ASIANVAP":19,"NHPIVAP":2,"OTHERVAP":14,"2MOREVAP":21,"State":"Puerto Rico","STATEFP":72,"Municipio":"Guayama","MUNIFP":57,"HDIST":30,"SEND":6,"SEND-name":"Guayama","Code":79,"GOV16PPD":8017,"GOV16PNP":7367,"GOV16I":2424,"RC16PPD":8291,"RC16PNP":8137,"MAY16PPD":9497,"MAY16PNP":8233}},{"arcs":[[70]],"type":"Polygon","properties":{"Precinct":"Aibonito 069","TOTPOP":25900,"NH_WHITE":141,"NH_BLACK":9,"NH_AMIN":0,"NH_ASIAN":3,"NH_NHPI":0,"NH_OTHER":2,"NH_2MORE":16,"HISP":25729,"H_WHITE":21481,"H_BLACK":1869,"H_AMIN":52,"H_ASIAN":6,"H_NHPI":5,"H_OTHER":1797,"H_2MORE":519,"VAP":19662,"HVAP":19520,"WVAP":114,"BVAP":7,"AMINVAP":0,"ASIANVAP":3,"NHPIVAP":0,"OTHERVAP":2,"2MOREVAP":16,"State":"Puerto Rico","STATEFP":72,"Municipio":"Aibonito","MUNIFP":9,"HDIST":27,"SEND":6,"SEND-name":"Guayama","Code":69,"GOV16PPD":5677,"GOV16PNP":4579,"GOV16I":2260,"RC16PPD":6141,"RC16PNP":5191,"MAY16PPD":3334,"MAY16PNP":9062}},{"arcs":[[[71]],[[72]],[[73]]],"type":"MultiPolygon","properties":{"Precinct":"Santa Isabel 067","TOTPOP":23274,"NH_WHITE":67,"NH_BLACK":13,"NH_AMIN":4,"NH_ASIAN":5,"NH_NHPI":2,"NH_OTHER":4,"NH_2MORE":8,"HISP":23171,"H_WHITE":16928,"H_BLACK":3624,"H_AMIN":102,"H_ASIAN":9,"H_NHPI":1,"H_OTHER":1940,"H_2MORE":567,"VAP":16509,"HVAP":16426,"WVAP":55,"BVAP":11,"AMINVAP":1,"ASIANVAP":5,"NHPIVAP":1,"OTHERVAP":3,"2MOREVAP":7,"State":"Puerto Rico","STATEFP":72,"Municipio":"Santa Isabel","MUNIFP":133,"HDIST":27,"SEND":6,"SEND-name":"Guayama","Code":67,"GOV16PPD":4094,"GOV16PNP":4557,"GOV16I":1398,"RC16PPD":4403,"RC16PNP":4789,"MAY16PPD":4734,"MAY16PNP":5174}},{"arcs":[[74]],"type":"Polygon","properties":{"Precinct":"Barranquitas 070","TOTPOP":24372,"NH_WHITE":153,"NH_BLACK":13,"NH_AMIN":2,"NH_ASIAN":3,"NH_NHPI":0,"NH_OTHER":9,"NH_2MORE":6,"HISP":24186,"H_WHITE":20760,"H_BLACK":1283,"H_AMIN":60,"H_ASIAN":7,"H_NHPI":0,"H_OTHER":1608,"H_2MORE":468,"VAP":17641,"HVAP":17503,"WVAP":111,"BVAP":11,"AMINVAP":2,"ASIANVAP":3,"NHPIVAP":0,"OTHERVAP":5,"2MOREVAP":6,"State":"Puerto Rico","STATEFP":72,"Municipio":"Barranquitas","MUNIFP":19,"HDIST":26,"SEND":6,"SEND-name":"Guayama","Code":70,"GOV16PPD":4896,"GOV16PNP":5356,"GOV16I":1252,"RC16PPD":5150,"RC16PNP":5731,"MAY16PPD":4488,"MAY16PNP":6818}},{"arcs":[[75]],"type":"Polygon","properties":{"Precinct":"Barranquitas 071","TOTPOP":5946,"NH_WHITE":20,"NH_BLACK":0,"NH_AMIN":0,"NH_ASIAN":1,"NH_NHPI":0,"NH_OTHER":0,"NH_2MORE":1,"HISP":5924,"H_WHITE":5149,"H_BLACK":329,"H_AMIN":16,"H_ASIAN":3,"H_NHPI":0,"H_OTHER":337,"H_2MORE":90,"VAP":4320,"HVAP":4306,"WVAP":12,"BVAP":0,"AMINVAP":0,"ASIANVAP":1,"NHPIVAP":0,"OTHERVAP":0,"2MOREVAP":1,"State":"Puerto Rico","STATEFP":72,"Municipio":"Barranquitas","MUNIFP":19,"HDIST":28,"SEND":6,"SEND-name":"Guayama","Code":71,"GOV16PPD":843,"GOV16PNP":1538,"GOV16I":421,"RC16PPD":942,"RC16PNP":1700,"MAY16PPD":685,"MAY16PNP":2051}},{"arcs":[[76]],"type":"Polygon","properties":{"Precinct":"Coamo 068","TOTPOP":16821,"NH_WHITE":56,"NH_BLACK":12,"NH_AMIN":0,"NH_ASIAN":0,"NH_NHPI":0,"NH_OTHER":1,"NH_2MORE":2,"HISP":16750,"H_WHITE":12896,"H_BLACK":1772,"H_AMIN":69,"H_ASIAN":6,"H_NHPI":0,"H_OTHER":1349,"H_2MORE":658,"VAP":12600,"HVAP":12539,"WVAP":51,"BVAP":7,"AMINVAP":0,"ASIANVAP":0,"NHPIVAP":0,"OTHERVAP":1,"2MOREVAP":2,"State":"Puerto Rico","STATEFP":72,"Municipio":"Coamo","MUNIFP":43,"HDIST":26,"SEND":6,"SEND-name":"Guayama","Code":68,"GOV16PPD":3312,"GOV16PNP":3498,"GOV16I":757,"RC16PPD":3477,"RC16PNP":3666,"MAY16PPD":4028,"MAY16PNP":3447}},{"arcs":[[77]],"type":"Polygon","properties":{"Precinct":"Coamo 075","TOTPOP":23688,"NH_WHITE":75,"NH_BLACK":9,"NH_AMIN":1,"NH_ASIAN":12,"NH_NHPI":0,"NH_OTHER":3,"NH_2MORE":3,"HISP":23585,"H_WHITE":18099,"H_BLACK":2433,"H_AMIN":58,"H_ASIAN":6,"H_NHPI":6,"H_OTHER":2338,"H_2MORE":645,"VAP":17114,"HVAP":17034,"WVAP":57,"BVAP":8,"AMINVAP":1,"ASIANVAP":10,"NHPIVAP":0,"OTHERVAP":2,"2MOREVAP":2,"State":"Puerto Rico","STATEFP":72,"Municipio":"Coamo","MUNIFP":43,"HDIST":27,"SEND":6,"SEND-name":"Guayama","Code":75,"GOV16PPD":4593,"GOV16PNP":3466,"GOV16I":1276,"RC16PPD":4929,"RC16PNP":3734,"MAY16PPD":5834,"MAY16PNP":3413}},{"arcs":[[78]],"type":"Polygon","properties":{"Precinct":"Las Piedras 090","TOTPOP":7513,"NH_WHITE":19,"NH_BLACK":4,"NH_AMIN":0,"NH_ASIAN":1,"NH_NHPI":0,"NH_OTHER":7,"NH_2MORE":3,"HISP":7479,"H_WHITE":5493,"H_BLACK":751,"H_AMIN":29,"H_ASIAN":3,"H_NHPI":0,"H_OTHER":777,"H_2MORE":426,"VAP":5656,"HVAP":5631,"WVAP":14,"BVAP":3,"AMINVAP":0,"ASIANVAP":1,"NHPIVAP":0,"OTHERVAP":4,"2MOREVAP":3,"State":"Puerto Rico","STATEFP":72,"Municipio":"Las Piedras","MUNIFP":85,"HDIST":35,"SEND":7,"SEND-name":"Humacao","Code":90,"GOV16PPD":1385,"GOV16PNP":1018,"GOV16I":478,"RC16PPD":1489,"RC16PNP":1141,"MAY16PPD":1433,"MAY16PNP":1390}},{"arcs":[[79]],"type":"Polygon","properties":{"Precinct":"Naguabo 095","TOTPOP":26720,"NH_WHITE":143,"NH_BLACK":34,"NH_AMIN":1,"NH_ASIAN":15,"NH_NHPI":0,"NH_OTHER":4,"NH_2MORE":11,"HISP":26512,"H_WHITE":18868,"H_BLACK":4206,"H_AMIN":116,"H_ASIAN":35,"H_NHPI":0,"H_OTHER":2472,"H_2MORE":815,"VAP":19638,"HVAP":19462,"WVAP":123,"BVAP":25,"AMINVAP":1,"ASIANVAP":14,"NHPIVAP":0,"OTHERVAP":3,"2MOREVAP":10,"State":"Puerto Rico","STATEFP":72,"Municipio":"Naguabo","MUNIFP":103,"HDIST":35,"SEND":7,"SEND-name":"Humacao","Code":95,"GOV16PPD":3952,"GOV16PNP":4901,"GOV16I":1476,"RC16PPD":4176,"RC16PNP":5367,"MAY16PPD":2190,"MAY16PNP":8081}},{"arcs":[[80]],"type":"Polygon","properties":{"Precinct":"Yabucoa 093","TOTPOP":37941,"NH_WHITE":166,"NH_BLACK":50,"NH_AMIN":1,"NH_ASIAN":7,"NH_NHPI":0,"NH_OTHER":12,"NH_2MORE":19,"HISP":37686,"H_WHITE":24722,"H_BLACK":5284,"H_AMIN":171,"H_ASIAN":50,"H_NHPI":1,"H_OTHER":4297,"H_2MORE":3161,"VAP":28453,"HVAP":28260,"WVAP":122,"BVAP":43,"AMINVAP":1,"ASIANVAP":7,"NHPIVAP":0,"OTHERVAP":5,"2MOREVAP":15,"State":"Puerto Rico","STATEFP":72,"Municipio":"Yabucoa","MUNIFP":151,"HDIST":34,"SEND":7,"SEND-name":"Humacao","Code":93,"GOV16PPD":7999,"GOV16PNP":8066,"GOV16I":2006,"RC16PPD":8441,"RC16PNP":8447,"MAY16PPD":10416,"MAY16PNP":7651}},{"arcs":[[81]],"type":"Polygon","properties":{"Precinct":"Maunabo 092","TOTPOP":12232,"NH_WHITE":77,"NH_BLACK":7,"NH_AMIN":1,"NH_ASIAN":3,"NH_NHPI":0,"NH_OTHER":2,"NH_2MORE":3,"HISP":12139,"H_WHITE":5779,"H_BLACK":3715,"H_AMIN":98,"H_ASIAN":15,"H_NHPI":4,"H_OTHER":1986,"H_2MORE":542,"VAP":9274,"HVAP":9208,"WVAP":53,"BVAP":6,"AMINVAP":1,"ASIANVAP":1,"NHPIVAP":0,"OTHERVAP":2,"2MOREVAP":3,"State":"Puerto Rico","STATEFP":72,"Municipio":"Maunabo","MUNIFP":95,"HDIST":34,"SEND":7,"SEND-name":"Humacao","Code":92,"GOV16PPD":2903,"GOV16PNP":2872,"GOV16I":482,"RC16PPD":2935,"RC16PNP":2960,"MAY16PPD":3199,"MAY16PNP":3048}},{"arcs":[[[82]],[[83]]],"type":"MultiPolygon","properties":{"Precinct":"Humacao 094","TOTPOP":58466,"NH_WHITE":435,"NH_BLACK":66,"NH_AMIN":5,"NH_ASIAN":56,"NH_NHPI":1,"NH_OTHER":7,"NH_2MORE":40,"HISP":57856,"H_WHITE":38231,"H_BLACK":10740,"H_AMIN":485,"H_ASIAN":68,"H_NHPI":1,"H_OTHER":5676,"H_2MORE":2655,"VAP":44621,"HVAP":44109,"WVAP":379,"BVAP":49,"AMINVAP":4,"ASIANVAP":49,"NHPIVAP":1,"OTHERVAP":5,"2MOREVAP":25,"State":"Puerto Rico","STATEFP":72,"Municipio":"Humacao","MUNIFP":69,"HDIST":35,"SEND":7,"SEND-name":"Humacao","Code":94,"GOV16PPD":10467,"GOV16PNP":8737,"GOV16I":3568,"RC16PPD":11298,"RC16PNP":9395,"MAY16PPD":13092,"MAY16PNP":9375}},{"arcs":[[84]],"type":"Polygon","properties":{"Precinct":"Gurabo 084","TOTPOP":45369,"NH_WHITE":253,"NH_BLACK":45,"NH_AMIN":0,"NH_ASIAN":25,"NH_NHPI":2,"NH_OTHER":3,"NH_2MORE":26,"HISP":45015,"H_WHITE":32618,"H_BLACK":6570,"H_AMIN":191,"H_ASIAN":23,"H_NHPI":7,"H_OTHER":2924,"H_2MORE":2682,"VAP":33549,"HVAP":33256,"WVAP":209,"BVAP":35,"AMINVAP":0,"ASIANVAP":22,"NHPIVAP":2,"OTHERVAP":3,"2MOREVAP":22,"State":"Puerto Rico","STATEFP":72,"Municipio":"Gurabo","MUNIFP":63,"HDIST":31,"SEND":7,"SEND-name":"Humacao","Code":84,"GOV16PPD":6532,"GOV16PNP":7780,"GOV16I":3584,"RC16PPD":7649,"RC16PNP":8616,"MAY16PPD":5953,"MAY16PNP":11313}},{"arcs":[[85]],"type":"Polygon","properties":{"Precinct":"Caguas 082","TOTPOP":48718,"NH_WHITE":368,"NH_BLACK":57,"NH_AMIN":4,"NH_ASIAN":55,"NH_NHPI":1,"NH_OTHER":13,"NH_2MORE":16,"HISP":48204,"H_WHITE":37193,"H_BLACK":4917,"H_AMIN":284,"H_ASIAN":56,"H_NHPI":0,"H_OTHER":4092,"H_2MORE":1662,"VAP":36640,"HVAP":36225,"WVAP":298,"BVAP":48,"AMINVAP":4,"ASIANVAP":44,"NHPIVAP":1,"OTHERVAP":10,"2MOREVAP":10,"State":"Puerto Rico","STATEFP":72,"Municipio":"Caguas","MUNIFP":25,"HDIST":31,"SEND":7,"SEND-name":"Humacao","Code":82,"GOV16PPD":8496,"GOV16PNP":6508,"GOV16I":4747,"RC16PPD":10265,"RC16PNP":7703,"MAY16PPD":14430,"MAY16PNP":5292}},{"arcs":[[86]],"type":"Polygon","properties":{"Precinct":"Caguas 083","TOTPOP":94215,"NH_WHITE":484,"NH_BLACK":74,"NH_AMIN":4,"NH_ASIAN":86,"NH_NHPI":0,"NH_OTHER":38,"NH_2MORE":25,"HISP":93504,"H_WHITE":70744,"H_BLACK":10663,"H_AMIN":575,"H_ASIAN":69,"H_NHPI":10,"H_OTHER":7958,"H_2MORE":3485,"VAP":71737,"HVAP":71156,"WVAP":394,"BVAP":60,"AMINVAP":4,"ASIANVAP":71,"NHPIVAP":0,"OTHERVAP":29,"2MOREVAP":23,"State":"Puerto Rico","STATEFP":72,"Municipio":"Caguas","MUNIFP":25,"HDIST":32,"SEND":7,"SEND-name":"Humacao","Code":83,"GOV16PPD":15089,"GOV16PNP":13781,"GOV16I":8103,"RC16PPD":17745,"RC16PNP":15702,"MAY16PPD":25053,"MAY16PNP":11755}},{"arcs":[[87]],"type":"Polygon","properties":{"Precinct":"San Sebastián 033","TOTPOP":9881,"NH_WHITE":55,"NH_BLACK":1,"NH_AMIN":0,"NH_ASIAN":1,"NH_NHPI":0,"NH_OTHER":1,"NH_2MORE":2,"HISP":9821,"H_WHITE":8468,"H_BLACK":519,"H_AMIN":42,"H_ASIAN":0,"H_NHPI":1,"H_OTHER":640,"H_2MORE":151,"VAP":7469,"HVAP":7424,"WVAP":40,"BVAP":1,"AMINVAP":0,"ASIANVAP":1,"NHPIVAP":0,"OTHERVAP":1,"2MOREVAP":2,"State":"Puerto Rico","STATEFP":72,"Municipio":"San Sebastián","MUNIFP":83,"HDIST":16,"SEND":4,"SEND-name":"Mayagüez","Code":33,"GOV16PPD":7912,"GOV16PNP":8764,"GOV16I":2656,"RC16PPD":8724,"RC16PNP":9221,"MAY16PPD":5755,"MAY16PNP":13277}},{"arcs":[[88]],"type":"Polygon","properties":{"Precinct":"Las Marías 034","TOTPOP":42430,"NH_WHITE":229,"NH_BLACK":26,"NH_AMIN":1,"NH_ASIAN":18,"NH_NHPI":0,"NH_OTHER":2,"NH_2MORE":10,"HISP":42144,"H_WHITE":37320,"H_BLACK":1260,"H_AMIN":128,"H_ASIAN":11,"H_NHPI":0,"H_OTHER":2419,"H_2MORE":1006,"VAP":32339,"HVAP":32116,"WVAP":181,"BVAP":19,"AMINVAP":1,"ASIANVAP":13,"NHPIVAP":0,"OTHERVAP":2,"2MOREVAP":7,"State":"Puerto Rico","STATEFP":72,"Municipio":"Las Marías","MUNIFP":131,"HDIST":16,"SEND":4,"SEND-name":"Mayagüez","Code":34,"GOV16PPD":2620,"GOV16PNP":3000,"GOV16I":449,"RC16PPD":2706,"RC16PNP":3039,"MAY16PPD":2979,"MAY16PNP":3106}},{"arcs":[[89]],"type":"Polygon","properties":{"Precinct":"Cabo Rojo 046","TOTPOP":50917,"NH_WHITE":455,"NH_BLACK":36,"NH_AMIN":1,"NH_ASIAN":17,"NH_NHPI":4,"NH_OTHER":8,"NH_2MORE":20,"HISP":50376,"H_WHITE":42360,"H_BLACK":2722,"H_AMIN":142,"H_ASIAN":21,"H_NHPI":5,"H_OTHER":3675,"H_2MORE":1451,"VAP":39012,"HVAP":38549,"WVAP":395,"BVAP":27,"AMINVAP":1,"ASIANVAP":17,"NHPIVAP":2,"OTHERVAP":7,"2MOREVAP":14,"State":"Puerto Rico","STATEFP":72,"Municipio":"Cabo Rojo","MUNIFP":23,"HDIST":20,"SEND":4,"SEND-name":"Mayagüez","Code":46,"GOV16PPD":8226,"GOV16PNP":7612,"GOV16I":4573,"RC16PPD":9498,"RC16PNP":8575,"MAY16PPD":11127,"MAY16PNP":9022}},{"arcs":[[90]],"type":"Polygon","properties":{"Precinct":"Hormigueros 045","TOTPOP":17250,"NH_WHITE":63,"NH_BLACK":7,"NH_AMIN":1,"NH_ASIAN":11,"NH_NHPI":0,"NH_OTHER":1,"NH_2MORE":9,"HISP":17158,"H_WHITE":13937,"H_BLACK":1431,"H_AMIN":69,"H_ASIAN":5,"H_NHPI":0,"H_OTHER":1266,"H_2MORE":450,"VAP":13557,"HVAP":13479,"WVAP":56,"BVAP":6,"AMINVAP":1,"ASIANVAP":10,"NHPIVAP":0,"OTHERVAP":1,"2MOREVAP":4,"State":"Puerto Rico","STATEFP":72,"Municipio":"Hormigueros","MUNIFP":67,"HDIST":20,"SEND":4,"SEND-name":"Mayagüez","Code":45,"GOV16PPD":3748,"GOV16PNP":2824,"GOV16I":1611,"RC16PPD":4251,"RC16PNP":3087,"MAY16PPD":5737,"MAY16PNP":2342}},{"arcs":[[91]],"type":"Polygon","properties":{"Precinct":"Aguadilla 035","TOTPOP":60949,"NH_WHITE":702,"NH_BLACK":105,"NH_AMIN":2,"NH_ASIAN":58,"NH_NHPI":2,"NH_OTHER":11,"NH_2MORE":23,"HISP":60046,"H_WHITE":49887,"H_BLACK":4410,"H_AMIN":152,"H_ASIAN":41,"H_NHPI":2,"H_OTHER":4114,"H_2MORE":1440,"VAP":46516,"HVAP":45787,"WVAP":568,"BVAP":90,"AMINVAP":2,"ASIANVAP":42,"NHPIVAP":2,"OTHERVAP":7,"2MOREVAP":18,"State":"Puerto Rico","STATEFP":72,"Municipio":"Aguadilla","MUNIFP":5,"HDIST":17,"SEND":4,"SEND-name":"Mayagüez","Code":35,"GOV16PPD":7871,"GOV16PNP":11121,"GOV16I":3817,"RC16PPD":8856,"RC16PNP":11981,"MAY16PPD":7269,"MAY16PNP":15119}},{"arcs":[[92]],"type":"Polygon","properties":{"Precinct":"Aguada 038","TOTPOP":41959,"NH_WHITE":218,"NH_BLACK":13,"NH_AMIN":0,"NH_ASIAN":15,"NH_NHPI":0,"NH_OTHER":4,"NH_2MORE":8,"HISP":41701,"H_WHITE":36132,"H_BLACK":2213,"H_AMIN":129,"H_ASIAN":7,"H_NHPI":0,"H_OTHER":2218,"H_2MORE":1002,"VAP":32033,"HVAP":31831,"WVAP":169,"BVAP":12,"AMINVAP":0,"ASIANVAP":11,"NHPIVAP":0,"OTHERVAP":4,"2MOREVAP":6,"State":"Puerto Rico","STATEFP":72,"Municipio":"Aguada","MUNIFP":3,"HDIST":18,"SEND":4,"SEND-name":"Mayagüez","Code":38,"GOV16PPD":7459,"GOV16PNP":9194,"GOV16I":3894,"RC16PPD":8524,"RC16PNP":10069,"MAY16PPD":9929,"MAY16PNP":10326}},{"arcs":[[93]],"type":"Polygon","properties":{"Precinct":"Rincón 039","TOTPOP":15200,"NH_WHITE":493,"NH_BLACK":18,"NH_AMIN":1,"NH_ASIAN":13,"NH_NHPI":2,"NH_OTHER":9,"NH_2MORE":4,"HISP":14660,"H_WHITE":12532,"H_BLACK":793,"H_AMIN":81,"H_ASIAN":14,"H_NHPI":3,"H_OTHER":844,"H_2MORE":393,"VAP":11776,"HVAP":11305,"WVAP":435,"BVAP":10,"AMINVAP":1,"ASIANVAP":13,"NHPIVAP":2,"OTHERVAP":6,"2MOREVAP":4,"State":"Puerto Rico","STATEFP":72,"Municipio":"Rincón","MUNIFP":117,"HDIST":18,"SEND":4,"SEND-name":"Mayagüez","Code":39,"GOV16PPD":3315,"GOV16PNP":2683,"GOV16I":1383,"RC16PPD":3629,"RC16PNP":2988,"MAY16PPD":4344,"MAY16PNP":2943}},{"arcs":[[94]],"type":"Polygon","properties":{"Precinct":"Añasco 040","TOTPOP":29261,"NH_WHITE":188,"NH_BLACK":22,"NH_AMIN":0,"NH_ASIAN":8,"NH_NHPI":0,"NH_OTHER":5,"NH_2MORE":4,"HISP":29034,"H_WHITE":23809,"H_BLACK":2074,"H_AMIN":105,"H_ASIAN":29,"H_NHPI":4,"H_OTHER":2188,"H_2MORE":825,"VAP":22262,"HVAP":22071,"WVAP":156,"BVAP":20,"AMINVAP":0,"ASIANVAP":8,"NHPIVAP":0,"OTHERVAP":4,"2MOREVAP":3,"State":"Puerto Rico","STATEFP":72,"Municipio":"Añasco","MUNIFP":11,"HDIST":18,"SEND":4,"SEND-name":"Mayagüez","Code":40,"GOV16PPD":5690,"GOV16PNP":6246,"GOV16I":2204,"RC16PPD":6338,"RC16PNP":6696,"MAY16PPD":7614,"MAY16PNP":6301}},{"arcs":[[95]],"type":"Polygon","properties":{"Precinct":"Mayagüez 041","TOTPOP":3911,"NH_WHITE":25,"NH_BLACK":7,"NH_AMIN":0,"NH_ASIAN":2,"NH_NHPI":0,"NH_OTHER":0,"NH_2MORE":0,"HISP":3877,"H_WHITE":2865,"H_BLACK":319,"H_AMIN":24,"H_ASIAN":1,"H_NHPI":1,"H_OTHER":565,"H_2MORE":102,"VAP":3169,"HVAP":3142,"WVAP":18,"BVAP":7,"AMINVAP":0,"ASIANVAP":2,"NHPIVAP":0,"OTHERVAP":0,"2MOREVAP":0,"State":"Puerto Rico","STATEFP":72,"Municipio":"Mayagüez","MUNIFP":97,"HDIST":18,"SEND":4,"SEND-name":"Mayagüez","Code":41,"GOV16PPD":659,"GOV16PNP":529,"GOV16I":199,"RC16PPD":688,"RC16PNP":574,"MAY16PPD":911,"MAY16PNP":469}},{"arcs":[[96]],"type":"Polygon","properties":{"Precinct":"Moca 037","TOTPOP":5275,"NH_WHITE":22,"NH_BLACK":1,"NH_AMIN":0,"NH_ASIAN":0,"NH_NHPI":0,"NH_OTHER":0,"NH_2MORE":0,"HISP":5252,"H_WHITE":4777,"H_BLACK":166,"H_AMIN":8,"H_ASIAN":2,"H_NHPI":0,"H_OTHER":213,"H_2MORE":86,"VAP":3820,"HVAP":3805,"WVAP":14,"BVAP":1,"AMINVAP":0,"ASIANVAP":0,"NHPIVAP":0,"OTHERVAP":0,"2MOREVAP":0,"State":"Puerto Rico","STATEFP":72,"Municipio":"Moca","MUNIFP":99,"HDIST":18,"SEND":4,"SEND-name":"Mayagüez","Code":37,"GOV16PPD":771,"GOV16PNP":1405,"GOV16I":354,"RC16PPD":898,"RC16PNP":1474,"MAY16PPD":1093,"MAY16PNP":1420}},{"arcs":[[97]],"type":"Polygon","properties":{"Precinct":"Moca 036","TOTPOP":34834,"NH_WHITE":163,"NH_BLACK":18,"NH_AMIN":2,"NH_ASIAN":12,"NH_NHPI":0,"NH_OTHER":1,"NH_2MORE":5,"HISP":34633,"H_WHITE":30935,"H_BLACK":1611,"H_AMIN":53,"H_ASIAN":18,"H_NHPI":5,"H_OTHER":1253,"H_2MORE":758,"VAP":25937,"HVAP":25781,"WVAP":126,"BVAP":11,"AMINVAP":2,"ASIANVAP":11,"NHPIVAP":0,"OTHERVAP":1,"2MOREVAP":5,"State":"Puerto Rico","STATEFP":72,"Municipio":"Moca","MUNIFP":99,"HDIST":17,"SEND":4,"SEND-name":"Mayagüez","Code":36,"GOV16PPD":5930,"GOV16PNP":8365,"GOV16I":1942,"RC16PPD":6542,"RC16PNP":8689,"MAY16PPD":7545,"MAY16PNP":8628}},{"arcs":[[98]],"type":"Polygon","properties":{"Precinct":"San Germán 044","TOTPOP":25894,"NH_WHITE":156,"NH_BLACK":25,"NH_AMIN":5,"NH_ASIAN":11,"NH_NHPI":1,"NH_OTHER":4,"NH_2MORE":7,"HISP":25685,"H_WHITE":21425,"H_BLACK":1435,"H_AMIN":111,"H_ASIAN":20,"H_NHPI":3,"H_OTHER":2214,"H_2MORE":477,"VAP":20176,"HVAP":20004,"WVAP":125,"BVAP":22,"AMINVAP":5,"ASIANVAP":9,"NHPIVAP":0,"OTHERVAP":4,"2MOREVAP":7,"State":"Puerto Rico","STATEFP":72,"Municipio":"San Germán","MUNIFP":125,"HDIST":20,"SEND":4,"SEND-name":"Mayagüez","Code":44,"GOV16PPD":4694,"GOV16PNP":4430,"GOV16I":2073,"RC16PPD":5278,"RC16PNP":4848,"MAY16PPD":6404,"MAY16PNP":4569}},{"arcs":[[99]],"type":"Polygon","properties":{"Precinct":"San Germán 043","TOTPOP":9633,"NH_WHITE":54,"NH_BLACK":4,"NH_AMIN":0,"NH_ASIAN":4,"NH_NHPI":1,"NH_OTHER":0,"NH_2MORE":3,"HISP":9567,"H_WHITE":7979,"H_BLACK":525,"H_AMIN":13,"H_ASIAN":6,"H_NHPI":0,"H_OTHER":774,"H_2MORE":270,"VAP":7361,"HVAP":7308,"WVAP":43,"BVAP":4,"AMINVAP":0,"ASIANVAP":4,"NHPIVAP":0,"OTHERVAP":0,"2MOREVAP":2,"State":"Puerto Rico","STATEFP":72,"Municipio":"San Germán","MUNIFP":125,"HDIST":19,"SEND":4,"SEND-name":"Mayagüez","Code":43,"GOV16PPD":1523,"GOV16PNP":1764,"GOV16I":632,"RC16PPD":1662,"RC16PNP":1910,"MAY16PPD":1997,"MAY16PNP":1859}},{"arcs":[[[100]],[[101]]],"type":"MultiPolygon","properties":{"Precinct":"Lajas 047","TOTPOP":25753,"NH_WHITE":147,"NH_BLACK":9,"NH_AMIN":1,"NH_ASIAN":13,"NH_NHPI":0,"NH_OTHER":4,"NH_2MORE":1,"HISP":25578,"H_WHITE":20603,"H_BLACK":1340,"H_AMIN":63,"H_ASIAN":10,"H_NHPI":4,"H_OTHER":3102,"H_2MORE":456,"VAP":19800,"HVAP":19650,"WVAP":125,"BVAP":8,"AMINVAP":1,"ASIANVAP":13,"NHPIVAP":0,"OTHERVAP":2,"2MOREVAP":1,"State":"Puerto Rico","STATEFP":72,"Municipio":"Lajas","MUNIFP":79,"HDIST":21,"SEND":5,"SEND-name":"Ponce","Code":47,"GOV16PPD":4713,"GOV16PNP":4339,"GOV16I":1694,"RC16PPD":5106,"RC16PNP":4737,"MAY16PPD":6204,"MAY16PNP":4392}},{"arcs":[[102]],"type":"Polygon","properties":{"Precinct":"Guánica 048","TOTPOP":19427,"NH_WHITE":99,"NH_BLACK":17,"NH_AMIN":2,"NH_ASIAN":3,"NH_NHPI":1,"NH_OTHER":3,"NH_2MORE":1,"HISP":19301,"H_WHITE":15421,"H_BLACK":1488,"H_AMIN":98,"H_ASIAN":4,"H_NHPI":0,"H_OTHER":1763,"H_2MORE":527,"VAP":14641,"HVAP":14543,"WVAP":81,"BVAP":10,"AMINVAP":2,"ASIANVAP":3,"NHPIVAP":1,"OTHERVAP":1,"2MOREVAP":0,"State":"Puerto Rico","STATEFP":72,"Municipio":"Guánica","MUNIFP":55,"HDIST":21,"SEND":5,"SEND-name":"Ponce","Code":48,"GOV16PPD":3847,"GOV16PNP":4251,"GOV16I":1180,"RC16PPD":4065,"RC16PNP":4557,"MAY16PPD":3695,"MAY16PNP":5501}},{"arcs":[[103]],"type":"Polygon","properties":{"Precinct":"Sábana Grande 049","TOTPOP":25262,"NH_WHITE":106,"NH_BLACK":8,"NH_AMIN":2,"NH_ASIAN":4,"NH_NHPI":0,"NH_OTHER":2,"NH_2MORE":4,"HISP":25136,"H_WHITE":21444,"H_BLACK":1386,"H_AMIN":89,"H_ASIAN":4,"H_NHPI":2,"H_OTHER":1589,"H_2MORE":622,"VAP":19029,"HVAP":18922,"WVAP":89,"BVAP":8,"AMINVAP":2,"ASIANVAP":4,"NHPIVAP":0,"OTHERVAP":2,"2MOREVAP":2,"State":"Puerto Rico","STATEFP":72,"Municipio":"Sábana Grande","MUNIFP":121,"HDIST":21,"SEND":5,"SEND-name":"Ponce","Code":49,"GOV16PPD":6131,"GOV16PNP":4130,"GOV16I":1540,"RC16PPD":6412,"RC16PNP":4560,"MAY16PPD":6668,"MAY16PNP":4979}},{"arcs":[[104]],"type":"Polygon","properties":{"Precinct":"Maricao 050","TOTPOP":6279,"NH_WHITE":31,"NH_BLACK":3,"NH_AMIN":0,"NH_ASIAN":3,"NH_NHPI":1,"NH_OTHER":0,"NH_2MORE":1,"HISP":6240,"H_WHITE":5569,"H_BLACK":300,"H_AMIN":27,"H_ASIAN":0,"H_NHPI":7,"H_OTHER":243,"H_2MORE":94,"VAP":4705,"HVAP":4672,"WVAP":26,"BVAP":2,"AMINVAP":0,"ASIANVAP":3,"NHPIVAP":1,"OTHERVAP":0,"2MOREVAP":1,"State":"Puerto Rico","STATEFP":72,"Municipio":"Maricao","MUNIFP":93,"HDIST":21,"SEND":5,"SEND-name":"Ponce","Code":50,"GOV16PPD":1387,"GOV16PNP":1848,"GOV16I":243,"RC16PPD":1403,"RC16PNP":1876,"MAY16PPD":1675,"MAY16PNP":1818}},{"arcs":[[105]],"type":"Polygon","properties":{"Precinct":"Yauco 051","TOTPOP":16185,"NH_WHITE":57,"NH_BLACK":4,"NH_AMIN":0,"NH_ASIAN":8,"NH_NHPI":0,"NH_OTHER":4,"NH_2MORE":7,"HISP":16105,"H_WHITE":13612,"H_BLACK":880,"H_AMIN":44,"H_ASIAN":3,"H_NHPI":5,"H_OTHER":1221,"H_2MORE":340,"VAP":12298,"HVAP":12233,"WVAP":43,"BVAP":3,"AMINVAP":0,"ASIANVAP":8,"NHPIVAP":0,"OTHERVAP":4,"2MOREVAP":7,"State":"Puerto Rico","STATEFP":72,"Municipio":"Yauco","MUNIFP":153,"HDIST":21,"SEND":5,"SEND-name":"Ponce","Code":51,"GOV16PPD":2609,"GOV16PNP":3239,"GOV16I":1092,"RC16PPD":2784,"RC16PNP":3540,"MAY16PPD":2291,"MAY16PNP":4427}},{"arcs":[[106]],"type":"Polygon","properties":{"Precinct":"Yauco 052","TOTPOP":25858,"NH_WHITE":104,"NH_BLACK":6,"NH_AMIN":3,"NH_ASIAN":13,"NH_NHPI":0,"NH_OTHER":3,"NH_2MORE":3,"HISP":25726,"H_WHITE":21126,"H_BLACK":1592,"H_AMIN":98,"H_ASIAN":11,"H_NHPI":0,"H_OTHER":2102,"H_2MORE":797,"VAP":19613,"HVAP":19509,"WVAP":78,"BVAP":5,"AMINVAP":3,"ASIANVAP":13,"NHPIVAP":0,"OTHERVAP":2,"2MOREVAP":3,"State":"Puerto Rico","STATEFP":72,"Municipio":"Yauco 052","MUNIFP":153,"HDIST":23,"SEND":5,"SEND-name":"Ponce","Code":52,"GOV16PPD":4678,"GOV16PNP":4907,"GOV16I":2033,"RC16PPD":5089,"RC16PNP":5430,"MAY16PPD":4190,"MAY16PNP":6928}},{"arcs":[[107]],"type":"Polygon","properties":{"Precinct":"Guayanilla 058","TOTPOP":21581,"NH_WHITE":65,"NH_BLACK":19,"NH_AMIN":1,"NH_ASIAN":8,"NH_NHPI":1,"NH_OTHER":7,"NH_2MORE":5,"HISP":21475,"H_WHITE":17610,"H_BLACK":1777,"H_AMIN":93,"H_ASIAN":4,"H_NHPI":0,"H_OTHER":1558,"H_2MORE":433,"VAP":16101,"HVAP":16018,"WVAP":50,"BVAP":14,"AMINVAP":1,"ASIANVAP":7,"NHPIVAP":1,"OTHERVAP":5,"2MOREVAP":5,"State":"Puerto Rico","STATEFP":72,"Municipio":"Guayanilla","MUNIFP":59,"HDIST":23,"SEND":5,"SEND-name":"Ponce","Code":58,"GOV16PPD":4608,"GOV16PNP":4224,"GOV16I":1491,"RC16PPD":4863,"RC16PNP":4566,"MAY16PPD":5545,"MAY16PNP":4798}},{"arcs":[[108]],"type":"Polygon","properties":{"Precinct":"Peñuelas 059","TOTPOP":24282,"NH_WHITE":128,"NH_BLACK":14,"NH_AMIN":0,"NH_ASIAN":10,"NH_NHPI":0,"NH_OTHER":0,"NH_2MORE":4,"HISP":24126,"H_WHITE":19726,"H_BLACK":2223,"H_AMIN":99,"H_ASIAN":32,"H_NHPI":0,"H_OTHER":1635,"H_2MORE":411,"VAP":17598,"HVAP":17482,"WVAP":90,"BVAP":13,"AMINVAP":0,"ASIANVAP":10,"NHPIVAP":0,"OTHERVAP":0,"2MOREVAP":3,"State":"Puerto Rico","STATEFP":72,"Municipio":"Peñuelas","MUNIFP":111,"HDIST":23,"SEND":5,"SEND-name":"Ponce","Code":59,"GOV16PPD":4370,"GOV16PNP":4562,"GOV16I":1629,"RC16PPD":4779,"RC16PNP":4866,"MAY16PPD":5950,"MAY16PNP":4541}},{"arcs":[[109]],"type":"Polygon","properties":{"Precinct":"Adjuntas 055","TOTPOP":19483,"NH_WHITE":78,"NH_BLACK":2,"NH_AMIN":1,"NH_ASIAN":1,"NH_NHPI":0,"NH_OTHER":0,"NH_2MORE":0,"HISP":19401,"H_WHITE":18068,"H_BLACK":601,"H_AMIN":67,"H_ASIAN":4,"H_NHPI":1,"H_OTHER":411,"H_2MORE":249,"VAP":14484,"HVAP":14419,"WVAP":62,"BVAP":1,"AMINVAP":1,"ASIANVAP":1,"NHPIVAP":0,"OTHERVAP":0,"2MOREVAP":0,"State":"Puerto Rico","STATEFP":72,"Municipio":"Adjuntas","MUNIFP":1,"HDIST":22,"SEND":5,"SEND-name":"Ponce","Code":55,"GOV16PPD":3907,"GOV16PNP":5451,"GOV16I":932,"RC16PPD":4125,"RC16PNP":5490,"MAY16PPD":3878,"MAY16PNP":6243}},{"arcs":[[110]],"type":"Polygon","properties":{"Precinct":"Lares 053","TOTPOP":30753,"NH_WHITE":201,"NH_BLACK":3,"NH_AMIN":1,"NH_ASIAN":4,"NH_NHPI":5,"NH_OTHER":1,"NH_2MORE":3,"HISP":30535,"H_WHITE":27805,"H_BLACK":923,"H_AMIN":74,"H_ASIAN":18,"H_NHPI":3,"H_OTHER":1070,"H_2MORE":642,"VAP":23382,"HVAP":23212,"WVAP":156,"BVAP":3,"AMINVAP":1,"ASIANVAP":4,"NHPIVAP":3,"OTHERVAP":1,"2MOREVAP":2,"State":"Puerto Rico","STATEFP":72,"Municipio":"Lares","MUNIFP":81,"HDIST":22,"SEND":5,"SEND-name":"Ponce","Code":53,"GOV16PPD":6319,"GOV16PNP":7686,"GOV16I":1548,"RC16PPD":6734,"RC16PNP":7903,"MAY16PPD":7428,"MAY16PNP":8109}},{"arcs":[[111]],"type":"Polygon","properties":{"Precinct":"Utuado 054","TOTPOP":33149,"NH_WHITE":164,"NH_BLACK":6,"NH_AMIN":3,"NH_ASIAN":13,"NH_NHPI":0,"NH_OTHER":1,"NH_2MORE":6,"HISP":32956,"H_WHITE":30555,"H_BLACK":880,"H_AMIN":69,"H_ASIAN":11,"H_NHPI":9,"H_OTHER":973,"H_2MORE":459,"VAP":24995,"HVAP":24852,"WVAP":124,"BVAP":5,"AMINVAP":3,"ASIANVAP":9,"NHPIVAP":0,"OTHERVAP":0,"2MOREVAP":2,"State":"Puerto Rico","STATEFP":72,"Municipio":"Utuado","MUNIFP":141,"HDIST":22,"SEND":5,"SEND-name":"Ponce","Code":54,"GOV16PPD":6431,"GOV16PNP":7571,"GOV16I":1489,"RC16PPD":6831,"RC16PNP":7627,"MAY16PPD":8181,"MAY16PNP":7247}},{"arcs":[[112]],"type":"Polygon","properties":{"Precinct":"Jayuya 057","TOTPOP":7708,"NH_WHITE":28,"NH_BLACK":0,"NH_AMIN":1,"NH_ASIAN":1,"NH_NHPI":1,"NH_OTHER":0,"NH_2MORE":0,"HISP":7677,"H_WHITE":7038,"H_BLACK":234,"H_AMIN":37,"H_ASIAN":2,"H_NHPI":0,"H_OTHER":255,"H_2MORE":111,"VAP":5583,"HVAP":5564,"WVAP":16,"BVAP":0,"AMINVAP":1,"ASIANVAP":1,"NHPIVAP":1,"OTHERVAP":0,"2MOREVAP":0,"State":"Puerto Rico","STATEFP":72,"Municipio":"Jayuya","MUNIFP":73,"HDIST":25,"SEND":5,"SEND-name":"Ponce","Code":57,"GOV16PPD":2163,"GOV16PNP":2052,"GOV16I":437,"RC16PPD":2298,"RC16PNP":2090,"MAY16PPD":2635,"MAY16PNP":2022}},{"arcs":[[113]],"type":"Polygon","properties":{"Precinct":"Jayuya 056","TOTPOP":8934,"NH_WHITE":16,"NH_BLACK":6,"NH_AMIN":0,"NH_ASIAN":6,"NH_NHPI":0,"NH_OTHER":0,"NH_2MORE":1,"HISP":8905,"H_WHITE":8012,"H_BLACK":326,"H_AMIN":26,"H_ASIAN":3,"H_NHPI":0,"H_OTHER":342,"H_2MORE":196,"VAP":6488,"HVAP":6466,"WVAP":14,"BVAP":3,"AMINVAP":0,"ASIANVAP":4,"NHPIVAP":0,"OTHERVAP":0,"2MOREVAP":1,"State":"Puerto Rico","STATEFP":72,"Municipio":"Jayuya","MUNIFP":73,"HDIST":22,"SEND":5,"SEND-name":"Ponce","Code":56,"GOV16PPD":1720,"GOV16PNP":1864,"GOV16I":341,"RC16PPD":1811,"RC16PNP":1886,"MAY16PPD":2117,"MAY16PNP":1808}},{"arcs":[[114]],"type":"Polygon","properties":{"Precinct":"Ponce 061","TOTPOP":93774,"NH_WHITE":582,"NH_BLACK":70,"NH_AMIN":8,"NH_ASIAN":75,"NH_NHPI":1,"NH_OTHER":17,"NH_2MORE":51,"HISP":92970,"H_WHITE":75842,"H_BLACK":8715,"H_AMIN":520,"H_ASIAN":143,"H_NHPI":9,"H_OTHER":5510,"H_2MORE":2231,"VAP":70921,"HVAP":70285,"WVAP":468,"BVAP":55,"AMINVAP":8,"ASIANVAP":64,"NHPIVAP":0,"OTHERVAP":8,"2MOREVAP":33,"State":"Puerto Rico","STATEFP":72,"Municipio":"Ponce","MUNIFP":113,"HDIST":24,"SEND":5,"SEND-name":"Ponce","Code":61,"GOV16PPD":13150,"GOV16PNP":14712,"GOV16I":7124,"RC16PPD":15474,"RC16PNP":15996,"MAY16PPD":14771,"MAY16PNP":17795}},{"arcs":[[115]],"type":"Polygon","properties":{"Precinct":"Ponce 060","TOTPOP":22036,"NH_WHITE":139,"NH_BLACK":12,"NH_AMIN":1,"NH_ASIAN":8,"NH_NHPI":1,"NH_OTHER":3,"NH_2MORE":13,"HISP":21859,"H_WHITE":18077,"H_BLACK":1674,"H_AMIN":85,"H_ASIAN":9,"H_NHPI":0,"H_OTHER":1427,"H_2MORE":587,"VAP":17283,"HVAP":17145,"WVAP":108,"BVAP":9,"AMINVAP":1,"ASIANVAP":4,"NHPIVAP":1,"OTHERVAP":3,"2MOREVAP":12,"State":"Puerto Rico","STATEFP":72,"Municipio":"Ponce","MUNIFP":113,"HDIST":23,"SEND":5,"SEND-name":"Ponce","Code":60,"GOV16PPD":2477,"GOV16PNP":2776,"GOV16I":1504,"RC16PPD":2933,"RC16PNP":3073,"MAY16PPD":2826,"MAY16PNP":3417}},{"arcs":[[[116]],[[117]]],"type":"MultiPolygon","properties":{"Precinct":"Ponce 062","TOTPOP":50517,"NH_WHITE":321,"NH_BLACK":18,"NH_AMIN":4,"NH_ASIAN":22,"NH_NHPI":0,"NH_OTHER":11,"NH_2MORE":15,"HISP":50126,"H_WHITE":41486,"H_BLACK":4407,"H_AMIN":155,"H_ASIAN":39,"H_NHPI":4,"H_OTHER":2891,"H_2MORE":1144,"VAP":37518,"HVAP":37246,"WVAP":232,"BVAP":10,"AMINVAP":3,"ASIANVAP":17,"NHPIVAP":0,"OTHERVAP":4,"2MOREVAP":6,"State":"Puerto Rico","STATEFP":72,"Municipio":"Ponce","MUNIFP":113,"HDIST":25,"SEND":5,"SEND-name":"Ponce","Code":62,"GOV16PPD":7282,"GOV16PNP":7878,"GOV16I":3896,"RC16PPD":8536,"RC16PNP":8687,"MAY16PPD":8201,"MAY16PNP":9690}},{"arcs":[[118]],"type":"Polygon","properties":{"Precinct":"Juana Díaz 063","TOTPOP":33981,"NH_WHITE":152,"NH_BLACK":39,"NH_AMIN":0,"NH_ASIAN":5,"NH_NHPI":0,"NH_OTHER":7,"NH_2MORE":20,"HISP":33758,"H_WHITE":25619,"H_BLACK":4916,"H_AMIN":164,"H_ASIAN":18,"H_NHPI":2,"H_OTHER":2179,"H_2MORE":860,"VAP":24655,"HVAP":24492,"WVAP":109,"BVAP":32,"AMINVAP":0,"ASIANVAP":5,"NHPIVAP":0,"OTHERVAP":4,"2MOREVAP":13,"State":"Puerto Rico","STATEFP":72,"Municipio":"Juana Díaz","MUNIFP":75,"HDIST":25,"SEND":5,"SEND-name":"Ponce","Code":63,"GOV16PPD":5268,"GOV16PNP":5801,"GOV16I":2127,"RC16PPD":5964,"RC16PNP":6160,"MAY16PPD":8086,"MAY16PNP":4891}},{"arcs":[[119]],"type":"Polygon","properties":{"Precinct":"Loíza 103","TOTPOP":30060,"NH_WHITE":90,"NH_BLACK":63,"NH_AMIN":4,"NH_ASIAN":4,"NH_NHPI":0,"NH_OTHER":9,"NH_2MORE":7,"HISP":29883,"H_WHITE":7884,"H_BLACK":19251,"H_AMIN":140,"H_ASIAN":32,"H_NHPI":2,"H_OTHER":1816,"H_2MORE":758,"VAP":21928,"HVAP":21791,"WVAP":74,"BVAP":48,"AMINVAP":2,"ASIANVAP":3,"NHPIVAP":0,"OTHERVAP":6,"2MOREVAP":4,"State":"Puerto Rico","STATEFP":72,"Municipio":"Loíza","MUNIFP":87,"HDIST":37,"SEND":8,"SEND-name":"Carolina","Code":103,"GOV16PPD":3797,"GOV16PNP":5760,"GOV16I":1290,"RC16PPD":3962,"RC16PNP":5928,"MAY16PPD":5956,"MAY16PNP":4880}},{"arcs":[[120]],"type":"Polygon","properties":{"Precinct":"San Juan 005","TOTPOP":26667,"NH_WHITE":222,"NH_BLACK":20,"NH_AMIN":4,"NH_ASIAN":16,"NH_NHPI":1,"NH_OTHER":5,"NH_2MORE":4,"HISP":26395,"H_WHITE":18820,"H_BLACK":4280,"H_AMIN":122,"H_ASIAN":35,"H_NHPI":1,"H_OTHER":2142,"H_2MORE":995,"VAP":20315,"HVAP":20100,"WVAP":173,"BVAP":15,"AMINVAP":4,"ASIANVAP":15,"NHPIVAP":1,"OTHERVAP":5,"2MOREVAP":2,"State":"Puerto Rico","STATEFP":72,"Municipio":"San Juan","MUNIFP":127,"HDIST":5,"SEND":1,"SEND-name":"San Juan","Code":5,"GOV16PPD":4660,"GOV16PNP":4061,"GOV16I":2143,"RC16PPD":5539,"RC16PNP":4569,"MAY16PPD":6124,"MAY16PNP":4728}},{"arcs":[[121]],"type":"Polygon","properties":{"Precinct":"Carolina 106","TOTPOP":35377,"NH_WHITE":172,"NH_BLACK":52,"NH_AMIN":2,"NH_ASIAN":47,"NH_NHPI":0,"NH_OTHER":5,"NH_2MORE":5,"HISP":35094,"H_WHITE":22956,"H_BLACK":7468,"H_AMIN":148,"H_ASIAN":41,"H_NHPI":1,"H_OTHER":3277,"H_2MORE":1203,"VAP":26590,"HVAP":26373,"WVAP":139,"BVAP":39,"AMINVAP":2,"ASIANVAP":31,"NHPIVAP":0,"OTHERVAP":3,"2MOREVAP":3,"State":"Puerto Rico","STATEFP":72,"Municipio":"Carolina","MUNIFP":31,"HDIST":38,"SEND":8,"SEND-name":"Carolina","Code":106,"GOV16PPD":5805,"GOV16PNP":5844,"GOV16I":2612,"RC16PPD":6714,"RC16PNP":6411,"MAY16PPD":10682,"MAY16PNP":3663}},{"arcs":[[122]],"type":"Polygon","properties":{"Precinct":"Trujillo Alto 110","TOTPOP":40808,"NH_WHITE":232,"NH_BLACK":75,"NH_AMIN":1,"NH_ASIAN":31,"NH_NHPI":1,"NH_OTHER":13,"NH_2MORE":18,"HISP":40437,"H_WHITE":28705,"H_BLACK":6053,"H_AMIN":313,"H_ASIAN":88,"H_NHPI":6,"H_OTHER":4117,"H_2MORE":1155,"VAP":30586,"HVAP":30275,"WVAP":197,"BVAP":63,"AMINVAP":1,"ASIANVAP":26,"NHPIVAP":1,"OTHERVAP":7,"2MOREVAP":16,"State":"Puerto Rico","STATEFP":72,"Municipio":"Trujillo Alto","MUNIFP":139,"HDIST":39,"SEND":8,"SEND-name":"Carolina","Code":110,"GOV16PPD":5939,"GOV16PNP":5288,"GOV16I":3403,"RC16PPD":7340,"RC16PNP":6016,"MAY16PPD":9582,"MAY16PNP":4646}},{"arcs":[[123]],"type":"Polygon","properties":{"Precinct":"Trujillo Alto 109","TOTPOP":34034,"NH_WHITE":336,"NH_BLACK":57,"NH_AMIN":3,"NH_ASIAN":18,"NH_NHPI":1,"NH_OTHER":14,"NH_2MORE":13,"HISP":33592,"H_WHITE":24722,"H_BLACK":4778,"H_AMIN":239,"H_ASIAN":30,"H_NHPI":3,"H_OTHER":2715,"H_2MORE":1105,"VAP":25441,"HVAP":25105,"WVAP":264,"BVAP":39,"AMINVAP":1,"ASIANVAP":15,"NHPIVAP":1,"OTHERVAP":9,"2MOREVAP":7,"State":"Puerto Rico","STATEFP":72,"Municipio":"Trujillo Alto","MUNIFP":139,"HDIST":38,"SEND":8,"SEND-name":"Carolina","Code":109,"GOV16PPD":5367,"GOV16PNP":5066,"GOV16I":2917,"RC16PPD":6487,"RC16PNP":5712,"MAY16PPD":8557,"MAY16PNP":4379}},{"arcs":[[124]],"type":"Polygon","properties":{"Precinct":"Canóvanas 105","TOTPOP":25620,"NH_WHITE":135,"NH_BLACK":106,"NH_AMIN":3,"NH_ASIAN":3,"NH_NHPI":0,"NH_OTHER":8,"NH_2MORE":7,"HISP":25358,"H_WHITE":13755,"H_BLACK":7347,"H_AMIN":286,"H_ASIAN":57,"H_NHPI":0,"H_OTHER":3185,"H_2MORE":728,"VAP":18724,"HVAP":18524,"WVAP":110,"BVAP":75,"AMINVAP":3,"ASIANVAP":3,"NHPIVAP":0,"OTHERVAP":4,"2MOREVAP":5,"State":"Puerto Rico","STATEFP":72,"Municipio":"Canóvanas","MUNIFP":29,"HDIST":38,"SEND":8,"SEND-name":"Carolina","Code":105,"GOV16PPD":3350,"GOV16PNP":4494,"GOV16I":1459,"RC16PPD":3767,"RC16PNP":4777,"MAY16PPD":4156,"MAY16PNP":5043}},{"arcs":[[125]],"type":"Polygon","properties":{"Precinct":"Carolina 107","TOTPOP":49386,"NH_WHITE":261,"NH_BLACK":99,"NH_AMIN":8,"NH_ASIAN":59,"NH_NHPI":1,"NH_OTHER":19,"NH_2MORE":44,"HISP":48895,"H_WHITE":30081,"H_BLACK":12567,"H_AMIN":561,"H_ASIAN":109,"H_NHPI":4,"H_OTHER":4019,"H_2MORE":1554,"VAP":37701,"HVAP":37296,"WVAP":215,"BVAP":87,"AMINVAP":6,"ASIANVAP":47,"NHPIVAP":1,"OTHERVAP":17,"2MOREVAP":32,"State":"Puerto Rico","STATEFP":72,"Municipio":"Carolina","MUNIFP":31,"HDIST":39,"SEND":8,"SEND-name":"Carolina","Code":107,"GOV16PPD":8631,"GOV16PNP":7457,"GOV16I":4096,"RC16PPD":10092,"RC16PNP":8296,"MAY16PPD":15340,"MAY16PNP":4831}},{"arcs":[[126]],"type":"Polygon","properties":{"Precinct":"Carolina 108","TOTPOP":91999,"NH_WHITE":1198,"NH_BLACK":227,"NH_AMIN":21,"NH_ASIAN":199,"NH_NHPI":5,"NH_OTHER":27,"NH_2MORE":77,"HISP":90245,"H_WHITE":59015,"H_BLACK":19897,"H_AMIN":774,"H_ASIAN":170,"H_NHPI":2,"H_OTHER":7485,"H_2MORE":2902,"VAP":71768,"HVAP":70262,"WVAP":1064,"BVAP":180,"AMINVAP":15,"ASIANVAP":166,"NHPIVAP":2,"OTHERVAP":21,"2MOREVAP":58,"State":"Puerto Rico","STATEFP":72,"Municipio":"Carolina","MUNIFP":31,"HDIST":40,"SEND":8,"SEND-name":"Carolina","Code":108,"GOV16PPD":12743,"GOV16PNP":12672,"GOV16I":7109,"RC16PPD":15514,"RC16PNP":14301,"MAY16PPD":23210,"MAY16PNP":9040}},{"arcs":[[127]],"type":"Polygon","properties":{"Precinct":"Isabela 032","TOTPOP":45631,"NH_WHITE":345,"NH_BLACK":33,"NH_AMIN":1,"NH_ASIAN":35,"NH_NHPI":1,"NH_OTHER":14,"NH_2MORE":9,"HISP":45193,"H_WHITE":37713,"H_BLACK":3386,"H_AMIN":149,"H_ASIAN":30,"H_NHPI":4,"H_OTHER":2633,"H_2MORE":1278,"VAP":34758,"HVAP":34409,"WVAP":281,"BVAP":25,"AMINVAP":0,"ASIANVAP":27,"NHPIVAP":1,"OTHERVAP":9,"2MOREVAP":6,"State":"Puerto Rico","STATEFP":72,"Municipio":"Isabela","MUNIFP":71,"HDIST":16,"SEND":4,"SEND-name":"Mayagüez","Code":32,"GOV16PPD":8112,"GOV16PNP":8456,"GOV16I":3062,"RC16PPD":9211,"RC16PNP":9004,"MAY16PPD":12521,"MAY16PNP":7154}},{"arcs":[[128]],"type":"Polygon","properties":{"Precinct":"Juncos 088","TOTPOP":40290,"NH_WHITE":201,"NH_BLACK":47,"NH_AMIN":2,"NH_ASIAN":10,"NH_NHPI":0,"NH_OTHER":7,"NH_2MORE":20,"HISP":40003,"H_WHITE":28677,"H_BLACK":5457,"H_AMIN":190,"H_ASIAN":19,"H_NHPI":0,"H_OTHER":3293,"H_2MORE":2367,"VAP":29595,"HVAP":29360,"WVAP":163,"BVAP":41,"AMINVAP":2,"ASIANVAP":10,"NHPIVAP":0,"OTHERVAP":6,"2MOREVAP":13,"State":"Puerto Rico","STATEFP":72,"Municipio":"Juncos","MUNIFP":77,"HDIST":33,"SEND":7,"SEND-name":"Humacao","Code":88,"GOV16PPD":6571,"GOV16PNP":6608,"GOV16I":2540,"RC16PPD":7301,"RC16PNP":7117,"MAY16PPD":9432,"MAY16PNP":6068}},{"arcs":[[129]],"type":"Polygon","properties":{"Precinct":"Guaynabo 006","TOTPOP":38050,"NH_WHITE":279,"NH_BLACK":34,"NH_AMIN":1,"NH_ASIAN":40,"NH_NHPI":0,"NH_OTHER":9,"NH_2MORE":16,"HISP":37671,"H_WHITE":29231,"H_BLACK":3988,"H_AMIN":136,"H_ASIAN":40,"H_NHPI":3,"H_OTHER":2969,"H_2MORE":1304,"VAP":29437,"HVAP":29133,"WVAP":228,"BVAP":28,"AMINVAP":1,"ASIANVAP":31,"NHPIVAP":0,"OTHERVAP":6,"2MOREVAP":10,"State":"Puerto Rico","STATEFP":72,"Municipio":"Guaynabo","MUNIFP":61,"HDIST":5,"SEND":1,"SEND-name":"San Juan","Code":6,"GOV16PPD":5522,"GOV16PNP":7287,"GOV16I":3823,"RC16PPD":6753,"RC16PNP":8161,"MAY16PPD":3549,"MAY16PNP":12427}},{"arcs":[[130]],"type":"Polygon","properties":{"Precinct":"Cidra 076","TOTPOP":43480,"NH_WHITE":186,"NH_BLACK":23,"NH_AMIN":0,"NH_ASIAN":10,"NH_NHPI":0,"NH_OTHER":18,"NH_2MORE":4,"HISP":43239,"H_WHITE":33131,"H_BLACK":3569,"H_AMIN":173,"H_ASIAN":26,"H_NHPI":0,"H_OTHER":4830,"H_2MORE":1510,"VAP":32631,"HVAP":32439,"WVAP":153,"BVAP":13,"AMINVAP":0,"ASIANVAP":10,"NHPIVAP":0,"OTHERVAP":12,"2MOREVAP":4,"State":"Puerto Rico","STATEFP":72,"Municipio":"Cidra","MUNIFP":41,"HDIST":29,"SEND":6,"SEND-name":"Guayama","Code":76,"GOV16PPD":6972,"GOV16PNP":7965,"GOV16I":3898,"RC16PPD":8057,"RC16PNP":9032,"MAY16PPD":6319,"MAY16PNP":12139}},{"arcs":[[131]],"type":"Polygon","properties":{"Precinct":"Toa Baja 014","TOTPOP":89609,"NH_WHITE":619,"NH_BLACK":125,"NH_AMIN":18,"NH_ASIAN":82,"NH_NHPI":0,"NH_OTHER":51,"NH_2MORE":30,"HISP":88684,"H_WHITE":62301,"H_BLACK":14949,"H_AMIN":504,"H_ASIAN":146,"H_NHPI":2,"H_OTHER":7736,"H_2MORE":3046,"VAP":67780,"HVAP":67034,"WVAP":494,"BVAP":102,"AMINVAP":13,"ASIANVAP":68,"NHPIVAP":0,"OTHERVAP":39,"2MOREVAP":30,"State":"Puerto Rico","STATEFP":72,"Municipio":"Toa Baja","MUNIFP":137,"HDIST":10,"SEND":2,"SEND-name":"Bayamón","Code":14,"GOV16PPD":12500,"GOV16PNP":14184,"GOV16I":7321,"RC16PPD":14686,"RC16PNP":15945,"MAY16PPD":7986,"MAY16PNP":25544}},{"arcs":[[132]],"type":"Polygon","properties":{"Precinct":"Las Piedras 089","TOTPOP":31162,"NH_WHITE":154,"NH_BLACK":16,"NH_AMIN":2,"NH_ASIAN":17,"NH_NHPI":0,"NH_OTHER":7,"NH_2MORE":10,"HISP":30956,"H_WHITE":21592,"H_BLACK":3811,"H_AMIN":153,"H_ASIAN":19,"H_NHPI":5,"H_OTHER":3213,"H_2MORE":2163,"VAP":23266,"HVAP":23089,"WVAP":136,"BVAP":12,"AMINVAP":2,"ASIANVAP":12,"NHPIVAP":0,"OTHERVAP":7,"2MOREVAP":8,"State":"Puerto Rico","STATEFP":72,"Municipio":"Las Piedras","MUNIFP":85,"HDIST":33,"SEND":7,"SEND-name":"Humacao","Code":89,"GOV16PPD":4493,"GOV16PNP":6612,"GOV16I":2304,"RC16PPD":5101,"RC16PNP":7244,"MAY16PPD":5272,"MAY16PNP":7946}}]}}}