{
"type": "FeatureCollection",
"name": "precincts",
"crs": { "type": "name", "properties": { "name": "urn:ogc:def:crs:OGC:1.3:CRS84" } },
"features": [
{ "type": "Feature", "properties": { "district": 1, "precinct_index": 0, "color": "#ffeabe", "id": "d01_p00" }, "geometry": { "type": "MultiPolygon", "coordinates": [ [ [ [ -66.141202048437506, 18.459430804898648 ], [ -66.079346759863284, 18.45950985456081 ], [ -66.079406523828126, 18.459114606250001 ], [ -66.079167469628914, 18.458877457263515 ], [ -66.078988179394543, 18.458324111824325 ], [ -66.078689361230474, 18.458482208952702 ], [ -66.078510070996103, 18.458403161486487 ], [ -66.078629597265632, 18.457691714527027 ], [ -66.07809172490235, 18.456980267567566 ], [ -66.0769562178711, 18.456189773141894 ], [ -66.076239055273447, 18.456347872466218 ], [ -66.07600000107422, 18.456980267567566 ], [ -66.076179291308605, 18.457059317229731 ], [ -66.076239055273447, 18.456822170439189 ], [ -66.076418345507818, 18.456822170439189 ], [ -66.07647810947266, 18.457138366891893 ], [ -66.07600000107422, 18.457296466216217 ], [ -66.075521892675781, 18.457691714527027 ], [ -66.076059765039062, 18.458324111824325 ], [ -66.075462128710939, 18.458007913175678 ], [ -66.075223074511726, 18.458086962837839 ], [ -66.074207093750005, 18.456347872466218 ], [ -66.074027803515634, 18.455715475168919 ], [ -66.074266857714846, 18.454529732432434 ], [ -66.074446147949217, 18.45437163310811 ], [ -66.074386383984375, 18.454134484121621 ], [ -66.074565675878915, 18.454055434459459 ], [ -66.074505911914073, 18.453106840709459 ], [ -66.074266857714846, 18.452948741385136 ], [ -66.074027803515634, 18.453185890371621 ], [ -66.073310640917967, 18.452790642060812 ], [ -66.073669221386723, 18.453343989695945 ], [ -66.072772768554685, 18.452474445608107 ], [ -66.072772768554685, 18.45215824695946 ], [ -66.073011822753912, 18.452079197297298 ], [ -66.073370404882823, 18.452316346283784 ], [ -66.07343016718751, 18.452079197297298 ], [ -66.073609459082036, 18.452079197297298 ], [ -66.074207093750005, 18.452395395945945 ], [ -66.074505911914073, 18.452869691722974 ], [ -66.074625438183602, 18.452632542736488 ], [ -66.074505911914073, 18.451525849662161 ], [ -66.07486449404297, 18.450972504222975 ], [ -66.075701182910166, 18.450261057263514 ], [ -66.076239055273447, 18.450261057263514 ], [ -66.076657399707031, 18.45049820625 ], [ -66.076537873437502, 18.45010295793919 ], [ -66.076657399707031, 18.449470562837838 ], [ -66.077852670703123, 18.447336224155407 ], [ -66.077792908398436, 18.446071431756756 ], [ -66.077314800000011, 18.445439034459461 ], [ -66.072234896191418, 18.44678287652027 ], [ -66.072115369921875, 18.447020025506756 ], [ -66.07086033496094, 18.447257174493245 ], [ -66.070681043066415, 18.447415273817569 ], [ -66.070681043066415, 18.44844291722973 ], [ -66.069904118164061, 18.4495496125 ], [ -66.069784590234377, 18.449470562837838 ], [ -66.069545536035164, 18.449786759290539 ], [ -66.06715499404298, 18.449470562837838 ], [ -66.06649759375, 18.448996264864864 ], [ -66.066139013281258, 18.448917215202702 ], [ -66.065660904882819, 18.448363867567569 ], [ -66.064943742285166, 18.448284817905407 ], [ -66.064465633886726, 18.447652422804055 ], [ -66.064226579687499, 18.447020025506756 ], [ -66.062493436328126, 18.446071431756756 ], [ -66.062373908398442, 18.445518084121623 ], [ -66.062075090234373, 18.445280935135134 ], [ -66.060879819238281, 18.44456949037162 ], [ -66.059206439843749, 18.444016142736487 ], [ -66.058549041210938, 18.443620896621621 ], [ -66.058429513281254, 18.443778993750001 ], [ -66.058429513281254, 18.443541846959459 ], [ -66.057831878613285, 18.442988499324326 ], [ -66.057054952050791, 18.442514201351351 ], [ -66.056337789453124, 18.442593251013513 ], [ -66.054485118164067, 18.44219800489865 ], [ -66.054066773730469, 18.441881806249999 ], [ -66.054126537695311, 18.440933210304056 ], [ -66.053588665332029, 18.440221765540542 ], [ -66.052333630371095, 18.43943126891892 ], [ -66.050182142578123, 18.438561724831082 ], [ -66.049285688085945, 18.438324575844597 ], [ -66.048448999218749, 18.438324575844597 ], [ -66.048209943359382, 18.438561724831082 ], [ -66.047014672363289, 18.43777122820946 ], [ -66.045401056933599, 18.43721788277027 ], [ -66.045221766699228, 18.437375982094593 ], [ -66.044086258007823, 18.437296932432432 ], [ -66.043847203808596, 18.437455031756755 ], [ -66.043189805175786, 18.437455031756755 ], [ -66.043070277246102, 18.437613131081083 ], [ -66.042472642578133, 18.437613131081083 ], [ -66.041098079687501, 18.438403625506758 ], [ -66.040022336621092, 18.438719824155406 ], [ -66.038767301660158, 18.43848267516892 ], [ -66.038707537695316, 18.43887792347973 ], [ -66.038528247460945, 18.438087426858107 ], [ -66.038229429296877, 18.438087426858107 ], [ -66.037990375097664, 18.437455031756755 ], [ -66.037153684570313, 18.43682263445946 ], [ -66.036854866406259, 18.436348336486486 ], [ -66.036137703808592, 18.435874040709461 ], [ -66.03530101494141, 18.434925444763515 ], [ -66.034643614648445, 18.434530198648648 ], [ -66.034703378613287, 18.434293049662163 ], [ -66.033806925781249, 18.433581602702702 ], [ -66.031535910058594, 18.432395859966217 ], [ -66.030221111132818, 18.431921561993242 ], [ -66.027950097070317, 18.431684415202703 ], [ -66.023766647753916, 18.431684415202703 ], [ -66.018626979980468, 18.432474909628379 ], [ -66.017670763183602, 18.432553959290541 ], [ -66.016535256152352, 18.432395859966217 ], [ -66.012710387304693, 18.431052017905404 ], [ -66.009423392480471, 18.428127184797297 ], [ -66.00906481035156, 18.428127184797297 ], [ -66.007750011425784, 18.427336690371622 ], [ -66.005299705468758, 18.426467144087837 ], [ -66.003506799804697, 18.426546193749999 ], [ -66.00326774560547, 18.426388094425675 ], [ -66.002490819042976, 18.426388094425675 ], [ -66.002192000878907, 18.426546193749999 ], [ -66.000578383789062, 18.426546193749999 ], [ -66.000399093554691, 18.426704293074327 ], [ -65.998845240429688, 18.42686239239865 ], [ -65.99537895371094, 18.427969085472974 ], [ -65.9949008453125, 18.428443383445945 ], [ -65.993825102246092, 18.429075778547297 ], [ -65.993645812011721, 18.428996728885135 ], [ -65.992689593554687, 18.429629126182434 ], [ -65.992510303320316, 18.429550076520272 ], [ -65.992331013085945, 18.429866275168919 ], [ -65.991315032324223, 18.430024374493243 ], [ -65.989342834765623, 18.430893918581081 ], [ -65.988804962402341, 18.431289166891894 ], [ -65.98862567216797, 18.431052017905404 ], [ -65.987968273535159, 18.430972968243243 ], [ -65.987490163476565, 18.429787225506757 ], [ -65.987430401171878, 18.428917679222973 ], [ -65.986892528808596, 18.42781098614865 ], [ -65.986952292773438, 18.427415740033783 ], [ -65.986115602246102, 18.424411857263514 ], [ -65.985816784082033, 18.424016608952702 ], [ -65.985936312011717, 18.42393755929054 ], [ -65.984741041015624, 18.420933676520271 ], [ -65.984561749121099, 18.420854626858109 ], [ -65.983904350488288, 18.419668884121624 ], [ -65.98557772988282, 18.417455495777027 ], [ -65.985278911718751, 18.4169812 ], [ -65.986533946679685, 18.414056366891892 ], [ -65.986832764843754, 18.409392443412163 ], [ -65.991315032324223, 18.409945788851353 ], [ -65.996036354003905, 18.403700876520272 ], [ -65.992689593554687, 18.39959029847973 ], [ -65.988506144238286, 18.395084474324324 ], [ -65.985697257812504, 18.39295013783784 ], [ -65.985039857519538, 18.392633939189189 ], [ -65.983426242089848, 18.392238690878379 ], [ -65.982768843457038, 18.391764395101351 ], [ -65.978525630175781, 18.387890966047298 ], [ -65.977270595214847, 18.386230925337838 ], [ -65.976314378417968, 18.384333737837839 ], [ -65.975776506054686, 18.38275274679054 ], [ -65.974162888964841, 18.372713455067569 ], [ -65.973266436132818, 18.369393373648649 ], [ -65.970756366210935, 18.361488418412161 ], [ -65.977091304980476, 18.358721684628378 ], [ -65.97912326484375, 18.358484535641892 ], [ -65.979661137207032, 18.358642634966216 ], [ -65.980677117968753, 18.358642634966216 ], [ -65.982470025292969, 18.359195982601353 ], [ -65.989701415234379, 18.362278915033784 ], [ -65.989223306835939, 18.360539824662162 ], [ -65.989342834765623, 18.359670278378378 ], [ -65.99023928759766, 18.359037883277029 ], [ -65.990896687890626, 18.358168336993245 ], [ -65.990956450195313, 18.356666395608109 ], [ -65.990538105761729, 18.355559702533785 ], [ -65.992211485156247, 18.354848257770271 ], [ -65.995020373242198, 18.353346316385135 ], [ -65.994781319042971, 18.352160571452703 ], [ -65.998725714160159, 18.348208094932435 ], [ -66.001474838281254, 18.352634869425678 ], [ -66.00440325263672, 18.355006357094595 ], [ -66.005120415234373, 18.355954950844595 ], [ -66.005299705468758, 18.356587345945947 ], [ -66.006554740429692, 18.358642634966216 ], [ -66.007750011425784, 18.359037883277029 ], [ -66.015100930957033, 18.359591228716216 ], [ -66.024424046386727, 18.360065526689191 ], [ -66.023945937988287, 18.356982594256756 ], [ -66.025320499218751, 18.356666395608109 ], [ -66.026695062109383, 18.365678043918919 ], [ -66.028547731738286, 18.375163990202704 ], [ -66.028966076171884, 18.37468969222973 ], [ -66.029623476464849, 18.374531592905406 ], [ -66.030400403027343, 18.374610642567568 ], [ -66.031177327929697, 18.375163990202704 ], [ -66.031954254492192, 18.376270683277028 ], [ -66.032551890820315, 18.378088823310812 ], [ -66.033328817382824, 18.379353615709459 ], [ -66.034165506250005, 18.3802231597973 ], [ -66.035121724707039, 18.380618408108109 ], [ -66.036077941503905, 18.380539358445947 ], [ -66.038050139062506, 18.379432665371624 ], [ -66.039006355859385, 18.37966981435811 ], [ -66.040500445019532, 18.380302209459462 ], [ -66.043548385644542, 18.382357498479731 ], [ -66.048329471289065, 18.384017539189191 ], [ -66.051437175878917, 18.386072826013514 ], [ -66.052751974804693, 18.387258570945946 ], [ -66.055501098925788, 18.390578650168919 ], [ -66.056995188085949, 18.391843444763513 ], [ -66.057831878613285, 18.393187286824325 ], [ -66.058309987011725, 18.393424435810811 ], [ -66.058668567480467, 18.393266336486487 ], [ -66.059086911914065, 18.392554889527027 ], [ -66.059863838476574, 18.390183404054056 ], [ -66.060341946874999, 18.389392907432434 ], [ -66.060939583203123, 18.388918611655406 ], [ -66.061417691601562, 18.388839561993244 ], [ -66.063927761523445, 18.38923480810811 ], [ -66.06649759375, 18.38923480810811 ], [ -66.067991682910161, 18.388918611655406 ], [ -66.068589319238285, 18.389867205405405 ], [ -66.069007663671883, 18.390183404054056 ], [ -66.070143172363288, 18.391606295777027 ], [ -66.076119527343749, 18.397535011655407 ], [ -66.075223074511726, 18.397614061317569 ], [ -66.074386383984375, 18.396823564695946 ], [ -66.073728985351565, 18.396744515033784 ], [ -66.073549695117194, 18.39698166402027 ], [ -66.073728985351565, 18.397376912331083 ], [ -66.073669221386723, 18.39793025777027 ], [ -66.073310640917967, 18.398799804054054 ], [ -66.072653240625002, 18.398562655067568 ], [ -66.072354424121102, 18.39864170472973 ], [ -66.071756787792978, 18.398167406756759 ], [ -66.071517733593751, 18.397297862668921 ], [ -66.071099389160167, 18.396744515033784 ], [ -66.07086033496094, 18.396665465371623 ], [ -66.070561516796886, 18.395795921283785 ], [ -66.070561516796886, 18.395005424662163 ], [ -66.070322462597659, 18.395005424662163 ], [ -66.070262698632817, 18.394768277871623 ], [ -66.070382226562501, 18.394689228209462 ], [ -66.070202934667975, 18.3946101785473 ], [ -66.069904118164061, 18.395558772297299 ], [ -66.0696053, 18.395716871621623 ], [ -66.070083408398446, 18.397851210304054 ], [ -66.069904118164061, 18.39864170472973 ], [ -66.070083408398446, 18.399116002702705 ], [ -66.069904118164061, 18.399511248817568 ], [ -66.070143172363288, 18.401171289527028 ], [ -66.070023644433604, 18.401408438513513 ], [ -66.070382226562501, 18.401803686824326 ], [ -66.070382226562501, 18.402198935135136 ], [ -66.070202934667975, 18.402357032263513 ], [ -66.069963880468748, 18.402357032263513 ], [ -66.069724826269535, 18.402119885472974 ], [ -66.069485772070323, 18.401645587499999 ], [ -66.069306481835937, 18.401171289527028 ], [ -66.069306481835937, 18.400459844763514 ], [ -66.069426009765635, 18.40030174543919 ], [ -66.069665063964848, 18.400617944087838 ], [ -66.069844354199219, 18.400538894425676 ], [ -66.069784590234377, 18.400064596452705 ], [ -66.069545536035164, 18.399669348141892 ], [ -66.069426009765635, 18.399669348141892 ], [ -66.069426009765635, 18.399985546790543 ], [ -66.069246717871096, 18.399748397804053 ], [ -66.069186955566408, 18.398878853716216 ], [ -66.068947899707041, 18.39864170472973 ], [ -66.068828373437498, 18.398720754391892 ], [ -66.069127191601567, 18.399748397804053 ], [ -66.069246717871096, 18.401724637162165 ], [ -66.069485772070323, 18.402198935135136 ], [ -66.069246717871096, 18.402594181250002 ], [ -66.069366245800779, 18.402989429560812 ], [ -66.069665063964848, 18.403068479222974 ], [ -66.070023644433604, 18.402752280574326 ], [ -66.070322462597659, 18.402831330236488 ], [ -66.070681043066415, 18.402515131587837 ], [ -66.07097986123047, 18.402989429560812 ], [ -66.070920098925782, 18.403542777195948 ], [ -66.071517733593751, 18.404096122635135 ], [ -66.071756787792978, 18.404649470270272 ], [ -66.071697023828136, 18.404965668918919 ], [ -66.072115369921875, 18.405123768243243 ], [ -66.072473950390631, 18.405993312331081 ], [ -66.072473950390631, 18.406546659966217 ], [ -66.072234896191418, 18.40694190608108 ], [ -66.072533714355473, 18.407020955743246 ], [ -66.073131350683596, 18.407811452364864 ], [ -66.07343016718751, 18.407416204054055 ], [ -66.073609459082036, 18.407653353040541 ], [ -66.07343016718751, 18.407969551689188 ], [ -66.075043784277355, 18.409787689527029 ], [ -66.075043784277355, 18.411131533783784 ], [ -66.075163310546884, 18.41121058125 ], [ -66.075043784277355, 18.411526779898651 ], [ -66.07534260244141, 18.411763928885136 ], [ -66.075641418945324, 18.411605829560813 ], [ -66.075641418945324, 18.411842978547298 ], [ -66.075940237109378, 18.411684879222975 ], [ -66.076179291308605, 18.412159177195946 ], [ -66.07647810947266, 18.412159177195946 ], [ -66.076597637402344, 18.412712522635136 ], [ -66.077015981835942, 18.412712522635136 ], [ -66.077494090234381, 18.413028721283784 ], [ -66.077972198632821, 18.413819217905406 ], [ -66.078330779101563, 18.41358206891892 ], [ -66.078450307031261, 18.413661118581082 ], [ -66.081797065820311, 18.416585951689189 ], [ -66.084486427636719, 18.411052484121623 ], [ -66.084785244140633, 18.41121058125 ], [ -66.084785244140633, 18.411368680574324 ], [ -66.082992338476572, 18.414925910979729 ], [ -66.084187609472664, 18.416032604054056 ], [ -66.084426663671877, 18.415953554391894 ], [ -66.086996495898447, 18.410182937837838 ], [ -66.08723555009766, 18.410341037162162 ], [ -66.08598051679688, 18.413107770945945 ], [ -66.08759413222657, 18.413186820608107 ], [ -66.087833186425783, 18.41287062195946 ], [ -66.088251530859381, 18.412791572297298 ], [ -66.088610112988292, 18.412396326182431 ], [ -66.089446801855473, 18.412080127533784 ], [ -66.091418999414074, 18.411842978547298 ], [ -66.091777581542971, 18.41192202820946 ], [ -66.091897109472654, 18.411763928885136 ], [ -66.092494744140623, 18.411684879222975 ], [ -66.092614272070321, 18.411842978547298 ], [ -66.092972852539063, 18.411763928885136 ], [ -66.093988833300784, 18.41287062195946 ], [ -66.094765759863293, 18.414925910979729 ], [ -66.095064578027348, 18.41524210962838 ], [ -66.095423158496104, 18.414925910979729 ], [ -66.095602450390629, 18.415558308277028 ], [ -66.09673795742188, 18.417218346790541 ], [ -66.097455120019532, 18.417929793750002 ], [ -66.09787346445313, 18.417929793750002 ], [ -66.097933228417972, 18.418325042060811 ], [ -66.099606607812504, 18.420301279222972 ], [ -66.100084716210944, 18.420617477871623 ], [ -66.100204244140627, 18.420459378547299 ], [ -66.100323770410156, 18.420538428209461 ], [ -66.100443298339854, 18.420696527533785 ], [ -66.100323770410156, 18.420933676520271 ], [ -66.101279988867191, 18.422435617905407 ], [ -66.101698333300789, 18.422514667567569 ], [ -66.101817859570318, 18.422356568243245 ], [ -66.101997151464843, 18.422593717229731 ], [ -66.10187762353516, 18.422830866216216 ], [ -66.102176441699228, 18.423147062668921 ], [ -66.102893604296881, 18.423226112331083 ], [ -66.103132658496094, 18.42298896554054 ], [ -66.103371712695321, 18.423147062668921 ], [ -66.104507219726571, 18.421407974493246 ], [ -66.104746273925784, 18.421645121283785 ], [ -66.105284146289065, 18.421566071621623 ], [ -66.105822018652347, 18.422119419256756 ], [ -66.10653918125, 18.422277518581083 ], [ -66.10785398017579, 18.423700410304054 ], [ -66.108571142773442, 18.422830866216216 ], [ -66.108690670703126, 18.423147062668921 ], [ -66.107913744140632, 18.424174708277029 ], [ -66.108272324609374, 18.424095658614867 ], [ -66.109168779101566, 18.425360451013514 ], [ -66.110184758203133, 18.426388094425675 ], [ -66.110423812402345, 18.42686239239865 ], [ -66.110662868261727, 18.426941442060812 ], [ -66.110722630566414, 18.427336690371622 ], [ -66.110961684765627, 18.427415740033783 ], [ -66.111619085058592, 18.428285284121621 ], [ -66.111738611328136, 18.428364333783783 ], [ -66.111858139257819, 18.428206234459459 ], [ -66.112097193457032, 18.42852243310811 ], [ -66.112216719726561, 18.428917679222973 ], [ -66.11138003085938, 18.429075778547297 ], [ -66.11138003085938, 18.429629126182434 ], [ -66.111977665527348, 18.429629126182434 ], [ -66.112694828125001, 18.429233877871621 ], [ -66.11299364628907, 18.429233877871621 ], [ -66.113292464453124, 18.42947102685811 ], [ -66.113471754687509, 18.430103424155405 ], [ -66.11365104492188, 18.429945324831081 ], [ -66.114009627050791, 18.430103424155405 ], [ -66.114427971484375, 18.430814868918919 ], [ -66.114965843847656, 18.432553959290541 ], [ -66.115742770410165, 18.43350255304054 ], [ -66.116101352539062, 18.434451148986486 ], [ -66.116459933007818, 18.436901684121622 ], [ -66.116400169042976, 18.437455031756755 ], [ -66.115683006445323, 18.439273169594596 ], [ -66.114786553613285, 18.440854160641891 ], [ -66.114846317578127, 18.441170359290542 ], [ -66.114547499414073, 18.441802756587837 ], [ -66.114308445214846, 18.444095192398649 ], [ -66.114009627050791, 18.444174242060811 ], [ -66.113710808886722, 18.444727589695948 ], [ -66.11335222841798, 18.444964738682433 ], [ -66.105702492382818, 18.442909449662164 ], [ -66.105463438183605, 18.442988499324326 ], [ -66.105284146289065, 18.443225648310811 ], [ -66.105343910253907, 18.443462797297297 ], [ -66.105164620019536, 18.443541846959459 ], [ -66.104865801855468, 18.443225648310811 ], [ -66.104566983691413, 18.443304697972973 ], [ -66.104208403222657, 18.443146598648649 ], [ -66.103670530859375, 18.443146598648649 ], [ -66.103431476660163, 18.443462797297297 ], [ -66.103132658496094, 18.443462797297297 ], [ -66.081020140917971, 18.439747467567567 ], [ -66.080900612988287, 18.439905566891891 ], [ -66.080840849023446, 18.439747467567567 ], [ -66.080840849023446, 18.439826517229729 ], [ -66.080960376953129, 18.440063666216215 ], [ -66.080781086718758, 18.439747467567567 ], [ -66.08066155878906, 18.439826517229729 ], [ -66.079824868261724, 18.44109130962838 ], [ -66.079944396191408, 18.441644657263513 ], [ -66.080063922460937, 18.441644657263513 ], [ -66.079824868261724, 18.441723706925675 ], [ -66.079944396191408, 18.442593251013513 ], [ -66.080362740625006, 18.442593251013513 ], [ -66.079944396191408, 18.442751350337836 ], [ -66.079884632226566, 18.442593251013513 ], [ -66.079645578027353, 18.442672300675675 ], [ -66.079526051757824, 18.442118955236488 ], [ -66.079346759863284, 18.442118955236488 ], [ -66.079824868261724, 18.444411391047296 ], [ -66.080063922460937, 18.444174242060811 ], [ -66.08000416015625, 18.443937093074325 ], [ -66.080123686425793, 18.443937093074325 ], [ -66.080183450390635, 18.444174242060811 ], [ -66.080422504589848, 18.444095192398649 ], [ -66.08066155878906, 18.445122838006757 ], [ -66.080840849023446, 18.444964738682433 ], [ -66.08161777558594, 18.445043788344595 ], [ -66.082155647949222, 18.445201885472972 ], [ -66.08209588398438, 18.445676183445947 ], [ -66.082753284277345, 18.445676183445947 ], [ -66.085801224902355, 18.446545729729731 ], [ -66.085920752832038, 18.446624779391893 ], [ -66.085801224902355, 18.447257174493245 ], [ -66.085920752832038, 18.447336224155407 ], [ -66.086040279101567, 18.446624779391893 ], [ -66.086637915429691, 18.44678287652027 ], [ -66.092554508105479, 18.448521966891892 ], [ -66.092494744140623, 18.448759115878378 ], [ -66.093570488867186, 18.449075314527029 ], [ -66.093510724902345, 18.449391513175676 ], [ -66.093630252832043, 18.449154364189191 ], [ -66.093869307031255, 18.449154364189191 ], [ -66.093869307031255, 18.448996264864864 ], [ -66.102415495898441, 18.449154364189191 ], [ -66.107495398046879, 18.449075314527029 ], [ -66.107614925976563, 18.45010295793919 ], [ -66.10833208857423, 18.450419156587838 ], [ -66.108272324609374, 18.450656305574324 ], [ -66.108630906738284, 18.450261057263514 ], [ -66.109049251171882, 18.450182007601352 ], [ -66.109766413769535, 18.450577255912162 ], [ -66.109706649804693, 18.451051553885137 ], [ -66.108630906738284, 18.453264940033783 ], [ -66.108690670703126, 18.453502089020269 ], [ -66.109288305371095, 18.453976386993244 ], [ -66.10946759560548, 18.453976386993244 ], [ -66.110782394531256, 18.451051553885137 ], [ -66.112336247656259, 18.452237296621622 ], [ -66.110662868261727, 18.455952624155405 ], [ -66.110782394531256, 18.456110723479728 ], [ -66.111858139257819, 18.456426922128379 ], [ -66.113471754687509, 18.452790642060812 ], [ -66.11556348017578, 18.453660188344596 ], [ -66.114009627050791, 18.457138366891893 ], [ -66.114368209179688, 18.457612664864865 ], [ -66.115204898046883, 18.457612664864865 ], [ -66.11669898720703, 18.454213533783783 ], [ -66.122197235449221, 18.454608782094596 ], [ -66.121659363085939, 18.448521966891892 ], [ -66.12249605361329, 18.44844291722973 ], [ -66.123033924316417, 18.454687831756758 ], [ -66.125603758203127, 18.454924980743243 ], [ -66.126141630566408, 18.454766881418919 ], [ -66.125902576367196, 18.451367750337837 ], [ -66.12620139453125, 18.451288700675676 ], [ -66.12620139453125, 18.451921097972974 ], [ -66.126619738964848, 18.451842048310812 ], [ -66.126799029199219, 18.454529732432434 ], [ -66.127934537890624, 18.454134484121621 ], [ -66.127874773925782, 18.453660188344596 ], [ -66.128173592089851, 18.453581138682434 ], [ -66.127994300195311, 18.452474445608107 ], [ -66.128591936523449, 18.452316346283784 ], [ -66.128711462792978, 18.453185890371621 ], [ -66.12924933515626, 18.453185890371621 ], [ -66.129309099121102, 18.453660188344596 ], [ -66.1297274435547, 18.453502089020269 ], [ -66.128890754687504, 18.449944858614867 ], [ -66.129010280957033, 18.449865808952705 ], [ -66.128830990722662, 18.449154364189191 ], [ -66.128950516992191, 18.449075314527029 ], [ -66.129070044921875, 18.449075314527029 ], [ -66.129189571191418, 18.449707709628377 ], [ -66.129607917285156, 18.449628659966216 ], [ -66.130325079882823, 18.453581138682434 ], [ -66.132117987207039, 18.452869691722974 ], [ -66.133014440039062, 18.450261057263514 ], [ -66.133193730273447, 18.45010295793919 ], [ -66.133074204003918, 18.447257174493245 ], [ -66.132894912109379, 18.447257174493245 ], [ -66.132894912109379, 18.447020025506756 ], [ -66.13229727744141, 18.447020025506756 ], [ -66.13229727744141, 18.446861926182432 ], [ -66.132894912109379, 18.446861926182432 ], [ -66.132894912109379, 18.446545729729731 ], [ -66.132357041406252, 18.446466680067569 ], [ -66.132894912109379, 18.446387630405404 ], [ -66.132894912109379, 18.446071431756756 ], [ -66.132655857910166, 18.446071431756756 ], [ -66.132894912109379, 18.445992382094595 ], [ -66.132894912109379, 18.444016142736487 ], [ -66.134628055468752, 18.44219800489865 ], [ -66.134986637597663, 18.442988499324326 ], [ -66.135823328124999, 18.442988499324326 ], [ -66.136899071191408, 18.445201885472972 ], [ -66.137138125390635, 18.445439034459461 ], [ -66.137556471484373, 18.445439034459461 ], [ -66.138034579882813, 18.445992382094595 ], [ -66.138034579882813, 18.446466680067569 ], [ -66.138512688281253, 18.447810522128378 ], [ -66.138632214550782, 18.449707709628377 ], [ -66.138871268750009, 18.450419156587838 ], [ -66.138691978515624, 18.450656305574324 ], [ -66.138990796679693, 18.452869691722974 ], [ -66.138871268750009, 18.453264940033783 ], [ -66.139050560644534, 18.453343989695945 ], [ -66.139289614843761, 18.453106840709459 ], [ -66.139409141113291, 18.45437163310811 ], [ -66.140425121875012, 18.455162129729729 ], [ -66.140903230273437, 18.455873574493243 ], [ -66.140723940039067, 18.457928863513512 ], [ -66.140843466308596, 18.459035556587839 ], [ -66.141202048437506, 18.459430804898648 ] ] ], [ [ [ -66.150704454101572, 18.476347406249999 ], [ -66.150345873632816, 18.476426455912161 ], [ -66.147835803710947, 18.476031209797299 ], [ -66.147297931347666, 18.476347406249999 ], [ -66.146760058984384, 18.4753988125 ], [ -66.146281950585944, 18.475240713175676 ], [ -66.146042896386717, 18.474845464864863 ], [ -66.145564787988292, 18.474687367736486 ], [ -66.14550502402345, 18.47445021875 ], [ -66.144967153320323, 18.474529268412162 ], [ -66.144787861425783, 18.474134020101353 ], [ -66.144429280957041, 18.473975920777026 ], [ -66.144309753027343, 18.47373877179054 ], [ -66.144190226757814, 18.473817821452702 ], [ -66.144130462792972, 18.473580672466216 ], [ -66.144010934863289, 18.473659722128378 ], [ -66.143771880664062, 18.473501622804054 ], [ -66.143473064160162, 18.473027327027026 ], [ -66.142994955761722, 18.472711128378378 ], [ -66.14293519179688, 18.472473979391893 ], [ -66.142576609667969, 18.472473979391893 ], [ -66.14245708339844, 18.47279017804054 ], [ -66.141620392871104, 18.472236830405407 ], [ -66.141500866601561, 18.472315880067569 ], [ -66.141202048437506, 18.471920631756756 ], [ -66.140843466308596, 18.471999681418918 ], [ -66.140126303710943, 18.471525385641893 ], [ -66.139767723242187, 18.471525385641893 ], [ -66.13875174248048, 18.470497740033785 ], [ -66.13857245058594, 18.470576789695947 ], [ -66.138213870117198, 18.470339640709458 ], [ -66.1377955256836, 18.470497740033785 ], [ -66.137138125390635, 18.470260593243243 ], [ -66.136600253027353, 18.470260593243243 ], [ -66.136062382324226, 18.469865344932433 ], [ -66.135046401562505, 18.46970724560811 ], [ -66.134747583398436, 18.46947009662162 ], [ -66.133970656835942, 18.46947009662162 ], [ -66.133014440039062, 18.469153897972973 ], [ -66.132476567675781, 18.469153897972973 ], [ -66.132357041406252, 18.46970724560811 ], [ -66.132058223242197, 18.46970724560811 ], [ -66.131580114843757, 18.469311997297297 ], [ -66.131042242480476, 18.469311997297297 ], [ -66.130982478515634, 18.469074848310811 ], [ -66.130743424316407, 18.469153897972973 ], [ -66.130683660351565, 18.468995798648649 ], [ -66.130145789648438, 18.468995798648649 ], [ -66.129846971484383, 18.468679602195945 ], [ -66.129548153320314, 18.46875865185811 ], [ -66.129548153320314, 18.468600552533783 ], [ -66.129368863085944, 18.46875865185811 ], [ -66.129309099121102, 18.468521502871621 ], [ -66.128950516992191, 18.468521502871621 ], [ -66.12877122675782, 18.468284353885135 ], [ -66.127815009960941, 18.468205304222973 ], [ -66.127755245996099, 18.468047204898649 ], [ -66.127516191796886, 18.468047204898649 ], [ -66.127575955761728, 18.467731006249998 ], [ -66.127396665527343, 18.467651956587837 ], [ -66.12667950292969, 18.467493857263513 ], [ -66.125962340332038, 18.467493857263513 ], [ -66.125902576367196, 18.467651956587837 ], [ -66.125663522167969, 18.467651956587837 ], [ -66.125603758203127, 18.467414807601351 ], [ -66.124946359570316, 18.467414807601351 ], [ -66.125125649804687, 18.467335757939189 ], [ -66.125125649804687, 18.46709861114865 ], [ -66.124408487207035, 18.46709861114865 ], [ -66.123990142773437, 18.467335757939189 ], [ -66.123870614843753, 18.467256710472974 ], [ -66.123870614843753, 18.467414807601351 ], [ -66.123751088574224, 18.467256710472974 ], [ -66.123093688281259, 18.467572906925675 ], [ -66.12297416201173, 18.46709861114865 ], [ -66.122854634082032, 18.466940511824326 ], [ -66.122555815917977, 18.466940511824326 ], [ -66.122555815917977, 18.466782412499999 ], [ -66.12231676171875, 18.466782412499999 ], [ -66.122256999414063, 18.467019561486488 ], [ -66.121838653320324, 18.466940511824326 ], [ -66.121719127050781, 18.467177660810812 ], [ -66.121300780957043, 18.467256710472974 ], [ -66.1211812546875, 18.467493857263513 ], [ -66.120703146289074, 18.467493857263513 ], [ -66.120762910253916, 18.467731006249998 ], [ -66.120583618359376, 18.468047204898649 ], [ -66.120344564160163, 18.467889105574326 ], [ -66.120225037890634, 18.467968155236488 ], [ -66.120165273925792, 18.467810055912164 ], [ -66.120045747656249, 18.467889105574326 ], [ -66.119806691796882, 18.467572906925675 ], [ -66.119029766894542, 18.467651956587837 ], [ -66.118850475, 18.467810055912164 ], [ -66.118850475, 18.468126254560811 ], [ -66.118611420800789, 18.467968155236488 ], [ -66.118193076367191, 18.468126254560811 ], [ -66.117954022167979, 18.467731006249998 ], [ -66.117296623535168, 18.467731006249998 ], [ -66.116997805371099, 18.467889105574326 ], [ -66.116579460937501, 18.467651956587837 ], [ -66.116579460937501, 18.466782412499999 ], [ -66.116758751171886, 18.466624313175675 ], [ -66.116280642773447, 18.466545263513513 ], [ -66.116579460937501, 18.466387164189189 ], [ -66.116579460937501, 18.466070965540542 ], [ -66.116340406738288, 18.465754769087837 ], [ -66.11604158857422, 18.465754769087837 ], [ -66.115802534375007, 18.46599191587838 ], [ -66.115742770410165, 18.466150015202704 ], [ -66.115981824609378, 18.466545263513513 ], [ -66.11556348017578, 18.466545263513513 ], [ -66.115443952246096, 18.466466213851351 ], [ -66.115623242480467, 18.466150015202704 ], [ -66.11556348017578, 18.465912866216215 ], [ -66.114906079882815, 18.465596669763514 ], [ -66.114308445214846, 18.465596669763514 ], [ -66.113770572851564, 18.465280471114866 ], [ -66.113292464453124, 18.465280471114866 ], [ -66.112575301855472, 18.465596669763514 ], [ -66.111200738964854, 18.465517620101352 ], [ -66.11090192246094, 18.465359520777028 ], [ -66.109945704003906, 18.465517620101352 ], [ -66.109527359570322, 18.46543857043919 ], [ -66.109348069335937, 18.465596669763514 ], [ -66.108212560644532, 18.46543857043919 ], [ -66.107973506445319, 18.465201421452704 ], [ -66.107555162011721, 18.465122371790542 ], [ -66.10737587177735, 18.465517620101352 ], [ -66.107136817578123, 18.465517620101352 ], [ -66.107077053613281, 18.465280471114866 ], [ -66.107256343847666, 18.465043322128377 ], [ -66.107136817578123, 18.464727123479729 ], [ -66.106359891015629, 18.464331877364867 ], [ -66.105164620019536, 18.463304231756759 ], [ -66.104507219726571, 18.463146132432431 ], [ -66.103670530859375, 18.462276588344594 ], [ -66.101339751171878, 18.461327994594594 ], [ -66.100861642773438, 18.461486091722975 ], [ -66.100742116503909, 18.46116989527027 ], [ -66.100024953906257, 18.46116989527027 ], [ -66.098949209179693, 18.460853696621623 ], [ -66.09757464794923, 18.460932746283785 ], [ -66.097335593750003, 18.460774646959461 ], [ -66.096080558789069, 18.460932746283785 ], [ -66.095662212695316, 18.46116989527027 ], [ -66.094048597265626, 18.461248944932432 ], [ -66.093809543066413, 18.461486091722975 ], [ -66.093809543066413, 18.461881340033784 ], [ -66.093749779101572, 18.46172324070946 ], [ -66.093092380468761, 18.46172324070946 ], [ -66.092375217871094, 18.461960389695946 ], [ -66.09225568994141, 18.462197538682432 ], [ -66.091478763378916, 18.462355638006755 ], [ -66.090044438183597, 18.462355638006755 ], [ -66.089805383984384, 18.462750886317568 ], [ -66.089267511621102, 18.462750886317568 ], [ -66.088490585058594, 18.462434687668917 ], [ -66.087833186425783, 18.462434687668917 ], [ -66.087713658496099, 18.462592786993245 ], [ -66.087295314062501, 18.462513737331083 ], [ -66.086339097265636, 18.463067082770269 ], [ -66.085741460937498, 18.463936629054054 ], [ -66.084725481835946, 18.464015678716216 ], [ -66.083350918945314, 18.464489974493244 ], [ -66.082813046582032, 18.464964272466215 ], [ -66.082693520312503, 18.465359520777028 ], [ -66.082514230078132, 18.465280471114866 ], [ -66.082514230078132, 18.465517620101352 ], [ -66.082155647949222, 18.465359520777028 ], [ -66.081976357714851, 18.465675719425676 ], [ -66.080721322753917, 18.465359520777028 ], [ -66.080183450390635, 18.46543857043919 ], [ -66.080123686425793, 18.465280471114866 ], [ -66.079765105957037, 18.465280471114866 ], [ -66.079406523828126, 18.464964272466215 ], [ -66.078749125195316, 18.464964272466215 ], [ -66.078629597265632, 18.464569024155406 ], [ -66.078510070996103, 18.464648073817568 ], [ -66.07809172490235, 18.464252827702701 ], [ -66.077613616503911, 18.464331877364867 ], [ -66.077494090234381, 18.464173778040539 ], [ -66.077613616503911, 18.463857579391892 ], [ -66.077314800000011, 18.463146132432431 ], [ -66.077195272070313, 18.463304231756759 ], [ -66.0769562178711, 18.463225182094593 ], [ -66.0769562178711, 18.462908983445946 ], [ -66.076657399707031, 18.462513737331083 ], [ -66.076657399707031, 18.461802290371622 ], [ -66.076717163671873, 18.46211848902027 ], [ -66.077195272070313, 18.461802290371622 ], [ -66.077314800000011, 18.461881340033784 ], [ -66.077255036035154, 18.462039439358108 ], [ -66.07743432626954, 18.46211848902027 ], [ -66.07743432626954, 18.462434687668917 ], [ -66.077733144433594, 18.46282993597973 ], [ -66.078749125195316, 18.462908983445946 ], [ -66.079047943359384, 18.462750886317568 ], [ -66.079227233593755, 18.462434687668917 ], [ -66.079227233593755, 18.461327994594594 ], [ -66.079346759863284, 18.46116989527027 ], [ -66.079047943359384, 18.4600632 ], [ -66.079346759863284, 18.45950985456081 ], [ -66.141321574707035, 18.45950985456081 ], [ -66.142636373632811, 18.460537497972972 ], [ -66.143473064160162, 18.460774646959461 ], [ -66.143951172558602, 18.460774646959461 ], [ -66.144429280957041, 18.460379398648648 ], [ -66.145206207519536, 18.460379398648648 ], [ -66.145445261718748, 18.460537497972972 ], [ -66.145923370117188, 18.46116989527027 ], [ -66.145624551953134, 18.461960389695946 ], [ -66.145624551953134, 18.462750886317568 ], [ -66.147417459277349, 18.465675719425676 ], [ -66.147716275781249, 18.465754769087837 ], [ -66.148911548437511, 18.465043322128377 ], [ -66.149509183105479, 18.465359520777028 ], [ -66.14968847333985, 18.46599191587838 ], [ -66.149568947070321, 18.466861462162161 ], [ -66.150405637597657, 18.468363403547297 ], [ -66.150764218066413, 18.469628195945948 ], [ -66.150465399902345, 18.471446335979731 ], [ -66.151063036230468, 18.474924514527029 ], [ -66.151063036230468, 18.476031209797299 ], [ -66.150704454101572, 18.476347406249999 ] ] ] ] } },
{ "type": "Feature", "properties": { "district": 2, "precinct_index": 0, "color": "#fcbfbd", "id": "d02_p00" }, "geometry": { "type": "Polygon", "coordinates": [ [ [ -66.111081212695311, 18.489311533277029 ], [ -66.104985329785166, 18.483382817398649 ], [ -66.103371712695321, 18.481564677364865 ], [ -66.102833840332039, 18.480695131081081 ], [ -66.099307791308604, 18.481011329729728 ], [ -66.096020794824227, 18.480537033952704 ], [ -66.095542686425787, 18.480616081418919 ], [ -66.094945050097664, 18.48109037939189 ], [ -66.094466941699224, 18.481880876013513 ], [ -66.093630252832043, 18.48441046081081 ], [ -66.09321190673829, 18.485121905574324 ], [ -66.092853326269534, 18.485200955236486 ], [ -66.092375217871094, 18.485042858108109 ], [ -66.091478763378916, 18.48369901385135 ], [ -66.090940891015634, 18.483066618750001 ], [ -66.089984674218755, 18.482355171790541 ], [ -66.087175787792972, 18.478876993243244 ], [ -66.085801224902355, 18.477691248310812 ], [ -66.082633756347661, 18.475635961486486 ], [ -66.081737303515624, 18.475161663513514 ], [ -66.077673380468752, 18.473896871114864 ], [ -66.074625438183602, 18.471841582094594 ], [ -66.073071586718754, 18.47113013733108 ], [ -66.072055605957033, 18.470892988344595 ], [ -66.070023644433604, 18.471999681418918 ], [ -66.069127191601567, 18.472157780743242 ], [ -66.068529555273443, 18.471999681418918 ], [ -66.067752628710949, 18.471446335979731 ], [ -66.066736647949227, 18.470023444256757 ], [ -66.06584019511719, 18.467731006249998 ], [ -66.065003504589853, 18.466545263513513 ], [ -66.064226579687499, 18.46599191587838 ], [ -66.063449653125005, 18.465912866216215 ], [ -66.06279225283204, 18.466070965540542 ], [ -66.0623141444336, 18.466545263513513 ], [ -66.060521238769539, 18.457375515878379 ], [ -66.059027149609378, 18.447573373141893 ], [ -66.05765258671876, 18.44788957179054 ], [ -66.058130695117185, 18.451051553885137 ], [ -66.048568525488292, 18.450577255912162 ], [ -66.040859025488288, 18.449944858614867 ], [ -66.039843044726567, 18.4495496125 ], [ -66.037572030664066, 18.445834282770271 ], [ -66.034583852343758, 18.443462797297297 ], [ -66.031774964257821, 18.43887792347973 ], [ -66.027770805175791, 18.442988499324326 ], [ -66.028009859375004, 18.444174242060811 ], [ -66.023408065625006, 18.446387630405404 ], [ -66.02370688378906, 18.447099075168918 ], [ -66.023766647753916, 18.449154364189191 ], [ -66.023049483496095, 18.450023908277029 ], [ -66.022153030664072, 18.450656305574324 ], [ -66.021973740429686, 18.451525849662161 ], [ -66.022511612792968, 18.453343989695945 ], [ -66.01563880166016, 18.450340106925676 ], [ -66.013248259667975, 18.4495496125 ], [ -66.011634644238285, 18.449391513175676 ], [ -66.010200317382811, 18.449470562837838 ], [ -66.003088453710944, 18.452553493074326 ], [ -66.002610345312505, 18.451130601351352 ], [ -66.002072472949223, 18.450182007601352 ], [ -66.000160039355478, 18.447652422804055 ], [ -65.992390777050787, 18.440775110979729 ], [ -65.990657633691413, 18.438640774493244 ], [ -65.990657633691413, 18.43848267516892 ], [ -65.990956450195313, 18.438956973141892 ], [ -65.993705574316408, 18.441802756587837 ], [ -65.99926358652344, 18.414925910979729 ], [ -65.999861221191409, 18.412949671621622 ], [ -66.002132236914065, 18.407020955743246 ], [ -66.002610345312505, 18.404965668918919 ], [ -66.005000888964844, 18.39864170472973 ], [ -66.005299705468758, 18.39698166402027 ], [ -66.005299705468758, 18.393108237162163 ], [ -66.00488136103516, 18.383068945439192 ], [ -66.0053594694336, 18.376586881925675 ], [ -66.005777813867198, 18.376665931587837 ], [ -66.006136395996094, 18.372792502533784 ], [ -66.007331666992187, 18.372950601858108 ], [ -66.007750011425784, 18.373266800506759 ], [ -66.009722208984385, 18.373582999155406 ], [ -66.009841736914069, 18.37374109847973 ], [ -66.009303864550787, 18.379906963344595 ], [ -66.010080791113282, 18.380065062668919 ], [ -66.010319845312509, 18.37966981435811 ], [ -66.012829915234377, 18.379827913682433 ], [ -66.013367787597659, 18.378721218412164 ], [ -66.013845895996099, 18.378563121283786 ], [ -66.018089107617186, 18.379590764695948 ], [ -66.018268399511726, 18.379511715033786 ], [ -66.018626979980468, 18.380065062668919 ], [ -66.020360123339842, 18.38109270608108 ], [ -66.0241849921875, 18.382831796452702 ], [ -66.025559553417978, 18.382989895777026 ], [ -66.02627671601563, 18.382989895777026 ], [ -66.026336479980472, 18.382831796452702 ], [ -66.02627671601563, 18.382989895777026 ], [ -66.027651278906248, 18.383068945439192 ], [ -66.029503948535165, 18.382910846114864 ], [ -66.029503948535165, 18.381646051520271 ], [ -66.031834728222663, 18.382278448817569 ], [ -66.043130041210944, 18.380460308783785 ], [ -66.044086258007823, 18.380460308783785 ], [ -66.045699875097654, 18.380934606756757 ], [ -66.046715855859375, 18.381646051520271 ], [ -66.047612308691413, 18.382673697128379 ], [ -66.049106397851574, 18.385598530236486 ], [ -66.054305827929696, 18.386072826013514 ], [ -66.05460464609375, 18.386309975 ], [ -66.054246063964854, 18.377772624662164 ], [ -66.052572684570322, 18.367100935641893 ], [ -66.052632448535164, 18.365519944594595 ], [ -66.052931265039064, 18.364413251520272 ], [ -66.053947245800785, 18.362911310135136 ], [ -66.053887481835943, 18.362595111486488 ], [ -66.060282184570312, 18.357773090878378 ], [ -66.064226579687499, 18.354373959797297 ], [ -66.073071586718754, 18.354057761148649 ], [ -66.074027803515634, 18.352002474324326 ], [ -66.075103548242197, 18.348287144594597 ], [ -66.075521892675781, 18.347417600506759 ], [ -66.076179291308605, 18.34678520320946 ], [ -66.076896453906258, 18.346389954898651 ], [ -66.077314800000011, 18.345757559797299 ], [ -66.077314800000011, 18.345046112837839 ], [ -66.076597637402344, 18.342832726689192 ], [ -66.076418345507818, 18.341409834966218 ], [ -66.07600000107422, 18.340619338344595 ], [ -66.079824868261724, 18.332793434966216 ], [ -66.082155647949222, 18.334690622466219 ], [ -66.08293257451173, 18.335085870777029 ], [ -66.083649737109383, 18.33516492043919 ], [ -66.084366899707035, 18.335006821114867 ], [ -66.084665717871104, 18.338010703885136 ], [ -66.084725481835946, 18.344097519087839 ], [ -66.084426663671877, 18.347812846621622 ], [ -66.083410682910156, 18.352872018412164 ], [ -66.083829027343754, 18.352792968750002 ], [ -66.086100043066409, 18.35310916739865 ], [ -66.090701836816407, 18.355085404560811 ], [ -66.092494744140623, 18.35619209983108 ], [ -66.093929069335942, 18.357694041216217 ], [ -66.102475259863283, 18.365124698479729 ], [ -66.106240363085945, 18.370183868074324 ], [ -66.10833208857423, 18.367575233614865 ], [ -66.109348069335937, 18.36694283631757 ], [ -66.111200738964854, 18.374452543243244 ], [ -66.113949863085949, 18.372871552195946 ], [ -66.116400169042976, 18.370737215709461 ], [ -66.117057569335941, 18.371685809459461 ], [ -66.118372366601562, 18.374136346790543 ], [ -66.121360544921885, 18.385677579898651 ], [ -66.116639223242188, 18.391527246114865 ], [ -66.115742770410165, 18.392238690878379 ], [ -66.116818515136728, 18.396033070270271 ], [ -66.117535677734381, 18.395400672972972 ], [ -66.119328583398442, 18.395637821959461 ], [ -66.120822672558603, 18.393108237162163 ], [ -66.12231676171875, 18.394373029560811 ], [ -66.123332742480471, 18.392712988851351 ], [ -66.129667681250012, 18.398799804054054 ], [ -66.126739265234377, 18.404254221959459 ], [ -66.128651700488291, 18.405360915033786 ], [ -66.128711462792978, 18.405756163344595 ], [ -66.130145789648438, 18.408127651013515 ], [ -66.130803188281249, 18.40860194679054 ], [ -66.132775385839849, 18.408997195101353 ], [ -66.134508529199223, 18.4102619875 ], [ -66.135225691796876, 18.410499136486486 ], [ -66.136361198828126, 18.410499136486486 ], [ -66.13875174248048, 18.409155294425677 ], [ -66.138811506445322, 18.410103888175676 ], [ -66.138213870117198, 18.411684879222975 ], [ -66.138811506445322, 18.413661118581082 ], [ -66.13857245058594, 18.414925910979729 ], [ -66.136361198828126, 18.418404091722973 ], [ -66.135165927832034, 18.419668884121624 ], [ -66.134986637597663, 18.42022222956081 ], [ -66.134986637597663, 18.420933676520271 ], [ -66.135345219726574, 18.422514667567569 ], [ -66.136540490722666, 18.425913798648651 ], [ -66.138333396386727, 18.428996728885135 ], [ -66.153573106152351, 18.450814404898647 ], [ -66.154110978515632, 18.451288700675676 ], [ -66.155485539746095, 18.452000147635136 ], [ -66.155425775781254, 18.45215824695946 ], [ -66.155067195312512, 18.452079197297298 ], [ -66.155007431347656, 18.451842048310812 ], [ -66.154708613183601, 18.451683948986485 ], [ -66.154648849218759, 18.452000147635136 ], [ -66.154589086914072, 18.451683948986485 ], [ -66.154469558984374, 18.451683948986485 ], [ -66.154230504785161, 18.45215824695946 ], [ -66.15405121455079, 18.45215824695946 ], [ -66.153812160351563, 18.45271159239865 ], [ -66.153334051953124, 18.45547832837838 ], [ -66.153094997753911, 18.455399278716218 ], [ -66.153632868457038, 18.45271159239865 ], [ -66.153573106152351, 18.452395395945945 ], [ -66.153274287988282, 18.452316346283784 ], [ -66.153154760058598, 18.452079197297298 ], [ -66.152855943554698, 18.452237296621622 ], [ -66.152975469824227, 18.452474445608107 ], [ -66.150823982031255, 18.454292583445945 ], [ -66.117774731933594, 18.481248478716218 ], [ -66.117356385839855, 18.481406578040541 ], [ -66.117356385839855, 18.48109037939189 ], [ -66.117714967968752, 18.480853230405405 ], [ -66.117714967968752, 18.480695131081081 ], [ -66.117296623535168, 18.479904636655405 ], [ -66.117057569335941, 18.479904636655405 ], [ -66.116639223242188, 18.480220835304053 ], [ -66.116280642773447, 18.480220835304053 ], [ -66.116161114843749, 18.480062735979729 ], [ -66.115802534375007, 18.480457984290542 ], [ -66.11556348017578, 18.480457984290542 ], [ -66.115324425976567, 18.480853230405405 ], [ -66.114069391015633, 18.481485627702703 ], [ -66.114009627050791, 18.482118022804055 ], [ -66.113770572851564, 18.482434221452703 ], [ -66.113591282617193, 18.482355171790541 ], [ -66.113172936523441, 18.482592320777027 ], [ -66.112874120019541, 18.483303767736487 ], [ -66.112455773925788, 18.483303767736487 ], [ -66.112814356054699, 18.483778063513512 ], [ -66.112694828125001, 18.484568560135134 ], [ -66.112336247656259, 18.484647609797296 ], [ -66.111798375292977, 18.485438104222972 ], [ -66.11138003085938, 18.485596203547296 ], [ -66.111320266894538, 18.485833352533785 ], [ -66.111081212695311, 18.485833352533785 ], [ -66.111140976660167, 18.486386700168918 ], [ -66.110782394531256, 18.486228600844594 ], [ -66.110603104296885, 18.48646574983108 ], [ -66.111021448730469, 18.488600086317568 ], [ -66.111320266894538, 18.489232483614863 ], [ -66.111081212695311, 18.489311533277029 ] ] ] } },
{ "type": "Feature", "properties": { "district": 3, "precinct_index": 0, "color": "#d1cafc", "id": "d03_p00" }, "geometry": { "type": "Polygon", "coordinates": [ [ [ -66.065003504589853, 18.484647609797296 ], [ -66.062015327929686, 18.481485627702703 ], [ -66.060939583203123, 18.479904636655405 ], [ -66.057234242285162, 18.475952160135137 ], [ -66.055859681054699, 18.475082613851352 ], [ -66.055142516796877, 18.474371169087838 ], [ -66.052094576171882, 18.472632078716217 ], [ -66.048628289453134, 18.470972038006757 ], [ -66.046357273730479, 18.47113013733108 ], [ -66.043130041210944, 18.471051087668918 ], [ -66.043070277246102, 18.470339640709458 ], [ -66.042651932812504, 18.469311997297297 ], [ -66.042651932812504, 18.46875865185811 ], [ -66.041755479980466, 18.467889105574326 ], [ -66.040859025488288, 18.466070965540542 ], [ -66.040022336621092, 18.465201421452704 ], [ -66.03978328242188, 18.464410924831082 ], [ -66.038767301660158, 18.463146132432431 ], [ -66.037751320898437, 18.461486091722975 ], [ -66.036974394335942, 18.461011795945947 ], [ -66.03673534013673, 18.460695597297299 ], [ -66.034583852343758, 18.459826053209461 ], [ -66.032492126855473, 18.458086962837839 ], [ -66.031954254492192, 18.457454565540541 ], [ -66.03046016533203, 18.456664071114865 ], [ -66.029025840136725, 18.455399278716218 ], [ -66.027711042871104, 18.454924980743243 ], [ -66.027053642578124, 18.454924980743243 ], [ -66.026216953710943, 18.45437163310811 ], [ -66.024424046386727, 18.453897337331082 ], [ -66.022332320898443, 18.452790642060812 ], [ -66.01533998515626, 18.448284817905407 ], [ -66.013845895996099, 18.447415273817569 ], [ -66.011694406542972, 18.446624779391893 ], [ -66.011276062109374, 18.44622953108108 ], [ -66.01085771767579, 18.445676183445947 ], [ -66.010439371582038, 18.443383747635135 ], [ -66.010140555078124, 18.4428304 ], [ -66.008945284082031, 18.438166476520269 ], [ -66.00840741171875, 18.426309044763514 ], [ -66.008168357519537, 18.425123302027028 ], [ -66.008287883789066, 18.424728053716215 ], [ -66.008825756152348, 18.42449090472973 ], [ -66.009961263183598, 18.424332807601353 ], [ -66.010678427441405, 18.423384211655407 ], [ -66.011156535839845, 18.423226112331083 ], [ -66.011993224707041, 18.423384211655407 ], [ -66.013427549902346, 18.422514667567569 ], [ -66.017371945019534, 18.421645121283785 ], [ -66.018268399511726, 18.421170825506756 ], [ -66.018626979980468, 18.420064130236486 ], [ -66.018686743945324, 18.418562191047297 ], [ -66.019344142578134, 18.417929793750002 ], [ -66.01982225097656, 18.417929793750002 ], [ -66.020957759667979, 18.418878387500001 ], [ -66.021435868066405, 18.418720288175678 ], [ -66.022631139062497, 18.416744051013513 ], [ -66.022929957226566, 18.416585951689189 ], [ -66.023408065625006, 18.416823100675675 ], [ -66.023766647753916, 18.41785074408784 ], [ -66.024065464257816, 18.418087893074325 ], [ -66.024364282421885, 18.417613595101351 ], [ -66.024125228222658, 18.416111653716218 ], [ -66.024364282421885, 18.415400208952704 ], [ -66.024902154785167, 18.415321159290542 ], [ -66.025200972949222, 18.415479258614866 ], [ -66.026157189746101, 18.416585951689189 ], [ -66.026934116308595, 18.417139297128379 ], [ -66.027651278906248, 18.417218346790541 ], [ -66.027890333105475, 18.416823100675675 ], [ -66.028129387304688, 18.415163059966218 ], [ -66.027950097070317, 18.413423969594596 ], [ -66.028547731738286, 18.412159177195946 ], [ -66.028667259667969, 18.410341037162162 ], [ -66.028607495703127, 18.407020955743246 ], [ -66.028368441503915, 18.405519014358109 ], [ -66.028368441503915, 18.404254221959459 ], [ -66.028727021972657, 18.40196178614865 ], [ -66.02818915126953, 18.399195052364867 ], [ -66.02818915126953, 18.397693110979731 ], [ -66.027770805175791, 18.397376912331083 ], [ -66.027651278906248, 18.39698166402027 ], [ -66.027770805175791, 18.394135880574325 ], [ -66.026635298144541, 18.391764395101351 ], [ -66.025200972949222, 18.390104354391891 ], [ -66.024364282421885, 18.388365264020273 ], [ -66.024065464257816, 18.386863322635136 ], [ -66.023169011425779, 18.384808033614867 ], [ -66.023049483496095, 18.384175638513515 ], [ -66.023169011425779, 18.383622290878378 ], [ -66.022929957226566, 18.383306092229731 ], [ -66.02161515830079, 18.382673697128379 ], [ -66.021376104101563, 18.382199399155407 ], [ -66.023647119824219, 18.381646051520271 ], [ -66.02466310058594, 18.380934606756757 ], [ -66.025499789453136, 18.380776507432433 ], [ -66.027890333105475, 18.379827913682433 ], [ -66.029623476464849, 18.37966981435811 ], [ -66.030998037695312, 18.379748864020272 ], [ -66.031894492187504, 18.379590764695948 ], [ -66.032432362890631, 18.379274566047297 ], [ -66.034225270214847, 18.379195516385135 ], [ -66.03446432441406, 18.378800268074325 ], [ -66.035540069140623, 18.378721218412164 ], [ -66.036018177539063, 18.378800268074325 ], [ -66.036914630371101, 18.379986013006757 ], [ -66.038169665332035, 18.380776507432433 ], [ -66.038886827929687, 18.380934606756757 ], [ -66.039603990527354, 18.379986013006757 ], [ -66.040141862890636, 18.379986013006757 ], [ -66.04091878945313, 18.380697457770271 ], [ -66.042293350683593, 18.381250805405408 ], [ -66.042771460742188, 18.381646051520271 ], [ -66.043130041210944, 18.382041299831084 ], [ -66.043608149609383, 18.383147992905407 ], [ -66.044325312207036, 18.383622290878378 ], [ -66.044743658300789, 18.383464191554054 ], [ -66.045341292968757, 18.382357498479731 ], [ -66.04653656396485, 18.381725101182433 ], [ -66.045819401367197, 18.379037417060811 ], [ -66.047433018457042, 18.378958367398649 ], [ -66.048448999218749, 18.379353615709459 ], [ -66.049225924121103, 18.379432665371624 ], [ -66.050182142578123, 18.378246922635135 ], [ -66.05072001328125, 18.37800977364865 ], [ -66.052692210839851, 18.37800977364865 ], [ -66.065182796484379, 18.381171755743242 ], [ -66.065601140917977, 18.380855557094595 ], [ -66.071876315722662, 18.372476306081083 ], [ -66.077195272070313, 18.365678043918919 ], [ -66.078211252832034, 18.36472945016892 ], [ -66.078569834960945, 18.364097052871621 ], [ -66.079466287792968, 18.360935072972975 ], [ -66.080302978320319, 18.359354081925677 ], [ -66.080601794824219, 18.358958833614867 ], [ -66.081259195117198, 18.358563585304054 ], [ -66.081916593750009, 18.357535941891893 ], [ -66.082813046582032, 18.357456892229731 ], [ -66.082872810546874, 18.35642924881757 ], [ -66.082633756347661, 18.355638752195947 ], [ -66.083052100781259, 18.354373959797297 ], [ -66.082693520312503, 18.353899661824325 ], [ -66.082813046582032, 18.352239621114865 ], [ -66.082334938183592, 18.351844375 ], [ -66.082036120019538, 18.351923424662164 ], [ -66.082155647949222, 18.351132928040542 ], [ -66.081737303515624, 18.348682392905406 ], [ -66.081916593750009, 18.347575699831083 ], [ -66.081737303515624, 18.346548054222975 ], [ -66.08209588398438, 18.344255618412163 ], [ -66.081677539550782, 18.341884130743246 ], [ -66.081318957421885, 18.340935536993243 ], [ -66.080601794824219, 18.339828843918919 ], [ -66.08048226855469, 18.339196446621624 ], [ -66.080601794824219, 18.33848500185811 ], [ -66.081498249316411, 18.336983060472974 ], [ -66.081677539550782, 18.336034464527028 ], [ -66.081856829785167, 18.334295376351353 ], [ -66.081677539550782, 18.332319136993245 ], [ -66.082693520312503, 18.332714385304055 ], [ -66.08161777558594, 18.337931654222974 ], [ -66.081558011621098, 18.338089753547298 ], [ -66.081079903222658, 18.337931654222974 ], [ -66.080781086718758, 18.33943359560811 ], [ -66.081378721386727, 18.339512645270272 ], [ -66.081378721386727, 18.338643101182434 ], [ -66.082573992382819, 18.338722150844596 ], [ -66.083231392675785, 18.336666861824327 ], [ -66.084247373437506, 18.336904010810812 ], [ -66.084785244140633, 18.335243970101352 ], [ -66.08627933330078, 18.33611351418919 ], [ -66.086637915429691, 18.33611351418919 ], [ -66.08807224062501, 18.336745911486489 ], [ -66.088669876953134, 18.338564051520272 ], [ -66.089924911914068, 18.340619338344595 ], [ -66.090522546582037, 18.340935536993243 ], [ -66.091717817578129, 18.341172685979732 ], [ -66.094168123535155, 18.34204223006757 ], [ -66.094407177734382, 18.34346512179054 ], [ -66.094287651464853, 18.345441361148648 ], [ -66.09978589970703, 18.345836609459461 ], [ -66.105523200488292, 18.342911776351354 ], [ -66.105523200488292, 18.343544171452702 ], [ -66.104985329785166, 18.345757559797299 ], [ -66.105284146289065, 18.347575699831083 ], [ -66.104806037890626, 18.349156688682434 ], [ -66.104327929492186, 18.349789085979729 ], [ -66.105164620019536, 18.351370077027028 ], [ -66.104686511621097, 18.35271391908784 ], [ -66.102833840332039, 18.353425366047297 ], [ -66.100562824609383, 18.356034000506757 ], [ -66.10187762353516, 18.358721684628378 ], [ -66.102475259863283, 18.359512179054054 ], [ -66.102295967968757, 18.362595111486488 ], [ -66.103311948730479, 18.364176102533786 ], [ -66.103252186425792, 18.365757093581081 ], [ -66.103670530859375, 18.36694283631757 ], [ -66.103909585058602, 18.369156224662163 ], [ -66.104208403222657, 18.369867669425677 ], [ -66.104865801855468, 18.370737215709461 ], [ -66.105463438183605, 18.372871552195946 ], [ -66.104865801855468, 18.373978247466216 ], [ -66.102893604296881, 18.372555355743245 ], [ -66.102295967968757, 18.373820148141892 ], [ -66.10253502216797, 18.374768741891891 ], [ -66.10253502216797, 18.375163990202704 ], [ -66.102295967968757, 18.375559238513514 ], [ -66.101459279101562, 18.375717337837838 ], [ -66.101339751171878, 18.375480188851352 ], [ -66.097813702148443, 18.379037417060811 ], [ -66.095184104296877, 18.379986013006757 ], [ -66.094705995898437, 18.379906963344595 ], [ -66.094705995898437, 18.380776507432433 ], [ -66.094048597265626, 18.381962250168918 ], [ -66.094347415429695, 18.387337620608108 ], [ -66.098471100781254, 18.385677579898651 ], [ -66.101817859570318, 18.388839561993244 ], [ -66.111081212695311, 18.387732866722974 ], [ -66.111200738964854, 18.388286214358107 ], [ -66.110961684765627, 18.388760512331082 ], [ -66.110722630566414, 18.390183404054056 ], [ -66.110782394531256, 18.391052948141894 ], [ -66.111260502929696, 18.391606295777027 ], [ -66.111439793164067, 18.392080591554056 ], [ -66.112575301855472, 18.402277984797298 ], [ -66.112455773925788, 18.403305628209459 ], [ -66.111439793164067, 18.406309510979732 ], [ -66.111499557128909, 18.407100005405407 ], [ -66.111678847363279, 18.407732402702703 ], [ -66.112874120019541, 18.409629592398648 ], [ -66.114607263378915, 18.413186820608107 ], [ -66.115324425976567, 18.413740168243244 ], [ -66.115802534375007, 18.415558308277028 ], [ -66.115742770410165, 18.416111653716218 ], [ -66.11604158857422, 18.416506902027027 ], [ -66.116579460937501, 18.415874504729729 ], [ -66.117475913769539, 18.41524210962838 ], [ -66.117714967968752, 18.415637355743243 ], [ -66.116818515136728, 18.4169812 ], [ -66.116519696972659, 18.418404091722973 ], [ -66.116519696972659, 18.419352685472973 ], [ -66.116938041406257, 18.422830866216216 ], [ -66.117894258203137, 18.42781098614865 ], [ -66.118312604296875, 18.436111189695946 ], [ -66.116878277441415, 18.435794991047299 ], [ -66.113471754687509, 18.43555784206081 ], [ -66.112156955761719, 18.43294920760135 ], [ -66.11138003085938, 18.432079661317569 ], [ -66.110543340332043, 18.431447266216217 ], [ -66.109288305371095, 18.431052017905404 ], [ -66.108571142773442, 18.430972968243243 ], [ -66.09835157285157, 18.432633008952703 ], [ -66.096319612988282, 18.432000611655408 ], [ -66.096319612988282, 18.433186356587839 ], [ -66.093510724902345, 18.433265406250001 ], [ -66.093570488867186, 18.433107306925677 ], [ -66.093510724902345, 18.433265406250001 ], [ -66.092913088574221, 18.433265406250001 ], [ -66.091717817578129, 18.433107306925677 ], [ -66.089147985351573, 18.432000611655408 ], [ -66.086817205664062, 18.430656769594595 ], [ -66.086518387500007, 18.430182473817567 ], [ -66.086398861230478, 18.430261523479729 ], [ -66.08245446611329, 18.429312927533783 ], [ -66.082215411914063, 18.42947102685811 ], [ -66.081737303515624, 18.430498670270271 ], [ -66.079526051757824, 18.430340573141891 ], [ -66.079346759863284, 18.430656769594595 ], [ -66.078689361230474, 18.430577719932433 ], [ -66.079167469628914, 18.425123302027028 ], [ -66.078988179394543, 18.424965202702705 ], [ -66.077314800000011, 18.424728053716215 ], [ -66.0769562178711, 18.42449090472973 ], [ -66.075880473144537, 18.424253757939191 ], [ -66.075581656640637, 18.427731936486488 ], [ -66.075223074511726, 18.427652886824326 ], [ -66.074804730078128, 18.433265406250001 ], [ -66.075163310546884, 18.442039905574326 ], [ -66.075163310546884, 18.445439034459461 ], [ -66.074984020312499, 18.446624779391893 ], [ -66.072772768554685, 18.452395395945945 ], [ -66.072234896191418, 18.454608782094596 ], [ -66.069904118164061, 18.46116989527027 ], [ -66.065003504589853, 18.484647609797296 ] ] ] } },
{ "type": "Feature", "properties": { "district": 4, "precinct_index": 0, "color": "#ffeabe", "id": "d04_p00" }, "geometry": { "type": "Polygon", "coordinates": [ [ [ -66.12258019746622, 18.458648123339845 ], [ -66.112758978716215, 18.455494758789062 ], [ -66.111208259966219, 18.456363076269533 ], [ -66.110898116216219, 18.456363076269533 ], [ -66.10883049121621, 18.455723264257813 ], [ -66.106556103716215, 18.457048590136719 ], [ -66.103764812837838, 18.456911488378907 ], [ -66.102627619087841, 18.45723139501953 ], [ -66.10097351908783, 18.455266254589844 ], [ -66.102420856587841, 18.454900647363282 ], [ -66.109657541216222, 18.451884385839843 ], [ -66.104902006587835, 18.445714761035156 ], [ -66.102007331587842, 18.444115229101563 ], [ -66.098182225337837, 18.445212050781251 ], [ -66.093943594087833, 18.446034667675782 ], [ -66.091048919087839, 18.442150088671877 ], [ -66.089498200337843, 18.4424699953125 ], [ -66.086293381587836, 18.443841023046875 ], [ -66.080400650337836, 18.44123607060547 ], [ -66.06489346283783, 18.436574576562499 ], [ -66.062308931587836, 18.436026164453125 ], [ -66.055795912837837, 18.435066445800782 ], [ -66.050833612837835, 18.434837940332031 ], [ -66.052384331587831, 18.432232987890625 ], [ -66.05279785658783, 18.430313549316406 ], [ -66.05290123783783, 18.428896820996094 ], [ -66.05279785658783, 18.427480091406252 ], [ -66.052280950337831, 18.425606353417969 ], [ -66.050109944087836, 18.425606353417969 ], [ -66.048869369087839, 18.425423549804687 ], [ -66.045354406587833, 18.424463831152345 ], [ -66.039254912837833, 18.428485511914062 ], [ -66.039978581587832, 18.428896820996094 ], [ -66.040185344087831, 18.42962803544922 ], [ -66.041425919087843, 18.430770558984374 ], [ -66.041425919087843, 18.431136166210937 ], [ -66.04070225033783, 18.4315017734375 ], [ -66.038531244087835, 18.432004483691408 ], [ -66.037910956587837, 18.432461493359376 ], [ -66.036256856587841, 18.434426632519532 ], [ -66.03470613783783, 18.435477753613281 ], [ -66.021059812837834, 18.435614856640626 ], [ -66.014856937837834, 18.4373971921875 ], [ -66.005035719087843, 18.43991074345703 ], [ -66.00441543158783, 18.439819342285158 ], [ -66.002141044087836, 18.44055055673828 ], [ -66.001624137837837, 18.440322052539063 ], [ -66.001520756587837, 18.439773640429689 ], [ -66.000797087837839, 18.438905322949218 ], [ -65.999556512837842, 18.438585416308594 ], [ -65.996558456587834, 18.436483174121093 ], [ -65.99438745033784, 18.435340650585939 ], [ -65.99407730658784, 18.434975043359376 ], [ -65.993973925337841, 18.434518034960938 ], [ -65.99418068783784, 18.434198128320315 ], [ -65.995731406587836, 18.432735698144533 ], [ -65.996041550337836, 18.432095884863283 ], [ -65.993973925337841, 18.426063363085937 ], [ -65.992836731587829, 18.425423549804687 ], [ -65.992836731587829, 18.42519504560547 ], [ -65.99262996908783, 18.425012241992189 ], [ -65.993457019087842, 18.423778317285159 ], [ -65.993250256587842, 18.423458410644532 ], [ -65.976916019087838, 18.424098223925782 ], [ -65.970919909459454, 18.422270186523438 ], [ -65.963579840709457, 18.423229906445314 ], [ -65.963062934459458, 18.420030841308595 ], [ -65.964200128209455, 18.419391028027345 ], [ -65.964200128209455, 18.418842617187501 ], [ -65.965130559459453, 18.418888317773437 ], [ -65.969782715709457, 18.418339906933596 ], [ -65.97598558783784, 18.416237664746095 ], [ -65.977743069087836, 18.416283365332031 ], [ -65.978156594087835, 18.416009159277344 ], [ -65.978156594087835, 18.415780655078127 ], [ -65.977639687837836, 18.415232244238283 ], [ -65.978776881587834, 18.414501028515627 ], [ -65.98229184408784, 18.415323645410158 ], [ -65.983429037837837, 18.414683833398438 ], [ -65.98229184408784, 18.413404206835938 ], [ -65.980844506587829, 18.412764393554689 ], [ -65.98053436283783, 18.41235308574219 ], [ -65.980017456587831, 18.410982058007814 ], [ -65.979500550337832, 18.41043364716797 ], [ -65.979603931587832, 18.410022338085938 ], [ -65.979500550337832, 18.409519627832033 ], [ -65.977743069087836, 18.40855990917969 ], [ -65.978053212837835, 18.406777572363282 ], [ -65.977019400337838, 18.406274862109377 ], [ -65.974641631587829, 18.404675330175781 ], [ -65.978673500337834, 18.403121498828124 ], [ -65.98198170033784, 18.402710189746095 ], [ -65.982808750337838, 18.401933274707034 ], [ -65.981258031587842, 18.400973554785157 ], [ -65.98218846283784, 18.400607947558594 ], [ -65.98208508158784, 18.400562246972658 ], [ -65.983015512837838, 18.399648228906251 ], [ -65.982498606587839, 18.398597106542969 ], [ -65.983532419087837, 18.397271780664063 ], [ -65.983429037837837, 18.396860471582031 ], [ -65.973297675337832, 18.398597106542969 ], [ -65.966681278209464, 18.398505705371093 ], [ -65.966577896959464, 18.398460004785157 ], [ -65.966991421959463, 18.39498673359375 ], [ -65.967301565709462, 18.394621126367188 ], [ -65.96843875945946, 18.394118416113283 ], [ -65.967404946959462, 18.393615705859375 ], [ -65.967818471959461, 18.393341501074218 ], [ -65.967921853209461, 18.393067295019531 ], [ -65.967818471959461, 18.392884491406249 ], [ -65.966991421959463, 18.392610285351562 ], [ -65.966991421959463, 18.392381781152345 ], [ -65.966681278209464, 18.392153276953128 ], [ -65.965647465709452, 18.392061874511718 ], [ -65.965440703209453, 18.391879070898437 ], [ -65.965337321959453, 18.391696267285159 ], [ -65.965440703209453, 18.391467763085938 ], [ -65.964613653209454, 18.390599445605471 ], [ -65.964613653209454, 18.390416641992189 ], [ -65.965854228209452, 18.389594025097658 ], [ -65.966060990709451, 18.3884515015625 ], [ -65.967715090709461, 18.387994491894531 ], [ -65.968748903209459, 18.387446081054687 ], [ -65.973194294087833, 18.385709446093752 ], [ -65.973607819087832, 18.386212156347657 ], [ -65.974021344087831, 18.386257856933593 ], [ -65.974538250337829, 18.386166455761721 ], [ -65.97598558783784, 18.386349259375002 ], [ -65.977536306587837, 18.386075053320315 ], [ -65.978673500337834, 18.386303557519533 ], [ -65.979087025337833, 18.386257856933593 ], [ -65.980017456587831, 18.385755146679688 ], [ -65.980947887837843, 18.386029352734376 ], [ -65.981671556587841, 18.385252436425784 ], [ -65.984152706587835, 18.385526642480471 ], [ -65.985083137837833, 18.38534383886719 ], [ -65.985393281587832, 18.385069632812503 ], [ -65.985910187837831, 18.384978231640627 ], [ -65.987564287837841, 18.385069632812503 ], [ -65.986840619087829, 18.383927110546875 ], [ -65.986013569087831, 18.383104493652343 ], [ -65.986013569087831, 18.382281876757812 ], [ -65.986840619087829, 18.381779166503907 ], [ -65.987150762837842, 18.381276456250003 ], [ -65.989011625337838, 18.380728045410159 ], [ -65.990975869087833, 18.380728045410159 ], [ -65.990562344087834, 18.380499541210938 ], [ -65.990355581587835, 18.380179634570315 ], [ -65.990355581587835, 18.379814027343752 ], [ -65.989011625337838, 18.378442998339846 ], [ -66.001210612837838, 18.378168793554689 ], [ -66.00038356283784, 18.377757484472657 ], [ -65.99862608158783, 18.377346176660158 ], [ -65.997695650337832, 18.376432158593751 ], [ -65.997799031587832, 18.374832625390628 ], [ -65.99862608158783, 18.373781504296876 ], [ -65.999246369087842, 18.373278794042971 ], [ -65.99841931908783, 18.372044869335937 ], [ -65.999142987837843, 18.371679262109375 ], [ -65.999246369087842, 18.371222252441406 ], [ -66.001210612837838, 18.370902345800783 ], [ -66.001624137837837, 18.370719542187501 ], [ -66.001727519087837, 18.370582439160156 ], [ -66.001624137837837, 18.370262533789063 ], [ -66.001934281587836, 18.369988327734376 ], [ -66.003691762837832, 18.369531318066407 ], [ -66.007103344087838, 18.369074309667969 ], [ -66.007930394087836, 18.369485617480471 ], [ -66.008447300337835, 18.369988327734376 ], [ -66.008860825337834, 18.370034028320315 ], [ -66.011238594087843, 18.369394216308596 ], [ -66.012685931587839, 18.369485617480471 ], [ -66.01671780033783, 18.369028607812503 ], [ -66.01847528158784, 18.369028607812503 ], [ -66.021369956587833, 18.369805524121094 ], [ -66.025298444087838, 18.371542159082033 ], [ -66.026539019087835, 18.37245617714844 ], [ -66.027572831587833, 18.372821785644533 ], [ -66.02871002533783, 18.373553000097658 ], [ -66.029433694087842, 18.373827204882815 ], [ -66.029847219087841, 18.374101410937502 ], [ -66.03036412533784, 18.374786924804688 ], [ -66.031087794087838, 18.375015429003906 ], [ -66.033465562837833, 18.374832625390628 ], [ -66.033879087837832, 18.375015429003906 ], [ -66.03460275658783, 18.375700942871095 ], [ -66.035223044087843, 18.375883747753907 ], [ -66.035016281587843, 18.375015429003906 ], [ -66.035429806587842, 18.373918607324221 ], [ -66.035429806587842, 18.373461597656252 ], [ -66.035223044087843, 18.373187392871095 ], [ -66.035429806587842, 18.372958887402344 ], [ -66.037290669087838, 18.372273373535158 ], [ -66.038324481587836, 18.371450757910157 ], [ -66.038841387837834, 18.371313654882815 ], [ -66.040185344087831, 18.371267953027345 ], [ -66.042046206587841, 18.371587859667969 ], [ -66.04256311283784, 18.370810944628907 ], [ -66.043803687837837, 18.370399635546875 ], [ -66.044423975337835, 18.370399635546875 ], [ -66.045354406587833, 18.371724962695314 ], [ -66.04680174408783, 18.374375616992189 ], [ -66.047111887837843, 18.375381037500002 ], [ -66.056519581587835, 18.37309599042969 ], [ -66.062102169087837, 18.37305028984375 ], [ -66.062515694087836, 18.375106831445315 ], [ -66.061378500337838, 18.375655242285159 ], [ -66.061068356587839, 18.375929448339846 ], [ -66.060861594087839, 18.376432158593751 ], [ -66.059517637837843, 18.377163373046876 ], [ -66.057863537837832, 18.377300476074218 ], [ -66.056622962837835, 18.378671503808594 ], [ -66.05476210033784, 18.379128512207032 ], [ -66.053521525337842, 18.379905428515627 ], [ -66.057450012837833, 18.380590942382813 ], [ -66.059621019087842, 18.380773745996095 ], [ -66.062412312837836, 18.380316736328126 ], [ -66.063549506587833, 18.379951129101563 ], [ -66.065513750337843, 18.379722624902346 ], [ -66.067374612837838, 18.379859727929688 ], [ -66.071303100337843, 18.379174214062502 ], [ -66.076575544087831, 18.376980569433595 ], [ -66.07698906908783, 18.377254775488282 ], [ -66.07698906908783, 18.377711783886721 ], [ -66.07678230658783, 18.378077391113283 ], [ -66.077092450337844, 18.378534400781252 ], [ -66.078022881587842, 18.378945708593751 ], [ -66.079676981587838, 18.379265615234377 ], [ -66.079987125337837, 18.378534400781252 ], [ -66.081331081587834, 18.377711783886721 ], [ -66.081124319087834, 18.377437579101564 ], [ -66.080917556587835, 18.376569261621096 ], [ -66.081537844087833, 18.376112251953128 ], [ -66.081537844087833, 18.375518139257814 ], [ -66.082158131587832, 18.375061130859375 ], [ -66.081020937837835, 18.37309599042969 ], [ -66.082158131587832, 18.372638982031251 ], [ -66.08298518158783, 18.372090569921877 ], [ -66.08277841908783, 18.371679262109375 ], [ -66.08308856283783, 18.370856645214843 ], [ -66.08308856283783, 18.369805524121094 ], [ -66.08298518158783, 18.369485617480471 ], [ -66.082261512837832, 18.36930281386719 ], [ -66.081124319087834, 18.3686173 ], [ -66.07864316908784, 18.367794683105469 ], [ -66.076265400337832, 18.36674356201172 ], [ -66.079056694087839, 18.36610374873047 ], [ -66.083502087837843, 18.362904684863281 ], [ -66.090015106587842, 18.361350852246094 ], [ -66.09094553783784, 18.360711040234378 ], [ -66.089601581587843, 18.360162629394534 ], [ -66.087017050337835, 18.360025526367188 ], [ -66.087947481587832, 18.359202909472657 ], [ -66.090325250337841, 18.357923282910157 ], [ -66.094770644087831, 18.357374872070313 ], [ -66.09673488783784, 18.357877582324221 ], [ -66.098182225337837, 18.357923282910157 ], [ -66.098802512837835, 18.358106086523438 ], [ -66.099112656587835, 18.35769477871094 ], [ -66.099216037837834, 18.356780760644533 ], [ -66.099732944087833, 18.356232349804689 ], [ -66.100353231587832, 18.356643657617187 ], [ -66.101697187837843, 18.35700926484375 ], [ -66.105315528716218, 18.357100667285156 ], [ -66.106556103716215, 18.357283470898437 ], [ -66.106969628716215, 18.357557675683594 ], [ -66.107383153716214, 18.358151788378908 ], [ -66.107900059966212, 18.358425993164065 ], [ -66.111931928716217, 18.359065806445315 ], [ -66.112758978716215, 18.359340012500002 ], [ -66.11503336621621, 18.360756740820314 ], [ -66.116067178716222, 18.360985245019531 ], [ -66.118961853716215, 18.360619637792968 ], [ -66.122166672466221, 18.360711040234378 ], [ -66.122373434966221, 18.360985245019531 ], [ -66.121753147466222, 18.3614422546875 ], [ -66.121443003716209, 18.361899264355468 ], [ -66.122373434966221, 18.362858983007815 ], [ -66.123924153716217, 18.361350852246094 ], [ -66.124544441216216, 18.360939544433595 ], [ -66.125061347466215, 18.36084814326172 ], [ -66.125785016216213, 18.360985245019531 ], [ -66.125681634966213, 18.361807861914063 ], [ -66.124751203716215, 18.362676179394533 ], [ -66.124751203716215, 18.363315992675783 ], [ -66.125268109966214, 18.364047207128909 ], [ -66.125888397466213, 18.364321413183596 ], [ -66.130747316216215, 18.364778422851565 ], [ -66.131574366216213, 18.365006927050782 ], [ -66.135709616216218, 18.366789262597656 ], [ -66.136123141216217, 18.367246272265625 ], [ -66.135916378716217, 18.367703281933593 ], [ -66.13467580371622, 18.369028607812503 ], [ -66.131987891216212, 18.370308234375003 ], [ -66.131264222466214, 18.370902345800783 ], [ -66.130954078716215, 18.371496458496093 ], [ -66.130643934966216, 18.37305028984375 ], [ -66.130230409966217, 18.373644401269534 ], [ -66.130230409966217, 18.374878327246094 ], [ -66.130437172466216, 18.375975148925782 ], [ -66.129816884966218, 18.376203653125 ], [ -66.129403359966219, 18.376569261621096 ], [ -66.130127028716217, 18.377163373046876 ], [ -66.131781128716213, 18.377437579101564 ], [ -66.132091272466212, 18.377848886914062 ], [ -66.132091272466212, 18.378305896582031 ], [ -66.131367603716214, 18.379265615234377 ], [ -66.130850697466215, 18.379539821289065 ], [ -66.129299978716219, 18.381687764062502 ], [ -66.126612066216211, 18.382556082812503 ], [ -66.126095159966212, 18.382921690039062 ], [ -66.125991778716212, 18.383241596679689 ], [ -66.12888645371622, 18.38470402558594 ], [ -66.12898983496622, 18.385023932226563 ], [ -66.129403359966219, 18.385389539453126 ], [ -66.130850697466215, 18.385892249707034 ], [ -66.130333791216216, 18.386120753906251 ], [ -66.129196597466219, 18.38598365214844 ], [ -66.12702559121621, 18.385161035253908 ], [ -66.126612066216211, 18.384932529785157 ], [ -66.126508684966211, 18.384566922558594 ], [ -66.125578253716213, 18.384429820800783 ], [ -66.124441059966216, 18.385023932226563 ], [ -66.123924153716217, 18.385572343066407 ], [ -66.123303866216219, 18.385480941894532 ], [ -66.12289034121622, 18.384749726171876 ], [ -66.122476816216221, 18.384658325 ], [ -66.121339622466209, 18.384886829199221 ], [ -66.119375378716214, 18.384841128613282 ], [ -66.118548328716216, 18.385023932226563 ], [ -66.113999553716212, 18.387126174414064 ], [ -66.111725166216218, 18.387034773242188 ], [ -66.10903725371621, 18.387354679882815 ], [ -66.107279772466214, 18.387126174414064 ], [ -66.105832434966217, 18.386669166015626 ], [ -66.102317475337841, 18.387948791308595 ], [ -66.102420856587841, 18.388405800976564 ], [ -66.10283438158784, 18.388862809375002 ], [ -66.105108769087835, 18.390416641992189 ], [ -66.105729053716217, 18.391056454003909 ], [ -66.106556103716215, 18.392473183593751 ], [ -66.107589916216213, 18.39311299560547 ], [ -66.108416966216211, 18.393387201660158 ], [ -66.109450778716209, 18.393478602832033 ], [ -66.111621784966218, 18.393250098632812 ], [ -66.112448834966216, 18.393570005273439 ], [ -66.112345453716216, 18.394803929980469 ], [ -66.112448834966216, 18.395352340820313 ], [ -66.112758978716215, 18.395855051074221 ], [ -66.112965741216215, 18.397043275195312 ], [ -66.110277828716221, 18.398734209570314 ], [ -66.107486534966213, 18.399831032519533 ], [ -66.107176391216214, 18.400470844531252 ], [ -66.108003441216212, 18.401156358398438 ], [ -66.10903725371621, 18.402481685546874 ], [ -66.109657541216222, 18.402938695214846 ], [ -66.111001497466219, 18.403578508496096 ], [ -66.113896172466212, 18.4044925265625 ], [ -66.114309697466211, 18.404766732617187 ], [ -66.114413078716211, 18.405817853710939 ], [ -66.114309697466211, 18.406549068164065 ], [ -66.11472322246621, 18.408834113964843 ], [ -66.114413078716211, 18.409291123632812 ], [ -66.112655597466215, 18.409885235058596 ], [ -66.108210203716212, 18.41235308574219 ], [ -66.109657541216222, 18.412810095410158 ], [ -66.11472322246621, 18.413267103808593 ], [ -66.118134803716217, 18.413952617675783 ], [ -66.119375378716214, 18.414318224902345 ], [ -66.120202428716212, 18.41482093515625 ], [ -66.121546384966209, 18.416009159277344 ], [ -66.122270053716221, 18.416466168945313 ], [ -66.123200484966219, 18.416786075585939 ], [ -66.12692220996621, 18.417334486425784 ], [ -66.135606234966218, 18.419482430468751 ], [ -66.137570478716214, 18.419619532226562 ], [ -66.142326016216217, 18.419116821972658 ], [ -66.144497022466211, 18.419253925 ], [ -66.148115366216217, 18.421219065429689 ], [ -66.156179103716212, 18.423367008203126 ], [ -66.156592628716211, 18.423686914843749 ], [ -66.156282484966212, 18.424098223925782 ], [ -66.155662197466214, 18.424326728124999 ], [ -66.152147234966222, 18.424875138964843 ], [ -66.151526947466209, 18.425103644433594 ], [ -66.15101004121621, 18.425606353417969 ], [ -66.151526947466209, 18.426109063671877 ], [ -66.153801334966218, 18.426657475781251 ], [ -66.154008097466217, 18.427023083007814 ], [ -66.153904716216218, 18.428714017382813 ], [ -66.154318241216217, 18.42898822216797 ], [ -66.159280541216219, 18.429125325195312 ], [ -66.15917715996622, 18.429536633007814 ], [ -66.159383922466219, 18.430085045117188 ], [ -66.160210972466217, 18.430953362597656 ], [ -66.160934641216215, 18.431410370996094 ], [ -66.161141403716215, 18.431775979492187 ], [ -66.160624497466216, 18.432598595117188 ], [ -66.160727878716216, 18.432644296972658 ], [ -66.160624497466216, 18.433512614453125 ], [ -66.161348166216214, 18.435203548828127 ], [ -66.160210972466217, 18.436117566894531 ], [ -66.160417734966217, 18.43680308076172 ], [ -66.160004209966218, 18.437488594628906 ], [ -66.160934641216215, 18.438631118164064 ], [ -66.161865072466213, 18.440139248925782 ], [ -66.161761691216213, 18.441464574804687 ], [ -66.160934641216215, 18.442927004980469 ], [ -66.161038022466215, 18.443795322460939 ], [ -66.162588741216211, 18.445440556250002 ], [ -66.162795503716211, 18.445897564648437 ], [ -66.160727878716216, 18.446994387597655 ], [ -66.160004209966218, 18.447497097851564 ], [ -66.159694066216218, 18.447908405664062 ], [ -66.158350109966221, 18.448685321972658 ], [ -66.158246728716222, 18.448776723144533 ], [ -66.158350109966221, 18.449416536425783 ], [ -66.158143347466222, 18.449690741210937 ], [ -66.156799391216211, 18.449964947265627 ], [ -66.156385866216212, 18.450330554492187 ], [ -66.15121680371621, 18.450193451464845 ], [ -66.14677140996622, 18.450513358105468 ], [ -66.140361772466221, 18.450330554492187 ], [ -66.127335734966209, 18.448136909863283 ], [ -66.126301922466212, 18.44841111591797 ], [ -66.125164728716214, 18.449416536425783 ], [ -66.122993722466219, 18.450878965332031 ], [ -66.122373434966221, 18.451655881640626 ], [ -66.121753147466222, 18.452889806347656 ], [ -66.122166672466221, 18.453986629296875 ], [ -66.121753147466222, 18.45531195517578 ], [ -66.122063291216222, 18.455677562402343 ], [ -66.125164728716214, 18.457139992578124 ], [ -66.126095159966212, 18.457734104003908 ], [ -66.126405303716211, 18.4585110203125 ], [ -66.127645878716223, 18.459287936621095 ], [ -66.128162784966221, 18.460064851660157 ], [ -66.129196597466219, 18.460658964355471 ], [ -66.13498594746622, 18.462806907128908 ], [ -66.136536666216216, 18.463675224609375 ], [ -66.136743428716215, 18.464040831835938 ], [ -66.135709616216218, 18.464269337304689 ], [ -66.13302170371621, 18.464726345703127 ], [ -66.131160841216214, 18.464726345703127 ], [ -66.130127028716217, 18.464634944531252 ], [ -66.127335734966209, 18.463949430664062 ], [ -66.124441059966216, 18.463766627050781 ], [ -66.123200484966219, 18.463492420996094 ], [ -66.12113285996621, 18.462304196874999 ], [ -66.12102947871621, 18.462075692675782 ], [ -66.118031422466217, 18.461527281835938 ], [ -66.12258019746622, 18.458648123339845 ] ] ] } },
{ "type": "Feature", "properties": { "district": 5, "precinct_index": 0, "color": "#e3b2d1", "id": "d05_p00" }, "geometry": { "type": "Polygon", "coordinates": [ [ [ -66.107841554505015, 18.462329725653227 ], [ -66.109019835072502, 18.565651240481959 ], [ -66.107802347397225, 18.479647232710974 ], [ -66.107810787362055, 18.481705969826063 ], [ -66.107808347991835, 18.481549642171554 ], [ -66.106959712943677, 18.403417489395707 ], [ -66.107841554505015, 18.462329725653227 ] ] ] } },
{ "type": "Feature", "properties": { "district": 5, "precinct_index": 1, "color": "#dfc19f", "id": "d05_p01" }, "geometry": { "type": "Polygon", "coordinates": [ [ [ -66.105364288887472, 18.266165635628315 ], [ -66.107088272451179, 18.383894111593719 ], [ -66.106886300586666, 18.370558988049392 ], [ -66.107781411085298, 18.453970803145864 ], [ -66.107301441437755, 18.41650386621324 ], [ -66.107433774451437, 18.432671686373553 ], [ -66.106877720917709, 18.399338127071623 ], [ -66.106888624123172, 18.400575457167246 ], [ -66.106873863444662, 18.39972744181086 ], [ -66.105364288887472, 18.266165635628315 ] ] ] } },
{ "type": "Feature", "properties": { "district": 5, "precinct_index": 2, "color": "#ffffbe", "id": "d05_p02" }, "geometry": { "type": "Polygon", "coordinates": [ [ [ -66.107414447409525, 18.443771839672522 ], [ -66.10529800511992, 18.286742175291561 ], [ -66.104173695401471, 18.191922606292771 ], [ -66.104156693736584, 18.190294454889543 ], [ -66.104567952937288, 18.215034319362907 ], [ -66.10389655196029, 18.152764872965552 ], [ -66.10411295904197, 18.165262405086992 ], [ -66.10403513923201, 18.152881856634497 ], [ -66.10460880309023, 18.197968996930054 ], [ -66.107414447409525, 18.443771839672522 ] ] ] } },
{ "type": "Feature", "properties": { "district": 6, "precinct_index": 0, "color": "#ecccab", "id": "d06_p00" }, "geometry": { "type": "Polygon", "coordinates": [ [ [ -66.063666633486349, 18.43425728597731 ], [ -66.059041981899156, 18.43558329788792 ], [ -66.060171024610753, 18.434896089097371 ], [ -66.059468504802879, 18.434956529351325 ], [ -66.059896862077338, 18.434729131704369 ], [ -66.059518159246451, 18.434669513753029 ], [ -66.060356317238274, 18.434210168490324 ], [ -66.06021126554559, 18.434241087748163 ], [ -66.064978081418431, 18.43191938978827 ], [ -66.064553905000949, 18.432048082050251 ], [ -66.064777361295967, 18.431936658520694 ], [ -66.070574694810659, 18.429335756716572 ], [ -66.068866227904238, 18.429980616907258 ], [ -66.068106475756252, 18.430359457279188 ], [ -66.067979980620649, 18.430394926505816 ], [ -66.06790915391484, 18.430444046257858 ], [ -66.067782658779251, 18.430479515484485 ], [ -66.06827426362149, 18.430234383224214 ], [ -66.068739732768634, 18.430016086133882 ], [ -66.071148103777787, 18.429077439811778 ], [ -66.071226508380136, 18.428996935540056 ], [ -66.068983309531077, 18.429577161929721 ], [ -66.065019103687689, 18.431098363426894 ], [ -66.067670268883376, 18.429886818531845 ], [ -66.066525016100925, 18.430071401078994 ], [ -66.064993209647696, 18.429496329899553 ], [ -66.063351631486711, 18.428561906406841 ], [ -66.06462310894436, 18.427610433100035 ], [ -66.070072324157678, 18.42555579556079 ], [ -66.072835608788836, 18.424205526085352 ], [ -66.073029532349182, 18.424053616860437 ], [ -66.07291479596708, 18.42395899618241 ], [ -66.071599920948657, 18.423869281894898 ], [ -66.072513867837671, 18.423096086483007 ], [ -66.072061721354345, 18.422852243025293 ], [ -66.072248065776677, 18.422731718939104 ], [ -66.075737388964185, 18.421060828781354 ], [ -66.081027178026162, 18.418933854527133 ], [ -66.086929591517617, 18.417688456966463 ], [ -66.09536765372971, 18.415302918225837 ], [ -66.102689725433635, 18.412411026194686 ], [ -66.10373356573929, 18.411669681802415 ], [ -66.107081236756656, 18.410097030529698 ], [ -66.108411780925138, 18.409226527994555 ], [ -66.114031131731409, 18.406548739506672 ], [ -66.114467849478302, 18.406123931708812 ], [ -66.115209046310682, 18.405740540749044 ], [ -66.112686721495336, 18.406418540761901 ], [ -66.114444841603856, 18.405486665591972 ], [ -66.113671495090159, 18.405596225597968 ], [ -66.113731344376902, 18.405511170738411 ], [ -66.118491634148043, 18.403786253819053 ], [ -66.118570039991866, 18.403705748928282 ], [ -66.116082993919974, 18.403993477989079 ], [ -66.115958062694702, 18.403696896572317 ], [ -66.115775899129332, 18.403718715273527 ], [ -66.110790318692452, 18.405155684832806 ], [ -66.106391469886518, 18.405872196939242 ], [ -66.106131683053221, 18.405808494900004 ], [ -66.1065237097894, 18.40540597168425 ], [ -66.106129848682485, 18.405409124010365 ], [ -66.102094545672884, 18.406248023726551 ], [ -66.10872011155513, 18.403717238073071 ], [ -66.111953046190393, 18.402049966122327 ], [ -66.111095278605191, 18.401939365514433 ], [ -66.111849016766968, 18.40125985901879 ], [ -66.117961024210317, 18.398902334791494 ], [ -66.120747045014028, 18.39745791051892 ], [ -66.118400088443437, 18.397979450719024 ], [ -66.119205314178032, 18.397412300133769 ], [ -66.126400379872337, 18.395453323874445 ], [ -66.128948056565406, 18.39491451494192 ], [ -66.131992570752487, 18.394597264885004 ], [ -66.13451829260741, 18.393986585737441 ], [ -66.15829074716622, 18.386784359749463 ], [ -66.161200135284886, 18.385968567537045 ], [ -66.16109559498743, 18.386075906978707 ], [ -66.161857964082046, 18.385930411865193 ], [ -66.164136440433069, 18.384959915142517 ], [ -66.17450564327072, 18.381984118312868 ], [ -66.174244292527092, 18.382252466917024 ], [ -66.176994253252943, 18.38136433860868 ], [ -66.187038856537669, 18.378674625615549 ], [ -66.183497263201446, 18.380399185494131 ], [ -66.184799327671556, 18.380053593165439 ], [ -66.184657674259938, 18.380151832669522 ], [ -66.18039082494326, 18.382030987599194 ], [ -66.178958084480584, 18.382510754539489 ], [ -66.172378262645353, 18.385584651512676 ], [ -66.171610148783444, 18.386160902654559 ], [ -66.172454322002949, 18.386002222896519 ], [ -66.172285751561802, 18.386293322582713 ], [ -66.174427808394455, 18.385887755880955 ], [ -66.174761037638717, 18.38613568404562 ], [ -66.175737719464678, 18.386242201058231 ], [ -66.173595933092415, 18.387379189293014 ], [ -66.170695960239328, 18.388562966763729 ], [ -66.164941484606103, 18.390742212477058 ], [ -66.164740764483639, 18.390759481209482 ], [ -66.165318353066255, 18.390402459538759 ], [ -66.163343302764417, 18.390848977197713 ], [ -66.155286801984943, 18.391898610450816 ], [ -66.152259279203122, 18.392552461738962 ], [ -66.148785896867565, 18.393994555988034 ], [ -66.142664475915481, 18.395984094464421 ], [ -66.142504267188244, 18.396077783380665 ], [ -66.142812925889217, 18.396020495452827 ], [ -66.14132295308643, 18.396818662511098 ], [ -66.141392998457832, 18.396935567771227 ], [ -66.138924537748309, 18.39958813703112 ], [ -66.135295665980294, 18.402488059115623 ], [ -66.128219787985458, 18.405174372201028 ], [ -66.12742632100435, 18.405611432881628 ], [ -66.12665742580802, 18.406353709035681 ], [ -66.129463054963651, 18.405479231252752 ], [ -66.129736436162659, 18.405812213657924 ], [ -66.120888843693592, 18.409161121547328 ], [ -66.116339470129574, 18.411070729853947 ], [ -66.114302224054754, 18.412100378647072 ], [ -66.10451951243445, 18.415984586102109 ], [ -66.105389820107575, 18.415799071793177 ], [ -66.104622488821562, 18.416209297303837 ], [ -66.106074055060247, 18.416465502484414 ], [ -66.105853997046268, 18.416644246260219 ], [ -66.105965333905829, 18.416671547311051 ], [ -66.110532751911421, 18.415663936137467 ], [ -66.110699758442252, 18.415704887094662 ], [ -66.110591037287847, 18.415910931921299 ], [ -66.111334851066857, 18.415760886219946 ], [ -66.112656252186994, 18.415253819466923 ], [ -66.115450122589138, 18.414509431588648 ], [ -66.108421552551633, 18.417406805350367 ], [ -66.10868133938493, 18.417470507389606 ], [ -66.110263311155762, 18.416861116425547 ], [ -66.109153606335667, 18.417386850172715 ], [ -66.071009877452511, 18.431603289792417 ], [ -66.063666633486349, 18.43425728597731 ] ] ] } },
{ "type": "Feature", "properties": { "district": 6, "precinct_index": 1, "color": "#98a5d6", "id": "d06_p01" }, "geometry": { "type": "Polygon", "coordinates": [ [ [ -66.077544044139557, 18.435067150952346 ], [ -66.077772463867461, 18.434690996406591 ], [ -66.07717108483449, 18.43457677759169 ], [ -66.073553161680266, 18.435152344553401 ], [ -66.072419668892792, 18.435206836576846 ], [ -66.072985498721906, 18.434979904810781 ], [ -66.073071482462268, 18.43486801540033 ], [ -66.072960145602707, 18.434840714349498 ], [ -66.071502834596743, 18.435015265197293 ], [ -66.077119838916786, 18.43283555298402 ], [ -66.083791930180467, 18.430681853638077 ], [ -66.074364914758064, 18.433988412308558 ], [ -66.073426397325761, 18.434456391627947 ], [ -66.074348192571705, 18.434383233229408 ], [ -66.073349825852659, 18.434936267408357 ], [ -66.076086463914692, 18.434510279648059 ], [ -66.07940905103176, 18.433529860066141 ], [ -66.079196572155809, 18.43367721870322 ], [ -66.079318886434436, 18.433740454861567 ], [ -66.078753056605322, 18.433967386627636 ], [ -66.078938618451758, 18.434012888172667 ], [ -66.078350052450077, 18.434333974735871 ], [ -66.079751692027941, 18.434145774474327 ], [ -66.079636174311418, 18.434217178808474 ], [ -66.081202206471787, 18.433836583134045 ], [ -66.083305315819544, 18.433022545605073 ], [ -66.085599731781016, 18.431823253592771 ], [ -66.087418483752188, 18.430640297932058 ], [ -66.087658662233579, 18.430134053481652 ], [ -66.086916414121717, 18.429952048046999 ], [ -66.08534620234586, 18.43043134848735 ], [ -66.086724837047598, 18.4296058809973 ], [ -66.086497982471514, 18.429649984280616 ], [ -66.086677529090252, 18.429394820320987 ], [ -66.086287066264404, 18.429465292893351 ], [ -66.085377812347858, 18.429242335756015 ], [ -66.079547005655158, 18.430272589171526 ], [ -66.069866729501172, 18.432918664762234 ], [ -66.064277424786567, 18.434739491162173 ], [ -66.062278074401846, 18.435612214261653 ], [ -66.062371637280222, 18.435468939712475 ], [ -66.054151287837342, 18.438173810332856 ], [ -66.051071494906807, 18.438881331341832 ], [ -66.053960492097659, 18.43766161827099 ], [ -66.056873278497363, 18.436913146304818 ], [ -66.063449191177526, 18.434669375630584 ], [ -66.056096533702629, 18.436955386064568 ], [ -66.059041981899156, 18.43558329788792 ], [ -66.06467519629004, 18.43390621191805 ], [ -66.109153606335667, 18.417386850172715 ], [ -66.119183563459885, 18.413862460292794 ], [ -66.117310708210752, 18.414699714165646 ], [ -66.125793459676729, 18.412291891335531 ], [ -66.131051368276317, 18.410622508279619 ], [ -66.136631529942576, 18.4091651176618 ], [ -66.136318690384641, 18.409321110974613 ], [ -66.136872761460268, 18.409224269113199 ], [ -66.140435527058742, 18.407737605080875 ], [ -66.141231609744992, 18.40753389027774 ], [ -66.139224680222256, 18.40843799851595 ], [ -66.14272263434259, 18.407301119740328 ], [ -66.144439461721461, 18.406458849398746 ], [ -66.145171515505496, 18.406438894221097 ], [ -66.144839338056045, 18.406756362577291 ], [ -66.147618832758056, 18.405908719345256 ], [ -66.14865431259129, 18.405364785103885 ], [ -66.149171270552728, 18.405258843304892 ], [ -66.149092864708905, 18.405339348195664 ], [ -66.149468169258725, 18.405331645900759 ], [ -66.149389764656377, 18.405412150172481 ], [ -66.15177879653254, 18.404634979512807 ], [ -66.129712790464879, 18.417142423578358 ], [ -66.124067035986073, 18.419115624465054 ], [ -66.122653634656402, 18.419433915742914 ], [ -66.121989009297124, 18.419337430922276 ], [ -66.120813439962603, 18.419647554024341 ], [ -66.116927639963038, 18.421088250630742 ], [ -66.095604577441151, 18.426530804554286 ], [ -66.091201038661055, 18.428243468098284 ], [ -66.090669462829027, 18.429875023114356 ], [ -66.091051563940965, 18.430001961311941 ], [ -66.091787798581962, 18.429883300749317 ], [ -66.099525956691323, 18.427791548140114 ], [ -66.084512522719876, 18.433883700621031 ], [ -66.078483883311748, 18.435895989560411 ], [ -66.0765906371348, 18.436329322574839 ], [ -66.07770870242733, 18.435606178676771 ], [ -66.07788145248395, 18.435216374224648 ], [ -66.077544044139557, 18.435067150952346 ] ] ] } },
{ "type": "Feature", "properties": { "district": 6, "precinct_index": 2, "color": "#f0b1e6", "id": "d06_p02" }, "geometry": { "type": "Polygon", "coordinates": [ [ [ -66.129638151506512, 18.404591350526019 ], [ -66.135295665980294, 18.402488059115623 ], [ -66.138749170745044, 18.399744596224824 ], [ -66.141392998457832, 18.396935567771227 ], [ -66.14132295308643, 18.396818662511098 ], [ -66.142812925889217, 18.396020495452827 ], [ -66.142504267188244, 18.396077783380665 ], [ -66.142664475915481, 18.395984094464421 ], [ -66.148785896867565, 18.393994555988034 ], [ -66.152259279203122, 18.392552461738962 ], [ -66.155286801984943, 18.391898610450816 ], [ -66.163343302764417, 18.390848977197713 ], [ -66.165318353066255, 18.390402459538759 ], [ -66.164740764483639, 18.390759481209482 ], [ -66.165320970012885, 18.390635804797178 ], [ -66.164794869003103, 18.391105182378286 ], [ -66.165859100236574, 18.390767758844444 ], [ -66.163823686775658, 18.39219677901982 ], [ -66.160156382636572, 18.39379078200119 ], [ -66.158904243070438, 18.394580780264615 ], [ -66.160101764244786, 18.394342528489251 ], [ -66.159874127092792, 18.394552657403782 ], [ -66.156918484053094, 18.395722784841695 ], [ -66.156515479897848, 18.39608937294993 ], [ -66.154158597703002, 18.397140374563378 ], [ -66.157071384102707, 18.396391902597205 ], [ -66.156896017099442, 18.396548361790909 ], [ -66.141326410219548, 18.401606562598911 ], [ -66.127657356437396, 18.405468624213341 ], [ -66.129638151506512, 18.404591350526019 ] ] ] } },
{ "type": "Feature", "properties": { "district": 7, "precinct_index": 0, "color": "#cfbaab", "id": "d07_p00" }, "geometry": { "type": "Polygon", "coordinates": [ [ [ -66.149334116210937, 18.431449336486487 ], [ -66.148420084960932, 18.429795377027027 ], [ -66.146767798828122, 18.429260272972975 ], [ -66.146521712890618, 18.428968397297297 ], [ -66.146521712890618, 18.42741172972973 ], [ -66.146381092773439, 18.427119854054055 ], [ -66.145431907226566, 18.426779332432432 ], [ -66.145045202148438, 18.42624422837838 ], [ -66.144482720703124, 18.42420110135135 ], [ -66.143814775390624, 18.422839017567568 ], [ -66.144025706054691, 18.421768808108109 ], [ -66.143428070312495, 18.42128235 ], [ -66.140756287109369, 18.422644433783784 ], [ -66.140193806640625, 18.421768808108109 ], [ -66.139912566406252, 18.421574224324324 ], [ -66.139701635742185, 18.421720162162163 ], [ -66.139701635742185, 18.421963391891893 ], [ -66.13994772167969, 18.422595787837839 ], [ -66.139771946289059, 18.422741725675678 ], [ -66.139314930664057, 18.422644433783784 ], [ -66.13896337988281, 18.422984955405408 ], [ -66.138682139648438, 18.422790371621623 ], [ -66.13847120996094, 18.422012037837838 ], [ -66.137732954101565, 18.421233704054053 ], [ -66.137592333984372, 18.421330994594594 ], [ -66.137697798828128, 18.422741725675678 ], [ -66.13731109375, 18.422790371621623 ], [ -66.136854078124998, 18.423422767567569 ], [ -66.136572837890625, 18.423471413513514 ], [ -66.136291597656253, 18.422984955405408 ], [ -66.136607993164063, 18.421963391891893 ], [ -66.136221287109365, 18.4218661 ], [ -66.135834582031251, 18.422352558108109 ], [ -66.135799426757814, 18.423471413513514 ], [ -66.135588497070316, 18.423909227027028 ], [ -66.135377566406248, 18.423909227027028 ], [ -66.135201791015618, 18.423374121621624 ], [ -66.132389388671868, 18.422936309459459 ], [ -66.130420706054679, 18.423714643243244 ], [ -66.126518497070307, 18.423860581081083 ], [ -66.126694272460938, 18.422547141891894 ], [ -66.123565474609364, 18.42551454054054 ], [ -66.123635784179683, 18.424638914864865 ], [ -66.123249079101555, 18.425319956756759 ], [ -66.12282721874999, 18.424736206756759 ], [ -66.122862373046871, 18.424298393243244 ], [ -66.123354543945311, 18.422936309459459 ], [ -66.123460008789053, 18.4218661 ], [ -66.124127955078123, 18.420893182432433 ], [ -66.123846714843751, 18.420649952702703 ], [ -66.123389699218748, 18.420893182432433 ], [ -66.122756908203115, 18.420698598648649 ], [ -66.122440512695306, 18.42128235 ], [ -66.121983497070303, 18.421087766216218 ], [ -66.121385862304678, 18.419920264864867 ], [ -66.120893691406252, 18.419968910810812 ], [ -66.118678923828114, 18.418850055405407 ], [ -66.118327374023437, 18.418120367567568 ], [ -66.116253226562492, 18.415347552702702 ], [ -66.116218071289055, 18.414520572972975 ], [ -66.115690746093748, 18.414277343243246 ], [ -66.11780004785156, 18.409558693243245 ], [ -66.117940667968739, 18.40878035945946 ], [ -66.117764892578123, 18.407612859459462 ], [ -66.118327374023437, 18.406445358108108 ], [ -66.118327374023437, 18.406007544594594 ], [ -66.118467994140616, 18.405958898648649 ], [ -66.118503148437497, 18.404985981081083 ], [ -66.119979660156247, 18.403332021621623 ], [ -66.120788226562496, 18.401386186486487 ], [ -66.119803884765616, 18.399683581081081 ], [ -66.118819543945307, 18.400218686486486 ], [ -66.118432838867179, 18.399586289189191 ], [ -66.117870358398434, 18.397494517567569 ], [ -66.121913187499999, 18.3976891 ], [ -66.124127955078123, 18.397397225675679 ], [ -66.125780241210933, 18.396716183783784 ], [ -66.131334737304684, 18.393651493243244 ], [ -66.132987024414064, 18.39321367972973 ], [ -66.143568690429689, 18.39428388918919 ], [ -66.145467062500003, 18.38747346756757 ], [ -66.146873263671878, 18.38474929864865 ], [ -66.156435433593742, 18.372587829729731 ], [ -66.163220355468752, 18.36611792837838 ], [ -66.161989929687493, 18.364463968918923 ], [ -66.162236014648443, 18.363977510810813 ], [ -66.163360975585931, 18.362907301351353 ], [ -66.16532965820312, 18.361301986486488 ], [ -66.165364813476558, 18.360766882432433 ], [ -66.165927293945316, 18.360475006756758 ], [ -66.166138223632814, 18.359648027027028 ], [ -66.164415626953129, 18.358723755405407 ], [ -66.163114890624996, 18.359502089189192 ], [ -66.16079465820313, 18.359550735135137 ], [ -66.160443108398439, 18.359404798648651 ], [ -66.158861130859378, 18.359745318918922 ], [ -66.158861130859378, 18.358723755405407 ], [ -66.159036906249995, 18.358042713513516 ], [ -66.15780648046875, 18.357556255405406 ], [ -66.157384620117185, 18.357994067567571 ], [ -66.156962759765619, 18.357994067567571 ], [ -66.156927604492182, 18.357799483783786 ], [ -66.157173689453117, 18.356777920270272 ], [ -66.15798225585938, 18.355367190540544 ], [ -66.15963454199219, 18.354978022972976 ], [ -66.161638378906247, 18.352837605405409 ], [ -66.162060239257812, 18.352253854054055 ], [ -66.162060239257812, 18.351767395945949 ], [ -66.16416954199218, 18.350891770270273 ], [ -66.16532965820312, 18.350113436486488 ], [ -66.165716363281248, 18.349626977027029 ], [ -66.167368650390628, 18.349091872972977 ], [ -66.166384309570319, 18.344373222972976 ], [ -66.166384309570319, 18.342621971621625 ], [ -66.167122565429693, 18.340238324324329 ], [ -66.168177215820307, 18.338730301351355 ], [ -66.168563921875005, 18.340043740540544 ], [ -66.16881000683594, 18.340043740540544 ], [ -66.170848999023434, 18.34111395 ], [ -66.170884154296871, 18.342135513513515 ], [ -66.170391983398432, 18.344081347297301 ], [ -66.170743534179692, 18.346270412162166 ], [ -66.170848999023434, 18.346610933783786 ], [ -66.171165394531243, 18.346854162162163 ], [ -66.171270859374999, 18.347437913513517 ], [ -66.171024774414064, 18.349140518918922 ], [ -66.172079424804693, 18.348702705405408 ], [ -66.175032448242192, 18.348751351351353 ], [ -66.174962138671873, 18.349432394594597 ], [ -66.173204386718751, 18.354978022972976 ], [ -66.173380161132812, 18.356631983783785 ], [ -66.173309851562493, 18.359015631081082 ], [ -66.173450471679686, 18.360426360810813 ], [ -66.174891828124998, 18.364512614864868 ], [ -66.174962138671873, 18.365728762162163 ], [ -66.174469967773433, 18.368161055405409 ], [ -66.174751208007805, 18.36859886756757 ], [ -66.173485626953124, 18.372831059459461 ], [ -66.172958300781247, 18.388300447297301 ], [ -66.171657564453128, 18.388786905405407 ], [ -66.172993456054684, 18.391900241891893 ], [ -66.171763030273439, 18.394916286486488 ], [ -66.172712215820312, 18.39817555945946 ], [ -66.172747371093749, 18.398710663513516 ], [ -66.172536440429681, 18.399586289189191 ], [ -66.172641906249993, 18.400218686486486 ], [ -66.173485626953124, 18.402310458108108 ], [ -66.173380161132812, 18.402942855405406 ], [ -66.172852835937505, 18.403769835135137 ], [ -66.173450471679686, 18.405472440540542 ], [ -66.173591091796879, 18.406980462162164 ], [ -66.172923146484379, 18.407466921621623 ], [ -66.172677060546874, 18.407904733783784 ], [ -66.172571595703118, 18.409364110810813 ], [ -66.172852835937505, 18.410531610810811 ], [ -66.173942642578126, 18.412526091891895 ], [ -66.174012952148431, 18.413207133783786 ], [ -66.173872332031252, 18.414131405405406 ], [ -66.173309851562493, 18.415396198648651 ], [ -66.172466130859377, 18.415979948648651 ], [ -66.172044270507811, 18.417196095945947 ], [ -66.171165394531243, 18.4177312 ], [ -66.17095446386719, 18.418752763513513 ], [ -66.170567758789062, 18.418947347297298 ], [ -66.16930217773438, 18.418801409459462 ], [ -66.168845162109378, 18.418363597297297 ], [ -66.168423301757812, 18.418655471621623 ], [ -66.167263185546872, 18.418995993243243 ], [ -66.165962449218753, 18.419677035135138 ], [ -66.165575743164055, 18.420893182432433 ], [ -66.164310162109373, 18.421963391891893 ], [ -66.162552410156252, 18.422060683783783 ], [ -66.161919619140619, 18.422255266216219 ], [ -66.161392293945312, 18.421914745945948 ], [ -66.160478262695307, 18.4218661 ], [ -66.160197022460935, 18.421525578378379 ], [ -66.159775162109369, 18.420406722972974 ], [ -66.159318146484367, 18.420066202702703 ], [ -66.158825976562497, 18.419336514864867 ], [ -66.158368960937494, 18.419531097297298 ], [ -66.157911945312492, 18.420017556756758 ], [ -66.156611208984373, 18.420114848648648 ], [ -66.155978417968754, 18.420601306756758 ], [ -66.155767488281242, 18.420601306756758 ], [ -66.155556557617189, 18.42128235 ], [ -66.154607372070316, 18.421525578378379 ], [ -66.154607372070316, 18.422790371621623 ], [ -66.154396441406249, 18.423471413513514 ], [ -66.152814464843743, 18.425222664864865 ], [ -66.152462915039067, 18.426146936486486 ], [ -66.152076208984369, 18.429114335135136 ], [ -66.152322293945303, 18.429698085135136 ], [ -66.15309570507813, 18.430427772972973 ], [ -66.15309570507813, 18.43120610810811 ], [ -66.152357449218755, 18.431400690540542 ], [ -66.152181673828125, 18.432422254054053 ], [ -66.151162177734378, 18.431789858108107 ], [ -66.149720821289065, 18.431643920270272 ], [ -66.149334116210937, 18.431449336486487 ] ] ] } },
{ "type": "Feature", "properties": { "district": 8, "precinct_index": 0, "color": "#d89fa1", "id": "d08_p00" }, "geometry": { "type": "Polygon", "coordinates": [ [ [ -66.105969893581076, 18.432075275781248 ], [ -66.102260331081069, 18.431709668749999 ], [ -66.102564393581076, 18.431062825 ], [ -66.102807643581073, 18.431034701562499 ], [ -66.102746831081063, 18.430669093749998 ], [ -66.102990081081074, 18.43041598125 ], [ -66.102199518581074, 18.42968476640625 ], [ -66.102503581081066, 18.4293472828125 ], [ -66.10365901858107, 18.4291504171875 ], [ -66.103780643581075, 18.42870043828125 ], [ -66.103233331081071, 18.428053594531249 ], [ -66.101408956081073, 18.427716110937499 ], [ -66.100679206081068, 18.427097390625001 ], [ -66.100618393581072, 18.426084939843751 ], [ -66.101044081081071, 18.425634960937501 ], [ -66.101469768581069, 18.425606837499998 ], [ -66.101773831081076, 18.42504436484375 ], [ -66.101773831081076, 18.4243975203125 ], [ -66.099645393581071, 18.42152890859375 ], [ -66.098672393581069, 18.421641403125001 ], [ -66.097577768581075, 18.420572704687501 ], [ -66.101469768581069, 18.41812594765625 ], [ -66.102017081081073, 18.417450979687501 ], [ -66.102017081081073, 18.416101045312502 ], [ -66.101713018581066, 18.415651066406252 ], [ -66.101348143581063, 18.415454200781252 ], [ -66.096969643581076, 18.413569917187498 ], [ -66.096543956081064, 18.413260557031251 ], [ -66.096543956081064, 18.412726207812501 ], [ -66.096787206081075, 18.412248105468748 ], [ -66.097699393581067, 18.411713756249998 ], [ -66.098125081081065, 18.4116856328125 ], [ -66.098794018581074, 18.41221998203125 ], [ -66.100192706081074, 18.412388723437498 ], [ -66.101348143581063, 18.41230435234375 ], [ -66.102077893581068, 18.411882497656251 ], [ -66.102503581081066, 18.411882497656251 ], [ -66.102807643581073, 18.41162938515625 ], [ -66.10305089358107, 18.411123159374998 ], [ -66.102929268581065, 18.410616933593751 ], [ -66.102686018581068, 18.410335697656251 ], [ -66.103111706081066, 18.409745100781251 ], [ -66.102625206081072, 18.408451413281249 ], [ -66.102321143581065, 18.406679623437501 ], [ -66.102625206081072, 18.40577966640625 ], [ -66.102503581081066, 18.40490783359375 ], [ -66.10305089358107, 18.40364226953125 ], [ -66.104267143581069, 18.402404828906249 ], [ -66.105179331081075, 18.402151716406252 ], [ -66.10584826858107, 18.40217983984375 ], [ -66.10645639358107, 18.402826683593752 ], [ -66.107003706081073, 18.403079796875002 ], [ -66.107672643581068, 18.4031079203125 ], [ -66.108524018581065, 18.402854807812499 ], [ -66.109497018581067, 18.401673614062499 ], [ -66.109557831081077, 18.400604915624999 ], [ -66.109861893581069, 18.399845577343751 ], [ -66.109801081081073, 18.398664384375 ], [ -66.109740268581064, 18.398383147656251 ], [ -66.109375393581075, 18.39813003515625 ], [ -66.106578018581075, 18.396836346875002 ], [ -66.105361768581076, 18.396555110937499 ], [ -66.103294143581067, 18.39647073984375 ], [ -66.10305089358107, 18.396189503125001 ], [ -66.103476581081068, 18.395458288281251 ], [ -66.103780643581075, 18.395233299218749 ], [ -66.103780643581075, 18.394895815624999 ], [ -66.102990081081074, 18.3944739609375 ], [ -66.102868456081069, 18.394248971875001 ], [ -66.103233331081071, 18.39354588046875 ], [ -66.101713018581066, 18.392645924218751 ], [ -66.099767018581076, 18.392027203906249 ], [ -66.099341331081064, 18.3915491015625 ], [ -66.098976456081076, 18.390958505468749 ], [ -66.098611581081073, 18.389524199218751 ], [ -66.098915643581066, 18.38828675859375 ], [ -66.099402143581074, 18.387527420312502 ], [ -66.100922456081065, 18.3869087 ], [ -66.101834643581071, 18.386346227343751 ], [ -66.102503581081066, 18.385474393750002 ], [ -66.102503581081066, 18.384940044531252 ], [ -66.102077893581068, 18.38451818984375 ], [ -66.101469768581069, 18.384293200781251 ], [ -66.100071081081069, 18.384265077343752 ], [ -66.098307518581066, 18.38451818984375 ], [ -66.096969643581076, 18.384405695312502 ], [ -66.096787206081075, 18.383899469531251 ], [ -66.097091268581067, 18.383336996875002 ], [ -66.097395331081074, 18.382830771093751 ], [ -66.098125081081065, 18.382465164062502 ], [ -66.098611581081073, 18.381930814843752 ], [ -66.09885483108107, 18.38105898125 ], [ -66.099219706081072, 18.380637126562501 ], [ -66.098976456081076, 18.3795965515625 ], [ -66.098733206081064, 18.379399686718752 ], [ -66.097760206081063, 18.37925906796875 ], [ -66.095266893581069, 18.379230944531251 ], [ -66.094780395270263, 18.379174696875001 ], [ -66.094597957770262, 18.379005955468752 ], [ -66.094902020270254, 18.378415358593752 ], [ -66.095327706081065, 18.37819036953125 ], [ -66.104267143581069, 18.376277961718749 ], [ -66.106273956081068, 18.374899903125002 ], [ -66.106273956081068, 18.374253059375 ], [ -66.108767268581076, 18.37352184453125 ], [ -66.109071331081068, 18.373071865625 ], [ -66.109132143581064, 18.372425021874999 ], [ -66.108949706081077, 18.372200032812501 ], [ -66.107429393581072, 18.371721931250001 ], [ -66.107307768581066, 18.371384446875002 ], [ -66.107429393581072, 18.371103210937502 ], [ -66.108098331081067, 18.370653232031252 ], [ -66.109071331081068, 18.369472039062501 ], [ -66.109375393581075, 18.367981485937502 ], [ -66.109192956081074, 18.366800292968751 ], [ -66.108888893581067, 18.366040954687502 ], [ -66.108402393581073, 18.365422234375 ], [ -66.104814456081073, 18.363284836718751 ], [ -66.100071081081069, 18.36156929453125 ], [ -66.098307518581066, 18.36069746171875 ], [ -66.095388518581075, 18.359966246875 ], [ -66.093503332770254, 18.359966246875 ], [ -66.092834395270259, 18.359741257812502 ], [ -66.092591145270262, 18.35943189765625 ], [ -66.092712770270253, 18.359094414062501 ], [ -66.09301683277026, 18.358981918750001 ], [ -66.094537145270252, 18.358728806249999 ], [ -66.101408956081073, 18.358053839062499 ], [ -66.105361768581076, 18.358222580468752 ], [ -66.107976706081075, 18.357772602343751 ], [ -66.108463206081069, 18.357463242187499 ], [ -66.109010518581073, 18.356760150781252 ], [ -66.109192956081074, 18.355635205468751 ], [ -66.108949706081077, 18.355438339843751 ], [ -66.106699643581067, 18.35507273203125 ], [ -66.106395581081074, 18.3549321140625 ], [ -66.106091518581067, 18.354454011718751 ], [ -66.106152331081077, 18.353863415625 ], [ -66.107672643581068, 18.352654098437501 ], [ -66.10785508108107, 18.352288491406252 ], [ -66.107733456081064, 18.3518103890625 ], [ -66.108402393581073, 18.349560497656253 ], [ -66.108341581081064, 18.348969900781253 ], [ -66.108159143581076, 18.348716788281251 ], [ -66.106578018581075, 18.348294933593753 ], [ -66.107429393581072, 18.347704336718753 ], [ -66.108341581081064, 18.347619965625 ], [ -66.108888893581067, 18.347760584375003 ], [ -66.109557831081077, 18.34913864296875 ], [ -66.109740268581064, 18.349954228906252 ], [ -66.110287581081067, 18.350179217968751 ], [ -66.11205114358107, 18.350347959375 ], [ -66.112355206081077, 18.350826061718752 ], [ -66.113084956081067, 18.351247916406251 ], [ -66.114301206081066, 18.3513322875 ], [ -66.116308018581066, 18.35093855625 ], [ -66.117585081081074, 18.350966679687502 ], [ -66.118983768581074, 18.351416658593752 ], [ -66.119348643581077, 18.351726017968751 ], [ -66.120139206081078, 18.351247916406251 ], [ -66.120260831081069, 18.35099480390625 ], [ -66.120686518581067, 18.350854185156251 ], [ -66.121112206081065, 18.35088230859375 ], [ -66.122024393581071, 18.351304163281252 ], [ -66.124760956081076, 18.351304163281252 ], [ -66.124760956081076, 18.350544825 ], [ -66.125065018581068, 18.349841734375001 ], [ -66.125490706081067, 18.3494761265625 ], [ -66.126098831081066, 18.349251137500001 ], [ -66.127071831081068, 18.349560497656253 ], [ -66.127984018581074, 18.349588621093751 ], [ -66.128713768581079, 18.349982352343751 ], [ -66.129261081081069, 18.3498698578125 ], [ -66.130294893581066, 18.349307384375003 ], [ -66.131511143581079, 18.3492792609375 ], [ -66.132727393581078, 18.348773035156253 ], [ -66.135159893581076, 18.34854804609375 ], [ -66.137409956081072, 18.348913653906251 ], [ -66.136315331081079, 18.349419879687503 ], [ -66.14124114358107, 18.350038599218752 ], [ -66.146410206081072, 18.348913653906251 ], [ -66.149754893581076, 18.348716788281251 ], [ -66.151457643581068, 18.347788707812501 ], [ -66.156322643581078, 18.348126191406251 ], [ -66.156930768581077, 18.348435551562503 ], [ -66.161917393581078, 18.348998025 ], [ -66.163072831081081, 18.3492792609375 ], [ -66.163802581081072, 18.3496729921875 ], [ -66.166843206081069, 18.350685443750002 ], [ -66.16842433108107, 18.35166977109375 ], [ -66.170309518581078, 18.352119749218751 ], [ -66.170613581081071, 18.35234473828125 ], [ -66.170674393581081, 18.352822840625002 ], [ -66.170978456081073, 18.353104077343751 ], [ -66.175600204391884, 18.35560708125 ], [ -66.177485391891892, 18.35633829609375 ], [ -66.180100329391891, 18.356703903906251 ], [ -66.180404391891884, 18.356957016406252 ], [ -66.180465204391894, 18.357210129687502 ], [ -66.180282766891892, 18.357322624218749 ], [ -66.17851920439189, 18.357350747656252 ], [ -66.177363766891887, 18.358025714843752 ], [ -66.177424579391882, 18.358700682812501 ], [ -66.17645157939188, 18.359150660937502 ], [ -66.176755641891887, 18.359797504687499 ], [ -66.176694829391892, 18.3601631125 ], [ -66.175478579391893, 18.3606412140625 ], [ -66.175965079391887, 18.36097869765625 ], [ -66.176390766891885, 18.361541171093752 ], [ -66.177181329391885, 18.361738036718751 ], [ -66.176938079391888, 18.36235675703125 ], [ -66.176998891891884, 18.362750487500001 ], [ -66.177485391891892, 18.363341084375001 ], [ -66.178215141891883, 18.363678567968751 ], [ -66.178336766891888, 18.364016051562501 ], [ -66.178275954391893, 18.364241040625 ], [ -66.177728641891889, 18.364719142968752 ], [ -66.179492204391892, 18.3656191 ], [ -66.179796266891884, 18.367334642187501 ], [ -66.17851920439189, 18.367728373437501 ], [ -66.178275954391893, 18.368037733593752 ], [ -66.17930976689189, 18.368740824218751 ], [ -66.178884079391892, 18.369106432031252 ], [ -66.182958516891887, 18.370259501562501 ], [ -66.183445016891881, 18.37062510859375 ], [ -66.182776079391886, 18.370906345312502 ], [ -66.183262579391894, 18.371075086718751 ], [ -66.186181579391885, 18.371412571093749 ], [ -66.186485641891892, 18.372256280468751 ], [ -66.187154579391887, 18.372762505468749 ], [ -66.189830329391881, 18.373156236718749 ], [ -66.191472266891893, 18.373887451562499 ], [ -66.191958766891887, 18.374421800781249 ], [ -66.19250607939189, 18.3755186234375 ], [ -66.196215641891882, 18.376306085156251 ], [ -66.196641329391895, 18.376671692968749 ], [ -66.197492704391891, 18.376868558593749 ], [ -66.197735954391888, 18.37751540234375 ], [ -66.197675141891892, 18.377881009374999 ], [ -66.198587329391884, 18.378612224218752 ], [ -66.199013016891882, 18.379765293750001 ], [ -66.199742766891887, 18.380355890625001 ], [ -66.199986016891884, 18.380805868750002 ], [ -66.201263079391893, 18.382071432812502 ], [ -66.201871204391892, 18.382437039843751 ], [ -66.202114454391889, 18.3829151421875 ], [ -66.202783391891884, 18.38325262578125 ], [ -66.203817204391896, 18.3833088734375 ], [ -66.204364516891886, 18.3837026046875 ], [ -66.206614579391896, 18.384658808593752 ], [ -66.207405141891883, 18.385474393750002 ], [ -66.199986016891884, 18.386683710937501 ], [ -66.198222454391896, 18.387724285937502 ], [ -66.197553516891887, 18.387921151562502 ], [ -66.195668329391893, 18.388933602343752 ], [ -66.194148016891887, 18.39042415546875 ], [ -66.193722329391889, 18.3915491015625 ], [ -66.193843954391895, 18.392195945312501 ], [ -66.196215641891882, 18.396020761718749 ], [ -66.192262829391893, 18.396442616406251 ], [ -66.191350641891887, 18.3968082234375 ], [ -66.188553266891887, 18.397455067187501 ], [ -66.183505829391891, 18.398158158593752 ], [ -66.183505829391891, 18.398523765625001 ], [ -66.182532829391889, 18.399001867968749 ], [ -66.177667829391893, 18.400717410156251 ], [ -66.17371501689189, 18.401026770312502 ], [ -66.172194706081072, 18.401870479687499 ], [ -66.171343331081076, 18.402686065625002 ], [ -66.17122170608107, 18.403136043749999 ], [ -66.172255518581082, 18.40316416796875 ], [ -66.173350143581075, 18.402798560156249 ], [ -66.176269141891893, 18.40316416796875 ], [ -66.175782641891885, 18.403754764062501 ], [ -66.175843454391881, 18.404542226562501 ], [ -66.179613829391883, 18.404289113281251 ], [ -66.185391016891884, 18.404401607812499 ], [ -66.189161391891886, 18.403726640624999 ], [ -66.193296641891891, 18.404485978906251 ], [ -66.193235829391895, 18.404739092187501 ], [ -66.192749329391887, 18.405132822656249 ], [ -66.191472266891893, 18.405357811718751 ], [ -66.191533079391888, 18.405582801562499 ], [ -66.191289829391891, 18.405807790625001 ], [ -66.186607266891883, 18.407073354687501 ], [ -66.183931516891889, 18.407945187500001 ], [ -66.183323391891889, 18.408338918750001 ], [ -66.186303204391891, 18.409660729687499 ], [ -66.170005456081071, 18.414835481249998 ], [ -66.147079143581067, 18.4245943859375 ], [ -66.145315581081078, 18.4255787140625 ], [ -66.143734456081077, 18.426759907031251 ], [ -66.139173518581075, 18.432244017968749 ], [ -66.115213393581072, 18.43134406171875 ], [ -66.110591643581074, 18.43162529765625 ], [ -66.106395581081074, 18.432384635937499 ], [ -66.105969893581076, 18.432075275781248 ] ] ] } },
{ "type": "Feature", "properties": { "district": 9, "precinct_index": 0, "color": "#d3b3c6", "id": "d09_p00" }, "geometry": { "type": "Polygon", "coordinates": [ [ [ -66.298335434151241, 18.382328028827391 ], [ -66.296399044987666, 18.382559146243686 ], [ -66.295323765794166, 18.382687486018394 ], [ -66.294290424519517, 18.382810820299561 ], [ -66.293773758666447, 18.382872486869122 ], [ -66.293299025947974, 18.382929148516165 ], [ -66.293340960892266, 18.38292414337765 ], [ -66.284813670819432, 18.383941916708924 ], [ -66.282705053325827, 18.384193590409769 ], [ -66.281778794593194, 18.384304143871407 ], [ -66.283115466786825, 18.38414460557733 ], [ -66.283543786741518, 18.384093483518225 ], [ -66.279410431211431, 18.384586819500846 ], [ -66.267386137312101, 18.386021977159785 ], [ -66.213158654339168, 18.39249428964364 ], [ -66.213028365737699, 18.392509840218654 ], [ -66.213326400065469, 18.392474268379537 ], [ -66.213368335009761, 18.392469263241022 ], [ -66.213666369337531, 18.392433691401905 ], [ -66.21392246574645, 18.392403125056322 ], [ -66.213899257877273, 18.392405895027803 ], [ -66.213852845113493, 18.392411434615742 ], [ -66.213420052123567, 18.39246309055325 ], [ -66.211298002981209, 18.392716367386367 ], [ -66.207077120324485, 18.393220150155077 ], [ -66.207119058243322, 18.393215144661536 ], [ -66.207268073919934, 18.39319735891949 ], [ -66.207030707560691, 18.393225689743012 ], [ -66.206984291822366, 18.393231229685973 ], [ -66.206612166800966, 18.393275644607886 ], [ -66.206416735386014, 18.393298970292893 ], [ -66.20635159257256, 18.393306745402889 ], [ -66.206286449759091, 18.393314520512885 ], [ -66.228103087708931, 18.390710599209221 ], [ -66.241309738559508, 18.389134321527063 ], [ -66.242999813483664, 18.388932602907087 ], [ -66.242501874705738, 18.388992034309616 ], [ -66.243209498938512, 18.388907575933445 ], [ -66.246197962400956, 18.388550888358896 ], [ -66.245504590398369, 18.388633645662431 ], [ -66.245993580131298, 18.388575282371729 ], [ -66.248246733672303, 18.388306357594256 ], [ -66.249019500718546, 18.388214124108092 ], [ -66.24944782067324, 18.388163002048984 ], [ -66.249638774268703, 18.388140210813397 ], [ -66.243551115322546, 18.388866802365033 ], [ -66.247219522113369, 18.388428960264196 ], [ -66.247475618522287, 18.388398393918617 ], [ -66.247494348571976, 18.38839615839656 ], [ -66.24639138847408, 18.388527802021148 ], [ -66.079561794103284, 18.40843972134914 ], [ -66.15701373894467, 18.399195456964858 ], [ -66.173470251042104, 18.397231292617764 ], [ -66.290942441153888, 18.38321041831416 ], [ -66.298335434151241, 18.382328028827391 ] ] ] } },
{ "type": "Feature", "properties": { "district": 9, "precinct_index": 1, "color": "#9496cf", "id": "d09_p01" }, "geometry": { "type": "Polygon", "coordinates": [ [ [ -66.124240185682581, 18.403107139128316 ], [ -66.374606323466551, 18.373224729134954 ], [ -66.195934200511488, 18.394550111552075 ], [ -66.193336595094678, 18.394860148327627 ], [ -66.207518751123743, 18.393167439382228 ], [ -66.199850926883556, 18.394082631307661 ], [ -66.200348867471192, 18.394023199689133 ], [ -66.200651371859649, 18.393987094326643 ], [ -66.203690725905361, 18.393624332714733 ], [ -66.204789209993478, 18.393493223323574 ], [ -66.207395766265009, 18.393182118220196 ], [ -66.209508856793846, 18.392929910640952 ], [ -66.21024416671527, 18.392842147843876 ], [ -66.216900202679213, 18.392047717744958 ], [ -66.217784528277249, 18.391942169205837 ], [ -66.218324406783751, 18.391877732093771 ], [ -66.200341090643505, 18.394024127891136 ], [ -66.198516252272938, 18.394241931180527 ], [ -66.187302182544656, 18.395580384664214 ], [ -66.176772529179999, 18.396837149743217 ], [ -66.175720462639916, 18.396962718975416 ], [ -66.174775472047898, 18.39707550817511 ], [ -66.173122860197651, 18.397272755395942 ], [ -66.172350093151408, 18.397364988882106 ], [ -66.171814692464409, 18.397428891544749 ], [ -66.171600530999783, 18.397454452751816 ], [ -66.171344434590864, 18.397485019097399 ], [ -66.171260561727721, 18.397495029729448 ], [ -66.171670151632739, 18.397446143192401 ], [ -66.171907520966528, 18.397417812013853 ], [ -66.172079744512303, 18.397397256300323 ], [ -66.172596410365372, 18.397335589730762 ], [ -66.173047935214683, 18.397281698055199 ], [ -66.179182830480613, 18.39654946862024 ], [ -66.185479351325611, 18.395797948390349 ], [ -66.155630528398817, 18.399360549836427 ], [ -66.153572806272749, 18.399606148928889 ], [ -66.158570929010963, 18.399009598795619 ], [ -66.152308578825611, 18.399757040591922 ], [ -66.14417579808736, 18.400727727325194 ], [ -66.142532134117275, 18.40092390657323 ], [ -66.138072237989334, 18.401456216756241 ], [ -66.136075176072978, 18.401694575759155 ], [ -66.131680417974252, 18.402219111403195 ], [ -66.12960396101424, 18.402466946588742 ], [ -66.129436215287953, 18.402486967852845 ], [ -66.131102258786953, 18.40228811749974 ], [ -66.131386037909976, 18.40225424708828 ], [ -66.131237022233378, 18.402272032830325 ], [ -66.125203906324288, 18.402992114406569 ], [ -66.124710443556125, 18.40305101157567 ], [ -66.124389204333738, 18.403089353031245 ], [ -66.124240185682581, 18.403107139128316 ] ] ] } },
{ "type": "Feature", "properties": { "district": 10, "precinct_index": 0, "color": "#c5b0d8", "id": "d10_p00" }, "geometry": { "type": "Polygon", "coordinates": [ [ [ -66.12118497710604, 18.444386166018727 ], [ -66.164176532749295, 18.444229033140417 ], [ -66.169293733214161, 18.444210329922349 ], [ -66.169633696395337, 18.444209087366861 ], [ -66.170020105232368, 18.444207675053846 ], [ -66.160427908687907, 18.444242734251457 ], [ -66.163024774671683, 18.4442332427822 ], [ -66.162444536277704, 18.444235363536553 ], [ -66.110960276756174, 18.444423536999452 ], [ -66.121418458886012, 18.44438531264964 ], [ -66.12118497710604, 18.444386166018727 ] ] ] } },
{ "type": "Feature", "properties": { "district": 10, "precinct_index": 1, "color": "#e7cca9", "id": "d10_p01" }, "geometry": { "type": "Polygon", "coordinates": [ [ [ -66.380739055759832, 18.443437503451051 ], [ -66.095237072904723, 18.444481004849152 ], [ -66.096039842715001, 18.444478070748989 ], [ -66.099447658660111, 18.444465615281359 ], [ -66.100448417195864, 18.444461957538184 ], [ -66.090510301766358, 18.444498281059474 ], [ -66.133665874002446, 18.444340548705217 ], [ -66.111700374812173, 18.444420831962642 ], [ -66.113075203358434, 18.444415807004532 ], [ -66.027686220976662, 18.444727901238004 ], [ -66.027542860295796, 18.444728425217104 ], [ -66.027721716268857, 18.444727771503754 ], [ -66.027480054337843, 18.444728654771044 ], [ -66.027578355587991, 18.44472829548285 ], [ -66.027362620335282, 18.4447290839889 ], [ -66.02687929647324, 18.444730850523484 ], [ -66.026995344250651, 18.444730426372253 ], [ -66.026690871393242, 18.444731539211645 ], [ -66.02678917264339, 18.444731179923451 ], [ -66.026466955989477, 18.444732357615901 ], [ -66.026404147793812, 18.444732587178024 ], [ -66.028011076370291, 18.44472671390109 ], [ -66.024694629070396, 18.444738835419049 ], [ -66.298936636886481, 18.443736488900587 ], [ -66.380739055759832, 18.443437503451051 ] ] ] } },
{ "type": "Feature", "properties": { "district": 11, "precinct_index": 0, "color": "#d3b496", "id": "d11_p00" }, "geometry": { "type": "Polygon", "coordinates": [ [ [ -66.040207418022277, 18.531053990491277 ], [ -66.039361770632738, 18.531308098149417 ], [ -66.040346492271169, 18.530989978045778 ], [ -66.026975117661138, 18.534912455131757 ], [ -66.031177940206163, 18.533533504584209 ], [ -66.030780660730315, 18.533646298324644 ], [ -66.031067279539386, 18.533554411245763 ], [ -66.017292644043167, 18.537892712855108 ], [ -66.033277979458575, 18.532797116671869 ], [ -66.036745810787551, 18.53165136849395 ], [ -66.028484970710764, 18.534287568305491 ], [ -66.028771589519835, 18.534195681226613 ], [ -66.028374310043986, 18.534308474967048 ], [ -66.030701396901009, 18.533472586266587 ], [ -66.025752368788446, 18.534954776094512 ], [ -66.027911975776519, 18.534226003070934 ], [ -66.023173046683951, 18.535536419039055 ], [ -66.023459665493036, 18.535444531960177 ], [ -65.987119432755378, 18.546385768448527 ], [ -65.987406051564449, 18.54629388136965 ], [ -65.927540424488456, 18.564755265255172 ], [ -65.957831014891696, 18.555202251294233 ], [ -65.977133399705764, 18.549385637626514 ], [ -66.080281385486785, 18.516897812508763 ], [ -66.082781443761974, 18.516142457506167 ], [ -66.074960258603653, 18.518846544980192 ], [ -66.11430324885589, 18.506583261767634 ], [ -66.118046233996466, 18.50546100536646 ], [ -66.111272320443092, 18.507703074883469 ], [ -66.12104277088558, 18.504687327637981 ], [ -66.116876836727243, 18.506059308840662 ], [ -66.171879150374053, 18.488460122378683 ], [ -66.17264828593656, 18.488126125387055 ], [ -66.171655093986843, 18.488408107678573 ], [ -66.176865309557201, 18.486725623813577 ], [ -66.275243216585395, 18.455497492618196 ], [ -66.295039817872237, 18.449078053342355 ], [ -66.27804434539128, 18.454383357565913 ], [ -66.282635969138795, 18.452855478018371 ], [ -66.312168881014941, 18.443521084745992 ], [ -66.35877153098204, 18.428376768596177 ], [ -66.357976976523616, 18.428602354704001 ], [ -66.358527526830713, 18.428403998865178 ], [ -66.379879105143289, 18.421634178070082 ], [ -66.443340410990317, 18.401833074397498 ], [ -66.452083525136629, 18.399200104065525 ], [ -66.449152047532394, 18.40016904605751 ], [ -66.480285286145673, 18.390513442479218 ], [ -66.473341148683147, 18.392768802395977 ], [ -66.473973954036964, 18.392592643126981 ], [ -66.51523229994875, 18.379873157925203 ], [ -66.402202478475502, 18.41613365394743 ], [ -66.342588840494258, 18.435094624160701 ], [ -66.304360677994865, 18.447430319722233 ], [ -66.3042358082904, 18.447472779962283 ], [ -66.320013785257231, 18.442642784095497 ], [ -66.271495527960113, 18.458488644372935 ], [ -66.164694788042127, 18.492647741804525 ], [ -66.114094416330673, 18.508320903930148 ], [ -66.122026270117843, 18.505595907242004 ], [ -66.109267761059598, 18.509421467475534 ], [ -66.039920799213192, 18.531145877570154 ], [ -66.040207418022277, 18.531053990491277 ] ] ] } },
{ "type": "Feature", "properties": { "district": 11, "precinct_index": 1, "color": "#d197b1", "id": "d11_p01" }, "geometry": { "type": "Polygon", "coordinates": [ [ [ -66.16856763661319, 18.492161357248282 ], [ -66.169963846765171, 18.491708889825713 ], [ -66.16752335173237, 18.492471861090117 ], [ -66.173079765278345, 18.490705101302922 ], [ -66.1663684016915, 18.492803272966551 ], [ -66.171760318623868, 18.490992115920573 ], [ -66.163318027831068, 18.493511646968216 ], [ -66.174266350347324, 18.489933732687604 ], [ -66.158542222807156, 18.4948290283556 ], [ -66.172050166841004, 18.490503375334196 ], [ -66.160491965497101, 18.494026692352069 ], [ -66.166224333716585, 18.492188953327073 ], [ -66.164694788042127, 18.492647741804525 ], [ -66.271495527960113, 18.458488644372935 ], [ -66.320013785257231, 18.442642784095497 ], [ -66.3042358082904, 18.447472779962283 ], [ -66.304360677994865, 18.447430319722233 ], [ -66.342588840494258, 18.435094624160701 ], [ -66.51521809887312, 18.379894708951138 ], [ -66.552106389548143, 18.36841594920843 ], [ -66.512601398520815, 18.380974001398222 ], [ -66.511278973104282, 18.381412527578494 ], [ -66.51523480477384, 18.380212321415133 ], [ -66.472233321658194, 18.394204568332146 ], [ -66.471447245473129, 18.39446628969953 ], [ -66.484733629982784, 18.390427788020506 ], [ -66.468478628836209, 18.395687542981257 ], [ -66.461088863006935, 18.398178043465897 ], [ -66.461250612111542, 18.398128616627069 ], [ -66.459102227437043, 18.398987350187337 ], [ -66.45228295171691, 18.401200252416608 ], [ -66.512631576420901, 18.382006081206754 ], [ -66.601099468896578, 18.354348389860039 ], [ -66.485992530203831, 18.391114518635916 ], [ -66.426078319515085, 18.409943586188639 ], [ -66.422874415190847, 18.410982866979655 ], [ -66.433374130578301, 18.407791604829548 ], [ -66.347891067310343, 18.435036336695724 ], [ -66.203642510313685, 18.481327097159518 ], [ -66.203480761209079, 18.481376523998346 ], [ -66.203892245229355, 18.481242178052462 ], [ -66.200472762791264, 18.482265579402934 ], [ -66.202155583790244, 18.481721227454049 ], [ -66.200566470380124, 18.482172401042739 ], [ -66.201815128009855, 18.481747810806112 ], [ -66.201145438762623, 18.481930938046929 ], [ -66.201556922782899, 18.481796592101048 ], [ -66.195983564121079, 18.483491077637044 ], [ -66.16856763661319, 18.492161357248282 ] ] ] } },
{ "type": "Feature", "properties": { "district": 11, "precinct_index": 2, "color": "#b1bef0", "id": "d11_p02" }, "geometry": { "type": "MultiPolygon", "coordinates": [ [ [ [ -66.269838425084913, 18.461688631898074 ], [ -66.266501197693543, 18.462734229818373 ], [ -66.266787816502614, 18.462642342739496 ], [ -66.266339444095664, 18.462783658030247 ], [ -66.267698757898884, 18.462338162505105 ], [ -66.269838425084913, 18.461688631898074 ] ] ], [ [ [ -66.272832222427098, 18.46082112751942 ], [ -66.269015465006433, 18.461957321237282 ], [ -66.275241559837553, 18.460007436761831 ], [ -66.275079810732962, 18.460056863600659 ], [ -66.275366429542032, 18.459964976521782 ], [ -66.271470161114863, 18.461172798946947 ], [ -66.280463244898684, 18.458209572668164 ], [ -66.271456441938284, 18.460703672367767 ], [ -66.279379574768171, 18.458187879812375 ], [ -66.276834145339663, 18.458914070273323 ], [ -66.277120764148748, 18.458822183194446 ], [ -66.243819205552199, 18.46941576137651 ], [ -66.24349569835644, 18.469514617800254 ], [ -66.248507276435504, 18.467888530118952 ], [ -66.233237490257295, 18.472339483638873 ], [ -66.233524109066366, 18.472247596559995 ], [ -66.215646097340411, 18.477813978966076 ], [ -66.216057581360687, 18.477679633020191 ], [ -66.203179933362293, 18.481489964655719 ], [ -66.347891067310343, 18.435036336695724 ], [ -66.432139674024199, 18.408194644040243 ], [ -66.453400284294844, 18.401611828255511 ], [ -66.416335545616391, 18.413652248573214 ], [ -66.494445548955795, 18.389215629655677 ], [ -66.493602888290397, 18.389318223198636 ], [ -66.541229887829545, 18.373942644250487 ], [ -66.59412319858275, 18.357534389225915 ], [ -66.498628181052766, 18.388161263469556 ], [ -66.477444095064499, 18.394823964662166 ], [ -66.474563705898092, 18.395764386476877 ], [ -66.478210235940807, 18.394641484338283 ], [ -66.441318715857719, 18.406517097588491 ], [ -66.451648199373949, 18.403339128390694 ], [ -66.443946383384329, 18.405813108996018 ], [ -66.451352855114308, 18.403640220975372 ], [ -66.447450860416069, 18.404905730865547 ], [ -66.362416165061788, 18.432009148814014 ], [ -66.388066770371253, 18.424106365153669 ], [ -66.434575470065568, 18.409300566756361 ], [ -66.386292743139691, 18.425083060132192 ], [ -66.338802065847162, 18.440300803910269 ], [ -66.299254950023212, 18.452432832752262 ], [ -66.272545603618013, 18.460913014598297 ], [ -66.272832222427098, 18.46082112751942 ] ] ], [ [ [ -66.275170531597681, 18.460115199355648 ], [ -66.275582015617957, 18.459980853409768 ], [ -66.273802739521102, 18.460524559621231 ], [ -66.277786984772789, 18.459281247673925 ], [ -66.27504566638649, 18.460157658222656 ], [ -66.27533228519556, 18.460065771143778 ], [ -66.275170531597681, 18.460115199355648 ] ] ] ] } },
{ "type": "Feature", "properties": { "district": 12, "precinct_index": 0, "color": "#b7fcb2", "id": "d12_p00" }, "geometry": { "type": "Polygon", "coordinates": [ [ [ -66.284847865117769, 18.459101466375348 ], [ -66.283243463317831, 18.459599262117411 ], [ -66.283995411001612, 18.459045973148619 ], [ -66.280285541971793, 18.459799709320098 ], [ -66.28090197151603, 18.459428641368618 ], [ -66.280334710330848, 18.459619145558548 ], [ -66.281037487703315, 18.459246421386702 ], [ -66.278855747705578, 18.459719370195288 ], [ -66.279120788563574, 18.45953466432973 ], [ -66.279002297820227, 18.45946508960601 ], [ -66.279121745478335, 18.45924725259896 ], [ -66.280738136168168, 18.45838998555416 ], [ -66.27317497267066, 18.460834237509637 ], [ -66.276730830631834, 18.457712462408626 ], [ -66.273943693064979, 18.458484419596726 ], [ -66.276068099568306, 18.457401861000136 ], [ -66.276566038369197, 18.456961218324938 ], [ -66.282672307096178, 18.454473069791479 ], [ -66.29643190970431, 18.448389368252819 ], [ -66.299535168365495, 18.446677319011467 ], [ -66.306052071150376, 18.444037595753944 ], [ -66.306295046105888, 18.443997010067712 ], [ -66.305683653115693, 18.444475754616292 ], [ -66.3132688825157, 18.44188738248149 ], [ -66.312328166741793, 18.442408368936668 ], [ -66.317142329056367, 18.440627569979704 ], [ -66.316088161045414, 18.441186657272869 ], [ -66.321733670440679, 18.439318058955791 ], [ -66.329494464289155, 18.435864140223345 ], [ -66.333105740716107, 18.433926798394808 ], [ -66.336271369425745, 18.43293203553856 ], [ -66.341412944599043, 18.431683816065746 ], [ -66.347182938206458, 18.429705057338719 ], [ -66.351372505841454, 18.427505152783684 ], [ -66.348110450338723, 18.428286221772282 ], [ -66.347063232711349, 18.42837816220101 ], [ -66.347636489317594, 18.428007921842013 ], [ -66.357157357130788, 18.424304688597008 ], [ -66.363090926296806, 18.42181985457507 ], [ -66.37004843634044, 18.418129877818949 ], [ -66.374458914980679, 18.416033506721611 ], [ -66.375868555221672, 18.415683143599601 ], [ -66.375154743921826, 18.41612792837881 ], [ -66.375311369096849, 18.416088999948339 ], [ -66.380746044499475, 18.414332219296973 ], [ -66.381371594141569, 18.414463914199672 ], [ -66.38382341350362, 18.413913935087237 ], [ -66.382352616013691, 18.41480433327353 ], [ -66.383815506205281, 18.414668493682445 ], [ -66.383188044685923, 18.415111621205888 ], [ -66.385997246203019, 18.414195544873859 ], [ -66.384785496102282, 18.415080972328266 ], [ -66.380591844923487, 18.416885790626221 ], [ -66.376229579679787, 18.419089008657384 ], [ -66.370971683477421, 18.421237563125096 ], [ -66.368085252277695, 18.42265805956707 ], [ -66.367917593175306, 18.422769048604899 ], [ -66.368154574661986, 18.422908198052337 ], [ -66.367959811150783, 18.42305563170779 ], [ -66.362728064394716, 18.425455152253253 ], [ -66.362279293952881, 18.425715231166905 ], [ -66.362203021185024, 18.425932239546075 ], [ -66.360586630495192, 18.426789506590872 ], [ -66.34905289458618, 18.432112021056021 ], [ -66.337331349454047, 18.437114820241387 ], [ -66.330131819417417, 18.440557971988369 ], [ -66.303984812785487, 18.450651373338992 ], [ -66.297738944327421, 18.452926655597288 ], [ -66.297598389633819, 18.453001200017496 ], [ -66.298224896190675, 18.452845483189428 ], [ -66.293793308562684, 18.45479856273532 ], [ -66.290976197795004, 18.456469198697956 ], [ -66.284847865117769, 18.459101466375348 ] ] ] } },
{ "type": "Feature", "properties": { "district": 12, "precinct_index": 1, "color": "#f9ccfc", "id": "d12_p01" }, "geometry": { "type": "Polygon", "coordinates": [ [ [ -66.331863024010403, 18.453852606174618 ], [ -66.324315930994331, 18.456332474119836 ], [ -66.332025386769473, 18.452089209430319 ], [ -66.333159909139837, 18.451708201050458 ], [ -66.334349595290334, 18.450966892739984 ], [ -66.334890708981462, 18.450525421436904 ], [ -66.335135597766495, 18.449910012289131 ], [ -66.334602389421434, 18.449596926032399 ], [ -66.334695689585487, 18.449128121912196 ], [ -66.335102242051846, 18.44858145989566 ], [ -66.33111942486569, 18.450274460527904 ], [ -66.324162871736831, 18.453677025553255 ], [ -66.319749266467539, 18.455090898662746 ], [ -66.312158043598714, 18.457859005931219 ], [ -66.326140470288479, 18.451304015401181 ], [ -66.331881191725074, 18.448391790537759 ], [ -66.325971598386559, 18.450157682989623 ], [ -66.327220529908729, 18.449451162041004 ], [ -66.322287876850808, 18.451162386274248 ], [ -66.326687321563668, 18.449138075784273 ], [ -66.327022639768472, 18.448916097708608 ], [ -66.323419272592119, 18.450098879906541 ], [ -66.327965269371916, 18.447820287791892 ], [ -66.32606368379885, 18.448431558455429 ], [ -66.326328724656847, 18.448246852589872 ], [ -66.330251339556568, 18.446806476326536 ], [ -66.333185984152848, 18.445492826818391 ], [ -66.341078214549313, 18.441461599776154 ], [ -66.344306914337423, 18.439351978394082 ], [ -66.345495643573145, 18.438898081814376 ], [ -66.34700770212379, 18.438581678461745 ], [ -66.350889055962796, 18.436567307364751 ], [ -66.349425208856445, 18.436990558686603 ], [ -66.350442197398223, 18.436252563852253 ], [ -66.339425341515806, 18.440307816439631 ], [ -66.33521753368511, 18.441502195286308 ], [ -66.328317099298872, 18.444257049685671 ], [ -66.322597488802288, 18.44731256506514 ], [ -66.32535152849151, 18.446756787628331 ], [ -66.321941010996852, 18.448366959632352 ], [ -66.32582957110418, 18.447430174851078 ], [ -66.300168514383259, 18.457442404829234 ], [ -66.298083199226355, 18.458129048540865 ], [ -66.297683597143575, 18.458208563692963 ], [ -66.297592210809043, 18.458102544351622 ], [ -66.298188488280303, 18.457300773117929 ], [ -66.301231544655039, 18.455841348245489 ], [ -66.300988569699541, 18.455881933931717 ], [ -66.30141023768482, 18.455658298600294 ], [ -66.299957422553589, 18.456009490350183 ], [ -66.301081869863594, 18.455413129811518 ], [ -66.298855998060858, 18.456174318978753 ], [ -66.299277666046137, 18.45595068364733 ], [ -66.29873750926977, 18.45610474321964 ], [ -66.296959452946354, 18.456893264168599 ], [ -66.294533781078357, 18.457694210394187 ], [ -66.295436360468329, 18.457281728128596 ], [ -66.294880133210526, 18.457400171711164 ], [ -66.292129218198085, 18.458638448171218 ], [ -66.290319977826584, 18.45906832540993 ], [ -66.288326049004212, 18.4598609884629 ], [ -66.288801923854862, 18.459564464931628 ], [ -66.288386251290646, 18.459608364093988 ], [ -66.285911411063594, 18.460589874081126 ], [ -66.286160381440169, 18.460369552225828 ], [ -66.291602007226359, 18.458145624710024 ], [ -66.296686246953001, 18.456287796484606 ], [ -66.305829578585914, 18.452519958212374 ], [ -66.317381296853625, 18.446658237310821 ], [ -66.336753054341486, 18.43737738503868 ], [ -66.34905289458618, 18.432112021056021 ], [ -66.360586630495192, 18.426789506590872 ], [ -66.362203021185024, 18.425932239546075 ], [ -66.362279293952881, 18.425715231166905 ], [ -66.362728064394716, 18.425455152253253 ], [ -66.367959811150783, 18.42305563170779 ], [ -66.368154574661986, 18.422908198052337 ], [ -66.367917593175306, 18.422769048604899 ], [ -66.368085252277695, 18.42265805956707 ], [ -66.370577119900958, 18.421424753838902 ], [ -66.376807872840089, 18.41882644489549 ], [ -66.380591844923487, 18.416885790626221 ], [ -66.384785496102282, 18.415080972328266 ], [ -66.385997246203019, 18.414195544873859 ], [ -66.388952999787037, 18.413025186917157 ], [ -66.392551328457074, 18.411734729157523 ], [ -66.394068425514021, 18.411526001366592 ], [ -66.396083463324132, 18.410876629865069 ], [ -66.39532048366523, 18.411501978405823 ], [ -66.392980204662948, 18.41258867910642 ], [ -66.392882822907339, 18.412662395934149 ], [ -66.393693059048033, 18.412431306057986 ], [ -66.393330636434413, 18.412689728751268 ], [ -66.393562579414805, 18.412721202637002 ], [ -66.393232299716303, 18.413050856274367 ], [ -66.389993522915589, 18.414945126533031 ], [ -66.390268640786218, 18.414975771790886 ], [ -66.38886308213678, 18.415721222205367 ], [ -66.385809948749412, 18.416965295954398 ], [ -66.385712566993803, 18.417039012782126 ], [ -66.386863161797862, 18.416693619356607 ], [ -66.386965580107514, 18.416727579125983 ], [ -66.386532880147115, 18.417023274029372 ], [ -66.387002761528947, 18.41690648563177 ], [ -66.385667480226303, 18.417614663836151 ], [ -66.387677479530097, 18.416857616772923 ], [ -66.387206643185749, 18.417261815865896 ], [ -66.387227752173501, 18.417405107417341 ], [ -66.387621360787463, 18.41750532739891 ], [ -66.386626438148184, 18.418099202053934 ], [ -66.38801496744918, 18.417605548415878 ], [ -66.389577151273627, 18.416821169570923 ], [ -66.396142267455076, 18.414288293247225 ], [ -66.399731476027256, 18.412495072633408 ], [ -66.404451383215275, 18.411470488492022 ], [ -66.409980571581471, 18.410502225169846 ], [ -66.409931403222416, 18.410682788931396 ], [ -66.407823067200511, 18.411800963517724 ], [ -66.408692548712878, 18.41160466100342 ], [ -66.412690479465695, 18.410234688091688 ], [ -66.427232261994561, 18.404243750931531 ], [ -66.434822529900885, 18.401763054358433 ], [ -66.438760260319526, 18.400645704780214 ], [ -66.444211958014719, 18.398637130481543 ], [ -66.442669926263235, 18.39985221260871 ], [ -66.438410081281447, 18.402089389373852 ], [ -66.438258492660481, 18.402235994401423 ], [ -66.438474363207177, 18.402231853332811 ], [ -66.437971385899971, 18.402564820446305 ], [ -66.43795939701009, 18.402924291749041 ], [ -66.437742569548632, 18.403215844548424 ], [ -66.436493638026477, 18.403922365497039 ], [ -66.418005262818127, 18.412072621525997 ], [ -66.410476415101385, 18.41555801308585 ], [ -66.394939010855495, 18.423974968776562 ], [ -66.387360034713581, 18.427928336887064 ], [ -66.383328047216111, 18.429801902316253 ], [ -66.379997884080851, 18.431590153233579 ], [ -66.381018954214184, 18.431247245691704 ], [ -66.350140823063128, 18.447358899956136 ], [ -66.331863024010403, 18.453852606174618 ] ] ] } },
{ "type": "Feature", "properties": { "district": 12, "precinct_index": 2, "color": "#b2f4fc", "id": "d12_p02" }, "geometry": { "type": "Polygon", "coordinates": [ [ [ -66.412690479465695, 18.410234688091688 ], [ -66.407823067200511, 18.411800963517724 ], [ -66.409931403222416, 18.410682788931396 ], [ -66.409980571581471, 18.410502225169846 ], [ -66.404451383215275, 18.411470488492022 ], [ -66.399347944425912, 18.412610203775248 ], [ -66.398601992163208, 18.412983756574974 ], [ -66.399001594245988, 18.412904241422876 ], [ -66.398833935143585, 18.413015230460708 ], [ -66.396142267455076, 18.414288293247225 ], [ -66.386626438148184, 18.418099202053934 ], [ -66.387621360787463, 18.41750532739891 ], [ -66.387227752173501, 18.417405107417341 ], [ -66.387206643185749, 18.417261815865896 ], [ -66.387736724901771, 18.416892404134781 ], [ -66.385667480226303, 18.417614663836151 ], [ -66.387002761528947, 18.41690648563177 ], [ -66.386532880147115, 18.417023274029372 ], [ -66.386965580107514, 18.416727579125983 ], [ -66.386863161797862, 18.416693619356607 ], [ -66.385712566993803, 18.417039012782126 ], [ -66.390268640786218, 18.414975771790886 ], [ -66.389993522915589, 18.414945126533031 ], [ -66.393232299716303, 18.413050856274367 ], [ -66.393562579414805, 18.412721202637002 ], [ -66.393330636434413, 18.412689728751268 ], [ -66.393693059048033, 18.412431306057986 ], [ -66.392882822907339, 18.412662395934149 ], [ -66.392980204662948, 18.41258867910642 ], [ -66.39532048366523, 18.411501978405823 ], [ -66.396083463324132, 18.410876629865069 ], [ -66.394068425514021, 18.411526001366592 ], [ -66.392551328457074, 18.411734729157523 ], [ -66.383188044685923, 18.415111621205888 ], [ -66.383815506205281, 18.414668493682445 ], [ -66.382352616013691, 18.41480433327353 ], [ -66.38382341350362, 18.413913935087237 ], [ -66.381371594141569, 18.414463914199672 ], [ -66.381005089936409, 18.414327249600483 ], [ -66.38031933800788, 18.414448179066692 ], [ -66.407484034211606, 18.401784637970792 ], [ -66.413235785671048, 18.398800354570803 ], [ -66.418834038584521, 18.396537497589133 ], [ -66.419488604512694, 18.396057925448066 ], [ -66.425233405588571, 18.393540788912517 ], [ -66.435716098163425, 18.389459860763779 ], [ -66.438516181534922, 18.388041020542172 ], [ -66.455005589414597, 18.380575752004479 ], [ -66.485437635512127, 18.368783550661842 ], [ -66.510506498305602, 18.359968178174455 ], [ -66.525306369356656, 18.354259683048578 ], [ -66.526230059686625, 18.353990491299037 ], [ -66.525310452900456, 18.354654769305657 ], [ -66.527163825076968, 18.353936651708295 ], [ -66.527498183215641, 18.35400208642173 ], [ -66.541886465246279, 18.348732576715292 ], [ -66.547277008843892, 18.34726403642258 ], [ -66.545563236398465, 18.348195020295105 ], [ -66.540019192302609, 18.350384988041533 ], [ -66.544707913490271, 18.349001761225292 ], [ -66.540302473356334, 18.351205807884334 ], [ -66.541706118176251, 18.35103518093139 ], [ -66.541500322689913, 18.35125467415881 ], [ -66.53877147357997, 18.352348830439539 ], [ -66.540197184302386, 18.35203408330727 ], [ -66.535030676386825, 18.354288656080925 ], [ -66.533537814946655, 18.355323173411147 ], [ -66.53369947862798, 18.355391920542381 ], [ -66.536341022994932, 18.354586832212789 ], [ -66.535821973254045, 18.354884184371937 ], [ -66.532974635353014, 18.355908764893552 ], [ -66.529423561212511, 18.357593482353181 ], [ -66.521555308595794, 18.360905766789944 ], [ -66.521052331288601, 18.361238733903438 ], [ -66.521511178743054, 18.361194006113198 ], [ -66.52137566060351, 18.36137622713051 ], [ -66.518116731729819, 18.362839794106961 ], [ -66.519083594997781, 18.362569774764932 ], [ -66.519774383480367, 18.362556521895819 ], [ -66.518666008604043, 18.36318849738883 ], [ -66.512954305405799, 18.36548945417309 ], [ -66.513030578173655, 18.36527244579392 ], [ -66.514079707678306, 18.36460568293905 ], [ -66.511259472233832, 18.365593819878441 ], [ -66.509528672392207, 18.366776599491995 ], [ -66.502346171704033, 18.369967954462549 ], [ -66.501220769431526, 18.370851725696589 ], [ -66.485900194599338, 18.378977127552524 ], [ -66.484274939696419, 18.380876364923303 ], [ -66.484312121117853, 18.381055271429091 ], [ -66.485311125348673, 18.380856484066541 ], [ -66.485179688800685, 18.381433792376328 ], [ -66.483508136282992, 18.382651358316345 ], [ -66.466594189673742, 18.391202497377776 ], [ -66.451990994011169, 18.396188736422054 ], [ -66.444211958014719, 18.398637130481543 ], [ -66.438760260319526, 18.400645704780214 ], [ -66.434822529900885, 18.401763054358433 ], [ -66.427232261994561, 18.404243750931531 ], [ -66.412690479465695, 18.410234688091688 ] ] ] } },
{ "type": "Feature", "properties": { "district": 12, "precinct_index": 3, "color": "#fcddb6", "id": "d12_p03" }, "geometry": { "type": "Polygon", "coordinates": [ [ [ -66.390495434337623, 18.426287519625191 ], [ -66.410476415101385, 18.41555801308585 ], [ -66.418005262818127, 18.412072621525997 ], [ -66.436493638026477, 18.403922365497039 ], [ -66.437742569548632, 18.403215844548424 ], [ -66.43795939701009, 18.402924291749041 ], [ -66.437971385899971, 18.402564820446305 ], [ -66.438474363207177, 18.402231853332811 ], [ -66.438258492660481, 18.402235994401423 ], [ -66.438410081281447, 18.402089389373852 ], [ -66.442669926263235, 18.39985221260871 ], [ -66.444211958014719, 18.398637130481543 ], [ -66.451990994011169, 18.396188736422054 ], [ -66.461202691113613, 18.392958448365864 ], [ -66.470807994877774, 18.389828381326637 ], [ -66.481598901248603, 18.385561919719859 ], [ -66.494749283732205, 18.38092687139007 ], [ -66.494510392320507, 18.381362543333381 ], [ -66.494780469732561, 18.381285514064924 ], [ -66.494384951193581, 18.381760115474101 ], [ -66.49024359500288, 18.384066867998357 ], [ -66.495099975292945, 18.382572652144283 ], [ -66.495293781889387, 18.382712630219601 ], [ -66.494217547975936, 18.383415837692091 ], [ -66.494222586482252, 18.383523513253795 ], [ -66.494665363455269, 18.383443169473818 ], [ -66.494443497487509, 18.383627046711492 ], [ -66.491637420647194, 18.38522562206677 ], [ -66.48506127249064, 18.387830557962431 ], [ -66.484141665704456, 18.388494835969055 ], [ -66.485437853708419, 18.388182573685032 ], [ -66.485302335568875, 18.388364794702344 ], [ -66.483994160627304, 18.389036527253705 ], [ -66.485987130582643, 18.388531276966905 ], [ -66.477782602846375, 18.3923529512101 ], [ -66.474257678152171, 18.394288634747479 ], [ -66.46824279771198, 18.396882801586884 ], [ -66.469319029673173, 18.396179595149789 ], [ -66.442576700532484, 18.406787357038734 ], [ -66.439868962362539, 18.408024803835513 ], [ -66.436300862778083, 18.409961316000771 ], [ -66.430666385357952, 18.411757854745886 ], [ -66.424473768802741, 18.414247659499711 ], [ -66.422458732944904, 18.414897029965836 ], [ -66.42273480577802, 18.414640264528316 ], [ -66.422507901303959, 18.414716466204286 ], [ -66.4057802971858, 18.420785264880553 ], [ -66.401413950350545, 18.422593395619241 ], [ -66.393337732533226, 18.4251552635648 ], [ -66.390495434337623, 18.426287519625191 ] ] ] } },
{ "type": "Feature", "properties": { "district": 13, "precinct_index": 0, "color": "#b8fcf2", "id": "d13_p00" }, "geometry": { "type": "Polygon", "coordinates": [ [ [ -66.400514383513553, 18.526350030187917 ], [ -66.400701491237271, 18.526224116285135 ], [ -66.403597388429574, 18.524298397232975 ], [ -66.408921416103723, 18.520761742136703 ], [ -66.424060049143364, 18.510666502803424 ], [ -66.428822751166109, 18.507507590443691 ], [ -66.445926012705939, 18.496090256880116 ], [ -66.445122438858519, 18.496423380898008 ], [ -66.450089322876082, 18.493034780806553 ], [ -66.455362132697459, 18.489809445140708 ], [ -66.460035553265115, 18.486687544012128 ], [ -66.463041738961351, 18.485102886397527 ], [ -66.469776255663149, 18.482601157959287 ], [ -66.473224601742302, 18.480857375302946 ], [ -66.474627907071351, 18.479913022780995 ], [ -66.476430697145204, 18.479068974956157 ], [ -66.476672947821456, 18.479113592646605 ], [ -66.491035855414623, 18.472216623867414 ], [ -66.490261820672472, 18.472875936416653 ], [ -66.491439607487081, 18.472290985621395 ], [ -66.492039001819947, 18.472187548307026 ], [ -66.49879126697175, 18.468566464381169 ], [ -66.498774195180914, 18.468670237181911 ], [ -66.503395726197127, 18.466875236114241 ], [ -66.509761645735836, 18.462568227472168 ], [ -66.513350493721717, 18.460476112405345 ], [ -66.521378366877641, 18.456181177789706 ], [ -66.527348060151752, 18.453271293327553 ], [ -66.541128979752799, 18.4458661996212 ], [ -66.539228028860421, 18.447306939558452 ], [ -66.547319919253184, 18.442622858431882 ], [ -66.55174255448928, 18.439508225499129 ], [ -66.554600038292008, 18.437815996019786 ], [ -66.559082083808278, 18.434845951737124 ], [ -66.562386000400679, 18.432968651495806 ], [ -66.561586696361161, 18.433275831542367 ], [ -66.56162510467162, 18.433042344746646 ], [ -66.561102192409777, 18.433186597910368 ], [ -66.563160374771854, 18.431801546728682 ], [ -66.563560194066554, 18.431394061985007 ], [ -66.562684407956013, 18.431660426182216 ], [ -66.564798070419371, 18.429938115404067 ], [ -66.567506522857798, 18.428646100723675 ], [ -66.571809658156894, 18.426257875647213 ], [ -66.573195891695093, 18.425417295926003 ], [ -66.576415128709939, 18.423043274531913 ], [ -66.576899967211219, 18.422624718723121 ], [ -66.576751270396826, 18.422517144081279 ], [ -66.577049001174387, 18.422224502175268 ], [ -66.579137059790483, 18.420657848335235 ], [ -66.579562488011575, 18.420094703876348 ], [ -66.577334606865378, 18.420994104970383 ], [ -66.575774404616553, 18.421374979295976 ], [ -66.582348773477705, 18.41681233997905 ], [ -66.584734900020123, 18.414445253043311 ], [ -66.592979080376026, 18.410858385274125 ], [ -66.594981445488017, 18.41031838487859 ], [ -66.596950004167113, 18.409478138894851 ], [ -66.603591641185972, 18.406023785749323 ], [ -66.603293907809544, 18.406316429404239 ], [ -66.612920054376005, 18.401914924856975 ], [ -66.616734083846168, 18.399971198532445 ], [ -66.618694105389707, 18.399182839463172 ], [ -66.623881561336034, 18.396476365023936 ], [ -66.625276332128394, 18.395583897667549 ], [ -66.626981301012734, 18.39482874973724 ], [ -66.631905167164305, 18.392207373351432 ], [ -66.634983904871291, 18.390181682618923 ], [ -66.639154738250426, 18.388597694228167 ], [ -66.645600733008891, 18.385321140150985 ], [ -66.650116582359217, 18.382651343205435 ], [ -66.652085141038299, 18.381811097221696 ], [ -66.652761014961939, 18.381748476784875 ], [ -66.654091768398843, 18.381245156660125 ], [ -66.653504841380411, 18.381778555306582 ], [ -66.647742920650984, 18.385448392501456 ], [ -66.645918454428497, 18.386929946539158 ], [ -66.643213932168948, 18.388703809466108 ], [ -66.635577006622285, 18.393150935693335 ], [ -66.615458687582162, 18.406712603947476 ], [ -66.612035610800376, 18.408808519106493 ], [ -66.611678129995013, 18.409464365301005 ], [ -66.613008883431917, 18.408961045176255 ], [ -66.611945649968646, 18.409861115494131 ], [ -66.609985288796082, 18.411157266781288 ], [ -66.60988319779868, 18.41127211064715 ], [ -66.610057503539466, 18.411224025573777 ], [ -66.61003189721194, 18.411379683540087 ], [ -66.609742700971069, 18.411620440280533 ], [ -66.607480341693304, 18.41323517641684 ], [ -66.608343325820911, 18.413046641049043 ], [ -66.608028520653647, 18.413443057504697 ], [ -66.605107017015214, 18.415524435243871 ], [ -66.605799965328558, 18.415358040257406 ], [ -66.605578714023153, 18.415691499761671 ], [ -66.603201461765053, 18.417498908593249 ], [ -66.603060964937427, 18.417847238226631 ], [ -66.601767943033209, 18.419132654963242 ], [ -66.59223826917983, 18.42547642365404 ], [ -66.588173117229346, 18.427935209364087 ], [ -66.587862581988603, 18.428305681127704 ], [ -66.588189851871434, 18.428339227753039 ], [ -66.587998474339813, 18.428491085627151 ], [ -66.575221377921849, 18.434851520365534 ], [ -66.57019115084637, 18.437613685309238 ], [ -66.566598377760712, 18.439223949352407 ], [ -66.560415970316754, 18.442415406404354 ], [ -66.555738285020325, 18.445563248727165 ], [ -66.551975470922685, 18.44719565664947 ], [ -66.553378776251719, 18.446251304127518 ], [ -66.552940883196442, 18.446384486226119 ], [ -66.549181999277678, 18.448498742394982 ], [ -66.549152125503909, 18.448680344025131 ], [ -66.548280267091997, 18.449428557497093 ], [ -66.552481311393677, 18.44715517628649 ], [ -66.552060152980488, 18.447692376774047 ], [ -66.554211549575399, 18.446752160858857 ], [ -66.552995351970068, 18.447570599478031 ], [ -66.552578458285666, 18.448081858771349 ], [ -66.546812270228585, 18.451777638909359 ], [ -66.545672554694292, 18.452636893377885 ], [ -66.545336413007405, 18.453163023828516 ], [ -66.54695209535754, 18.452444889906459 ], [ -66.54853397127475, 18.451426510396196 ], [ -66.55107665498933, 18.450130694595408 ], [ -66.552594853298729, 18.448993669378186 ], [ -66.552714016086966, 18.448775052711586 ], [ -66.552471765410715, 18.448730435021137 ], [ -66.555712001796422, 18.446734490821761 ], [ -66.560635530917835, 18.444620904904941 ], [ -66.561498515045443, 18.444432369537143 ], [ -66.561375087528418, 18.444676927397978 ], [ -66.560439548909812, 18.445306496911883 ], [ -66.554150451071152, 18.44914652918542 ], [ -66.547955241762864, 18.452415814346068 ], [ -66.549991745377426, 18.451668271126152 ], [ -66.550323282587897, 18.451675874808348 ], [ -66.550187053087924, 18.451998261498595 ], [ -66.55479184686321, 18.449799243790874 ], [ -66.552937844015702, 18.450954608269036 ], [ -66.54754194122718, 18.453916712354932 ], [ -66.537311793252584, 18.458955390098293 ], [ -66.528718329716469, 18.463654008644706 ], [ -66.527684969908364, 18.464372478053136 ], [ -66.527353095549131, 18.464872665560634 ], [ -66.528296831674268, 18.464699001350148 ], [ -66.531783251513971, 18.463229521338878 ], [ -66.541158947298783, 18.458327495546648 ], [ -66.536502601120844, 18.461345622125581 ], [ -66.526561314837224, 18.466651332569292 ], [ -66.518694603329877, 18.471483804187052 ], [ -66.512048019725341, 18.475979684711493 ], [ -66.510406391300066, 18.477361269538452 ], [ -66.509551267530227, 18.478513501399362 ], [ -66.508479499411663, 18.479465457603514 ], [ -66.505179850146902, 18.481316814901692 ], [ -66.504048669267902, 18.482124183483947 ], [ -66.504316528870547, 18.482013141459184 ], [ -66.504222975008688, 18.482076098410573 ], [ -66.494111987460698, 18.486896159794824 ], [ -66.492734288459175, 18.487684854350469 ], [ -66.492300662731552, 18.487792093505938 ], [ -66.492585591644783, 18.487577279708628 ], [ -66.491769213334166, 18.487988233584126 ], [ -66.491956321057884, 18.487862319681348 ], [ -66.491348389470872, 18.48801764463089 ], [ -66.49234333836965, 18.48753266376708 ], [ -66.493295948779092, 18.486799321452434 ], [ -66.492505176796001, 18.487054617361622 ], [ -66.492811447307972, 18.486710086792243 ], [ -66.491778424648629, 18.486920765010979 ], [ -66.489516402519627, 18.488027709957596 ], [ -66.488555257573495, 18.488812937437807 ], [ -66.487071539875942, 18.489234626584558 ], [ -66.488512916485291, 18.488564577735872 ], [ -66.489929026277522, 18.487542395356314 ], [ -66.490056723721068, 18.487271892803438 ], [ -66.487395214248394, 18.488278534801839 ], [ -66.487646341807817, 18.487763472639227 ], [ -66.486885446078759, 18.487837165890067 ], [ -66.484921154727317, 18.488651468930669 ], [ -66.485588833624661, 18.488132942162235 ], [ -66.484381170674638, 18.488899494895133 ], [ -66.484819063729915, 18.488766312796528 ], [ -66.484614884215347, 18.488995999500052 ], [ -66.48363273977975, 18.489403150506256 ], [ -66.482795024949525, 18.48994381837673 ], [ -66.483522116725922, 18.489569878509489 ], [ -66.483428562864063, 18.489632835460878 ], [ -66.482322988312575, 18.490284546076818 ], [ -66.48205513119018, 18.490395587073387 ], [ -66.482527167827129, 18.490054859373299 ], [ -66.481540753583644, 18.490487954350833 ], [ -66.48285050505082, 18.48960655878027 ], [ -66.48231052347839, 18.489854583716536 ], [ -66.482591185063981, 18.489665712862365 ], [ -66.48223830873502, 18.489787824924051 ], [ -66.482425416458739, 18.489661911021269 ], [ -66.482255380525856, 18.489684052123305 ], [ -66.480601287266396, 18.490635674589985 ], [ -66.481830289453526, 18.489739405392502 ], [ -66.480329497484874, 18.49026486836819 ], [ -66.480440123137569, 18.490098138616059 ], [ -66.479041424765185, 18.490508755976986 ], [ -66.475780183810897, 18.49212662647945 ], [ -66.475316684428108, 18.492415466544362 ], [ -66.475669560757055, 18.49229335448268 ], [ -66.475563202432014, 18.492434141291675 ], [ -66.474734022138463, 18.492922923996584 ], [ -66.474117556014761, 18.493130134111695 ], [ -66.474491771462198, 18.492878306306135 ], [ -66.473041857717305, 18.493600242069288 ], [ -66.473135411579165, 18.493537285117899 ], [ -66.470121028376397, 18.494666037429081 ], [ -66.469857438581656, 18.49475113548251 ], [ -66.47012956551194, 18.494614150514611 ], [ -66.470223119373799, 18.494551193563222 ], [ -66.468641578006483, 18.495061783632696 ], [ -66.469202901177638, 18.494684041924355 ], [ -66.46785080614201, 18.495317078821177 ], [ -66.46794436000387, 18.495254121869788 ], [ -66.466371358370949, 18.495712823275891 ], [ -66.46683485527349, 18.495423984239174 ], [ -66.466486248752432, 18.495520152329526 ], [ -66.466579802614291, 18.495457195378133 ], [ -66.464339119485174, 18.496434425301576 ], [ -66.464624048398392, 18.496219611504269 ], [ -66.463297562289142, 18.49669698868588 ], [ -66.464483886239293, 18.496060150976156 ], [ -66.464879440686616, 18.495678608147422 ], [ -66.464611581083972, 18.495789650172181 ], [ -66.464705134945831, 18.495726693220792 ], [ -66.462948955768084, 18.496793156776231 ], [ -66.460640325223224, 18.497677684964049 ], [ -66.462353826164005, 18.496870652896366 ], [ -66.463123596177368, 18.496237281541365 ], [ -66.463157737160188, 18.496029737688783 ], [ -66.462018358774657, 18.496381200967615 ], [ -66.462111912636516, 18.496318244016223 ], [ -66.459781942973166, 18.497332487947919 ], [ -66.459875496835025, 18.49726953099653 ], [ -66.459454675570598, 18.497298940294392 ], [ -66.459548229432457, 18.497235983343 ], [ -66.4577030982704, 18.497831671465903 ], [ -66.457796652132259, 18.497768714514514 ], [ -66.450258561701645, 18.500603566249939 ], [ -66.450352115563504, 18.500540609298547 ], [ -66.447282249660574, 18.502006622955093 ], [ -66.439986412386475, 18.504886091352773 ], [ -66.428446847613216, 18.510298374505201 ], [ -66.417157398953094, 18.516718969064094 ], [ -66.414368194635742, 18.51799611186647 ], [ -66.40470689315994, 18.524128534863589 ], [ -66.400514383513553, 18.526350030187917 ] ] ] } },
{ "type": "Feature", "properties": { "district": 13, "precinct_index": 1, "color": "#fccab2", "id": "d13_p01" }, "geometry": { "type": "Polygon", "coordinates": [ [ [ -66.611652063590327, 18.416703159343751 ], [ -66.608339947011146, 18.418124555309845 ], [ -66.607387678829582, 18.418350103657701 ], [ -66.605214940635932, 18.419420036344963 ], [ -66.606027388767657, 18.41852723422291 ], [ -66.60894889240609, 18.416445856483733 ], [ -66.608451583991524, 18.416434452709343 ], [ -66.608766389158774, 18.416038036253685 ], [ -66.607546261374566, 18.416374626626304 ], [ -66.603910804972827, 18.418244324934328 ], [ -66.601865764222723, 18.419043755068714 ], [ -66.603060964937427, 18.417847238226631 ], [ -66.603201461765053, 18.417498908593249 ], [ -66.605578714023153, 18.415691499761671 ], [ -66.605799965328558, 18.415358040257406 ], [ -66.605107017015214, 18.415524435243871 ], [ -66.608028520653647, 18.413443057504697 ], [ -66.608343325820911, 18.413046641049043 ], [ -66.607480341693304, 18.41323517641684 ], [ -66.609742700971069, 18.411620440280533 ], [ -66.61003189721194, 18.411379683540087 ], [ -66.610057503539466, 18.411224025573777 ], [ -66.60988319779868, 18.41127211064715 ], [ -66.609985288796082, 18.411157266781288 ], [ -66.611945649968646, 18.409861115494131 ], [ -66.613008883431917, 18.408961045176255 ], [ -66.611678129995013, 18.409464365301005 ], [ -66.612035610800376, 18.408808519106493 ], [ -66.615458687582162, 18.406712603947476 ], [ -66.635577006622285, 18.393150935693335 ], [ -66.643213932168948, 18.388703809466108 ], [ -66.645918454428497, 18.386929946539158 ], [ -66.647742920650984, 18.385448392501456 ], [ -66.653985415152903, 18.381385940692024 ], [ -66.660214765562614, 18.377909110958086 ], [ -66.661902999804894, 18.376749944638824 ], [ -66.667923905852646, 18.373528743523348 ], [ -66.672800826558216, 18.371192740847729 ], [ -66.675198743755899, 18.370271197930954 ], [ -66.679841948321879, 18.367838692399317 ], [ -66.680896310099726, 18.367498298436701 ], [ -66.682618348176035, 18.366639379454551 ], [ -66.684825229951372, 18.365361901165802 ], [ -66.684429675385445, 18.365743444715243 ], [ -66.68679805335924, 18.364495713987829 ], [ -66.687044573962012, 18.36451438698624 ], [ -66.686921143846121, 18.364758946595977 ], [ -66.689442491041078, 18.363592844790169 ], [ -66.689791097562136, 18.363496676699818 ], [ -66.689739887268729, 18.363807992324947 ], [ -66.690275601513505, 18.363585910331818 ], [ -66.695084577283595, 18.361157204892379 ], [ -66.693379268770244, 18.362420145040577 ], [ -66.694250790033379, 18.362179722758309 ], [ -66.698643209386432, 18.359754484701792 ], [ -66.699004622850936, 18.35958048572564 ], [ -66.699064033131123, 18.359725074375735 ], [ -66.70383033078285, 18.357555799703348 ], [ -66.704004634043386, 18.357507715658173 ], [ -66.703621881460393, 18.357811430378202 ], [ -66.705301243898603, 18.357211941134906 ], [ -66.704454994413084, 18.357804494891656 ], [ -66.705339317659167, 18.357486243779977 ], [ -66.715467374517743, 18.352562410623182 ], [ -66.716521736295576, 18.352222016660566 ], [ -66.725081056250019, 18.347730943715636 ], [ -66.725255359510555, 18.34768285967046 ], [ -66.724455718440879, 18.348497830186005 ], [ -66.728694833904257, 18.346498753369378 ], [ -66.726934384918607, 18.347591160896151 ], [ -66.726730205404053, 18.347820847599674 ], [ -66.726968191351531, 18.347891406484358 ], [ -66.72677681381991, 18.348043264358473 ], [ -66.724323416520932, 18.349302066871712 ], [ -66.720798248741744, 18.351512825896588 ], [ -66.720946945556136, 18.351620400538426 ], [ -66.719739285086362, 18.352386952243133 ], [ -66.716073955029458, 18.3544382514606 ], [ -66.715682667791185, 18.354793852066905 ], [ -66.71592065373865, 18.354864410951592 ], [ -66.715078668981903, 18.355431023514104 ], [ -66.707735209484028, 18.359611449029551 ], [ -66.706267884319274, 18.360944949811337 ], [ -66.692771554002448, 18.368643021938272 ], [ -66.681681340751467, 18.375875456144357 ], [ -66.678785443559164, 18.37780117519652 ], [ -66.682356880125198, 18.376320625148328 ], [ -66.682599130801449, 18.376365242838776 ], [ -66.685031191462201, 18.375236155041222 ], [ -66.684337903519847, 18.375910342245575 ], [ -66.681527023053874, 18.377824991260816 ], [ -66.675046547683593, 18.381816881408465 ], [ -66.671359543958303, 18.384505685810606 ], [ -66.667255983697359, 18.387197958316371 ], [ -66.661439594194306, 18.389681682259337 ], [ -66.659917126077019, 18.390844651447892 ], [ -66.654716530999011, 18.394136745906227 ], [ -66.651345001540776, 18.395413554971132 ], [ -66.649886553259194, 18.396187375899853 ], [ -66.646629242483783, 18.398287094648872 ], [ -66.642423933453315, 18.400586417053709 ], [ -66.636729957659369, 18.404348957012402 ], [ -66.628268458775821, 18.408751130783511 ], [ -66.626754527794077, 18.409862213057597 ], [ -66.625381096120194, 18.410624964670106 ], [ -66.614019769865465, 18.416471009246816 ], [ -66.611226635369235, 18.417266303802634 ], [ -66.611652063590327, 18.416703159343751 ] ] ] } },
{ "type": "Feature", "properties": { "district": 13, "precinct_index": 2, "color": "#f9b6fc", "id": "d13_p02" }, "geometry": { "type": "MultiPolygon", "coordinates": [ [ [ [ -66.521938309935919, 18.477052843589963 ], [ -66.521121934105551, 18.477463796437267 ], [ -66.52168752460436, 18.477060111785786 ], [ -66.521160345014877, 18.477230307892643 ], [ -66.521296574514849, 18.476907921202397 ], [ -66.51929421448196, 18.477447918820832 ], [ -66.515590810664492, 18.479224915393232 ], [ -66.515705703644841, 18.479032242697961 ], [ -66.514804308607907, 18.479454266610382 ], [ -66.515374168914619, 18.479024637987571 ], [ -66.513086874889382, 18.479779452180409 ], [ -66.513388875593449, 18.479460865582361 ], [ -66.511514210405238, 18.479730362396822 ], [ -66.509728492122221, 18.480470637420918 ], [ -66.509516112620886, 18.480244419849218 ], [ -66.508806095115574, 18.480514585887523 ], [ -66.509027343822112, 18.480181128132159 ], [ -66.506935694774754, 18.480758140787046 ], [ -66.504240046799524, 18.481972325609831 ], [ -66.508479499411663, 18.479465457603514 ], [ -66.509551267530227, 18.478513501399362 ], [ -66.510406391300066, 18.477361269538452 ], [ -66.512048019725341, 18.475979684711493 ], [ -66.518694603329877, 18.471483804187052 ], [ -66.526561314837224, 18.466651332569292 ], [ -66.536502601120844, 18.461345622125581 ], [ -66.541158947298783, 18.458327495546648 ], [ -66.531783251513971, 18.463229521338878 ], [ -66.528296831674268, 18.464699001350148 ], [ -66.527353095549131, 18.464872665560634 ], [ -66.527684969908364, 18.464372478053136 ], [ -66.528718329716469, 18.463654008644706 ], [ -66.537311793252584, 18.458955390098293 ], [ -66.54754194122718, 18.453916712354932 ], [ -66.552937844015702, 18.450954608269036 ], [ -66.55479184686321, 18.449799243790874 ], [ -66.550187053087924, 18.451998261498595 ], [ -66.550323282587897, 18.451675874808348 ], [ -66.549991745377426, 18.451668271126152 ], [ -66.547955241762864, 18.452415814346068 ], [ -66.554150451071152, 18.44914652918542 ], [ -66.560439548909812, 18.445306496911883 ], [ -66.561375087528418, 18.444676927397978 ], [ -66.561498515045443, 18.444432369537143 ], [ -66.560635530917835, 18.444620904904941 ], [ -66.555712001796422, 18.446734490821761 ], [ -66.552471765410715, 18.448730435021137 ], [ -66.552714016086966, 18.448775052711586 ], [ -66.552594853298729, 18.448993669378186 ], [ -66.55107665498933, 18.450130694595408 ], [ -66.54853397127475, 18.451426510396196 ], [ -66.54695209535754, 18.452444889906459 ], [ -66.545336413007405, 18.453163023828516 ], [ -66.545672554694292, 18.452636893377885 ], [ -66.546812270228585, 18.451777638909359 ], [ -66.552578458285666, 18.448081858771349 ], [ -66.552995351970068, 18.447570599478031 ], [ -66.554211549575399, 18.446752160858857 ], [ -66.552060152980488, 18.447692376774047 ], [ -66.552481311393677, 18.44715517628649 ], [ -66.548280267091997, 18.449428557497093 ], [ -66.549152125503909, 18.448680344025131 ], [ -66.549181999277678, 18.448498742394982 ], [ -66.549828341655413, 18.44810992962152 ], [ -66.552940883196442, 18.446384486226119 ], [ -66.553378776251719, 18.446251304127518 ], [ -66.551975470922685, 18.44719565664947 ], [ -66.555738285020325, 18.445563248727165 ], [ -66.560415970316754, 18.442415406404354 ], [ -66.566598377760712, 18.439223949352407 ], [ -66.57019115084637, 18.437613685309238 ], [ -66.57649272107858, 18.434203611590689 ], [ -66.586982188921397, 18.429105780485937 ], [ -66.588189851871434, 18.428339227753039 ], [ -66.587854047333309, 18.428357567013979 ], [ -66.588734440400515, 18.427557467655745 ], [ -66.59223826917983, 18.42547642365404 ], [ -66.602320731549085, 18.418806799141173 ], [ -66.603910804972827, 18.418244324934328 ], [ -66.607546261374566, 18.416374626626304 ], [ -66.608766389158774, 18.416038036253685 ], [ -66.608451583991524, 18.416434452709343 ], [ -66.60894889240609, 18.416445856483733 ], [ -66.606027388767657, 18.41852723422291 ], [ -66.605214940635932, 18.419420036344963 ], [ -66.607387678829582, 18.418350103657701 ], [ -66.608339947011146, 18.418124555309845 ], [ -66.611311991724563, 18.416747441547827 ], [ -66.611652063590327, 18.416703159343751 ], [ -66.611226635369235, 18.417266303802634 ], [ -66.614019769865465, 18.416471009246816 ], [ -66.625381096120194, 18.410624964670106 ], [ -66.626754527794077, 18.409862213057597 ], [ -66.628268458775821, 18.408751130783511 ], [ -66.636729957659369, 18.404348957012402 ], [ -66.642423933453315, 18.400586417053709 ], [ -66.646629242483783, 18.398287094648872 ], [ -66.649886553259194, 18.396187375899853 ], [ -66.651345001540776, 18.395413554971132 ], [ -66.653997973877907, 18.3944587998872 ], [ -66.655269314435756, 18.393810892861257 ], [ -66.659917126077019, 18.390844651447892 ], [ -66.661439594194306, 18.389681682259337 ], [ -66.668761040394799, 18.386646554146445 ], [ -66.667578646623525, 18.387765240102727 ], [ -66.664840320529933, 18.389238855692568 ], [ -66.663245637669277, 18.390335066088635 ], [ -66.662352440138875, 18.391212995304471 ], [ -66.661038421344045, 18.392120333818173 ], [ -66.662186334384884, 18.391716984653065 ], [ -66.662152193402065, 18.391924528505648 ], [ -66.660463959159799, 18.393083694824909 ], [ -66.646078361372844, 18.402141545134945 ], [ -66.642783316584499, 18.403459168300298 ], [ -66.638067557527506, 18.406332707978038 ], [ -66.606702128435217, 18.426563331521201 ], [ -66.606565898935244, 18.426885718211448 ], [ -66.611714946571098, 18.424412730567933 ], [ -66.607505030583965, 18.427245788133792 ], [ -66.602139338599386, 18.429518500120551 ], [ -66.56880074387135, 18.451123104808481 ], [ -66.568515814958118, 18.451337918605788 ], [ -66.572806145794004, 18.449027523386931 ], [ -66.574732026236134, 18.448446708890952 ], [ -66.574561650674241, 18.448976642210877 ], [ -66.571996953543646, 18.451417756134926 ], [ -66.556663017872623, 18.461183002318666 ], [ -66.551416486196018, 18.463237098667015 ], [ -66.547734423977289, 18.464884378467339 ], [ -66.545442865223279, 18.465665133854415 ], [ -66.544987897896917, 18.465902089781956 ], [ -66.545612901156161, 18.465642992752375 ], [ -66.536403308526488, 18.470041030944913 ], [ -66.533860959361817, 18.470829057304908 ], [ -66.529681254178612, 18.47297272277163 ], [ -66.527002338365207, 18.474590927011565 ], [ -66.526479426103364, 18.474735180175287 ], [ -66.526862178686358, 18.474431465455257 ], [ -66.526203034325675, 18.474898107058124 ], [ -66.523868797453304, 18.475938293212252 ], [ -66.522559043387261, 18.476819690531716 ], [ -66.522737616455686, 18.47674566251521 ], [ -66.521381256691271, 18.477404640606267 ], [ -66.521938309935919, 18.477052843589963 ] ] ], [ [ [ -66.525641374124376, 18.475783639235452 ], [ -66.524297818704525, 18.476364788189613 ], [ -66.524944158601997, 18.475975976444349 ], [ -66.523677085253183, 18.47659794124786 ], [ -66.523868460304541, 18.476446084401942 ], [ -66.523332743579516, 18.47666816742327 ], [ -66.523898333959707, 18.476264483492496 ], [ -66.522818365854363, 18.476760535421423 ], [ -66.52566305027301, 18.475146133022587 ], [ -66.525930907395392, 18.475035092026022 ], [ -66.525356782359907, 18.475490661843068 ], [ -66.526139017088838, 18.475287253569057 ], [ -66.525641374124376, 18.475783639235452 ] ] ] ] } },
{ "type": "Feature", "properties": { "district": 13, "precinct_index": 3, "color": "#b6ccfc", "id": "d13_p03" }, "geometry": { "type": "Polygon", "coordinates": [ [ [ -66.587520118682292, 18.451122743688753 ], [ -66.587158707698038, 18.45129674163671 ], [ -66.587524386009932, 18.451096800745617 ], [ -66.588242943131036, 18.450774746764647 ], [ -66.588914889356033, 18.450230277053073 ], [ -66.58758413591913, 18.450733597177823 ], [ -66.585543025347903, 18.452014875558767 ], [ -66.585096595157083, 18.452199944571838 ], [ -66.585564364466393, 18.451885159814889 ], [ -66.583306609546426, 18.452966162539074 ], [ -66.583970021234734, 18.452473577993068 ], [ -66.58243935561093, 18.453180641878202 ], [ -66.58272855433205, 18.452939884109561 ], [ -66.581661390689888, 18.453358106180882 ], [ -66.582129157400331, 18.453043323172832 ], [ -66.581861300277936, 18.4531543641694 ], [ -66.581954854139795, 18.453091407218007 ], [ -66.581053459102876, 18.453513431130428 ], [ -66.581712603463544, 18.453046789527559 ], [ -66.57721450008296, 18.454597232013686 ], [ -66.570802986054943, 18.457158449299691 ], [ -66.568677533054924, 18.457435215338172 ], [ -66.568958194640501, 18.457246344484002 ], [ -66.563881698778175, 18.459278300451018 ], [ -66.563979519967688, 18.45918940055649 ], [ -66.563282304445323, 18.459381737765387 ], [ -66.563384392962476, 18.459266894927723 ], [ -66.562283425367653, 18.459384870382642 ], [ -66.560786903325507, 18.459884388666293 ], [ -66.561071832238738, 18.459669574868986 ], [ -66.559715472355705, 18.46032855368075 ], [ -66.560000401268923, 18.460113739883443 ], [ -66.556663017872623, 18.461183002318666 ], [ -66.571996953543646, 18.451417756134926 ], [ -66.574561650674241, 18.448976642210877 ], [ -66.574732026236134, 18.448446708890952 ], [ -66.572806145794004, 18.449027523386931 ], [ -66.568515814958118, 18.451337918605788 ], [ -66.56880074387135, 18.451123104808481 ], [ -66.602139338599386, 18.429518500120551 ], [ -66.607505030583965, 18.427245788133792 ], [ -66.611714946571098, 18.424412730567933 ], [ -66.606565898935244, 18.426885718211448 ], [ -66.606702128435217, 18.426563331521201 ], [ -66.629801026725445, 18.411572664339477 ], [ -66.64241763827259, 18.403659109191388 ], [ -66.662532241354199, 18.395683146387743 ], [ -66.661868832264744, 18.396175729184847 ], [ -66.662166223413294, 18.396390879496725 ], [ -66.661562224604026, 18.397028050943923 ], [ -66.663441496748902, 18.396224818968435 ], [ -66.66301606852781, 18.396787963427322 ], [ -66.670406138921791, 18.392829953642476 ], [ -66.669486997915115, 18.394371332014316 ], [ -66.669831337108533, 18.394301106867104 ], [ -66.679912788150105, 18.389154855202605 ], [ -66.68060573634483, 18.388988460936847 ], [ -66.675970389537753, 18.392384664710494 ], [ -66.668725425408283, 18.395460608672735 ], [ -66.660557390093246, 18.399596082760262 ], [ -66.657980225648231, 18.401607235352227 ], [ -66.650011088593587, 18.407062340276639 ], [ -66.64822537031057, 18.407802615300735 ], [ -66.645984347552428, 18.409287637442063 ], [ -66.650988291404005, 18.407696714592955 ], [ -66.651489864665976, 18.407682176452408 ], [ -66.651442919101356, 18.407967550883303 ], [ -66.652990654035762, 18.407156715225618 ], [ -66.657097807326821, 18.405454082156101 ], [ -66.659011220454502, 18.404443306328034 ], [ -66.663628484143075, 18.402674248203496 ], [ -66.673705328227996, 18.398061731700025 ], [ -66.674912654029271, 18.397802970156818 ], [ -66.674878513046451, 18.3980105140094 ], [ -66.673925902637009, 18.398743856324046 ], [ -66.668376696077431, 18.402132120929124 ], [ -66.658404856762019, 18.408635017438762 ], [ -66.647612039738689, 18.416082599179628 ], [ -66.640633918805079, 18.420570876742577 ], [ -66.653878787131191, 18.41389565549834 ], [ -66.658117565445806, 18.412404369871403 ], [ -66.65864047770765, 18.412260116707682 ], [ -66.658856784907627, 18.412968183554135 ], [ -66.662151827215723, 18.411650561416977 ], [ -66.664795927748798, 18.411255483409011 ], [ -66.667090739903927, 18.411972159676072 ], [ -66.667859835619765, 18.412354370700456 ], [ -66.668433623625106, 18.412406591352397 ], [ -66.672459687888477, 18.411196877594548 ], [ -66.677217448286058, 18.409079490557339 ], [ -66.677204643822861, 18.409157320414945 ], [ -66.67542678849648, 18.410861290183249 ], [ -66.674546395429275, 18.411661389541482 ], [ -66.674274268498991, 18.411798374509377 ], [ -66.674648481347575, 18.411546548452719 ], [ -66.674108497294895, 18.411794574417183 ], [ -66.674754839672616, 18.411405761643724 ], [ -66.666770321531445, 18.414425681364026 ], [ -66.666863875393304, 18.414362724412637 ], [ -66.661030414099415, 18.416950221156345 ], [ -66.654894615071299, 18.420364094967088 ], [ -66.647908636260169, 18.42388867500873 ], [ -66.641560125661073, 18.42758411966037 ], [ -66.640484424883368, 18.428054228646157 ], [ -66.641058549918853, 18.427598658829112 ], [ -66.639081456584478, 18.428490790699126 ], [ -66.640187031135952, 18.427839080083185 ], [ -66.640204102926802, 18.427735307282443 ], [ -66.640025529858363, 18.427809335298949 ], [ -66.640119083720236, 18.42774637834756 ], [ -66.635353123217257, 18.429407861830253 ], [ -66.632100419398512, 18.430973845418247 ], [ -66.627474621173263, 18.43279478870835 ], [ -66.624230454608664, 18.434308884661167 ], [ -66.614494022018519, 18.438369326742677 ], [ -66.612521193531535, 18.43923551669775 ], [ -66.608511524281226, 18.441357041062432 ], [ -66.605471197483567, 18.443149243250321 ], [ -66.605186268570336, 18.443364057047628 ], [ -66.60553060776374, 18.443293831900416 ], [ -66.604973554519091, 18.44364562891672 ], [ -66.603897856221636, 18.444115736874313 ], [ -66.604369890259719, 18.443775010923126 ], [ -66.601661440420159, 18.445067023854619 ], [ -66.602239832783297, 18.444585511094438 ], [ -66.601971975660902, 18.444696552091003 ], [ -66.59925925601344, 18.446014508993827 ], [ -66.598145144326409, 18.446718106524237 ], [ -66.597800805133005, 18.446788331671449 ], [ -66.598196357100065, 18.446406789870913 ], [ -66.596678495939443, 18.447036023898441 ], [ -66.594752280828814, 18.44812462855592 ], [ -66.596057762488101, 18.447269176956691 ], [ -66.591886931589201, 18.448853164319249 ], [ -66.590245642792937, 18.449726956928323 ], [ -66.589773606274605, 18.450067683907704 ], [ -66.590126482603566, 18.449945571846023 ], [ -66.589293034982362, 18.450460297494068 ], [ -66.587855923220403, 18.451104404427813 ], [ -66.588970034907433, 18.450400806897402 ], [ -66.588702175304789, 18.450511848922165 ], [ -66.587320206495377, 18.451326487449141 ], [ -66.587520118682292, 18.451122743688753 ] ] ] } },
{ "type": "Feature", "properties": { "district": 14, "precinct_index": 0, "color": "#fab6fc", "id": "d14_p00" }, "geometry": { "type": "Polygon", "coordinates": [ [ [ -66.790523134190707, 18.474986433351553 ], [ -66.726885516732253, 18.453735290851977 ], [ -66.837290643517434, 18.490603972858317 ], [ -66.790523134190707, 18.474986433351553 ] ] ] } },
{ "type": "Feature", "properties": { "district": 14, "precinct_index": 1, "color": "#b2fcd8", "id": "d14_p01" }, "geometry": { "type": "MultiPolygon", "coordinates": [ [ [ [ -66.791105585397915, 18.475180937075798 ], [ -66.839054806555225, 18.491193097366672 ], [ -66.860880263981798, 18.498481489428684 ], [ -66.791105585397915, 18.475180937075798 ] ] ], [ [ [ -66.775847374061541, 18.470085610816582 ], [ -66.787097211119203, 18.473842380788337 ], [ -66.795958112419143, 18.476801389684731 ], [ -66.775847374061541, 18.470085610816582 ] ] ] ] } },
{ "type": "Feature", "properties": { "district": 15, "precinct_index": 0, "color": "#fcf8d2", "id": "d15_p00" }, "geometry": { "type": "Polygon", "coordinates": [ [ [ -66.75966175749366, 18.494293629611182 ], [ -66.74809741674099, 18.495622491490138 ], [ -66.876724586439082, 18.480582823047133 ], [ -66.75966175749366, 18.494293629611182 ] ] ] } },
{ "type": "Feature", "properties": { "district": 15, "precinct_index": 1, "color": "#b8b8fc", "id": "d15_p01" }, "geometry": { "type": "Polygon", "coordinates": [ [ [ -66.815882650468581, 18.487769930312393 ], [ -66.816204776637662, 18.487732063373763 ], [ -66.797265720679277, 18.489924519545891 ], [ -66.964112046463157, 18.47041276616309 ], [ -66.815882650468581, 18.487769930312393 ] ] ] } },
{ "type": "Feature", "properties": { "district": 15, "precinct_index": 2, "color": "#fcb8c9", "id": "d15_p02" }, "geometry": { "type": "Polygon", "coordinates": [ [ [ -66.874292151709824, 18.480993621759186 ], [ -66.849968683035002, 18.483804762404606 ], [ -66.968200481488566, 18.469938962117752 ], [ -66.929526021215182, 18.474532744523305 ], [ -66.932145104231921, 18.474228605476114 ], [ -66.929674357386943, 18.474520107934087 ], [ -66.874292151709824, 18.480993621759186 ] ] ] } },
{ "type": "Feature", "properties": { "district": 16, "precinct_index": 0, "color": "#c6fcf8", "id": "d16_p00" }, "geometry": { "type": "Polygon", "coordinates": [ [ [ -67.115329951788638, 18.427937626366795 ], [ -67.103402470585024, 18.436546492225386 ], [ -67.103555713062306, 18.436407088749171 ], [ -67.087346307620138, 18.447816516024474 ], [ -67.078367881168603, 18.454524558102023 ], [ -67.075035127905082, 18.457295701487809 ], [ -67.076820001764915, 18.456036906237735 ], [ -67.076513516810365, 18.456315713190165 ], [ -67.072024301456111, 18.459669736165207 ], [ -67.072177543933392, 18.459530332688992 ], [ -67.057929424003774, 18.469364102795268 ], [ -67.051502092312404, 18.474116324496599 ], [ -67.046675504026652, 18.477985761808519 ], [ -67.046821027702435, 18.477905507274013 ], [ -67.037283675723231, 18.484757109046846 ], [ -67.030066958213069, 18.490383810444524 ], [ -67.029469425906967, 18.490823126465962 ], [ -67.030082404330031, 18.490265504816033 ], [ -67.029791356978478, 18.490426013885042 ], [ -67.02994459945576, 18.490286610408827 ], [ -67.023387185948607, 18.495000784888706 ], [ -67.017848433914892, 18.499153181499587 ], [ -67.015120931758986, 18.501425859922222 ], [ -67.006609955797757, 18.50765653875688 ], [ -67.001102087484014, 18.511572331855849 ], [ -67.00201382780314, 18.510795056067735 ], [ -66.999945625393266, 18.512155211445105 ], [ -66.99228462231126, 18.518081821515473 ], [ -66.992591111522785, 18.517803010690507 ], [ -66.99006318168108, 18.519581376496525 ], [ -66.991419207572065, 18.518504192035721 ], [ -66.990676155847169, 18.519023758719129 ], [ -66.990829398324436, 18.518884355242914 ], [ -66.981307496504058, 18.525617649158349 ], [ -66.972757913764397, 18.532144084319164 ], [ -66.968146343909794, 18.535400903385973 ], [ -66.972643278065561, 18.531987731469222 ], [ -66.969510092859267, 18.534264566110924 ], [ -66.969663335336548, 18.534125162634709 ], [ -66.969364569183497, 18.53434482064543 ], [ -66.969678777196521, 18.534006860878751 ], [ -66.95515505177535, 18.543882838298085 ], [ -66.955308298509593, 18.543743430949334 ], [ -66.944866925012761, 18.551313159568572 ], [ -66.945020167490043, 18.551173756092357 ], [ -66.937834337956815, 18.556563850105587 ], [ -66.931483035185849, 18.561768180983016 ], [ -66.933413436978427, 18.560429127325904 ], [ -66.933260190244184, 18.560568534674651 ], [ -66.933551237595722, 18.560408025605643 ], [ -66.93339799511844, 18.560547429081858 ], [ -66.92357731458921, 18.567500390981991 ], [ -66.923730561323453, 18.56736098363324 ], [ -66.921324985982096, 18.569236553347487 ], [ -66.921784717670903, 18.568818339046306 ], [ -66.915848001388298, 18.572915742934548 ], [ -66.91600124386558, 18.572776339458329 ], [ -66.914676101694553, 18.573616920407225 ], [ -66.914982586649117, 18.573338113454795 ], [ -66.914837062973348, 18.573418367989298 ], [ -66.905346036574088, 18.579915064494262 ], [ -66.905499279051369, 18.579775661018047 ], [ -66.900183259993341, 18.583256294314644 ], [ -66.900336502470623, 18.583116890838429 ], [ -66.894537586805328, 18.58719319300641 ], [ -66.894690829282609, 18.587053789530195 ], [ -66.892339306836632, 18.588515297289796 ], [ -66.88278650874048, 18.595485204691116 ], [ -66.882939755474737, 18.595345797342368 ], [ -66.876259983210261, 18.599962771786551 ], [ -66.876413225687543, 18.599823368310336 ], [ -66.876114459534492, 18.600043026321053 ], [ -66.876719710642092, 18.599544561357902 ], [ -66.875095802318015, 18.600604800317516 ], [ -66.875402287272578, 18.600325993365086 ], [ -66.875103521119527, 18.600545651375807 ], [ -66.875256763596809, 18.600406247899592 ], [ -66.871074037454079, 18.603481460049668 ], [ -66.871227284188336, 18.603342052700917 ], [ -66.86873023806659, 18.604883814995024 ], [ -66.868883480543872, 18.604744411518809 ], [ -66.8667921174725, 18.606282017593848 ], [ -66.867098602427063, 18.606003210641415 ], [ -66.865781179057535, 18.606784642648599 ], [ -66.866087668269074, 18.606505831823632 ], [ -66.862364673815151, 18.609162829672531 ], [ -66.862517916292433, 18.609023426196316 ], [ -66.862219150139381, 18.609243084207034 ], [ -66.862678881828188, 18.608824869905856 ], [ -66.861652501553237, 18.609445796716564 ], [ -66.862257756917828, 18.608947327880877 ], [ -66.861813467088993, 18.609247240426104 ], [ -66.861966709566275, 18.609107836949889 ], [ -66.861215934782891, 18.609686556447542 ], [ -66.861675666471697, 18.609268342146361 ], [ -66.860924887431352, 18.609847065516551 ], [ -66.861231376642877, 18.609568254691585 ], [ -66.860932610489826, 18.609787912702306 ], [ -66.861085852967108, 18.609648509226091 ], [ -66.845834517680998, 18.619925751572875 ], [ -66.84598776015828, 18.61978634809666 ], [ -66.837637749732821, 18.625818470640858 ], [ -66.829371491286224, 18.63224354954691 ], [ -66.829808062313532, 18.632002785943396 ], [ -66.822032419275715, 18.637773047036355 ], [ -66.822185661752997, 18.63763364356014 ], [ -66.821886895599945, 18.637853301570861 ], [ -66.822944159594854, 18.636995771248241 ], [ -66.795542605872484, 18.656553646640436 ], [ -66.795397082196715, 18.656633901174938 ], [ -66.79555804773247, 18.656435344884478 ], [ -66.795259281579419, 18.656655002895199 ], [ -66.795719013268226, 18.656236788594018 ], [ -66.791567170845468, 18.659075397232183 ], [ -66.793115050249142, 18.657563049096471 ], [ -66.795536063193524, 18.655569181498802 ], [ -66.794709255232775, 18.655695795692893 ], [ -66.792526417124066, 18.656899598220324 ], [ -66.781479788262658, 18.664967795675242 ], [ -66.793109683692734, 18.655534969871496 ], [ -66.797561468391095, 18.651433089139267 ], [ -66.805329388370438, 18.645721980860554 ], [ -66.825355619805933, 18.62990212724474 ], [ -66.830993574192448, 18.626024377494687 ], [ -66.832993462226469, 18.624152967872039 ], [ -66.827202265362672, 18.628170121098307 ], [ -66.82648237429926, 18.628512237084053 ], [ -66.834067344203902, 18.622133521710122 ], [ -66.830972765776053, 18.624114600025667 ], [ -66.83098820763604, 18.623996298269709 ], [ -66.848478786171341, 18.610013963274159 ], [ -66.857343753046592, 18.602105954263326 ], [ -66.867348559773077, 18.59477698537507 ], [ -66.873377931472533, 18.589969767078561 ], [ -66.874979855257678, 18.58804336473327 ], [ -66.874704254023086, 18.588085568173788 ], [ -66.874880661418828, 18.587768710127374 ], [ -66.865611187615741, 18.594637261273931 ], [ -66.865174620845394, 18.594878021004909 ], [ -66.86687574272635, 18.593226269392982 ], [ -66.865290436923743, 18.593990755898975 ], [ -66.860502455416437, 18.597564436884735 ], [ -66.859483798199975, 18.598126210881198 ], [ -66.86057966897333, 18.596972924232421 ], [ -66.865912310270858, 18.592330371223991 ], [ -66.866096436468112, 18.591954364235864 ], [ -66.865522069080455, 18.5922162256871 ], [ -66.859569910937893, 18.596431931331296 ], [ -66.858689054338711, 18.596972603607497 ], [ -66.858275648229849, 18.597035912640813 ], [ -66.853388472883694, 18.600334939020676 ], [ -66.842900773806917, 18.60825957290778 ], [ -66.840824852595546, 18.609678877226862 ], [ -66.840403727685171, 18.609801335201887 ], [ -66.842258092043423, 18.608010180113745 ], [ -66.842021093330303, 18.607756631100639 ], [ -66.843431172116681, 18.606265384685187 ], [ -66.841999108791356, 18.606890467714962 ], [ -66.84601432671937, 18.603029346713711 ], [ -66.845600924867483, 18.603092651874491 ], [ -66.849546652297079, 18.599763890711312 ], [ -66.848137753890214, 18.600211519170884 ], [ -66.845625265908495, 18.601871583220948 ], [ -66.844897651786596, 18.602272852020935 ], [ -66.845066336123864, 18.602015146788762 ], [ -66.844637492411991, 18.602196753705499 ], [ -66.841374225389899, 18.604435541125749 ], [ -66.835866357076156, 18.608351334224718 ], [ -66.830166635249711, 18.612702290998595 ], [ -66.839260877779608, 18.605106983815109 ], [ -66.844960599606054, 18.600756027041232 ], [ -66.858398533814423, 18.58988695141721 ], [ -66.872777911682377, 18.579047614449038 ], [ -66.878799564580333, 18.574299545094242 ], [ -66.881695751073494, 18.571769161439434 ], [ -66.888314932020592, 18.566581779935735 ], [ -66.890161573320356, 18.564849777661834 ], [ -66.892728109940506, 18.562775655529663 ], [ -66.893218725349271, 18.56212083771657 ], [ -66.893080924731976, 18.562141939436827 ], [ -66.893096366591962, 18.562023637680873 ], [ -66.892361033668564, 18.562484055422573 ], [ -66.882571241116267, 18.569200409938254 ], [ -66.860262973476239, 18.585949415348136 ], [ -66.858516706394852, 18.586912454272053 ], [ -66.854219340296311, 18.589831317444723 ], [ -66.840951270804723, 18.599399069880697 ], [ -66.832263887447766, 18.605946606761769 ], [ -66.831107429613994, 18.606529482478493 ], [ -66.832050053653106, 18.605515603178464 ], [ -66.836639643225723, 18.601392616853442 ], [ -66.856082603835574, 18.586937395458992 ], [ -66.873082566962111, 18.573609878276532 ], [ -66.87507473619462, 18.571797617595596 ], [ -66.878943254324312, 18.569060365212195 ], [ -66.88196952263327, 18.566568028778843 ], [ -66.883800722073062, 18.5649543282609 ], [ -66.884130371946071, 18.564498066738267 ], [ -66.890136582984042, 18.559868299139428 ], [ -66.889868700550963, 18.559851353638233 ], [ -66.894726168299698, 18.555745316686938 ], [ -66.897201229882512, 18.553337391007155 ], [ -66.897538602813995, 18.55282197667028 ], [ -66.900886797937503, 18.54993253152854 ], [ -66.926933501891426, 18.530408226513806 ], [ -66.934034399066263, 18.525668794094599 ], [ -66.934424640256665, 18.52578293963149 ], [ -66.935136808261603, 18.52549997645999 ], [ -66.944245316528921, 18.518829981603893 ], [ -66.949392651249696, 18.515607053539465 ], [ -66.95536025550922, 18.511273042266783 ], [ -66.958278426541327, 18.509608821997652 ], [ -66.987916867010838, 18.488433085995915 ], [ -67.002701932186156, 18.477589588936141 ], [ -67.010079610975097, 18.47176433512054 ], [ -67.017839807895967, 18.466112379656071 ], [ -67.020635620170765, 18.464350959351243 ], [ -67.02554596043538, 18.46087447840118 ], [ -67.027131266237987, 18.460109991895191 ], [ -67.038170172040921, 18.452100947254515 ], [ -67.039334352933153, 18.451458918723546 ], [ -67.044582061872305, 18.447467027309141 ], [ -67.046205974453343, 18.446406784476991 ], [ -67.044972303062693, 18.447581172846029 ], [ -67.045546670450349, 18.447319311394789 ], [ -67.051391915952564, 18.442888100086407 ], [ -67.054738934953505, 18.44104226902801 ], [ -67.057136782979427, 18.43922585600054 ], [ -67.063356823555097, 18.435027095857539 ], [ -67.069630912769185, 18.430414277632423 ], [ -67.069477670291903, 18.430553681108641 ], [ -67.070948336138699, 18.429632845625243 ], [ -67.074709937371054, 18.426680091450187 ], [ -67.082025848720079, 18.421328044658409 ], [ -67.082898982260772, 18.420846525196453 ], [ -67.082745739783491, 18.420985928672668 ], [ -67.100702592686559, 18.407569844517568 ], [ -67.101874496637279, 18.406868663172357 ], [ -67.114959616054179, 18.396633303641167 ], [ -67.122137722528919, 18.391302362442179 ], [ -67.122106838808961, 18.391538965954091 ], [ -67.122244643683231, 18.391517860361301 ], [ -67.12014320105132, 18.395201851289805 ], [ -67.119344920308464, 18.397179094011204 ], [ -67.117925946598021, 18.399773103451711 ], [ -67.117319515110893, 18.401315186370738 ], [ -67.11455758831157, 18.406955320529292 ], [ -67.114074691704303, 18.407550989400672 ], [ -67.112778076751169, 18.410242198876876 ], [ -67.112516736997051, 18.411209718517316 ], [ -67.111442855019604, 18.413229164679237 ], [ -67.102889739655325, 18.422886445962618 ], [ -67.090637970878134, 18.433979656441348 ], [ -67.096912060092208, 18.429366838216232 ], [ -67.086912619922145, 18.438723886329466 ], [ -67.079312208157504, 18.445220903459354 ], [ -67.086758197065336, 18.439906907761561 ], [ -67.086420828390814, 18.440422318225902 ], [ -67.086696429625405, 18.440380114785384 ], [ -67.085585121249053, 18.441651699317582 ], [ -67.085876164343617, 18.441491194121106 ], [ -67.097696728649908, 18.432666826470864 ], [ -67.099029598136383, 18.431767088835194 ], [ -67.100768146416257, 18.430863198852986 ], [ -67.100599462079003, 18.431120904085159 ], [ -67.109347432496378, 18.425143778136139 ], [ -67.108872258947585, 18.425680294193274 ], [ -67.109017782623354, 18.425600039658768 ], [ -67.117222269373045, 18.419648171649076 ], [ -67.125174315549643, 18.413561056382235 ], [ -67.131103313030721, 18.409522801435706 ], [ -67.129724122221276, 18.410777440466713 ], [ -67.130160688991623, 18.410536680735735 ], [ -67.129999723455867, 18.410735237026195 ], [ -67.130137524073163, 18.410714135305934 ], [ -67.12665152833236, 18.413624682167935 ], [ -67.121747730746705, 18.418085628259632 ], [ -67.121418080873681, 18.418541889782265 ], [ -67.126466221755607, 18.415044307111941 ], [ -67.124466333721585, 18.416915716734586 ], [ -67.12952219766197, 18.413358981250017 ], [ -67.128893777378934, 18.414034904655903 ], [ -67.128878335518948, 18.414153206411861 ], [ -67.129590507780861, 18.413870239367828 ], [ -67.128946649894814, 18.414664460657136 ], [ -67.129237692989392, 18.41450395546066 ], [ -67.135802829555018, 18.409730628166535 ], [ -67.141991986410716, 18.405768471535445 ], [ -67.143002920568705, 18.405265850353228 ], [ -67.13814545281997, 18.409371887304523 ], [ -67.136582131556295, 18.41100253719619 ], [ -67.138504810290399, 18.409722636353322 ], [ -67.138328402894658, 18.41003949439974 ], [ -67.138619445989235, 18.409878989203264 ], [ -67.150562373309796, 18.401151817716187 ], [ -67.152477328985427, 18.399931069687565 ], [ -67.144034667400064, 18.406673002767498 ], [ -67.115329951788638, 18.427937626366795 ] ] ] } },
{ "type": "Feature", "properties": { "district": 16, "precinct_index": 1, "color": "#f1b6fc", "id": "d16_p01" }, "geometry": { "type": "Polygon", "coordinates": [ [ [ -67.100702592686559, 18.407569844517568 ], [ -67.082745739783491, 18.420985928672668 ], [ -67.082898982260772, 18.420846525196453 ], [ -67.082025848720079, 18.421328044658409 ], [ -67.074709937371054, 18.426680091450187 ], [ -67.070948336138699, 18.429632845625243 ], [ -67.069477670291903, 18.430553681108641 ], [ -67.069630912769185, 18.430414277632423 ], [ -67.063356823555097, 18.435027095857539 ], [ -67.057136782979427, 18.43922585600054 ], [ -67.054294645124685, 18.441342181573233 ], [ -67.051391915952564, 18.442888100086407 ], [ -67.045546670450349, 18.447319311394789 ], [ -67.044972303062693, 18.447581172846029 ], [ -67.046205974453343, 18.446406784476991 ], [ -67.044582061872305, 18.447467027309141 ], [ -67.039334352933153, 18.451458918723546 ], [ -67.038170172040921, 18.452100947254515 ], [ -67.027131266237987, 18.460109991895191 ], [ -67.02554596043538, 18.46087447840118 ], [ -67.020635620170765, 18.464350959351243 ], [ -67.017839807895967, 18.466112379656071 ], [ -67.010079610975097, 18.47176433512054 ], [ -67.002701932186156, 18.477589588936141 ], [ -66.987916867010838, 18.488433085995915 ], [ -66.958278426541327, 18.509608821997652 ], [ -66.95536025550922, 18.511273042266783 ], [ -66.949392651249696, 18.515607053539465 ], [ -66.944245316528921, 18.518829981603893 ], [ -66.935136808261603, 18.52549997645999 ], [ -66.934424640256665, 18.52578293963149 ], [ -66.934034399066263, 18.525668794094599 ], [ -66.926933501891426, 18.530408226513806 ], [ -66.900886797937503, 18.54993253152854 ], [ -66.897538602813995, 18.55282197667028 ], [ -66.897201229882512, 18.553337391007155 ], [ -66.894726168299698, 18.555745316686938 ], [ -66.889868700550963, 18.559851353638233 ], [ -66.890136582984042, 18.559868299139428 ], [ -66.884130371946071, 18.564498066738267 ], [ -66.883800722073062, 18.5649543282609 ], [ -66.88196952263327, 18.566568028778843 ], [ -66.878943254324312, 18.569060365212195 ], [ -66.87507473619462, 18.571797617595596 ], [ -66.873082566962111, 18.573609878276532 ], [ -66.856082603835574, 18.586937395458992 ], [ -66.836639643225723, 18.601392616853442 ], [ -66.848645514108767, 18.591148624259198 ], [ -66.849273930134842, 18.590472704725844 ], [ -66.849473498192069, 18.58997839598176 ], [ -66.852201000347975, 18.587705717559128 ], [ -66.84985719670351, 18.589108076377016 ], [ -66.852646466299348, 18.586362190930558 ], [ -66.851375368509778, 18.586788717669872 ], [ -66.845890660857521, 18.590527060071178 ], [ -66.841179892907093, 18.593509228404624 ], [ -66.835196851044557, 18.597961537560732 ], [ -66.830202754544089, 18.601045066021477 ], [ -66.828762972417266, 18.601729297992964 ], [ -66.829131229068722, 18.600977280144175 ], [ -66.830097018026279, 18.599785946273947 ], [ -66.829959217408984, 18.599807047994204 ], [ -66.82997465926897, 18.59968874623825 ], [ -66.82940801068284, 18.599891458747777 ], [ -66.820629152288532, 18.606105192081245 ], [ -66.816400100565858, 18.60953530949919 ], [ -66.809574812924438, 18.614232532376434 ], [ -66.796673819704793, 18.624091884919498 ], [ -66.795387280055238, 18.624636713414766 ], [ -66.847808508161293, 18.579972912642596 ], [ -66.892268778353923, 18.542499004008828 ], [ -66.905983489919436, 18.530544110860941 ], [ -66.936936343704133, 18.504471631587826 ], [ -66.946268765326664, 18.496086255461567 ], [ -66.949831974624345, 18.492584195947252 ], [ -66.974580225436384, 18.470592178933714 ], [ -66.973691650035704, 18.471192000151628 ], [ -66.975231806380904, 18.469738804830161 ], [ -66.974940763286341, 18.469899310026637 ], [ -66.975408213776646, 18.469421946783747 ], [ -66.974979365807812, 18.469603557573013 ], [ -66.975898829185425, 18.468767128970654 ], [ -66.975025695644732, 18.469248648432611 ], [ -66.975332180599281, 18.468969841480181 ], [ -66.975194379981986, 18.468990943200442 ], [ -66.974313523382818, 18.469531615476644 ], [ -66.97963072282036, 18.465007364224167 ], [ -66.979799411414604, 18.464749655119462 ], [ -66.979661606540333, 18.464770760712256 ], [ -66.980121338229139, 18.464352546411078 ], [ -66.987867273669551, 18.457775274746684 ], [ -66.985853119898096, 18.458721372041943 ], [ -66.987086791288746, 18.457546983672909 ], [ -66.986941267612977, 18.457627238207412 ], [ -66.994962804287965, 18.451007763102503 ], [ -67.005674416719955, 18.441367747945236 ], [ -67.002395712094867, 18.443724833248911 ], [ -67.005713023498402, 18.441071991619079 ], [ -67.029766382097264, 18.424403561368628 ], [ -67.026088532843772, 18.427749271905533 ], [ -67.026823865767184, 18.427288854163834 ], [ -67.037342452820894, 18.419127612892286 ], [ -67.03804690202432, 18.418903798662498 ], [ -67.037379879219813, 18.419875474522005 ], [ -67.037824169048633, 18.419575561976782 ], [ -67.057619944449968, 18.404486624489497 ], [ -67.058409326011798, 18.403612148665687 ], [ -67.056639894011937, 18.404752642159803 ], [ -67.052594968486517, 18.407806752589622 ], [ -67.054142847890205, 18.406294404453909 ], [ -67.059873449179634, 18.401706848040657 ], [ -67.069909139626077, 18.394141275640486 ], [ -67.070353429454912, 18.393841363095262 ], [ -67.069065709425828, 18.39542980954641 ], [ -67.067226786927577, 18.397102662878599 ], [ -67.066429686564248, 18.398036287644121 ], [ -67.07911566560972, 18.388789549473632 ], [ -67.075406932636255, 18.392371863522449 ], [ -67.07629551229391, 18.391772038432002 ], [ -67.086385247121811, 18.383792411822252 ], [ -67.089196505513556, 18.381912685888938 ], [ -67.087357578758329, 18.383585543093659 ], [ -67.076486181170111, 18.392380496585506 ], [ -67.075405756513703, 18.393415477605792 ], [ -67.080553091234478, 18.390192549541364 ], [ -67.080047033965727, 18.390965669110415 ], [ -67.07835363514323, 18.392558267908097 ], [ -67.077548811721428, 18.393551045487865 ], [ -67.078284144644826, 18.393090627746165 ], [ -67.084604559438858, 18.38812290425318 ], [ -67.085968312645306, 18.386986563105598 ], [ -67.086612170531353, 18.38619234181629 ], [ -67.084536249319981, 18.387611646135372 ], [ -67.085317907823324, 18.386796323125804 ], [ -67.094212582295981, 18.379695324686402 ], [ -67.097797776132609, 18.377059428557764 ], [ -67.098234342902956, 18.376818668826786 ], [ -67.098211177984496, 18.376996123396989 ], [ -67.098356701660265, 18.376915868862483 ], [ -67.096640137919323, 18.378685922230368 ], [ -67.103289026463827, 18.374305551298097 ], [ -67.118235057174886, 18.363263497947862 ], [ -67.125306246752316, 18.357717054957224 ], [ -67.13272907499865, 18.352580509957097 ], [ -67.137142252918579, 18.348774385551025 ], [ -67.139471795082571, 18.346446710533215 ], [ -67.14129527572085, 18.344892158956984 ], [ -67.150343192670789, 18.337651757041364 ], [ -67.155276693596903, 18.333997825393634 ], [ -67.156456316349121, 18.333237495106712 ], [ -67.154877553225475, 18.334986446754336 ], [ -67.151207427030471, 18.338273004476996 ], [ -67.151176543310498, 18.338509607988907 ], [ -67.152041958049693, 18.33808723746866 ], [ -67.151099334010581, 18.339101116768688 ], [ -67.150769679880597, 18.339557382163854 ], [ -67.151060727232149, 18.339396873094845 ], [ -67.150577834881844, 18.339992538093689 ], [ -67.151290002886782, 18.339709574922193 ], [ -67.161424891429064, 18.332418653255388 ], [ -67.163178881568925, 18.331396461517226 ], [ -67.1802626009313, 18.318461896824086 ], [ -67.189340221221684, 18.312028509352434 ], [ -67.190221077820866, 18.311487837076232 ], [ -67.190190194100893, 18.311724440588144 ], [ -67.191078769501573, 18.311124619370229 ], [ -67.201735157172578, 18.30294227637842 ], [ -67.205764640838026, 18.300006467704559 ], [ -67.213463070318966, 18.294827719263914 ], [ -67.225015752192164, 18.285986406112478 ], [ -67.228562343507306, 18.283646262437465 ], [ -67.231924804368248, 18.28168212962311 ], [ -67.248372384646075, 18.269482637277566 ], [ -67.251183638780859, 18.267602915216784 ], [ -67.260821364978426, 18.259982350093974 ], [ -67.268459203141987, 18.254233194593809 ], [ -67.270075396921527, 18.253232100703372 ], [ -67.269761184651514, 18.253570064342583 ], [ -67.270036790143081, 18.253527857029528 ], [ -67.269722582130044, 18.253865816796203 ], [ -67.269860382747339, 18.253844715075946 ], [ -67.26892547750974, 18.254799445434262 ], [ -67.26906328238401, 18.254778339841469 ], [ -67.273360644225576, 18.251859480541331 ], [ -67.278899400516266, 18.247707080057914 ], [ -67.284346681769605, 18.243220876026893 ], [ -67.289755356244498, 18.239030428322025 ], [ -67.29556971376978, 18.23483582439809 ], [ -67.296006280540126, 18.234595064667108 ], [ -67.295523388189835, 18.235190729665955 ], [ -67.295645746947145, 18.235287929701652 ], [ -67.3005329222933, 18.231988903321788 ], [ -67.318214173961778, 18.21861502260721 ], [ -67.317708116693026, 18.219388142176257 ], [ -67.3181369604049, 18.219206535259524 ], [ -67.317677232973054, 18.219624745688169 ], [ -67.3122531123812, 18.223933499021527 ], [ -67.298325743143579, 18.234413774502762 ], [ -67.290779380017369, 18.240496733550536 ], [ -67.286212955363212, 18.244442265305359 ], [ -67.289483941186788, 18.242144328943397 ], [ -67.302101610113368, 18.232386332655096 ], [ -67.302392653207946, 18.232225827458624 ], [ -67.301771955983384, 18.232842598050265 ], [ -67.304866534411232, 18.230861519734717 ], [ -67.305578706673145, 18.230578552690687 ], [ -67.302667078319999, 18.233227238101449 ], [ -67.305049476187094, 18.231529132931378 ], [ -67.298766487791994, 18.237244718054079 ], [ -67.295969499394644, 18.24004975244225 ], [ -67.318888384698681, 18.224830361294195 ], [ -67.281624011044016, 18.254767801035243 ], [ -67.271326985100416, 18.263300889203318 ], [ -67.267573102669559, 18.266194494436661 ], [ -67.263136759831184, 18.270178073412932 ], [ -67.247952562583279, 18.282010185731963 ], [ -67.246282328679257, 18.283425329959446 ], [ -67.248664734845192, 18.28172721868793 ], [ -67.24007654958406, 18.288549406302369 ], [ -67.242305713272714, 18.286990698507072 ], [ -67.240352150818651, 18.288507202861851 ], [ -67.238053496631579, 18.290598270495217 ], [ -67.243285767967706, 18.28672467696423 ], [ -67.239838374748388, 18.28933947137261 ], [ -67.236199132273342, 18.292389425583359 ], [ -67.241829363601369, 18.288570828647551 ], [ -67.241652956205627, 18.288887686693968 ], [ -67.244204042666979, 18.286931872419192 ], [ -67.23874132785248, 18.29153637210473 ], [ -67.237798695514542, 18.2925502575062 ], [ -67.24136072443271, 18.290091815947761 ], [ -67.239230754582906, 18.291925178348958 ], [ -67.242072896694623, 18.289808848903728 ], [ -67.239506360074472, 18.291882971035903 ], [ -67.24201884805619, 18.290222906985843 ], [ -67.239252743378813, 18.292791337862099 ], [ -67.240133595721019, 18.292250669458429 ], [ -67.23831011508274, 18.29380522103466 ], [ -67.238294673222754, 18.293923522790617 ], [ -67.239612096592282, 18.293142090783434 ], [ -67.237451247279481, 18.295212052824006 ], [ -67.23848534635593, 18.294531977071589 ], [ -67.231406433720039, 18.300137572876469 ], [ -67.233911198643284, 18.298536661640654 ], [ -67.236309050926181, 18.296720244740651 ], [ -67.24327332360626, 18.290958299958362 ], [ -67.251347732797143, 18.284968380854682 ], [ -67.250864836189876, 18.285564049726062 ], [ -67.246391066952569, 18.288799767072614 ], [ -67.244705386931585, 18.290333216928587 ], [ -67.240813703883447, 18.293247923882188 ], [ -67.2378866336703, 18.296014911048907 ], [ -67.235473343784406, 18.297949625832331 ], [ -67.238008992427623, 18.296112111084604 ], [ -67.237081810248498, 18.297007688628675 ], [ -67.228425314868474, 18.303318618125303 ], [ -67.225690093911055, 18.305650445489647 ], [ -67.224219423807284, 18.306571284845578 ], [ -67.219522921594304, 18.310478765506414 ], [ -67.218626623135151, 18.311137739538573 ], [ -67.218642064995137, 18.311019437782619 ], [ -67.216358852668051, 18.312992203660027 ], [ -67.216795419438398, 18.312751443929049 ], [ -67.213324865557581, 18.315543689035096 ], [ -67.213922397863683, 18.315104373013654 ], [ -67.213608189850646, 18.315442332780329 ], [ -67.208643800947613, 18.319332871812506 ], [ -67.209961224317126, 18.318551439805326 ], [ -67.206896353486698, 18.321339528692302 ], [ -67.20419973505075, 18.323375603603026 ], [ -67.19918903312356, 18.327621037929095 ], [ -67.200085323283886, 18.326962069998377 ], [ -67.199464626059324, 18.327578840590018 ], [ -67.196017241138833, 18.330193628896954 ], [ -67.195388825112758, 18.330869548430304 ], [ -67.192975535226864, 18.332804263213731 ], [ -67.192209314326519, 18.333501288339875 ], [ -67.193396660137225, 18.332681805238707 ], [ -67.193963300424528, 18.332479098830621 ], [ -67.190201707490999, 18.335431846904232 ], [ -67.192139823828114, 18.334033648177943 ], [ -67.187772971488144, 18.337484867316146 ], [ -67.188056295781209, 18.337383511061383 ], [ -67.185796248372583, 18.339178822368591 ], [ -67.186677104971764, 18.33863815009239 ], [ -67.186362896958727, 18.338976109859065 ], [ -67.18321426989246, 18.341371246256724 ], [ -67.182149282839063, 18.342287929393589 ], [ -67.183037862496718, 18.341688104303138 ], [ -67.182578130807912, 18.342106318604319 ], [ -67.179850628652005, 18.344378997026954 ], [ -67.180440442156595, 18.343998829947225 ], [ -67.180126234143557, 18.3443367897139 ], [ -67.177429615707624, 18.346372864624623 ], [ -67.175307368916293, 18.348147074211575 ], [ -67.174364744877181, 18.3491609535116 ], [ -67.168779663006546, 18.353668259262886 ], [ -67.167553714674384, 18.354783494817678 ], [ -67.167974839584744, 18.354661036842653 ], [ -67.167813874048989, 18.354859593133114 ], [ -67.166611090635271, 18.355797374117703 ], [ -67.166764333112553, 18.355657970641488 ], [ -67.165891195314884, 18.356139493975981 ], [ -67.155977867882726, 18.363802262539313 ], [ -67.147304750263203, 18.371275111747774 ], [ -67.139199457352362, 18.377501634363362 ], [ -67.122244643683231, 18.391517860361301 ], [ -67.122106838808961, 18.391538965954091 ], [ -67.122137722528919, 18.391302362442179 ], [ -67.117357464080101, 18.394816890613697 ], [ -67.101874496637279, 18.406868663172357 ], [ -67.100702592686559, 18.407569844517568 ] ] ] } },
{ "type": "Feature", "properties": { "district": 16, "precinct_index": 2, "color": "#fcd3b2", "id": "d16_p02" }, "geometry": { "type": "Polygon", "coordinates": [ [ [ -67.086044848680885, 18.441233488888937 ], [ -67.085899329262077, 18.441313739550907 ], [ -67.086696429625405, 18.440380114785384 ], [ -67.086420828390814, 18.440422318225902 ], [ -67.086758197065336, 18.439906907761561 ], [ -67.079312208157504, 18.445220903459354 ], [ -67.086912619922145, 18.438723886329466 ], [ -67.096912060092208, 18.429366838216232 ], [ -67.139367737545527, 18.397938797182114 ], [ -67.158542819979274, 18.383466626413938 ], [ -67.172103112944953, 18.372694750825612 ], [ -67.169160600871834, 18.375580039748286 ], [ -67.171550730096243, 18.373822775662525 ], [ -67.164179593986262, 18.380632494619761 ], [ -67.157729097376432, 18.385562170891294 ], [ -67.150373403126423, 18.392253588092572 ], [ -67.150357961266451, 18.39237188984853 ], [ -67.152272916942067, 18.391151141819908 ], [ -67.152096509546325, 18.391467999866322 ], [ -67.15254079937516, 18.391168087321098 ], [ -67.152816404866712, 18.391125880008044 ], [ -67.152509915655187, 18.39140469083301 ], [ -67.154087502656296, 18.39069935326873 ], [ -67.149375554326355, 18.394725139558055 ], [ -67.15426272967251, 18.391426113178191 ], [ -67.151221019503566, 18.394036751367501 ], [ -67.14232634928787, 18.401137745934371 ], [ -67.130145247131637, 18.410654982491689 ], [ -67.129999723455867, 18.410735237026195 ], [ -67.130160688991623, 18.410536680735735 ], [ -67.130022888374327, 18.410557782455996 ], [ -67.129724122221276, 18.410777440466713 ], [ -67.131103313030721, 18.409522801435706 ], [ -67.125174315549643, 18.413561056382235 ], [ -67.111246946312008, 18.424041331863471 ], [ -67.108872258947585, 18.425680294193274 ], [ -67.109347432496378, 18.425143778136139 ], [ -67.100599462079003, 18.431120904085159 ], [ -67.100768146416257, 18.430863198852986 ], [ -67.099029598136383, 18.431767088835194 ], [ -67.097696728649908, 18.432666826470864 ], [ -67.087806561879233, 18.44015214433653 ], [ -67.085585121249053, 18.441651699317582 ], [ -67.086044848680885, 18.441233488888937 ] ] ] } },
{ "type": "Feature", "properties": { "district": 17, "precinct_index": 0, "color": "#bcb2e7", "id": "d17_p00" }, "geometry": { "type": "Polygon", "coordinates": [ [ [ -67.161719558577516, 18.433477062576877 ], [ -67.101767772324621, 18.385661857442528 ], [ -67.174308013171824, 18.443517122702385 ], [ -67.161719558577516, 18.433477062576877 ] ] ] } },
{ "type": "Feature", "properties": { "district": 17, "precinct_index": 1, "color": "#d8b899", "id": "d17_p01" }, "geometry": { "type": "Polygon", "coordinates": [ [ [ -67.103564486475079, 18.387094846533074 ], [ -67.104468407954485, 18.387815779029712 ], [ -67.102768147336235, 18.386459717510757 ], [ -67.176891771595322, 18.445577827589368 ], [ -67.153342759354089, 18.426796054413753 ], [ -67.153654489827389, 18.427044678474211 ], [ -67.114347981308512, 18.395695341192919 ], [ -67.104852466406868, 18.38812208906403 ], [ -67.104436771540875, 18.387790547061165 ], [ -67.104134625397236, 18.387549567088058 ], [ -67.103873374146318, 18.387341203285498 ], [ -67.103564486475079, 18.387094846533074 ] ] ] } },
{ "type": "Feature", "properties": { "district": 18, "precinct_index": 0, "color": "#ada5cc", "id": "d18_p00" }, "geometry": { "type": "Polygon", "coordinates": [ [ [ -67.103208202043291, 18.440833294188494 ], [ -67.104767304178651, 18.438584815719004 ], [ -67.103459041969984, 18.439816973119328 ], [ -67.103500330753661, 18.439477775962335 ], [ -67.10333103304778, 18.439476083145511 ], [ -67.104236347537437, 18.437956892766305 ], [ -67.102210293805072, 18.439747891703441 ], [ -67.098752455841606, 18.443901844979678 ], [ -67.097991995849696, 18.444347055488723 ], [ -67.097042283602349, 18.445186585851818 ], [ -67.097884630736203, 18.44383656850297 ], [ -67.0975890487138, 18.444060020943276 ], [ -67.097567369558561, 18.443889998383206 ], [ -67.095438439371264, 18.446642195692448 ], [ -67.094678669221636, 18.447313820293871 ], [ -67.096680277987076, 18.444447150224494 ], [ -67.100897543520944, 18.439508362179339 ], [ -67.101886815262475, 18.437763605670909 ], [ -67.10076815023038, 18.438714650263371 ], [ -67.100514203671565, 18.438712111038132 ], [ -67.100112983483243, 18.438991108602334 ], [ -67.098931348753453, 18.440111329346454 ], [ -67.097013005055715, 18.442526022315526 ], [ -67.095809689411894, 18.443476222054318 ], [ -67.096357146124404, 18.442576069683415 ], [ -67.094901957549283, 18.444202967798059 ], [ -67.09384591319305, 18.444871633868715 ], [ -67.093361081257115, 18.445489403041769 ], [ -67.093635672207768, 18.44532234368851 ], [ -67.093341126707543, 18.445885415712642 ], [ -67.091950287514649, 18.447795965860387 ], [ -67.091866673425116, 18.448134740590543 ], [ -67.088850654008255, 18.45144408661977 ], [ -67.088534082672879, 18.451723930592383 ], [ -67.091484715602192, 18.447791314512791 ], [ -67.087561307485061, 18.451940614886691 ], [ -67.089352332102862, 18.44941144603618 ], [ -67.088465934474343, 18.450195007293804 ], [ -67.088507913100287, 18.450082224229192 ], [ -67.092260986406231, 18.4455916130212 ], [ -67.089982713062625, 18.447946104842742 ], [ -67.090993321380168, 18.446258160726892 ], [ -67.092638453811801, 18.444463355295834 ], [ -67.093523473514566, 18.443226964298709 ], [ -67.093987659299884, 18.442778795258892 ], [ -67.094368237438275, 18.442669393151888 ], [ -67.095358546285127, 18.441264254660723 ], [ -67.095463496367543, 18.440982293889707 ], [ -67.093649063888137, 18.442775409625245 ], [ -67.090613092263609, 18.446480765204043 ], [ -67.089283838983178, 18.447769315691414 ], [ -67.089367105809671, 18.44731733703637 ], [ -67.091792652782772, 18.444681308425391 ], [ -67.092044874735919, 18.44411781241968 ], [ -67.09349902854764, 18.442151293166468 ], [ -67.093835207169548, 18.441362232598092 ], [ -67.096701191245913, 18.437428770110088 ], [ -67.096806139569551, 18.437146810893815 ], [ -67.096383930068271, 18.43748219999032 ], [ -67.097627842311582, 18.435966392123465 ], [ -67.096826094119123, 18.436750798222942 ], [ -67.098132631138995, 18.434952607158234 ], [ -67.097372860989353, 18.435624231759657 ], [ -67.097414837273391, 18.43551145181635 ], [ -67.10099826795232, 18.43090594074534 ], [ -67.101103561197107, 18.430737188575257 ], [ -67.100196519759862, 18.431690346844817 ], [ -67.100828280404173, 18.430677833836139 ], [ -67.1004060691441, 18.431013224487383 ], [ -67.100236771438219, 18.43101153167056 ], [ -67.100278751822955, 18.430898747051206 ], [ -67.100004158530396, 18.431065809525769 ], [ -67.101542963536971, 18.429100133559665 ], [ -67.102682270618985, 18.427979493510009 ], [ -67.102829544248493, 18.427697956720571 ], [ -67.102449315131935, 18.427920561197723 ], [ -67.101436978108012, 18.429042474758671 ], [ -67.103608231842372, 18.426290701431007 ], [ -67.103122709481042, 18.426682058078242 ], [ -67.103228002725814, 18.426513305908159 ], [ -67.106475597945192, 18.422810064006455 ], [ -67.106053388443911, 18.423145453102965 ], [ -67.107254977140144, 18.421629221254531 ], [ -67.111810836326981, 18.416693820397764 ], [ -67.114867107422199, 18.41270565919428 ], [ -67.116427938263939, 18.411023211279698 ], [ -67.120897419308349, 18.405520935026178 ], [ -67.13580580248005, 18.388180064294627 ], [ -67.13785388204758, 18.386672293409013 ], [ -67.137348403377885, 18.387459664281867 ], [ -67.13823549494937, 18.386902512440574 ], [ -67.137730708463863, 18.387916294284505 ], [ -67.138321870749891, 18.387469390958632 ], [ -67.138258901052197, 18.387638567110294 ], [ -67.138597151542811, 18.387528745697754 ], [ -67.138513192532145, 18.38775431338172 ], [ -67.138640169032854, 18.387755579095664 ], [ -67.146978377730363, 18.380990133688503 ], [ -67.155618731319464, 18.376152157233424 ], [ -67.157643405367295, 18.373908330111533 ], [ -67.158678113147502, 18.373182851648298 ], [ -67.159944051809106, 18.371950270266399 ], [ -67.160177353976081, 18.372122408070133 ], [ -67.160030427609627, 18.372517148784457 ], [ -67.160684559593349, 18.371901069306926 ], [ -67.15859795295313, 18.374653690597743 ], [ -67.157440414168434, 18.37673638010396 ], [ -67.152633372475677, 18.382574891862401 ], [ -67.150125938360631, 18.386115727313179 ], [ -67.147025961691881, 18.389650639471633 ], [ -67.142071988948857, 18.395883898186998 ], [ -67.139984002624104, 18.39818369129306 ], [ -67.135574380544568, 18.402497935776559 ], [ -67.130851640441705, 18.408224090018521 ], [ -67.130323792774504, 18.408615024238923 ], [ -67.128552375443235, 18.410634976493672 ], [ -67.128425746205565, 18.410746914704614 ], [ -67.128573019835073, 18.410465377915177 ], [ -67.128087495714951, 18.410856736117154 ], [ -67.128466690068095, 18.41029451050143 ], [ -67.128276747970389, 18.410462416263101 ], [ -67.123889841568285, 18.4152863028905 ], [ -67.121612947909227, 18.418093622896802 ], [ -67.121507654664455, 18.418262375066885 ], [ -67.121782590536242, 18.418208522759816 ], [ -67.120664962609467, 18.419499185369542 ], [ -67.119169173334143, 18.421691696288299 ], [ -67.115269517999764, 18.426690256823367 ], [ -67.114278172630719, 18.427755775730702 ], [ -67.112086617666876, 18.430790356237793 ], [ -67.111474464309083, 18.431293652650712 ], [ -67.110800035196561, 18.432192534631625 ], [ -67.111517826720259, 18.431633693094813 ], [ -67.111075317748274, 18.432251887816005 ], [ -67.110295248127926, 18.433206318042117 ], [ -67.11033722675387, 18.433093534977502 ], [ -67.110167929047989, 18.433091842160678 ], [ -67.109745719546709, 18.433427231257184 ], [ -67.107954005086626, 18.435729986015318 ], [ -67.105718055290112, 18.438084901818435 ], [ -67.104054003072321, 18.440615341058937 ], [ -67.102514163302345, 18.442241395886469 ], [ -67.103208202043291, 18.440833294188494 ] ] ] } },
{ "type": "Feature", "properties": { "district": 18, "precinct_index": 1, "color": "#ecabca", "id": "d18_p01" }, "geometry": { "type": "Polygon", "coordinates": [ [ [ -67.106207262643437, 18.459711573593868 ], [ -67.108316583202296, 18.457468596001693 ], [ -67.11206965885016, 18.452977981672397 ], [ -67.112280242997798, 18.452640480453532 ], [ -67.109136906259778, 18.455835349046584 ], [ -67.105804660428674, 18.459537746094611 ], [ -67.108356146797178, 18.456563365180315 ], [ -67.108609058592592, 18.456226283266982 ], [ -67.107702014813455, 18.457179444657847 ], [ -67.108776972513226, 18.455775152575093 ], [ -67.109494074194657, 18.454989896945904 ], [ -67.109599712360563, 18.454934351822008 ], [ -67.109452440489846, 18.455215887056703 ], [ -67.109769010066444, 18.454936044638831 ], [ -67.111898286933652, 18.452297052821041 ], [ -67.111940265559596, 18.452184269756426 ], [ -67.110821945448635, 18.453248521395079 ], [ -67.110968872398217, 18.452853779114193 ], [ -67.115395340053283, 18.447124664786717 ], [ -67.114930805246132, 18.44745963145639 ], [ -67.116846732154016, 18.44425249228529 ], [ -67.116276904102094, 18.444756211125043 ], [ -67.116318884486816, 18.444643426505692 ], [ -67.118428552308714, 18.4425136528384 ], [ -67.119144270204913, 18.441275573700494 ], [ -67.121421853706238, 18.438694667786574 ], [ -67.123550785652313, 18.435942468922594 ], [ -67.123592764278257, 18.435829685857982 ], [ -67.120555408285384, 18.43908221949463 ], [ -67.120152808412527, 18.438908388874069 ], [ -67.120931840927554, 18.437614340630695 ], [ -67.117789194031815, 18.441035623316122 ], [ -67.11875747880228, 18.439347255218696 ], [ -67.116395244106101, 18.441927317845504 ], [ -67.116289605940196, 18.4419828629694 ], [ -67.11749050303537, 18.440240218583327 ], [ -67.116835681209366, 18.44062988396848 ], [ -67.114768684197585, 18.442873285542234 ], [ -67.117635703037365, 18.439279444192795 ], [ -67.117929905375235, 18.438603163567734 ], [ -67.117970157053591, 18.437924348393476 ], [ -67.117124700945709, 18.43825550856922 ], [ -67.114403571950191, 18.441114989620505 ], [ -67.113392271448475, 18.442576522765279 ], [ -67.1114309126026, 18.444764379215137 ], [ -67.117373813924814, 18.436673155390412 ], [ -67.118131857126869, 18.43543549867934 ], [ -67.117878253730396, 18.435546168055033 ], [ -67.119647944114107, 18.432960183690639 ], [ -67.123548291049545, 18.428188035693211 ], [ -67.125782167218574, 18.425153882288999 ], [ -67.125232985317268, 18.425488000995514 ], [ -67.125316599406801, 18.425149226265361 ], [ -67.125189625247998, 18.425147957430113 ], [ -67.124535146001222, 18.425650832982754 ], [ -67.124577126385958, 18.425538048363403 ], [ -67.129045919930007, 18.419809354896202 ], [ -67.131365482057276, 18.41711566591767 ], [ -67.135663595868991, 18.410932454570187 ], [ -67.142156024013644, 18.402620319085134 ], [ -67.146163046220323, 18.398132243981074 ], [ -67.149388270100275, 18.394032568548226 ], [ -67.153226684443339, 18.38976921471972 ], [ -67.157419847589523, 18.383867965709818 ], [ -67.157904335187453, 18.383136987924011 ], [ -67.157460446530919, 18.383302354460447 ], [ -67.158830641331974, 18.381561402891197 ], [ -67.160916210866873, 18.378469163583116 ], [ -67.168590965925489, 18.369263218325017 ], [ -67.170548871459317, 18.365943296089306 ], [ -67.170990000163656, 18.364872274749917 ], [ -67.177291447346491, 18.356388428564006 ], [ -67.183452534549644, 18.350450241375331 ], [ -67.183095366614765, 18.351295693476011 ], [ -67.182126387901334, 18.352757652157102 ], [ -67.182527608089657, 18.3524786545929 ], [ -67.182570280658567, 18.352592280944624 ], [ -67.18158031497407, 18.354110628036722 ], [ -67.182508690645406, 18.353214285281044 ], [ -67.182656656459088, 18.353159159462681 ], [ -67.182214492408235, 18.353890561230063 ], [ -67.183481120912091, 18.352884393940545 ], [ -67.185126253926839, 18.351089586942926 ], [ -67.185949683616442, 18.350475200282219 ], [ -67.189787753038374, 18.346098639407526 ], [ -67.189914382276044, 18.345986701196587 ], [ -67.189767453567683, 18.346381445032211 ], [ -67.194367017744923, 18.341899294787041 ], [ -67.19797385452668, 18.338029838385754 ], [ -67.200588308834085, 18.334886282874535 ], [ -67.203352453560854, 18.332253636775906 ], [ -67.204619426985843, 18.331360676532576 ], [ -67.203903019247377, 18.332372341578104 ], [ -67.206518853239331, 18.329681614251641 ], [ -67.205656553897811, 18.331427641150061 ], [ -67.205825506682558, 18.331316126920697 ], [ -67.21466332160594, 18.32183880177411 ], [ -67.216140538358147, 18.320495128589684 ], [ -67.217848293807549, 18.318417941515516 ], [ -67.219304868509823, 18.317243863788285 ], [ -67.218295293196903, 18.319271430597443 ], [ -67.212480058217665, 18.327590334228496 ], [ -67.213366802526096, 18.326919978462318 ], [ -67.21349411984724, 18.327034455898495 ], [ -67.213937665341433, 18.326755880761134 ], [ -67.21442284278163, 18.326251317067708 ], [ -67.214529519811634, 18.326535388406338 ], [ -67.214403580416246, 18.326873740709658 ], [ -67.214593869193877, 18.326819040439435 ], [ -67.21455188880914, 18.326931825058789 ], [ -67.20957692909505, 18.333221472185159 ], [ -67.209895227378013, 18.333507660322194 ], [ -67.211309129511378, 18.332219956243236 ], [ -67.211838011941978, 18.332168643161406 ], [ -67.212344872638113, 18.331834097352008 ], [ -67.211248576603538, 18.333181578596921 ], [ -67.211861074882449, 18.332791489230193 ], [ -67.211419947936918, 18.333862509014839 ], [ -67.213677924151725, 18.331790819696682 ], [ -67.214100478574153, 18.331568637646363 ], [ -67.213659351628607, 18.33263965743101 ], [ -67.212057579266244, 18.334774506427472 ], [ -67.211638133817843, 18.336015545650891 ], [ -67.212397903967485, 18.335343921049464 ], [ -67.212336313954324, 18.335965925385882 ], [ -67.214362369445482, 18.334174924894008 ], [ -67.211137833649005, 18.338501015973979 ], [ -67.21371169135692, 18.33592306859083 ], [ -67.212722415514691, 18.337667829775302 ], [ -67.212807758310603, 18.337895085600053 ], [ -67.211965063913695, 18.339131899024011 ], [ -67.213736826166112, 18.337225153815453 ], [ -67.21369484578139, 18.337337938434807 ], [ -67.210975443150332, 18.340763453162296 ], [ -67.210743175746757, 18.340930936497131 ], [ -67.211248654416451, 18.340143565624281 ], [ -67.209224672552793, 18.342613803717249 ], [ -67.208022048510031, 18.343790415993674 ], [ -67.20540897622908, 18.347386796568347 ], [ -67.205262392441838, 18.347894747450166 ], [ -67.203786557716086, 18.349691245698047 ], [ -67.204483359926826, 18.349188795693539 ], [ -67.202060229743566, 18.352617270506542 ], [ -67.201954936498794, 18.352786022676625 ], [ -67.202566743176661, 18.352169520772261 ], [ -67.201977307838206, 18.353182456207776 ], [ -67.199952633790389, 18.355426283329667 ], [ -67.199826353574551, 18.355651423910754 ], [ -67.200438505173551, 18.355148129052576 ], [ -67.199384879365965, 18.356609239770513 ], [ -67.200629137113538, 18.355206637383287 ], [ -67.200777100585299, 18.355151514686227 ], [ -67.200545523024005, 18.35554541211344 ], [ -67.201220644320699, 18.354872941103604 ], [ -67.199894501773088, 18.357180347209333 ], [ -67.200127114097796, 18.357126070920685 ], [ -67.19995885115533, 18.35746399924243 ], [ -67.200212452793011, 18.357353331421479 ], [ -67.200107506811278, 18.357635287516448 ], [ -67.200445412380759, 18.357412259057718 ], [ -67.200403431996037, 18.357525043677072 ], [ -67.197557747390363, 18.361175700540393 ], [ -67.199350843293757, 18.359325772412276 ], [ -67.198255239443355, 18.360899664628267 ], [ -67.198952039895289, 18.360397216178502 ], [ -67.196423616467271, 18.363994443161587 ], [ -67.19484179865448, 18.365733279487173 ], [ -67.1848195849484, 18.375425175250971 ], [ -67.179609936940182, 18.381089864186194 ], [ -67.175116012687639, 18.38551646775273 ], [ -67.167649772249845, 18.39370566951483 ], [ -67.157482704046032, 18.404471545148784 ], [ -67.150499914100862, 18.411590151107813 ], [ -67.13886011956221, 18.425171383729314 ], [ -67.112683535054828, 18.453040722045166 ], [ -67.10968850670973, 18.45629367498735 ], [ -67.109162041068984, 18.457137434271203 ], [ -67.105280956498916, 18.461287158626682 ], [ -67.105322936883638, 18.461174374007328 ], [ -67.105111658793035, 18.461285465809858 ], [ -67.106207262643437, 18.459711573593868 ] ] ] } },
{ "type": "Feature", "properties": { "district": 18, "precinct_index": 2, "color": "#c6d9eb", "id": "d18_p02" }, "geometry": { "type": "Polygon", "coordinates": [ [ [ -67.196423616467271, 18.363994443161587 ], [ -67.198952039895289, 18.360397216178502 ], [ -67.198255239443355, 18.360899664628267 ], [ -67.199350843293757, 18.359325772412276 ], [ -67.197557747390363, 18.361175700540393 ], [ -67.200403431996037, 18.357525043677072 ], [ -67.200445412380759, 18.357412259057718 ], [ -67.200107506811278, 18.357635287516448 ], [ -67.200212452793011, 18.357353331421479 ], [ -67.19995885115533, 18.35746399924243 ], [ -67.200127114097796, 18.357126070920685 ], [ -67.199894501773088, 18.357180347209333 ], [ -67.201220644320699, 18.354872941103604 ], [ -67.200545523024005, 18.35554541211344 ], [ -67.200777100585299, 18.355151514686227 ], [ -67.200629137113538, 18.355206637383287 ], [ -67.199384879365965, 18.356609239770513 ], [ -67.200438505173551, 18.355148129052576 ], [ -67.199826353574551, 18.355651423910754 ], [ -67.199952633790389, 18.355426283329667 ], [ -67.201977307838206, 18.353182456207776 ], [ -67.202566743176661, 18.352169520772261 ], [ -67.201954936498794, 18.352786022676625 ], [ -67.202060229743566, 18.352617270506542 ], [ -67.204483359926826, 18.349188795693539 ], [ -67.203786557716086, 18.349691245698047 ], [ -67.205262392441838, 18.347894747450166 ], [ -67.20540897622908, 18.347386796568347 ], [ -67.208022048510031, 18.343790415993674 ], [ -67.209224672552793, 18.342613803717249 ], [ -67.211248654416451, 18.340143565624281 ], [ -67.210743175746757, 18.340930936497131 ], [ -67.210975443150332, 18.340763453162296 ], [ -67.21369484578139, 18.337337938434807 ], [ -67.213736826166112, 18.337225153815453 ], [ -67.211965063913695, 18.339131899024011 ], [ -67.212807758310603, 18.337895085600053 ], [ -67.212722415514691, 18.337667829775302 ], [ -67.21371169135692, 18.33592306859083 ], [ -67.211137833649005, 18.338501015973979 ], [ -67.214362369445482, 18.334174924894008 ], [ -67.212336313954324, 18.335965925385882 ], [ -67.212397903967485, 18.335343921049464 ], [ -67.211638133817843, 18.336015545650891 ], [ -67.212057579266244, 18.334774506427472 ], [ -67.213659351628607, 18.33263965743101 ], [ -67.214100478574153, 18.331568637646363 ], [ -67.213677924151725, 18.331790819696682 ], [ -67.211419947936918, 18.333862509014839 ], [ -67.211861074882449, 18.332791489230193 ], [ -67.211248576603538, 18.333181578596921 ], [ -67.212344872638113, 18.331834097352008 ], [ -67.211838011941978, 18.332168643161406 ], [ -67.211309129511378, 18.332219956243236 ], [ -67.209895227378013, 18.333507660322194 ], [ -67.20957692909505, 18.333221472185159 ], [ -67.21455188880914, 18.326931825058789 ], [ -67.214593869193877, 18.326819040439435 ], [ -67.214403580416246, 18.326873740709658 ], [ -67.214529519811634, 18.326535388406338 ], [ -67.21442284278163, 18.326251317067708 ], [ -67.213937665341433, 18.326755880761134 ], [ -67.21349411984724, 18.327034455898495 ], [ -67.213366802526096, 18.326919978462318 ], [ -67.212480058217665, 18.327590334228496 ], [ -67.218295293196903, 18.319271430597443 ], [ -67.219304868509823, 18.317243863788285 ], [ -67.217426431569308, 18.318866534536909 ], [ -67.217657316946429, 18.318246226138619 ], [ -67.219154485906287, 18.316506543404621 ], [ -67.221728686776558, 18.314041804622402 ], [ -67.222530782232056, 18.313370602447812 ], [ -67.221983327278338, 18.314270753263973 ], [ -67.222131288991321, 18.314215632121655 ], [ -67.223334259714008, 18.313152225336676 ], [ -67.225336562422413, 18.310511964683638 ], [ -67.229934742814422, 18.305576990929751 ], [ -67.231538588804284, 18.304121379534383 ], [ -67.231728878165043, 18.304066677697602 ], [ -67.231729223086177, 18.304179884743789 ], [ -67.231097805021093, 18.305305607919962 ], [ -67.231056518579322, 18.305644801955651 ], [ -67.23266070773154, 18.304302399161212 ], [ -67.235634058680191, 18.30087942210422 ], [ -67.241076317254326, 18.295160458435088 ], [ -67.24493848262135, 18.291746366322492 ], [ -67.246794201542528, 18.289614056551269 ], [ -67.247259081270812, 18.289392296927787 ], [ -67.249220785620949, 18.287317645957557 ], [ -67.249095537826605, 18.287882410798513 ], [ -67.249581060187936, 18.287491054151278 ], [ -67.253165872893319, 18.283338368143728 ], [ -67.261451399283288, 18.273176301409254 ], [ -67.262084540195261, 18.272616615018769 ], [ -67.261979246950474, 18.272785367188852 ], [ -67.262634068776478, 18.272395701803703 ], [ -67.262613426726546, 18.272565297260897 ], [ -67.262761388439529, 18.27251017611858 ], [ -67.265105394950609, 18.270892159838848 ], [ -67.264832874109885, 18.271738459902682 ], [ -67.264938514034583, 18.271682913224048 ], [ -67.263884888810125, 18.273144022375423 ], [ -67.263717662972965, 18.273821568714435 ], [ -67.263022934389738, 18.275003256320034 ], [ -67.259147030079305, 18.280851078571008 ], [ -67.254579160655425, 18.288786240121055 ], [ -67.24701833357949, 18.300653593757296 ], [ -67.242719874846628, 18.306723598058586 ], [ -67.240045216653215, 18.310941978293634 ], [ -67.239352557596803, 18.312802908176369 ], [ -67.240006689580525, 18.312186828698838 ], [ -67.239353249780976, 18.313029319147446 ], [ -67.240007036843565, 18.312300032623728 ], [ -67.240259601375939, 18.311849746785509 ], [ -67.240449888394778, 18.311795048070028 ], [ -67.240366276647151, 18.312133819678881 ], [ -67.239734170498593, 18.313033127207934 ], [ -67.239523929513297, 18.313483837027729 ], [ -67.239692882298044, 18.313372322798362 ], [ -67.23914542500242, 18.314272476735827 ], [ -67.237565334137201, 18.316577345171059 ], [ -67.237502364439507, 18.31674652132272 ], [ -67.237861606001886, 18.316580306823134 ], [ -67.235883401580466, 18.320183033116969 ], [ -67.231248763642597, 18.327042099553193 ], [ -67.231080847963156, 18.327493231799824 ], [ -67.225620709050077, 18.334287444174361 ], [ -67.225831640460768, 18.334063146880386 ], [ -67.225747336528954, 18.334175507518161 ], [ -67.22184526440472, 18.338381621851205 ], [ -67.219397691013327, 18.340734423977224 ], [ -67.215537942436157, 18.344940962291844 ], [ -67.211824083703263, 18.348413140308313 ], [ -67.196423616467271, 18.363994443161587 ] ] ] } },
{ "type": "Feature", "properties": { "district": 18, "precinct_index": 3, "color": "#d8b39c", "id": "d18_p03" }, "geometry": { "type": "Polygon", "coordinates": [ [ [ -67.165098670331446, 18.369058510181286 ], [ -67.162862720534918, 18.371413425984404 ], [ -67.162312844690661, 18.371521135274584 ], [ -67.16222785091658, 18.371407081819985 ], [ -67.163554687407157, 18.369326085130592 ], [ -67.160790887601522, 18.372071938275411 ], [ -67.160685249435616, 18.372127483399307 ], [ -67.160684559593349, 18.371901069306926 ], [ -67.160030427609627, 18.372517148784457 ], [ -67.160177353976081, 18.372122408070133 ], [ -67.159944051809106, 18.371950270266399 ], [ -67.158678113147502, 18.373182851648298 ], [ -67.158213233419218, 18.373404611271781 ], [ -67.155618731319464, 18.376152157233424 ], [ -67.146978377730363, 18.380990133688503 ], [ -67.138640169032854, 18.387755579095664 ], [ -67.138513192532145, 18.38775431338172 ], [ -67.138597151542811, 18.387528745697754 ], [ -67.138258901052197, 18.387638567110294 ], [ -67.138321870749891, 18.387469390958632 ], [ -67.137730708463863, 18.387916294284505 ], [ -67.13823549494937, 18.386902512440574 ], [ -67.137348403377885, 18.387459664281867 ], [ -67.137896207353435, 18.38667271583585 ], [ -67.13580580248005, 18.388180064294627 ], [ -67.135593489042918, 18.387951536525147 ], [ -67.133919422985798, 18.387198985466103 ], [ -67.140346809564036, 18.378376786976872 ], [ -67.139840296130942, 18.378824536711157 ], [ -67.141631667428669, 18.376408573352094 ], [ -67.142094820792494, 18.375620780052408 ], [ -67.142030813989479, 18.375450338186802 ], [ -67.144919516085196, 18.372026514721394 ], [ -67.147764854010944, 18.368262652366628 ], [ -67.151475949274072, 18.363884822656686 ], [ -67.151644557137672, 18.363660101381132 ], [ -67.151264328021114, 18.363882705858284 ], [ -67.153097330681746, 18.361240755509723 ], [ -67.156702438757122, 18.356805268553529 ], [ -67.160664373946943, 18.351411117774422 ], [ -67.162815674890538, 18.349055355562893 ], [ -67.164145618013237, 18.3479932191679 ], [ -67.170980444486631, 18.340929735905934 ], [ -67.173763159394611, 18.337448255194275 ], [ -67.174712871641958, 18.336608724831176 ], [ -67.175832920459285, 18.336110503747431 ], [ -67.175708363090337, 18.336901681114206 ], [ -67.176595107398768, 18.336231325348031 ], [ -67.176722079798793, 18.336232595738018 ], [ -67.176680793357022, 18.336571789773711 ], [ -67.187052922286497, 18.323657106424463 ], [ -67.196310878943152, 18.313165148349491 ], [ -67.198061305202671, 18.311201589181788 ], [ -67.199622823544772, 18.309745558480884 ], [ -67.197875504500487, 18.312727976376429 ], [ -67.198298063023614, 18.312505789650068 ], [ -67.198172123628211, 18.312844141953391 ], [ -67.198615322442478, 18.312452361324578 ], [ -67.213228467929781, 18.295448151646081 ], [ -67.21529719188915, 18.293770782181973 ], [ -67.215339864458045, 18.293884408533696 ], [ -67.216626445169567, 18.292482231694606 ], [ -67.217661153532902, 18.29175675166481 ], [ -67.217262004630186, 18.292714989951403 ], [ -67.216398323262226, 18.294008191786368 ], [ -67.216757563065812, 18.293841978841524 ], [ -67.21825611405211, 18.292555121170977 ], [ -67.221631030693331, 18.288966352029412 ], [ -67.222011606489815, 18.288856953043709 ], [ -67.22188601201556, 18.28930851239322 ], [ -67.222603803539258, 18.288749670856404 ], [ -67.224713126440022, 18.286506690142925 ], [ -67.228339570508297, 18.282128017145876 ], [ -67.231883439351151, 18.278427735341506 ], [ -67.235048802507436, 18.275516093233417 ], [ -67.235070485763373, 18.275686111117444 ], [ -67.235260427861093, 18.275518205355773 ], [ -67.235134145303348, 18.275743349058164 ], [ -67.235535363732879, 18.275464353048704 ], [ -67.243695640569712, 18.265867052709932 ], [ -67.243170209692366, 18.267050433132354 ], [ -67.243445494585984, 18.267109783195433 ], [ -67.244775782629816, 18.266160853846632 ], [ -67.247433597589605, 18.263357340334256 ], [ -67.246759511056325, 18.264369432482663 ], [ -67.247899512081304, 18.263475201849346 ], [ -67.247457005451224, 18.264093393449233 ], [ -67.247858225639547, 18.263814395885035 ], [ -67.249271088908813, 18.262187075343551 ], [ -67.248470722159681, 18.263424308073045 ], [ -67.248702989563256, 18.26325682473821 ], [ -67.247480411554051, 18.264829448118952 ], [ -67.245096842623767, 18.267352695231878 ], [ -67.243833323093924, 18.2693777196945 ], [ -67.244086924731604, 18.269267051873545 ], [ -67.24396064217386, 18.269492195575936 ], [ -67.243012310194175, 18.270784552557227 ], [ -67.24328690290362, 18.270617491649229 ], [ -67.242443863585578, 18.271741098027 ], [ -67.243329916292964, 18.270844329723186 ], [ -67.238250698097502, 18.277642350158207 ], [ -67.238904830081225, 18.277026270680675 ], [ -67.238862849696503, 18.277139055300029 ], [ -67.236690904361069, 18.279664416090057 ], [ -67.236290030852686, 18.280056619145704 ], [ -67.236352653870455, 18.279774237502597 ], [ -67.236162711772749, 18.279942143264268 ], [ -67.234728510168679, 18.281512652967908 ], [ -67.232599582323303, 18.284264847155846 ], [ -67.234118085517267, 18.282581979935731 ], [ -67.23392848834068, 18.28286309274359 ], [ -67.230934148079058, 18.286342461332893 ], [ -67.230934495342098, 18.28645566525778 ], [ -67.231082458813873, 18.28640054256072 ], [ -67.231736935718743, 18.28589767012938 ], [ -67.233446073194585, 18.284273308118667 ], [ -67.231464069956886, 18.286630763147024 ], [ -67.231380110946219, 18.286856330830989 ], [ -67.232879006853651, 18.285682680206637 ], [ -67.229971044151341, 18.289728925759253 ], [ -67.233618822453721, 18.285407068276086 ], [ -67.233808766310233, 18.285239160959673 ], [ -67.232102737808404, 18.287882380143486 ], [ -67.231998134989013, 18.288277544839385 ], [ -67.233307433719887, 18.287385007022891 ], [ -67.234531048834398, 18.286152001659417 ], [ -67.23543739867057, 18.284972430852221 ], [ -67.2354580448212, 18.284802830718984 ], [ -67.235331070662397, 18.284801561883736 ], [ -67.235646949813599, 18.284295306940045 ], [ -67.236933187945894, 18.282779919933464 ], [ -67.239382142780599, 18.280879944437462 ], [ -67.236831348596283, 18.284080736322835 ], [ -67.236726055351511, 18.284249488492918 ], [ -67.238287576035518, 18.282793454670717 ], [ -67.23660149974134, 18.285040664304955 ], [ -67.23670713790726, 18.284985119181062 ], [ -67.237910106871155, 18.283921713950821 ], [ -67.238353997286467, 18.283756345859647 ], [ -67.239345689918551, 18.282804030877198 ], [ -67.246580007873902, 18.274895519496123 ], [ -67.252972323616518, 18.268450232510087 ], [ -67.263523421511977, 18.258707022109718 ], [ -67.265505769670824, 18.256462774127552 ], [ -67.252609013787719, 18.274219958846668 ], [ -67.249576148795313, 18.278944174719872 ], [ -67.248271340481821, 18.281308396339483 ], [ -67.247640961280837, 18.282773735978179 ], [ -67.247746599446742, 18.282718190854286 ], [ -67.247683632090954, 18.282887363884644 ], [ -67.247916244415663, 18.282833087595996 ], [ -67.247831940483863, 18.282945448233775 ], [ -67.249184254945973, 18.282279745369934 ], [ -67.249099951014173, 18.282392106007713 ], [ -67.252667570880973, 18.279541085919249 ], [ -67.25285820282096, 18.279599594249955 ], [ -67.252668605644374, 18.279880707057817 ], [ -67.252795234882043, 18.279768768846875 ], [ -67.25271093329215, 18.27988112636335 ], [ -67.252816571458055, 18.279825581239457 ], [ -67.252732267526255, 18.279937941877233 ], [ -67.252901565232136, 18.27993963469406 ], [ -67.252859586606192, 18.280052417758672 ], [ -67.253451093813354, 18.279718721478989 ], [ -67.256827735060256, 18.27669598756837 ], [ -67.256743431128456, 18.276808348206149 ], [ -67.257060002463831, 18.276528504233536 ], [ -67.256975698532031, 18.276640864871315 ], [ -67.257356274911629, 18.276531464319046 ], [ -67.257271970979829, 18.276643824956825 ], [ -67.258328012994141, 18.275975162007473 ], [ -67.258243709062342, 18.276087522645248 ], [ -67.261218786958565, 18.273230577697902 ], [ -67.261451399283288, 18.273176301409254 ], [ -67.249791993357405, 18.287266755302561 ], [ -67.249095537826605, 18.287882410798513 ], [ -67.249220785620949, 18.287317645957557 ], [ -67.247259081270812, 18.289392296927787 ], [ -67.246794201542528, 18.289614056551269 ], [ -67.24493848262135, 18.291746366322492 ], [ -67.241076317254326, 18.295160458435088 ], [ -67.235634058680191, 18.30087942210422 ], [ -67.23266070773154, 18.304302399161212 ], [ -67.231056518579322, 18.305644801955651 ], [ -67.231097805021093, 18.305305607919962 ], [ -67.231729223086177, 18.304179884743789 ], [ -67.231728878165043, 18.304066677697602 ], [ -67.231538588804284, 18.304121379534383 ], [ -67.229934742814422, 18.305576990929751 ], [ -67.225336562422413, 18.310511964683638 ], [ -67.223334259714008, 18.313152225336676 ], [ -67.221983327278338, 18.314270753263973 ], [ -67.222530782232056, 18.313370602447812 ], [ -67.222361829447308, 18.313482116677175 ], [ -67.219154485906287, 18.316506543404621 ], [ -67.217910228741843, 18.31790914422529 ], [ -67.217426431569308, 18.318866534536909 ], [ -67.216140538358147, 18.320495128589684 ], [ -67.21466332160594, 18.32183880177411 ], [ -67.205825506682558, 18.331316126920697 ], [ -67.205656553897811, 18.331427641150061 ], [ -67.206518853239331, 18.329681614251641 ], [ -67.203903019247377, 18.332372341578104 ], [ -67.204619426985843, 18.331360676532576 ], [ -67.203352453560854, 18.332253636775906 ], [ -67.200588308834085, 18.334886282874535 ], [ -67.19797385452668, 18.338029838385754 ], [ -67.194367017744923, 18.341899294787041 ], [ -67.189767453567683, 18.346381445032211 ], [ -67.189914382276044, 18.345986701196587 ], [ -67.189787753038374, 18.346098639407526 ], [ -67.185949683616442, 18.350475200282219 ], [ -67.185126253926839, 18.351089586942926 ], [ -67.183481120912091, 18.352884393940545 ], [ -67.182214492408235, 18.353890561230063 ], [ -67.182656656459088, 18.353159159462681 ], [ -67.182508690645406, 18.353214285281044 ], [ -67.18158031497407, 18.354110628036722 ], [ -67.182570280658567, 18.352592280944624 ], [ -67.182527608089657, 18.3524786545929 ], [ -67.182126387901334, 18.352757652157102 ], [ -67.183095366614765, 18.351295693476011 ], [ -67.183452534549644, 18.350450241375331 ], [ -67.17950710001422, 18.354316315264271 ], [ -67.17815616757855, 18.355434843191567 ], [ -67.174590964501604, 18.359078309482054 ], [ -67.171639986651158, 18.362897718515459 ], [ -67.169909858103551, 18.364578473613214 ], [ -67.170035795157034, 18.364240124431198 ], [ -67.165839178115689, 18.369009309221813 ], [ -67.165353653995581, 18.36940066742379 ], [ -67.165226679836778, 18.369399398588541 ], [ -67.165394595516204, 18.36894826634191 ], [ -67.165098670331446, 18.369058510181286 ] ] ] } },
{ "type": "Feature", "properties": { "district": 19, "precinct_index": 0, "color": "#e5c5a3", "id": "d19_p00" }, "geometry": { "type": "Polygon", "coordinates": [ [ [ -66.937918729312045, 17.959617343394395 ], [ -67.207924473443256, 18.282747949958893 ], [ -67.201093869818379, 18.274573393896738 ], [ -67.219938642118493, 18.297125961152492 ], [ -67.174316576187579, 18.242527545535872 ], [ -67.278241403950219, 18.366900057463141 ], [ -66.937918729312045, 17.959617343394395 ] ] ] } },
{ "type": "Feature", "properties": { "district": 19, "precinct_index": 1, "color": "#a9b4e7", "id": "d19_p01" }, "geometry": { "type": "Polygon", "coordinates": [ [ [ -67.132321415613703, 18.19226964545939 ], [ -67.129928047340968, 18.189405371055944 ], [ -67.130340079537874, 18.189898472468066 ], [ -67.132582474376903, 18.192582068725716 ], [ -67.132719819714282, 18.192746437385065 ], [ -67.132857165051675, 18.192910806044413 ], [ -67.13243016803878, 18.192399795420471 ], [ -67.1320031710259, 18.191888784796532 ], [ -67.131789672519446, 18.191633279484559 ], [ -67.13143883460647, 18.191213412611006 ], [ -67.130096655214714, 18.189607153298379 ], [ -67.129105315851561, 18.18842076339115 ], [ -67.164654039310847, 18.230963860432198 ], [ -66.970878338596265, 17.999061906231425 ], [ -66.951967023018014, 17.976429703003774 ], [ -66.979494666668003, 18.009373536174937 ], [ -66.966327236469709, 17.993615353990371 ], [ -66.966128702779258, 17.993377757890222 ], [ -66.972699584360598, 18.001241490411424 ], [ -66.961408756018471, 17.987729140062822 ], [ -66.961072876990627, 17.987327175303324 ], [ -66.966513731220928, 17.993838542434808 ], [ -66.960835050283833, 17.987042555106406 ], [ -66.960575318494207, 17.986731719901762 ], [ -66.960909860802403, 17.98713208493589 ], [ -66.960375448084079, 17.98649252407624 ], [ -66.960314255915762, 17.986419292069513 ], [ -66.96221943882253, 17.988699328408217 ], [ -66.961485149763263, 17.987820564625277 ], [ -66.953096194800864, 17.977781044487781 ], [ -66.95001208545105, 17.974090122547793 ], [ -66.949035710903857, 17.972921641852384 ], [ -66.946594778559117, 17.970000444928658 ], [ -66.946182746362211, 17.969507343516536 ], [ -66.946121558009139, 17.969434116075732 ], [ -67.060430186742252, 18.106233489203515 ], [ -67.100488773530486, 18.154173785765366 ], [ -67.107417186785113, 18.162465395948431 ], [ -67.106624381112411, 18.161516602141351 ], [ -67.106045077761408, 18.160823318212167 ], [ -67.105968920777102, 18.160732176993623 ], [ -67.105892773538883, 18.160641047438762 ], [ -67.106869142155219, 18.16180952103641 ], [ -67.117503183188489, 18.174535858175595 ], [ -67.118052560722774, 18.175193328247065 ], [ -67.114499239282281, 18.170940874596187 ], [ -67.113782596524729, 18.170083229105419 ], [ -67.13126754524697, 18.19100842128822 ], [ -67.132321415613703, 18.19226964545939 ] ] ] } },
{ "type": "Feature", "properties": { "district": 20, "precinct_index": 0, "color": "#d89caa", "id": "d20_p00" }, "geometry": { "type": "Polygon", "coordinates": [ [ [ -67.056748268022631, 18.135651837223659 ], [ -67.037989428836852, 18.146943279650973 ], [ -67.038502225933328, 18.146524305924117 ], [ -67.036902766535775, 18.147456102956557 ], [ -67.036586528432309, 18.147504469907798 ], [ -67.036958912540896, 18.147125214802752 ], [ -67.035881607142315, 18.14758289062673 ], [ -67.040673439702189, 18.144175316280773 ], [ -67.046155959197776, 18.140875960144754 ], [ -67.056232522356282, 18.134375633028501 ], [ -67.065158099939879, 18.128150668132513 ], [ -67.077430745596104, 18.120011070155027 ], [ -67.08149696661097, 18.117831379077792 ], [ -67.081263765586328, 18.118006912151131 ], [ -67.082759454027638, 18.117309907442777 ], [ -67.08248434010855, 18.117629690409878 ], [ -67.08284859700376, 18.117469586510754 ], [ -67.082516499772623, 18.117748422112989 ], [ -67.085596579681095, 18.115934421775908 ], [ -67.088782498186347, 18.114421467414477 ], [ -67.093423374359489, 18.111732260180066 ], [ -67.093324479181788, 18.11183556235455 ], [ -67.095966670830435, 18.11078685342676 ], [ -67.101257113700584, 18.107934446065524 ], [ -67.100940481971307, 18.108190645479947 ], [ -67.109797746836023, 18.103019045966377 ], [ -67.109685012388255, 18.1031011536233 ], [ -67.112928306587747, 18.101421314832379 ], [ -67.119526794614785, 18.097607692737281 ], [ -67.110245875844569, 18.103357944731265 ], [ -67.109010277014363, 18.104337471979846 ], [ -67.11069764969892, 18.103401350291065 ], [ -67.096647701130408, 18.112733055815728 ], [ -67.093433316618601, 18.114619286382833 ], [ -67.092297402919769, 18.11507984487848 ], [ -67.089762279771833, 18.116593603191816 ], [ -67.086579218645966, 18.118226729588947 ], [ -67.084363584821503, 18.119604460209143 ], [ -67.083979381300466, 18.119710857628078 ], [ -67.084370085588247, 18.119429140023001 ], [ -67.082309493975401, 18.120372679960496 ], [ -67.083072582371756, 18.119711707250374 ], [ -67.080219597590613, 18.121317661568238 ], [ -67.081311532212936, 18.120465513683371 ], [ -67.078077199831696, 18.122298038439119 ], [ -67.083676099864448, 18.118621080772261 ], [ -67.082759154079568, 18.119092744454615 ], [ -67.083299629930991, 18.118716159448457 ], [ -67.082980140607518, 18.118852187141599 ], [ -67.078818274391338, 18.121047520320243 ], [ -67.076854163014332, 18.122347254698237 ], [ -67.076853767930089, 18.122555088144672 ], [ -67.06666038428412, 18.128853346803425 ], [ -67.066504507037976, 18.128915700944212 ], [ -67.066881373514136, 18.128612787838332 ], [ -67.063046332207847, 18.130868609994025 ], [ -67.058823047665314, 18.133734155905756 ], [ -67.052910324470943, 18.136999983908868 ], [ -67.048967031084473, 18.139414255720652 ], [ -67.048486789979947, 18.139744127035357 ], [ -67.049601132279591, 18.139273691781639 ], [ -67.049282874318521, 18.139573721901428 ], [ -67.049728935901356, 18.139376782052167 ], [ -67.057835721735827, 18.134723346356378 ], [ -67.056428780157603, 18.135787863933551 ], [ -67.057594393712634, 18.13511803032122 ], [ -67.056748268022631, 18.135651837223659 ] ] ] } },
{ "type": "Feature", "properties": { "district": 20, "precinct_index": 1, "color": "#eccfaf", "id": "d20_p01" }, "geometry": { "type": "Polygon", "coordinates": [ [ [ -67.075939914877807, 18.127084434113897 ], [ -67.073453206849493, 18.128278621364085 ], [ -67.073536636310493, 18.128197955691828 ], [ -67.071711706773797, 18.129293968706946 ], [ -67.072748284101053, 18.128357043066266 ], [ -67.071323812297322, 18.12890835656502 ], [ -67.073825148305744, 18.127319697922772 ], [ -67.072300992614259, 18.128389979505631 ], [ -67.074587447992045, 18.127074391122271 ], [ -67.080651125085907, 18.123090197345274 ], [ -67.080791931699594, 18.122842646260278 ], [ -67.08399287305437, 18.120727387374771 ], [ -67.083058394341919, 18.120685848630782 ], [ -67.087897458441944, 18.117582202263314 ], [ -67.097175568644502, 18.112499279347499 ], [ -67.097695702785842, 18.112276821307589 ], [ -67.097453143615084, 18.112507502531365 ], [ -67.098086012204192, 18.112202936834528 ], [ -67.097963920853942, 18.112340191973061 ], [ -67.098237013456966, 18.112272073157762 ], [ -67.100190979221424, 18.111443152170995 ], [ -67.098852004304405, 18.112449638611643 ], [ -67.099940294295735, 18.111892983617444 ], [ -67.099326975789765, 18.112459090224146 ], [ -67.095474450582444, 18.114989210752952 ], [ -67.097487418272962, 18.113949574631327 ], [ -67.095368659553756, 18.115475666560009 ], [ -67.096963242957941, 18.114675359991587 ], [ -67.096158637995018, 18.115272748480205 ], [ -67.097460180926731, 18.114486854915729 ], [ -67.094973914092307, 18.116260711485431 ], [ -67.09552497799379, 18.115992981738735 ], [ -67.095021539258255, 18.116356807000734 ], [ -67.095625104319055, 18.116053682305321 ], [ -67.095503012968791, 18.116190937443854 ], [ -67.093474185935776, 18.117461042530891 ], [ -67.092517347114082, 18.117825292938452 ], [ -67.088677824898667, 18.120004772111734 ], [ -67.088523572425899, 18.120023296530402 ], [ -67.088974511460563, 18.119694865233875 ], [ -67.087929365726055, 18.120271272760963 ], [ -67.088103958235621, 18.120098622673712 ], [ -67.082703243427673, 18.12336114285959 ], [ -67.082809871978114, 18.123246522256789 ], [ -67.075939914877807, 18.127084434113897 ] ] ] } },
{ "type": "Feature", "properties": { "district": 20, "precinct_index": 2, "color": "#a4a0d1", "id": "d20_p02" }, "geometry": { "type": "MultiPolygon", "coordinates": [ [ [ [ -67.194572648432271, 18.050975772086751 ], [ -67.195261267942257, 18.050548151682541 ], [ -67.195638132959971, 18.05024523955991 ], [ -67.195082193065119, 18.050644459770627 ], [ -67.194572648432271, 18.050975772086751 ] ] ], [ [ [ -67.160703784313213, 18.074352637621789 ], [ -67.161077399569365, 18.074137385257814 ], [ -67.161009432908173, 18.074195416394339 ], [ -67.129178866346024, 18.091314182897182 ], [ -67.13245225548593, 18.089217235543146 ], [ -67.132341146026363, 18.089255513163533 ], [ -67.132611382493636, 18.089067221643703 ], [ -67.131990726942774, 18.089436812563463 ], [ -67.137202568777198, 18.085746078627761 ], [ -67.15320929167784, 18.074918123038159 ], [ -67.151795409382615, 18.075578290813127 ], [ -67.151946804261186, 18.075439594673174 ], [ -67.167083416589236, 18.065595064859682 ], [ -67.167947862673245, 18.065158795142796 ], [ -67.167160345283492, 18.065689719373562 ], [ -67.167323954658755, 18.065616047473288 ], [ -67.168401656385214, 18.064950537534045 ], [ -67.167252739479622, 18.065761737699638 ], [ -67.165034249519408, 18.0670192956153 ], [ -67.169006451349944, 18.064811416248528 ], [ -67.168328813730653, 18.065140059134592 ], [ -67.169117955893768, 18.064565305181706 ], [ -67.172469503631888, 18.062727015751449 ], [ -67.17234130492588, 18.062831758927352 ], [ -67.17296033424492, 18.062505998712957 ], [ -67.170544053929305, 18.063970160977586 ], [ -67.177084374849997, 18.060739090873675 ], [ -67.176903675199483, 18.060879228683877 ], [ -67.180757036684952, 18.058720944028153 ], [ -67.178074605941774, 18.060657573927042 ], [ -67.182836786213571, 18.058246776480466 ], [ -67.182671550606486, 18.05836427908611 ], [ -67.193326460093559, 18.051846445059116 ], [ -67.196496866772463, 18.049568624433963 ], [ -67.196046322822042, 18.049689222284059 ], [ -67.196109807115675, 18.049554849148368 ], [ -67.198750324964408, 18.04776246914324 ], [ -67.20001768983289, 18.047109506060959 ], [ -67.198600159989795, 18.048065168693093 ], [ -67.202201999027807, 18.045984880279565 ], [ -67.200975759802148, 18.046909258394461 ], [ -67.197248576950258, 18.049214463357249 ], [ -67.194692719924916, 18.05109018011677 ], [ -67.196753311537762, 18.050146640179275 ], [ -67.200257881629881, 18.048125823234869 ], [ -67.200145145938507, 18.048207931560622 ], [ -67.183051365652517, 18.059756543902242 ], [ -67.177530184267695, 18.063112489504533 ], [ -67.164936773274405, 18.070436608999316 ], [ -67.163854591882455, 18.071025775287314 ], [ -67.167777543773681, 18.068765630127359 ], [ -67.168909371432818, 18.068020895517282 ], [ -67.160725656904091, 18.072579676699192 ], [ -67.156914649506959, 18.075173380780672 ], [ -67.164276224686731, 18.070698786644282 ], [ -67.157460837415059, 18.075037141497994 ], [ -67.155099519525095, 18.076793914650452 ], [ -67.156921198056608, 18.075785562062816 ], [ -67.155389308992383, 18.076867162073992 ], [ -67.157746980792922, 18.075405882795454 ], [ -67.157648087073667, 18.075509183986689 ], [ -67.158051005858127, 18.07529249062129 ], [ -67.157105984990437, 18.075929599698213 ], [ -67.161499032373641, 18.073810396614782 ], [ -67.160703784313213, 18.074352637621789 ] ] ], [ [ [ -67.099222114931777, 18.114892386138518 ], [ -67.096134302894185, 18.116717704235086 ], [ -67.096543723903835, 18.1163256897003 ], [ -67.09616887874374, 18.116376938654383 ], [ -67.096899412606604, 18.115805067373167 ], [ -67.095476170491992, 18.116520384596239 ], [ -67.096960039520852, 18.115550522201776 ], [ -67.096192865084788, 18.115927318797464 ], [ -67.096586819134117, 18.115557941433735 ], [ -67.095503012968791, 18.116190937443854 ], [ -67.095625104319055, 18.116053682305321 ], [ -67.095021539258255, 18.116356807000734 ], [ -67.09552497799379, 18.115992981738735 ], [ -67.094973914092307, 18.116260711485431 ], [ -67.097460180926731, 18.114486854915729 ], [ -67.096158637995018, 18.115272748480205 ], [ -67.096963242957941, 18.114675359991587 ], [ -67.095345461922761, 18.115509620507304 ], [ -67.097487418272962, 18.113949574631327 ], [ -67.095474450582444, 18.114989210752952 ], [ -67.099326975789765, 18.112459090224146 ], [ -67.099940294295735, 18.111892983617444 ], [ -67.098852004304405, 18.112449638611643 ], [ -67.100190979221424, 18.111443152170995 ], [ -67.098237013456966, 18.112272073157762 ], [ -67.097963920853942, 18.112340191973061 ], [ -67.098086012204192, 18.112202936834528 ], [ -67.097541055443656, 18.112503178858272 ], [ -67.097826757627615, 18.112292250836216 ], [ -67.097453143615084, 18.112507502531365 ], [ -67.097695702785842, 18.112276821307589 ], [ -67.097465751737587, 18.112364694307853 ], [ -67.09486916539727, 18.113761161919498 ], [ -67.096647701130408, 18.112733055815728 ], [ -67.11069764969892, 18.103401350291065 ], [ -67.109010277014363, 18.104337471979846 ], [ -67.110245875844569, 18.103357944731265 ], [ -67.116395446153007, 18.099621089780896 ], [ -67.129178866346024, 18.091314182897182 ], [ -67.16105420193837, 18.074171339205112 ], [ -67.161098970968553, 18.074147262015881 ], [ -67.163348390903735, 18.072844432079016 ], [ -67.154637251298425, 18.078216658379841 ], [ -67.151332538772579, 18.080566709903852 ], [ -67.145499206567607, 18.08425519790298 ], [ -67.144295326207569, 18.084773787535156 ], [ -67.140518894659991, 18.08702672603593 ], [ -67.13892839708069, 18.088111209033194 ], [ -67.138639444106374, 18.088409797168318 ], [ -67.139258474669035, 18.088084036285096 ], [ -67.13889707245113, 18.088364313871995 ], [ -67.139610122198135, 18.088066741278311 ], [ -67.138499867181807, 18.088821351977629 ], [ -67.140490032325573, 18.087607836356867 ], [ -67.139580818669813, 18.088068182279731 ], [ -67.140885612606709, 18.087194628287772 ], [ -67.143667774805735, 18.085526532087485 ], [ -67.135510161611847, 18.09095903380933 ], [ -67.136703452463379, 18.090331589900945 ], [ -67.135983901949643, 18.090804482680767 ], [ -67.124838160391093, 18.097543334729497 ], [ -67.121271338396539, 18.099862526881836 ], [ -67.114961851126736, 18.104165062310095 ], [ -67.115051387943495, 18.104116908600467 ], [ -67.113706307129149, 18.10509088209524 ], [ -67.114414873264948, 18.104716968171218 ], [ -67.112981880622044, 18.105695265339083 ], [ -67.10339206203686, 18.111690399302422 ], [ -67.099557857008733, 18.114318057331197 ], [ -67.099293726438788, 18.114538861796905 ], [ -67.100209047235467, 18.114111028151086 ], [ -67.099222114931777, 18.114892386138518 ] ] ] ] } },
{ "type": "Feature", "properties": { "district": 21, "precinct_index": 0, "color": "#b2fcb6", "id": "d21_p00" }, "geometry": { "type": "Polygon", "coordinates": [ [ [ -66.967700900120846, 18.168800272508395 ], [ -66.970160677381529, 18.165790988299381 ], [ -66.9728643917027, 18.163525252674418 ], [ -66.973990307569053, 18.162353835684513 ], [ -66.974106827622066, 18.162208319966414 ], [ -66.974043256171868, 18.161693216996504 ], [ -66.973435552710669, 18.16204538103807 ], [ -66.970433845495521, 18.164792773326887 ], [ -66.969309033084969, 18.165399607819296 ], [ -66.969024969630922, 18.165363242710985 ], [ -66.969051443932329, 18.16503293336698 ], [ -66.967952281329573, 18.16573289331189 ], [ -66.966917237322861, 18.166665669070639 ], [ -66.965506156161041, 18.168365303389169 ], [ -66.964522961076199, 18.169202038895005 ], [ -66.963359400915223, 18.169810330727064 ], [ -66.96341235329291, 18.169149707976654 ], [ -66.96327073327258, 18.168919809024707 ], [ -66.963128563411772, 18.168972199290309 ], [ -66.96162798472443, 18.170204750825942 ], [ -66.959311480780372, 18.172597062271858 ], [ -66.958678129125786, 18.172856100800367 ], [ -66.955444207378449, 18.17547108772796 ], [ -66.953544419518124, 18.17610706585933 ], [ -66.951422487972081, 18.178068653506784 ], [ -66.948978844368312, 18.17943075301012 ], [ -66.946274852699361, 18.181837636275517 ], [ -66.946029262342577, 18.181940959406511 ], [ -66.945977964341409, 18.181754708440955 ], [ -66.945422108721857, 18.182010834230528 ], [ -66.944064250816027, 18.182908704282092 ], [ -66.940273646260877, 18.18620325385724 ], [ -66.939355951109832, 18.186567076979347 ], [ -66.937299794150718, 18.187914606664123 ], [ -66.937145625494054, 18.187496999346411 ], [ -66.937340471464978, 18.186925131969915 ], [ -66.937056957851397, 18.186606477644055 ], [ -66.937691965496896, 18.185500565339026 ], [ -66.937848338370543, 18.184789009723222 ], [ -66.937395903246966, 18.184994202647403 ], [ -66.936348037030982, 18.185880413618424 ], [ -66.934730112182606, 18.187681915729218 ], [ -66.933252701204111, 18.190277901350935 ], [ -66.931533009156041, 18.191283464612081 ], [ -66.928699397342854, 18.19393044450792 ], [ -66.926668887496902, 18.195371101706673 ], [ -66.925285935013008, 18.195893552965234 ], [ -66.925481331904649, 18.195039394370266 ], [ -66.924912374033426, 18.195390105074026 ], [ -66.922958260541563, 18.197392427968936 ], [ -66.922699017012405, 18.197872627232584 ], [ -66.923164278120112, 18.19771399503373 ], [ -66.923137802738466, 18.198044306378659 ], [ -66.921571724117328, 18.199749770298016 ], [ -66.921365156698315, 18.19971049245077 ], [ -66.921741749083125, 18.198661340550483 ], [ -66.921677901365385, 18.198287383220087 ], [ -66.920450218299337, 18.19866286136034 ], [ -66.922793472812373, 18.195799094930909 ], [ -66.92302706814813, 18.195225770154202 ], [ -66.922419364686945, 18.195577934195768 ], [ -66.920387475117636, 18.197724319531527 ], [ -66.920180634125686, 18.197826185262315 ], [ -66.920777442246816, 18.196439441139944 ], [ -66.918462042838783, 18.198267168087444 ], [ -66.918009607715206, 18.198472361011621 ], [ -66.91847734553258, 18.197043424302144 ], [ -66.918477899147916, 18.196761131022196 ], [ -66.918335728206884, 18.196813523288721 ], [ -66.916252816903949, 18.198632512019412 ], [ -66.91499728250777, 18.200044025579199 ], [ -66.914867385015754, 18.200425269850076 ], [ -66.91573405735295, 18.199734052123819 ], [ -66.916199314685798, 18.199575423987369 ], [ -66.916095344349358, 18.199908646070309 ], [ -66.911825827674591, 18.203738699975119 ], [ -66.911839753339663, 18.20322068226535 ], [ -66.911633462188192, 18.203040258778589 ], [ -66.909446580548817, 18.20519246959222 ], [ -66.909278762494623, 18.205151734344767 ], [ -66.909343709893321, 18.204961113240067 ], [ -66.909887844064784, 18.204093842226747 ], [ -66.906616551595732, 18.20600456041846 ], [ -66.90491023375786, 18.206774395247944 ], [ -66.903745570141083, 18.207947269577499 ], [ -66.903060643137536, 18.208161204780886 ], [ -66.905404174998353, 18.20515629071102 ], [ -66.905443748856811, 18.204731398514308 ], [ -66.906815808695256, 18.203174365113462 ], [ -66.906855107900569, 18.202890618495708 ], [ -66.908602653973404, 18.200849017753548 ], [ -66.912163800748445, 18.196010608604638 ], [ -66.91401792877636, 18.185685078335187 ], [ -66.914489526801631, 18.182280104915677 ], [ -66.914851916173603, 18.18189011836559 ], [ -66.939874275794637, 18.165847779119872 ], [ -66.939278292701289, 18.166811090386105 ], [ -66.939433288546226, 18.16680526084583 ], [ -66.942252971999707, 18.164676300721236 ], [ -66.943741275623623, 18.163114897241805 ], [ -66.947091442770827, 18.16049554017507 ], [ -66.94689632161257, 18.161208551190157 ], [ -66.945873278016123, 18.162611324471662 ], [ -66.948071328568489, 18.1613525501608 ], [ -66.950050265760112, 18.159866787575449 ], [ -66.951110405425112, 18.159309428608783 ], [ -66.953608104862369, 18.156722123857545 ], [ -66.95402151435357, 18.156659533973084 ], [ -66.954914111151709, 18.155920296120371 ], [ -66.954848887485454, 18.156252062864585 ], [ -66.955974250816709, 18.155362937153704 ], [ -66.956064021915154, 18.155688876358568 ], [ -66.956619877534706, 18.155432750568995 ], [ -66.95854806926026, 18.153478445739061 ], [ -66.962532692598089, 18.150035465645402 ], [ -66.964201088259387, 18.148843651358142 ], [ -66.966117833190012, 18.146137055725511 ], [ -66.967632060194632, 18.144527634120543 ], [ -66.969805843357193, 18.142470004158696 ], [ -66.972664276175507, 18.140339586633896 ], [ -66.974243178086141, 18.138680685501342 ], [ -66.975460242079677, 18.137129481640766 ], [ -66.984539272044984, 18.130719287168297 ], [ -66.984395725155451, 18.131477403509429 ], [ -66.981688979429038, 18.135295738925887 ], [ -66.98492207237372, 18.133104188916832 ], [ -66.985373956576595, 18.133181287211123 ], [ -66.985839491257224, 18.132881511434235 ], [ -66.985838940336521, 18.133163802652707 ], [ -66.986330124824931, 18.13295715232832 ], [ -66.989292529059924, 18.130493510719656 ], [ -66.986441683908879, 18.13535225375627 ], [ -66.987463352091012, 18.134655206489739 ], [ -66.988510392198961, 18.13419243037578 ], [ -66.988406418087663, 18.13452565652112 ], [ -66.988587338393529, 18.134471806854393 ], [ -66.988121251177802, 18.135053873910305 ], [ -66.989673125171691, 18.134007575401704 ], [ -66.9895948019484, 18.134433924998621 ], [ -66.992582306150709, 18.132345698060007 ], [ -66.992685726646684, 18.132294765194612 ], [ -66.992336162178603, 18.132731314470949 ], [ -66.992594578519501, 18.132674552065282 ], [ -66.99265869872994, 18.132907367818564 ], [ -66.994456166855457, 18.131757742116569 ], [ -66.994416316729442, 18.132323779952795 ], [ -66.994713205087393, 18.132406707787357 ], [ -66.993521514634097, 18.134192182739941 ], [ -66.993456290967856, 18.134523949484155 ], [ -66.993792203343787, 18.134464274339553 ], [ -66.99355860800803, 18.135037599116256 ], [ -66.994049516228884, 18.134972094431383 ], [ -66.99406179129231, 18.135300946375178 ], [ -66.995096281683686, 18.134650463896378 ], [ -66.994461550305758, 18.135615230561896 ], [ -66.994629368359938, 18.135655965809352 ], [ -66.994551594977125, 18.135800026188722 ], [ -66.993321431426551, 18.137445812902001 ], [ -66.99404538136784, 18.137089276720371 ], [ -66.995119449392547, 18.136013897982458 ], [ -66.997072735696165, 18.134435011945531 ], [ -66.997899832560506, 18.134168686476542 ], [ -66.998455965527839, 18.133771413046535 ], [ -66.998843452172494, 18.133756843227978 ], [ -66.999982191328328, 18.132631989024876 ], [ -67.000098436728194, 18.132627618885735 ], [ -66.999994739964677, 18.132819697390641 ], [ -67.000149734729362, 18.13281386985129 ], [ -67.001364869159076, 18.132250683345273 ], [ -67.003292785697312, 18.130437522153933 ], [ -67.003396206193273, 18.130386589288538 ], [ -67.00339592992573, 18.130527734928052 ], [ -67.004068307212691, 18.130126093359824 ], [ -67.004739584818708, 18.130289030226688 ], [ -67.004726208994114, 18.130524758718909 ], [ -67.005501731589732, 18.130213327923876 ], [ -67.005462431304196, 18.130497076542554 ], [ -67.005707748088057, 18.130534896989595 ], [ -67.006199206149375, 18.130187103087174 ], [ -67.003079876505637, 18.133644591590667 ], [ -67.002097511303674, 18.13405788817704 ], [ -67.001775800860358, 18.133458399972362 ], [ -67.000430491590876, 18.13454397838969 ], [ -66.994554772596047, 18.140786677628117 ], [ -66.990630962876111, 18.146156216905148 ], [ -66.989752017089899, 18.146518582627049 ], [ -66.988975941959183, 18.147112304701107 ], [ -66.988226618477654, 18.147234569790726 ], [ -66.986532850890512, 18.148192112925415 ], [ -66.985730851298854, 18.148833855125929 ], [ -66.984681880546844, 18.150284650595367 ], [ -66.980075901655681, 18.154456668862327 ], [ -66.978795543559741, 18.155351622112555 ], [ -66.97747560783047, 18.156671471621895 ], [ -66.977475057990006, 18.156953760839443 ], [ -66.976645480641125, 18.158490394881458 ], [ -66.975363741741603, 18.160091078269616 ], [ -66.974896554844932, 18.161237723760625 ], [ -66.975504258306131, 18.160885559719059 ], [ -66.973704863311411, 18.163023200714132 ], [ -66.972797789927498, 18.164562747495083 ], [ -66.972319154075436, 18.164957106185231 ], [ -66.971555077740589, 18.166020825842601 ], [ -66.971076991728992, 18.166132895315201 ], [ -66.971090367553586, 18.165897166822983 ], [ -66.968709467131532, 18.168197808155128 ], [ -66.967765297679065, 18.168891940621243 ], [ -66.967700900120846, 18.168800272508395 ] ] ] } },
{ "type": "Feature", "properties": { "district": 21, "precinct_index": 1, "color": "#ffa67f", "id": "d21_p01" }, "geometry": { "type": "Polygon", "coordinates": [ [ [ -67.044288462107048, 18.049719251439146 ], [ -67.042787609846783, 18.051092946552814 ], [ -67.038403778416225, 18.05393935124129 ], [ -67.03687727526794, 18.055219922903383 ], [ -67.036126297409908, 18.056189061708967 ], [ -67.03505333392124, 18.056699855948459 ], [ -67.03470459556118, 18.056712970367734 ], [ -67.031394003886845, 18.058907435177201 ], [ -67.030657505309208, 18.05907626299307 ], [ -67.028679395305829, 18.060138588720438 ], [ -67.028434078521983, 18.060100768273397 ], [ -67.027670552027601, 18.060882198713216 ], [ -67.026480791138141, 18.061679656311245 ], [ -67.022910403399536, 18.064636611663385 ], [ -67.02210730304671, 18.065842934299919 ], [ -67.01494336094089, 18.070393408917198 ], [ -67.013985542090907, 18.071464413453565 ], [ -67.012472138499675, 18.072650402262951 ], [ -67.011100357623391, 18.074066287962808 ], [ -67.010893513936821, 18.074168155755071 ], [ -67.011010586524947, 18.073740348757944 ], [ -67.00998919461037, 18.074296250384961 ], [ -67.009059504438312, 18.074190071861359 ], [ -67.007869467281296, 18.075128675098902 ], [ -67.006731828886629, 18.075688948865984 ], [ -67.00662868465821, 18.075598736091866 ], [ -67.005542345344949, 18.076345258823579 ], [ -67.005633217204576, 18.076106617592423 ], [ -67.00397764536693, 18.077344996606854 ], [ -67.00214005192808, 18.079201803783665 ], [ -66.998674464408822, 18.081402098133402 ], [ -66.999283548673603, 18.080344203953906 ], [ -66.999168404034904, 18.079783993657035 ], [ -66.999996880622604, 18.078811940051036 ], [ -67.000283148293647, 18.077719142225838 ], [ -67.000956906384189, 18.076611770519676 ], [ -66.992589827564302, 18.082195431227206 ], [ -66.992241363857403, 18.082067400067523 ], [ -66.989059567299492, 18.084445201102689 ], [ -66.988840173896349, 18.084359362530112 ], [ -66.98950165692348, 18.082923138880155 ], [ -66.989126445342251, 18.08326656064251 ], [ -66.989968847595009, 18.081776489326746 ], [ -67.001021837623071, 18.063201501313685 ], [ -67.022060934775183, 18.036676767984805 ], [ -67.022228752829378, 18.036717503232261 ], [ -67.022008533318214, 18.037055099516746 ], [ -67.022383195058978, 18.036993966971934 ], [ -67.022123401689342, 18.037756455453131 ], [ -67.021721712031848, 18.038430190621892 ], [ -67.020673571162703, 18.039457547171871 ], [ -67.020491824748817, 18.03993483169566 ], [ -67.020685293691031, 18.040068690394694 ], [ -67.02117675175235, 18.039720896492273 ], [ -67.021176475484808, 18.039862042131784 ], [ -67.0215770616865, 18.039752889460519 ], [ -67.021382491983118, 18.040183611197502 ], [ -67.02152438557637, 18.040272366571415 ], [ -67.020734108513039, 18.041525251994752 ], [ -67.021095948044533, 18.041417554662218 ], [ -67.021043822855106, 18.041654740554641 ], [ -67.021276314735076, 18.041645998275435 ], [ -67.021224189545649, 18.041883184167862 ], [ -67.022245305192669, 18.041468428180359 ], [ -67.023836204818934, 18.040279526632037 ], [ -67.024483208565655, 18.039643613971794 ], [ -67.024419088355231, 18.039410798218512 ], [ -67.025143590831618, 18.038771970757857 ], [ -67.024042772237948, 18.040318804479284 ], [ -67.024521131822468, 18.040065591428647 ], [ -67.026229377609781, 18.038307739305164 ], [ -67.02577584280526, 18.039077510664441 ], [ -67.026551640588195, 18.038624936230818 ], [ -67.027276693985286, 18.037703817551694 ], [ -67.027418864926318, 18.037651425285169 ], [ -67.027379840908338, 18.037794028264333 ], [ -67.027845375588967, 18.037494252487448 ], [ -67.027858750333323, 18.037258525996151 ], [ -67.028415159568212, 18.03672010692663 ], [ -67.028557053161464, 18.036808862300543 ], [ -67.028815745769919, 18.036610954255362 ], [ -67.03119609365686, 18.034592604202242 ], [ -67.031415762247335, 18.034537299136229 ], [ -67.03114369489451, 18.034970933672703 ], [ -67.031803247277594, 18.034522729378224 ], [ -67.031920046292782, 18.034236065959135 ], [ -67.031726577350582, 18.034102207260101 ], [ -67.031933695690299, 18.03385919388888 ], [ -67.03158468375733, 18.034013451886189 ], [ -67.031520560852258, 18.033780638194383 ], [ -67.03167610653766, 18.033492519436564 ], [ -67.031301170143749, 18.033694797560329 ], [ -67.032142193753387, 18.032910452380651 ], [ -67.032000022812355, 18.032962844647173 ], [ -67.032052148001782, 18.032725658754746 ], [ -67.03170341072196, 18.032738771173097 ], [ -67.031250975598368, 18.032943964097278 ], [ -67.031343224486733, 18.031999596790591 ], [ -67.032947776205148, 18.030433821110538 ], [ -67.034783991000864, 18.029282740069814 ], [ -67.03421420702162, 18.030056885630632 ], [ -67.034937606042206, 18.029982640667473 ], [ -67.035946449320434, 18.029239030674692 ], [ -67.036193144213243, 18.028571123045282 ], [ -67.036542708681324, 18.028134573768948 ], [ -67.036335314074051, 18.028518732779681 ], [ -67.036606828891763, 18.028367389522231 ], [ -67.036567805954007, 18.028509990500474 ], [ -67.036684051353873, 18.028505620361329 ], [ -67.036243889679326, 18.029039665289865 ], [ -67.036153016739462, 18.029278308521942 ], [ -67.036515130924116, 18.029029465610449 ], [ -67.036747345456291, 18.029161870971674 ], [ -67.03705761071906, 18.029009068313094 ], [ -67.036979837336247, 18.029153128692464 ], [ -67.037975855710584, 18.028362955973439 ], [ -67.03797530587012, 18.028645245190983 ], [ -67.038272471575851, 18.028587025385111 ], [ -67.037909804856085, 18.029118159575631 ], [ -67.037223777091384, 18.029896675215038 ], [ -67.036098412145734, 18.030785800986472 ], [ -67.034169945767019, 18.032881251395359 ], [ -67.035476504591458, 18.031797132379161 ], [ -67.036342625473779, 18.031388203931009 ], [ -67.036303601455799, 18.031530806910173 ], [ -67.035902465413628, 18.031922248798985 ], [ -67.035695344379263, 18.032165264231686 ], [ -67.035643496537617, 18.032261302483676 ], [ -67.037364568309059, 18.030550011085523 ], [ -67.036561467956219, 18.031756333722054 ], [ -67.036807058313002, 18.031653010591061 ], [ -67.037311618626006, 18.031210631774453 ], [ -67.037337543086949, 18.031162611647996 ], [ -67.037363467547877, 18.03111459152154 ], [ -67.03678141119984, 18.031559883077083 ], [ -67.038011298482857, 18.030055242003314 ], [ -67.038594731859632, 18.028904224372244 ], [ -67.03845283826638, 18.028815468998332 ], [ -67.039138867645491, 18.028036953298368 ], [ -67.040432325298482, 18.027047417195433 ], [ -67.040859663149377, 18.026466807539727 ], [ -67.040847114513028, 18.026279099173966 ], [ -67.04141634487695, 18.025787246893092 ], [ -67.041558515817982, 18.02573485462657 ], [ -67.04140297013258, 18.026022973384393 ], [ -67.041583889358208, 18.025969125718586 ], [ -67.043123214715763, 18.02473511884422 ], [ -67.04261810456228, 18.025459786878375 ], [ -67.042876797170734, 18.025261878833195 ], [ -67.042799023787907, 18.025405939212568 ], [ -67.043509875252397, 18.025143983882721 ], [ -67.043224707262297, 18.025672203272826 ], [ -67.044298222751905, 18.024879115813938 ], [ -67.044698808953598, 18.024769963142674 ], [ -67.045695377168414, 18.023697501206097 ], [ -67.046535849857349, 18.023195447244888 ], [ -67.048360067471606, 18.021574368560298 ], [ -67.048489138855587, 18.021616559146484 ], [ -67.049265213986303, 18.021022837072426 ], [ -67.048682881370709, 18.021609274267483 ], [ -67.048630756181282, 18.02184646015991 ], [ -67.049160963607449, 18.02149720885728 ], [ -67.049109115765802, 18.021593247109273 ], [ -67.051127629510518, 18.019682590265731 ], [ -67.051088602797904, 18.019825195306375 ], [ -67.051489188999611, 18.019716042635107 ], [ -67.051437341157964, 18.0198120808871 ], [ -67.05179945426238, 18.019563239976527 ], [ -67.053482052936531, 18.017712260339067 ], [ -67.055642184006942, 18.016031504508955 ], [ -67.05593962598023, 18.015832139063569 ], [ -67.056146193399258, 18.015871416910819 ], [ -67.056094344477373, 18.015967457163732 ], [ -67.056766446577015, 18.015706959234095 ], [ -67.059780148813189, 18.013429568590986 ], [ -67.059676450969434, 18.013621649096812 ], [ -67.059973616675165, 18.01356342929094 ], [ -67.060582148404848, 18.012787826390472 ], [ -67.061552242318243, 18.0120456737979 ], [ -67.061836308466923, 18.012082036844735 ], [ -67.062999868627898, 18.011473745012673 ], [ -67.065146900141272, 18.009887572035268 ], [ -67.066699600243183, 18.008417838669605 ], [ -67.066893619025862, 18.00826940815109 ], [ -67.066880244281492, 18.008505134642387 ], [ -67.067138936889947, 18.008307226597211 ], [ -67.068278228580894, 18.006900081115084 ], [ -67.0714472002349, 18.004475717353671 ], [ -67.07336201613586, 18.002757141015959 ], [ -67.072534643003962, 18.003164612124461 ], [ -67.071214984622486, 18.004343313993367 ], [ -67.073285620862009, 18.002195473318878 ], [ -67.073802729811348, 18.001940802868035 ], [ -67.074566806146194, 18.000877083210668 ], [ -67.074941744154515, 18.000674805026346 ], [ -67.075279034639408, 17.99990940180529 ], [ -67.07623657883623, 17.998979542847877 ], [ -67.076806363895713, 17.998205395286138 ], [ -67.076949083596986, 17.997870715802989 ], [ -67.076806913736178, 17.99792310606859 ], [ -67.077182678932743, 17.997297391026287 ], [ -67.076134812716759, 17.998183601997308 ], [ -67.076174111922072, 17.997899855379551 ], [ -67.077676617478602, 17.995679288550839 ], [ -67.078892579096561, 17.99469266518684 ], [ -67.077882358789608, 17.996142001255148 ], [ -67.079228217899569, 17.994774133620272 ], [ -67.079991193473248, 17.994274994398921 ], [ -67.08018493598837, 17.994267709519921 ], [ -67.080158735259886, 17.994456875285891 ], [ -67.080624546208057, 17.994015953869489 ], [ -67.080170734055756, 17.9949268728692 ], [ -67.080739964419678, 17.99443502058833 ], [ -67.080338277456789, 17.995108753695614 ], [ -67.078553082780289, 17.996587231401961 ], [ -67.078746827990059, 17.996579944461484 ], [ -67.078241991409499, 17.997163468917602 ], [ -67.079212085322894, 17.99642131632503 ], [ -67.078267364949738, 17.997397740009614 ], [ -67.07869415187993, 17.997099421572379 ], [ -67.078577353944951, 17.997386082990548 ], [ -67.079535175489568, 17.996315076392701 ], [ -67.081371942820383, 17.994881704072952 ], [ -67.081087602018556, 17.994986486605075 ], [ -67.081721780861386, 17.994304011218581 ], [ -67.082019222834674, 17.994104645773195 ], [ -67.081902423819471, 17.994391309192288 ], [ -67.082238889810739, 17.994049340767738 ], [ -67.082407533972955, 17.993666641158132 ], [ -67.082187868077114, 17.993721944162669 ], [ -67.08227873993674, 17.993483302931512 ], [ -67.081179301066442, 17.994324408515936 ], [ -67.08187843000259, 17.993451309963266 ], [ -67.081761633682021, 17.993737971320879 ], [ -67.082899821917167, 17.992895408336253 ], [ -67.083339981977318, 17.992361363468273 ], [ -67.083133140985382, 17.99246322919906 ], [ -67.083327433340983, 17.992173655102512 ], [ -67.083896113864427, 17.991964092039186 ], [ -67.085228598230017, 17.990831950895611 ], [ -67.086458208165269, 17.989468457462277 ], [ -67.086588106737508, 17.98908721119048 ], [ -67.087933412232132, 17.988001636835552 ], [ -67.087869292021708, 17.987768821082266 ], [ -67.088270705411659, 17.98723623155302 ], [ -67.089279548689888, 17.986492621560242 ], [ -67.089331396531534, 17.986396583308249 ], [ -67.088878685140401, 17.98674292187194 ], [ -67.089008307445098, 17.986502821239657 ], [ -67.088711141739367, 17.98656104104553 ], [ -67.087974092241026, 17.987012160079868 ], [ -67.087598603312017, 17.987496729482658 ], [ -67.087921690784057, 17.987390491611805 ], [ -67.0876237005847, 17.987872146214183 ], [ -67.087015994428867, 17.988224312317225 ], [ -67.087573229771778, 17.987262458390646 ], [ -67.087456983291688, 17.987266830530711 ], [ -67.087560957402985, 17.986933604385371 ], [ -67.088467204678864, 17.985817492461479 ], [ -67.088299386624684, 17.985776757214026 ], [ -67.08859710217088, 17.985436248190602 ], [ -67.089839261822689, 17.984260461122112 ], [ -67.089269480538078, 17.985034604621454 ], [ -67.08933415166922, 17.984985129156268 ], [ -67.091003374518777, 17.983369878011025 ], [ -67.091068324612095, 17.983179254844849 ], [ -67.090900230290359, 17.983279665236907 ], [ -67.091094522645946, 17.982990091140358 ], [ -67.092828143053723, 17.981466508107967 ], [ -67.092944665801369, 17.981320990328388 ], [ -67.092685973192928, 17.981518898373565 ], [ -67.093061462121938, 17.981034328970775 ], [ -67.092958040545739, 17.981085263837091 ], [ -67.095364589161179, 17.978877748018 ], [ -67.097628418075345, 17.977004911682059 ], [ -67.100008217736232, 17.97526885078593 ], [ -67.099192016211958, 17.976569756335724 ], [ -67.097172401706061, 17.979044993615279 ], [ -67.095074187709344, 17.982087726131269 ], [ -67.093841817247153, 17.984862677839541 ], [ -67.09254725613836, 17.986416796439972 ], [ -67.092041872411968, 17.987282608052158 ], [ -67.09028150035499, 17.989277648068992 ], [ -67.088118888800054, 17.99222871247213 ], [ -67.088325456219067, 17.99226799031938 ], [ -67.08827360837742, 17.99236402857137 ], [ -67.088622619230165, 17.992209772574984 ], [ -67.090795298936925, 17.990716725110634 ], [ -67.091557999323285, 17.990358729527873 ], [ -67.091557172135026, 17.990782166385856 ], [ -67.090728421974404, 17.991895363569888 ], [ -67.08387103275156, 18.004808323408955 ], [ -67.083947151757869, 18.005511136745547 ], [ -67.083507265270626, 18.005904038035492 ], [ -67.082561442521893, 18.007445042216649 ], [ -67.082275724691328, 18.008255550824302 ], [ -67.082430166920915, 18.008532014563976 ], [ -67.082196298012235, 18.009246482918716 ], [ -67.082234221269047, 18.009668460375568 ], [ -67.082466435801223, 18.009800865736793 ], [ -67.08152061305249, 18.011341869917953 ], [ -67.081377065082719, 18.012099988260005 ], [ -67.080872228502173, 18.012683512716123 ], [ -67.081130644843071, 18.012626750310456 ], [ -67.08171297745865, 18.012040313115403 ], [ -67.081660852269223, 18.01227749900783 ], [ -67.081983942435897, 18.012171259075501 ], [ -67.081440359185137, 18.012756238870349 ], [ -67.081685950622145, 18.012652913738432 ], [ -67.081569154301576, 18.012939575096045 ], [ -67.079666062543339, 18.015269294596024 ], [ -67.076974069670243, 18.018146175444734 ], [ -67.077412852701684, 18.018317856652285 ], [ -67.077088935346751, 18.018847533442596 ], [ -67.077864736904559, 18.018394954946576 ], [ -67.077255929987558, 18.019311701485634 ], [ -67.077371622852311, 18.019589622625517 ], [ -67.077229178338357, 18.019783158470077 ], [ -67.073967125218473, 18.023575330519115 ], [ -67.071843264108594, 18.026524935521124 ], [ -67.067651796003972, 18.030069785407974 ], [ -67.066098542286738, 18.031821812053582 ], [ -67.065594535589057, 18.031981897590242 ], [ -67.062838422505536, 18.034625962685666 ], [ -67.061157200860109, 18.035771216247596 ], [ -67.058323865314478, 18.038277050503922 ], [ -67.057470570416271, 18.038732539677401 ], [ -67.057496768450136, 18.03854337597291 ], [ -67.056863416795551, 18.038802414501419 ], [ -67.054572837312421, 18.041146705820879 ], [ -67.05333122588668, 18.04204020373238 ], [ -67.051389937298708, 18.044089089353541 ], [ -67.050225824602634, 18.044979672464624 ], [ -67.049411549947564, 18.045292562721343 ], [ -67.045166856972557, 18.049639176935713 ], [ -67.045024687111763, 18.049691567201311 ], [ -67.04501241474297, 18.049362713196036 ], [ -67.044896169343104, 18.049367083335181 ], [ -67.044288462107048, 18.049719251439146 ] ] ] } },
{ "type": "Feature", "properties": { "district": 21, "precinct_index": 2, "color": "#fcbaf6", "id": "d21_p02" }, "geometry": { "type": "Polygon", "coordinates": [ [ [ -66.980977381816544, 18.089641787999071 ], [ -66.979115517213046, 18.090699743587294 ], [ -66.978016905530993, 18.091117412313732 ], [ -66.976620300954949, 18.092016737704029 ], [ -66.974795805992912, 18.093778964029053 ], [ -66.973101485870671, 18.095018798442766 ], [ -66.970605992264808, 18.096476940199935 ], [ -66.970063512469849, 18.09649733749729 ], [ -66.965976293129685, 18.099567815659839 ], [ -66.964282525542544, 18.100525358794528 ], [ -66.962990168650734, 18.100950314461446 ], [ -66.960325203694396, 18.103214592686204 ], [ -66.95904374214264, 18.104674128433928 ], [ -66.956599270270388, 18.106459666796162 ], [ -66.956845965163197, 18.105791759166753 ], [ -66.953858737228444, 18.107738840465856 ], [ -66.952421728911077, 18.109486496972323 ], [ -66.951607734298406, 18.109658237527125 ], [ -66.951000027062349, 18.11001040563109 ], [ -66.947338767464117, 18.113206002214387 ], [ -66.947313396618512, 18.112971729060899 ], [ -66.949061769879606, 18.110506691460756 ], [ -66.947936680121288, 18.111254673593599 ], [ -66.946811040522491, 18.11228494494399 ], [ -66.947303878307181, 18.111231422904563 ], [ -66.947963984305574, 18.110500925330136 ], [ -66.946903843026178, 18.111058284357359 ], [ -66.945506687529431, 18.112239900966124 ], [ -66.944912082545059, 18.112497484155902 ], [ -66.94431775382823, 18.112613921706171 ], [ -66.945134232700283, 18.111171868515939 ], [ -66.944294587199593, 18.111250485619166 ], [ -66.942368601305418, 18.112075627455027 ], [ -66.941787921986105, 18.11181519293504 ], [ -66.94176447908994, 18.11059290248755 ], [ -66.941312593806828, 18.110515806194183 ], [ -66.941520264681657, 18.109990501543937 ], [ -66.942699957419308, 18.10773502700712 ], [ -66.943969146602271, 18.105946637254117 ], [ -66.94946564759428, 18.095484145257192 ], [ -66.949480676715154, 18.094401545049926 ], [ -66.94988512043011, 18.092316357730105 ], [ -66.952758308796376, 18.089244483576078 ], [ -66.954079345286814, 18.087360053630722 ], [ -66.954313214195494, 18.086645585275981 ], [ -66.954856797446254, 18.086060605481133 ], [ -66.955322333741279, 18.085760829643689 ], [ -66.955516076256416, 18.085753544764689 ], [ -66.955515799988859, 18.085894690404203 ], [ -66.955877638440128, 18.085786995072585 ], [ -66.956705286225173, 18.085238378385128 ], [ -66.956458868680144, 18.085765138374104 ], [ -66.956626963001881, 18.085664727982046 ], [ -66.956381095297331, 18.085909198753477 ], [ -66.9567301072303, 18.085754940756168 ], [ -66.95660048600584, 18.08599503938753 ], [ -66.956988523571198, 18.085698178350501 ], [ -66.95718226770073, 18.085690893410945 ], [ -66.957130419859084, 18.085786931662934 ], [ -66.957466608502571, 18.085586110878822 ], [ -66.957427582870181, 18.085728713918542 ], [ -66.957660074750152, 18.085719971639332 ], [ -66.957504529064749, 18.086008090397151 ], [ -66.959847508924625, 18.083285469546674 ], [ -66.962202483271341, 18.081032848401541 ], [ -66.962952633941129, 18.08048714645394 ], [ -66.962848663604674, 18.080820368536884 ], [ -66.961618773627023, 18.082325011672129 ], [ -66.962432770934328, 18.082153269055844 ], [ -66.964463280780279, 18.080712611857095 ], [ -66.966572390117065, 18.07870445942191 ], [ -66.96728379142202, 18.078160214874519 ], [ -66.967516282221752, 18.078151474596233 ], [ -66.967762426193858, 18.077765858185291 ], [ -66.969495770334078, 18.076383420792411 ], [ -66.96959891725713, 18.076473631505053 ], [ -66.970180973605167, 18.076028339949509 ], [ -66.971242492993525, 18.074765252845836 ], [ -66.973428547444641, 18.073036478890188 ], [ -66.974865002146686, 18.071571115663669 ], [ -66.975382384668961, 18.071175301634788 ], [ -66.975317437270263, 18.071365922739488 ], [ -66.975627701452808, 18.071213122081829 ], [ -66.976636819384197, 18.070328366510097 ], [ -66.977089254507774, 18.070123173585916 ], [ -66.977037132012981, 18.070360357416863 ], [ -66.977606086109333, 18.070009650775507 ], [ -66.976608966973828, 18.071364403930552 ], [ -66.976996452004087, 18.071349834172548 ], [ -66.977423238934279, 18.071051515735313 ], [ -66.977345189283909, 18.071336721754196 ], [ -66.977474260667904, 18.071378912340382 ], [ -66.976773754703018, 18.072957736968579 ], [ -66.976100550227798, 18.073782815394793 ], [ -66.975348745181506, 18.075175391058359 ], [ -66.974572117515692, 18.076051404411441 ], [ -66.974972703717384, 18.075942251740173 ], [ -66.976641375646238, 18.074609291813402 ], [ -66.977754466608701, 18.07339131209725 ], [ -66.978724560522096, 18.072649159504678 ], [ -66.978866731463128, 18.072596767238156 ], [ -66.978698359793611, 18.072838325270649 ], [ -66.97895677613451, 18.072781562864982 ], [ -66.978904927212625, 18.072877603117895 ], [ -66.979331715223054, 18.07257928267974 ], [ -66.979434861065869, 18.072669495393303 ], [ -66.981167928938547, 18.071428203639936 ], [ -66.981128906000791, 18.07157080461818 ], [ -66.98132264743569, 18.071563521740099 ], [ -66.981205851115121, 18.071850183097713 ], [ -66.98301724490571, 18.070182539685948 ], [ -66.983133490305576, 18.070178169546807 ], [ -66.983003869081116, 18.07041826817817 ], [ -66.981993925041706, 18.071726458606964 ], [ -66.982316738940824, 18.071761364314149 ], [ -66.982730699886886, 18.071416485151584 ], [ -66.982704499158402, 18.071605650917554 ], [ -66.983648392343312, 18.071052664090953 ], [ -66.98349284665791, 18.071340782848772 ], [ -66.983802837267532, 18.07132912576915 ], [ -66.986533303237906, 18.068591933159748 ], [ -66.987167758348292, 18.067768312133744 ], [ -66.987103360790073, 18.067676644020896 ], [ -66.986793096607528, 18.067829444678551 ], [ -66.987311031664888, 18.067151339370646 ], [ -66.987013589691614, 18.067350704816032 ], [ -66.98669077687272, 18.067315797107927 ], [ -66.985759708591715, 18.067915346660779 ], [ -66.986148295997538, 18.067336196406202 ], [ -66.987713272243099, 18.066195312983417 ], [ -66.988373651814427, 18.065323671830956 ], [ -66.989732059560737, 18.064143512561841 ], [ -66.99032776530629, 18.063321348936046 ], [ -66.986330869599684, 18.066435475024431 ], [ -66.982425946513885, 18.068746379445642 ], [ -66.982477795435756, 18.068650339192729 ], [ -66.981456679788735, 18.069065095180232 ], [ -66.980642958748987, 18.069095692157003 ], [ -66.980164599164482, 18.06934890520764 ], [ -66.980281395485036, 18.069062243850027 ], [ -66.979945483109105, 18.069121918994629 ], [ -66.980088203890617, 18.068787237510559 ], [ -66.979984783394642, 18.068838170375951 ], [ -66.98004973079334, 18.068647549271251 ], [ -66.979920385836422, 18.068746502263103 ], [ -66.98036082216413, 18.068071311755613 ], [ -66.980244576764264, 18.068075681894754 ], [ -66.980361375779466, 18.067789018475665 ], [ -66.983040265320653, 18.065006724542062 ], [ -66.985860502389471, 18.062595471137524 ], [ -66.98618441974439, 18.062065794347209 ], [ -66.987465327680809, 18.060888551879433 ], [ -66.987594672637712, 18.060789598887581 ], [ -66.987529725239028, 18.060980219992281 ], [ -66.987633145734989, 18.060929287126889 ], [ -66.988189278702322, 18.060532013696882 ], [ -66.989185849611758, 18.059459549698825 ], [ -66.989353943933509, 18.059359139306771 ], [ -66.989301818744082, 18.059596325199195 ], [ -66.989625182483664, 18.059348941688832 ], [ -66.99251036695118, 18.056747067179593 ], [ -66.993363664544006, 18.056291575944634 ], [ -66.995162232350467, 18.054577371807543 ], [ -66.996780709733954, 18.052493578417721 ], [ -66.997066427564519, 18.051683069810068 ], [ -66.994635332597099, 18.053232877679164 ], [ -66.994622782880526, 18.053045171314324 ], [ -66.994274045600704, 18.053058283732675 ], [ -66.99335580060918, 18.053704396072334 ], [ -66.993433572911755, 18.053560337693884 ], [ -66.992851792831274, 18.053864483609914 ], [ -66.991118723344201, 18.055105775423836 ], [ -66.990912155925173, 18.055066497576586 ], [ -66.991015852688705, 18.05487441907168 ], [ -66.990770262331921, 18.054977742202674 ], [ -66.994679042930997, 18.050690803132905 ], [ -66.997020366799958, 18.048815056058949 ], [ -66.996890472002576, 18.049196298268349 ], [ -66.998959728518727, 18.047754185730867 ], [ -66.998726685718069, 18.048045219228545 ], [ -66.998830106214044, 18.047994286363153 ], [ -66.999347766084085, 18.047457324693838 ], [ -66.999489935944894, 18.047404934428236 ], [ -66.999140371476813, 18.047841483704573 ], [ -66.999308465798563, 18.047741073312515 ], [ -66.999295089973955, 18.047976801804737 ], [ -66.999915895686826, 18.047530052848984 ], [ -67.000070891531763, 18.047524223308713 ], [ -66.999889694958341, 18.047719218614954 ], [ -67.000354954985809, 18.047560588417024 ], [ -67.000962935794789, 18.047067276735024 ], [ -67.000768640744553, 18.047356852893053 ], [ -67.00111765537217, 18.047202592834264 ], [ -67.004868132453524, 18.044615228735776 ], [ -67.00680859654787, 18.042989777911121 ], [ -67.006627126401526, 18.0433259167954 ], [ -67.007079561525103, 18.043120723871219 ], [ -67.008865580695229, 18.041218811368367 ], [ -67.011322877471372, 18.039479835732379 ], [ -67.012371570875615, 18.038170187903376 ], [ -67.013419161904267, 18.037425120570948 ], [ -67.013522582400242, 18.037374187705552 ], [ -67.012331168214502, 18.039018517018626 ], [ -67.012524910729624, 18.039011232139625 ], [ -67.010907262148791, 18.040671588610905 ], [ -67.010557144065388, 18.041390431167191 ], [ -67.010634366527498, 18.041528662006289 ], [ -67.011254619705269, 18.041364204329565 ], [ -67.012457759113957, 18.040331016177834 ], [ -67.012521879324396, 18.04056383193112 ], [ -67.012677148742242, 18.040416858812812 ], [ -67.012586276882615, 18.040655500043968 ], [ -67.013348976188738, 18.040297506462132 ], [ -67.014552111822567, 18.039264322372802 ], [ -67.014564386885993, 18.0395931743166 ], [ -67.014214546150356, 18.040170869232448 ], [ -67.014511711856088, 18.040112649426575 ], [ -67.015171541586938, 18.039523297491662 ], [ -67.014757025945315, 18.040150471935092 ], [ -67.014976419348457, 18.04023631050767 ], [ -67.015765043115522, 18.039830296799376 ], [ -67.015583849236734, 18.040025290044142 ], [ -67.017032025386868, 18.039171072041366 ], [ -67.016462241407609, 18.039945217602185 ], [ -67.016914676531187, 18.039740024678004 ], [ -67.016759130845799, 18.040028143435826 ], [ -67.01802721765317, 18.0388043341794 ], [ -67.019178230792207, 18.03800833392102 ], [ -67.019164854967613, 18.038244062413241 ], [ -67.020367991681681, 18.037210876322991 ], [ -67.022087132809048, 18.036487604280314 ], [ -67.001021837623071, 18.063201501313685 ], [ -66.989126445342251, 18.08326656064251 ], [ -66.98545235975989, 18.08641559650048 ], [ -66.980977381816544, 18.089641787999071 ] ] ] } },
{ "type": "Feature", "properties": { "district": 21, "precinct_index": 3, "color": "#ffffbe", "id": "d21_p03" }, "geometry": { "type": "Polygon", "coordinates": [ [ [ -66.940481689523082, 18.152417110555049 ], [ -66.940716661887578, 18.151138059702816 ], [ -66.941351116997964, 18.150314438676808 ], [ -66.941171024960582, 18.149944849484633 ], [ -66.941546790157162, 18.149319134442329 ], [ -66.940991208110532, 18.149434116653868 ], [ -66.940914261915964, 18.149154740175259 ], [ -66.940552701346647, 18.149121289806804 ], [ -66.94006124059068, 18.149469085770704 ], [ -66.940204237639747, 18.148993258647121 ], [ -66.940127291445179, 18.148713882168508 ], [ -66.940606754485501, 18.147896086620378 ], [ -66.939779657621159, 18.148162412089366 ], [ -66.940699006068485, 18.146951717252215 ], [ -66.940582760668619, 18.146956087391356 ], [ -66.940570485605207, 18.146627235447557 ], [ -66.941037122661399, 18.1457628791741 ], [ -66.941115172311768, 18.145477673155217 ], [ -66.940921703369554, 18.145343814456183 ], [ -66.941090075039085, 18.145102256423691 ], [ -66.94090915473322, 18.145156106090418 ], [ -66.94109062487955, 18.144819967206143 ], [ -66.93987549044985, 18.14538315371216 ], [ -66.939681747934728, 18.145390438591161 ], [ -66.939656374394488, 18.145156167499149 ], [ -66.940264907738566, 18.144380564538121 ], [ -66.941781065387261, 18.141783123577678 ], [ -66.941471074777638, 18.1417947806573 ], [ -66.941548847080213, 18.14165072227885 ], [ -66.941083589747379, 18.141809350415304 ], [ -66.942469022715798, 18.140016590583716 ], [ -66.943853629576196, 18.138647265609187 ], [ -66.944592335065437, 18.137349272798332 ], [ -66.946610295194816, 18.135720909234738 ], [ -66.947917404939957, 18.134354499000072 ], [ -66.948486362811181, 18.134003788296312 ], [ -66.948927348979367, 18.133046308571274 ], [ -66.9474404234644, 18.133901983974255 ], [ -66.947415051538556, 18.133667712821687 ], [ -66.947157186118361, 18.133442184008882 ], [ -66.947520676251514, 18.132487617022779 ], [ -66.949681910777727, 18.130242278695171 ], [ -66.951093268207089, 18.128401498737126 ], [ -66.951107470139718, 18.127742335387847 ], [ -66.950771557763787, 18.127802010532449 ], [ -66.95078493358838, 18.127566282040227 ], [ -66.95038462365423, 18.127534289071981 ], [ -66.950255828537792, 18.127350952846285 ], [ -66.949790568510323, 18.127509583044215 ], [ -66.949999616413876, 18.126278552318436 ], [ -66.949728375169073, 18.126288751997851 ], [ -66.950543477012417, 18.125552424883153 ], [ -66.951490400522317, 18.123446840265977 ], [ -66.950702603943512, 18.123429417116292 ], [ -66.950431915233821, 18.123157325516679 ], [ -66.951364363238199, 18.12185204782682 ], [ -66.951222743217869, 18.121622148874874 ], [ -66.951779702293223, 18.120801440587805 ], [ -66.951624709142919, 18.120807268066599 ], [ -66.951754330367393, 18.120567169435237 ], [ -66.950939783219624, 18.121021201269066 ], [ -66.95116027630371, 18.120542461406547 ], [ -66.95072094073717, 18.120653071478021 ], [ -66.949026619534706, 18.121892907892658 ], [ -66.950114339651549, 18.12044065502301 ], [ -66.950438530579405, 18.119769834654665 ], [ -66.950154189777564, 18.119874617186788 ], [ -66.950621103101312, 18.118869115273814 ], [ -66.94944444176889, 18.119571990019139 ], [ -66.950919920488914, 18.117964023813457 ], [ -66.950545811283263, 18.11774286507924 ], [ -66.950898129808792, 18.115894863651842 ], [ -66.950639990815674, 18.115810478417075 ], [ -66.951313471558436, 18.11484425435135 ], [ -66.950550218636991, 18.115484541213135 ], [ -66.953190362588188, 18.112703700617342 ], [ -66.950863791572544, 18.113637993123547 ], [ -66.951096835987613, 18.113346959565312 ], [ -66.950425008541117, 18.113466311915996 ], [ -66.948548940924752, 18.115183432854423 ], [ -66.948355199489853, 18.115190715732503 ], [ -66.948018183658121, 18.115814973374597 ], [ -66.946558008712117, 18.11619919379406 ], [ -66.946817801001515, 18.115436707313787 ], [ -66.947413786789483, 18.114473393986078 ], [ -66.947221971143549, 18.113492663572 ], [ -66.947338767464117, 18.113206002214387 ], [ -66.951000027062349, 18.11001040563109 ], [ -66.951607734298406, 18.109658237527125 ], [ -66.952421728911077, 18.109486496972323 ], [ -66.953858737228444, 18.107738840465856 ], [ -66.956845965163197, 18.105791759166753 ], [ -66.956599270270388, 18.106459666796162 ], [ -66.95904374214264, 18.104674128433928 ], [ -66.960325203694396, 18.103214592686204 ], [ -66.962990168650734, 18.100950314461446 ], [ -66.964282525542544, 18.100525358794528 ], [ -66.965976293129685, 18.099567815659839 ], [ -66.970063512469849, 18.09649733749729 ], [ -66.970605992264808, 18.096476940199935 ], [ -66.973101485870671, 18.095018798442766 ], [ -66.974795805992912, 18.093778964029053 ], [ -66.976620300954949, 18.092016737704029 ], [ -66.978016905530993, 18.091117412313732 ], [ -66.979115517213046, 18.090699743587294 ], [ -66.982011873288172, 18.088991303519347 ], [ -66.98545235975989, 18.08641559650048 ], [ -66.98950165692348, 18.082923138880155 ], [ -66.988801700799073, 18.084219674290807 ], [ -66.989059567299492, 18.084445201102689 ], [ -66.992241363857403, 18.082067400067523 ], [ -66.992589827564302, 18.082195431227206 ], [ -67.000956906384189, 18.076611770519676 ], [ -67.000283148293647, 18.077719142225838 ], [ -66.999996880622604, 18.078811940051036 ], [ -66.999168404034904, 18.079783993657035 ], [ -66.999283548673603, 18.080344203953906 ], [ -66.998674464408822, 18.081402098133402 ], [ -66.996745171922086, 18.083920983399352 ], [ -66.990485971623954, 18.094741468978118 ], [ -66.990407372133106, 18.095308964214549 ], [ -66.990510792629081, 18.095258031349157 ], [ -66.990548989458816, 18.095538865227976 ], [ -66.989642192342458, 18.096937266369412 ], [ -66.989602615789366, 18.097362160627601 ], [ -66.98987302984591, 18.097775397806167 ], [ -66.987981383268206, 18.100857408169404 ], [ -66.986709713600717, 18.103916106495429 ], [ -66.987084375341482, 18.103854973950622 ], [ -66.987006603038893, 18.103999032329071 ], [ -66.985647370798958, 18.105602626394688 ], [ -66.985452524828034, 18.106174493771185 ], [ -66.98277280432373, 18.10938022862517 ], [ -66.982526110511159, 18.110048134253656 ], [ -66.980713614344992, 18.112280358161993 ], [ -66.978796319573902, 18.115269243012175 ], [ -66.97716529355408, 18.117165328036233 ], [ -66.972455340551605, 18.121670572448533 ], [ -66.971845982713901, 18.122869610206063 ], [ -66.971211527603515, 18.123693231232068 ], [ -66.970458895368978, 18.125509243753616 ], [ -66.970366920053536, 18.126312467482265 ], [ -66.970456965805141, 18.12649726110817 ], [ -66.970702556161925, 18.126393937977177 ], [ -66.970934498201402, 18.126667484915515 ], [ -66.972239953570039, 18.126147948396813 ], [ -66.971076118221745, 18.126897383867462 ], [ -66.970197172435519, 18.127259749589367 ], [ -66.969084908661316, 18.128054292447537 ], [ -66.966612859031855, 18.130734722651276 ], [ -66.964775541860561, 18.132450384188573 ], [ -66.963325708639289, 18.134151477968789 ], [ -66.962033354442099, 18.134576431574228 ], [ -66.960908264683781, 18.135324413707075 ], [ -66.957674066668886, 18.138080546274178 ], [ -66.956199688710043, 18.139123932043844 ], [ -66.951309095444117, 18.143541876420962 ], [ -66.948593382327076, 18.145337614462612 ], [ -66.947325296599928, 18.146561421718118 ], [ -66.946264880667371, 18.147259926324296 ], [ -66.945086842306225, 18.148668527145151 ], [ -66.942875689502188, 18.150021886370197 ], [ -66.94132243578494, 18.151773913015806 ], [ -66.940481689523082, 18.152417110555049 ] ] ] } },
{ "type": "Feature", "properties": { "district": 21, "precinct_index": 4, "color": "#e0e0e0", "id": "d21_p04" }, "geometry": { "type": "Polygon", "coordinates": [ [ [ -66.955935226798729, 18.155505540132868 ], [ -66.955974250816709, 18.155362937153704 ], [ -66.954848887485454, 18.156252062864585 ], [ -66.954914111151709, 18.155920296120371 ], [ -66.95402151435357, 18.156659533973084 ], [ -66.953608104862369, 18.156722123857545 ], [ -66.951498442990484, 18.159012567571754 ], [ -66.950050265760112, 18.159866787575449 ], [ -66.948071328568489, 18.1613525501608 ], [ -66.945873278016123, 18.162611324471662 ], [ -66.94689632161257, 18.161208551190157 ], [ -66.947091442770827, 18.16049554017507 ], [ -66.943741275623623, 18.163114897241805 ], [ -66.942252971999707, 18.164676300721236 ], [ -66.939433288546226, 18.16680526084583 ], [ -66.939278292701289, 18.166811090386105 ], [ -66.939874275794637, 18.165847779119872 ], [ -66.913416562232726, 18.182790901156093 ], [ -66.896666275791134, 18.195605401213509 ], [ -66.89604574634582, 18.195911004529744 ], [ -66.896188467127331, 18.195576323045675 ], [ -66.89602037280558, 18.195676733437733 ], [ -66.894855710269042, 18.196849605766367 ], [ -66.894752288692828, 18.196900540632683 ], [ -66.894778487806917, 18.196711374927268 ], [ -66.895219200402181, 18.195895038780264 ], [ -66.894675893418977, 18.196338872935602 ], [ -66.894779590182495, 18.196146794430696 ], [ -66.896332843899742, 18.194394767785084 ], [ -66.895324000621514, 18.195138377777862 ], [ -66.895506021688547, 18.194519947675115 ], [ -66.896050157474406, 18.193652676601243 ], [ -66.895443003853686, 18.19372255142526 ], [ -66.895469201887551, 18.19353338772077 ], [ -66.895340133198189, 18.193491195073104 ], [ -66.895870891545059, 18.192859652552006 ], [ -66.896310227111584, 18.192749042480536 ], [ -66.896776038059755, 18.192308121064134 ], [ -66.897372020072865, 18.191344811798825 ], [ -66.89512129071575, 18.193123065282059 ], [ -66.8949144497238, 18.193224931012846 ], [ -66.894914723296722, 18.193083787434812 ], [ -66.894759731226657, 18.193089612912683 ], [ -66.894850603086283, 18.192850971681526 ], [ -66.894747181510084, 18.192901906547842 ], [ -66.893880231825108, 18.193734271914533 ], [ -66.893738061964299, 18.193786662180134 ], [ -66.893764262692798, 18.193597496414164 ], [ -66.893660842196823, 18.193648429279559 ], [ -66.892677646031743, 18.194485166786315 ], [ -66.892509829057786, 18.194444429537935 ], [ -66.891513810683449, 18.195234602256964 ], [ -66.890919205699078, 18.195492185446746 ], [ -66.887620335472818, 18.198297795479959 ], [ -66.882744492365589, 18.201774287350801 ], [ -66.88423362209754, 18.199789449014308 ], [ -66.886770345552776, 18.19705954128391 ], [ -66.887856961133579, 18.196171872912682 ], [ -66.889359190422567, 18.194092451723481 ], [ -66.889824174182493, 18.194074967165065 ], [ -66.892488314645206, 18.192234123736814 ], [ -66.898446215456801, 18.183589038251988 ], [ -66.900789746237393, 18.180584126183039 ], [ -66.901826441925976, 18.178804478769806 ], [ -66.903676861348956, 18.176994232318322 ], [ -66.910324795266604, 18.17213384771587 ], [ -66.90980686182364, 18.172811952963219 ], [ -66.91031141944201, 18.172369576208091 ], [ -66.910802603930421, 18.172162925883704 ], [ -66.911034819542834, 18.172295329244008 ], [ -66.912418324561827, 18.171490586706419 ], [ -66.912870483417848, 18.171426539421752 ], [ -66.91255939096682, 18.172002778938314 ], [ -66.912843458195738, 18.172039139984228 ], [ -66.913218393509425, 18.171836863861383 ], [ -66.913205018765055, 18.172072590352681 ], [ -66.913321264164921, 18.172068220213539 ], [ -66.915247526326652, 18.171101932738161 ], [ -66.915440717921072, 18.171376939077629 ], [ -66.915711956471227, 18.171366741459693 ], [ -66.91719833214573, 18.17079335527426 ], [ -66.919087775586689, 18.168840505843612 ], [ -66.919476362992512, 18.168261355589038 ], [ -66.919554686215804, 18.167835005992117 ], [ -66.92039598501276, 18.166909517173849 ], [ -66.921314507352065, 18.166122257193756 ], [ -66.922736759041257, 18.165316059317441 ], [ -66.923552134457509, 18.164438588624705 ], [ -66.928015393647399, 18.160601249840894 ], [ -66.928493752151681, 18.160348038791181 ], [ -66.928454452946383, 18.160631785408935 ], [ -66.928609447711082, 18.160625957869584 ], [ -66.929656487819031, 18.160163181755625 ], [ -66.931092116413055, 18.159121253386168 ], [ -66.931026618093668, 18.159594165709336 ], [ -66.932216378983128, 18.158796708111304 ], [ -66.932267676984296, 18.158982959076862 ], [ -66.932901304906437, 18.15858277490884 ], [ -66.933042924926767, 18.158812673860787 ], [ -66.933223842537998, 18.158758826255536 ], [ -66.935448646353947, 18.157028594899678 ], [ -66.938670570385653, 18.153943608387856 ], [ -66.941167166367094, 18.151920886134114 ], [ -66.942875689502188, 18.150021886370197 ], [ -66.945086842306225, 18.148668527145151 ], [ -66.946264880667371, 18.147259926324296 ], [ -66.947325296599928, 18.146561421718118 ], [ -66.948464037370172, 18.145436567454464 ], [ -66.951309095444117, 18.143541876420962 ], [ -66.956199688710043, 18.139123932043844 ], [ -66.957674066668886, 18.138080546274178 ], [ -66.960908264683781, 18.135324413707075 ], [ -66.962033354442099, 18.134576431574228 ], [ -66.963325708639289, 18.134151477968789 ], [ -66.964775541860561, 18.132450384188573 ], [ -66.966612859031855, 18.130734722651276 ], [ -66.968373230008595, 18.128739684635367 ], [ -66.96979630996627, 18.127510047900145 ], [ -66.971580401186969, 18.126596152691292 ], [ -66.973584986571979, 18.125203515618999 ], [ -66.973998394982942, 18.125140927735458 ], [ -66.974178764368105, 18.125369369287199 ], [ -66.974553426108869, 18.125308236742391 ], [ -66.976246643855532, 18.124632982825251 ], [ -66.977216737768927, 18.123890830232678 ], [ -66.978277979809505, 18.122768890769439 ], [ -66.978626718169565, 18.122755776350164 ], [ -66.978651815442248, 18.12313119308169 ], [ -66.979479738414611, 18.12244143275564 ], [ -66.979944999522317, 18.122282800556789 ], [ -66.979698304629508, 18.122950708186199 ], [ -66.979749050095577, 18.123419250430779 ], [ -66.980446802003016, 18.123251877953642 ], [ -66.982088996935829, 18.122249229432352 ], [ -66.985115525156118, 18.120018399514574 ], [ -66.986020118055492, 18.11974916130665 ], [ -66.987624117238795, 18.118465676905622 ], [ -66.987247801121526, 18.119373683166394 ], [ -66.988437011090298, 18.118858516786833 ], [ -66.988151294339957, 18.119669023393566 ], [ -66.988202592341139, 18.119855274359121 ], [ -66.988590353638941, 18.119699558961607 ], [ -66.990841356568978, 18.117780161900335 ], [ -66.992612899153343, 18.11667855832572 ], [ -66.99464395883976, 18.114955611909419 ], [ -66.995445407510715, 18.114596160927377 ], [ -66.997243149209154, 18.113305391647344 ], [ -66.997604986046028, 18.113197696376286 ], [ -67.003515596892427, 18.108929574386206 ], [ -67.003683691214164, 18.108829163994148 ], [ -67.003644392008866, 18.109112910611902 ], [ -67.005377736149086, 18.107730473219025 ], [ -67.005609950681261, 18.107862878580253 ], [ -67.006812536474627, 18.107111983708471 ], [ -67.006190906268131, 18.107982167460726 ], [ -67.007122527084249, 18.107100326628849 ], [ -67.007264698025281, 18.107047934362328 ], [ -67.007225121472189, 18.107472828620516 ], [ -67.008324286769579, 18.106772866614129 ], [ -67.007494709420712, 18.108309500656144 ], [ -67.006977876738915, 18.108423025467474 ], [ -67.006071904116183, 18.109397991812408 ], [ -67.004287538242338, 18.110453032600219 ], [ -67.0012211572014, 18.113249902415699 ], [ -67.000923168082281, 18.113731555017154 ], [ -67.001310652032302, 18.113716987260073 ], [ -67.001155106346914, 18.114005106017892 ], [ -66.999447410400066, 18.115480668923826 ], [ -66.999150247388968, 18.115538886668222 ], [ -66.996446807720957, 18.117663476714227 ], [ -66.995863924184661, 18.118532205127753 ], [ -66.996303259751187, 18.118421595056279 ], [ -66.997506396465255, 18.117388408966033 ], [ -66.99560358097456, 18.119576982826498 ], [ -66.99397420717078, 18.120626198136435 ], [ -66.991373914425807, 18.122840998895082 ], [ -66.989563624091033, 18.12394405980935 ], [ -66.988929168980647, 18.124767680835355 ], [ -66.986522893938115, 18.126834053076411 ], [ -66.984387034032366, 18.129313660495111 ], [ -66.984539272044984, 18.130719287168297 ], [ -66.975460242079677, 18.137129481640766 ], [ -66.974243178086141, 18.138680685501342 ], [ -66.972664276175507, 18.140339586633896 ], [ -66.969805843357193, 18.142470004158696 ], [ -66.967632060194632, 18.144527634120543 ], [ -66.96623435485742, 18.145991539946852 ], [ -66.963890547809285, 18.149137597655312 ], [ -66.962532692598089, 18.150035465645402 ], [ -66.95854806926026, 18.153478445739061 ], [ -66.95707258892584, 18.1550864120053 ], [ -66.956283687810995, 18.155633573354031 ], [ -66.956064021915154, 18.155688876358568 ], [ -66.95610304485291, 18.155546275380324 ], [ -66.955935226798729, 18.155505540132868 ] ] ] } },
{ "type": "Feature", "properties": { "district": 21, "precinct_index": 5, "color": "#ffebaf", "id": "d21_p05" }, "geometry": { "type": "Polygon", "coordinates": [ [ [ -66.877066375013555, 18.206033667001119 ], [ -66.876950129613689, 18.20603803714026 ], [ -66.876860358515231, 18.2057120979354 ], [ -66.876020162093852, 18.206073006257096 ], [ -66.876434951308397, 18.205304688235628 ], [ -66.879076472288332, 18.201818121564305 ], [ -66.878456219110561, 18.201982579241029 ], [ -66.878586391255723, 18.201460189391195 ], [ -66.87757837408553, 18.201780364526915 ], [ -66.877903393816027, 18.200686107240028 ], [ -66.876494791524337, 18.201115433046091 ], [ -66.872071658728018, 18.204245588354162 ], [ -66.870869350282433, 18.20485533558551 ], [ -66.869071608583994, 18.206146104865539 ], [ -66.869253905918583, 18.205386529123281 ], [ -66.870653540819632, 18.202934605942414 ], [ -66.869761496556592, 18.203391552516099 ], [ -66.869503631136396, 18.203166023703297 ], [ -66.869038096455782, 18.203465799480181 ], [ -66.868870553054734, 18.203283918653771 ], [ -66.869142895060705, 18.202709138538339 ], [ -66.868664811743741, 18.202821205949462 ], [ -66.868859381447123, 18.202390484212476 ], [ -66.870011221774405, 18.201171047096118 ], [ -66.870335412702261, 18.200500226727769 ], [ -66.870143047215848, 18.199801785531239 ], [ -66.870895678370161, 18.197985775010615 ], [ -66.870883406001369, 18.19765692100534 ], [ -66.87392385988673, 18.194908073377793 ], [ -66.876279663036101, 18.192232015314122 ], [ -66.881325804682049, 18.187525950117706 ], [ -66.881649445769426, 18.187137418966905 ], [ -66.881999836345528, 18.18627743483351 ], [ -66.881470456107621, 18.186203249278158 ], [ -66.882518873244294, 18.185034747088668 ], [ -66.888171894938054, 18.180399950646272 ], [ -66.889195214802058, 18.178856031725257 ], [ -66.892118872366837, 18.176393845455323 ], [ -66.893917716440853, 18.174538495678718 ], [ -66.895949879583085, 18.172250966764924 ], [ -66.896299720318723, 18.171673271849077 ], [ -66.896468365561162, 18.171290570238551 ], [ -66.896197950424394, 18.170877335060904 ], [ -66.896301924535706, 18.170544108915564 ], [ -66.89604378446235, 18.170459725681717 ], [ -66.896057433859866, 18.170082853611461 ], [ -66.89577337040582, 18.17004648850315 ], [ -66.895864518532989, 18.16966670163248 ], [ -66.897690390523749, 18.167198749231925 ], [ -66.899709452494548, 18.165005803231395 ], [ -66.900912314555455, 18.164113762720103 ], [ -66.903513158221131, 18.161616670742983 ], [ -66.904600602070417, 18.160305563512853 ], [ -66.906708607951416, 18.158861993575165 ], [ -66.908623697425284, 18.157002273659419 ], [ -66.908986361450417, 18.156471141530378 ], [ -66.910241348700751, 18.155341915126659 ], [ -66.910190050699583, 18.155155664161104 ], [ -66.912572328150361, 18.152149296753425 ], [ -66.915314515568809, 18.15002324936777 ], [ -66.915781429972796, 18.149017745453875 ], [ -66.916493657385757, 18.148050066049422 ], [ -66.916623832225554, 18.147527674138111 ], [ -66.917361984099472, 18.146511974607201 ], [ -66.921698102549428, 18.141644425881726 ], [ -66.923431999224746, 18.139979697209821 ], [ -66.924052252402518, 18.139815239533096 ], [ -66.92622520837682, 18.138181046429231 ], [ -66.926107582173373, 18.138891146706307 ], [ -66.92639137205451, 18.139068655392652 ], [ -66.928355831045963, 18.138383201796096 ], [ -66.927992614485746, 18.139196625204164 ], [ -66.92607697409116, 18.141338636338379 ], [ -66.928430020488449, 18.140074032487245 ], [ -66.930305537184097, 18.138639202767287 ], [ -66.931754814095413, 18.137220404328499 ], [ -66.931483299277701, 18.137371747585949 ], [ -66.930850773731137, 18.137207351257398 ], [ -66.930683506597646, 18.13688432479147 ], [ -66.929598543232885, 18.136925123448577 ], [ -66.930116479370483, 18.136247016139752 ], [ -66.931927595813292, 18.134720520368425 ], [ -66.93165608099558, 18.134871863625875 ], [ -66.93153983451549, 18.13487623576594 ], [ -66.931682279029431, 18.134682699921385 ], [ -66.931320442192572, 18.134790395192443 ], [ -66.931334094284722, 18.134413521060708 ], [ -66.931580235562194, 18.134027906711246 ], [ -66.933403903335972, 18.132689117244205 ], [ -66.934063179451499, 18.132382058589236 ], [ -66.934774857023996, 18.131696668402331 ], [ -66.937402176071302, 18.128869265080287 ], [ -66.940093618023695, 18.126274675450048 ], [ -66.939434339213534, 18.126581736166493 ], [ -66.941233736902888, 18.124444093109943 ], [ -66.939862779440006, 18.125436546014214 ], [ -66.939500942603132, 18.125544241285272 ], [ -66.939410895237131, 18.125359447719923 ], [ -66.940484685914058, 18.124425216622448 ], [ -66.940329693843992, 18.124431042100319 ], [ -66.938208035870858, 18.126251486169739 ], [ -66.937846196339351, 18.126359183502277 ], [ -66.937717401222912, 18.126175847276578 ], [ -66.936915678979034, 18.126676441836658 ], [ -66.93633417516611, 18.126839442113177 ], [ -66.936282877164928, 18.126653191147621 ], [ -66.935598226428937, 18.126725980711495 ], [ -66.936362580111577, 18.125521113413694 ], [ -66.936143187788659, 18.125435272840196 ], [ -66.936428630966063, 18.124765909811497 ], [ -66.935575883213716, 18.124939111828908 ], [ -66.935770179344175, 18.12464953366996 ], [ -66.935498938099386, 18.124659733349375 ], [ -66.935641384227736, 18.124466197444264 ], [ -66.935564161765626, 18.124327966605165 ], [ -66.936327688259993, 18.123546536165346 ], [ -66.936211719127684, 18.123409760664973 ], [ -66.937338184834502, 18.121956054457524 ], [ -66.937791996986817, 18.121045135457813 ], [ -66.937559231533925, 18.121195021315057 ], [ -66.93802504248211, 18.120754099898658 ], [ -66.938452379252766, 18.120173492243875 ], [ -66.938517603999244, 18.119841723498741 ], [ -66.940148903591989, 18.117804494896646 ], [ -66.938855996859701, 18.118511739781113 ], [ -66.93696655449898, 18.120464587210837 ], [ -66.937432640634469, 18.119882522155848 ], [ -66.93783488121268, 18.118926495768616 ], [ -66.94464084399489, 18.112507681773838 ], [ -66.945506687529431, 18.112239900966124 ], [ -66.946903843026178, 18.111058284357359 ], [ -66.947886485575921, 18.110503840130548 ], [ -66.947303878307181, 18.111231422904563 ], [ -66.946811040522491, 18.11228494494399 ], [ -66.947936680121288, 18.111254673593599 ], [ -66.949061769879606, 18.110506691460756 ], [ -66.947235623235699, 18.113115789440268 ], [ -66.947390616386002, 18.113109961961474 ], [ -66.947221971143549, 18.113492663572 ], [ -66.947413786789483, 18.114473393986078 ], [ -66.946817801001515, 18.115436707313787 ], [ -66.946558008712117, 18.11619919379406 ], [ -66.948018183658121, 18.115814973374597 ], [ -66.948355199489853, 18.115190715732503 ], [ -66.948548940924752, 18.115183432854423 ], [ -66.950425008541117, 18.113466311915996 ], [ -66.951096835987613, 18.113346959565312 ], [ -66.950863791572544, 18.113637993123547 ], [ -66.953190362588188, 18.112703700617342 ], [ -66.950550218636991, 18.115484541213135 ], [ -66.951313471558436, 18.11484425435135 ], [ -66.950639990815674, 18.115810478417075 ], [ -66.950898129808792, 18.115894863651842 ], [ -66.950545811283263, 18.11774286507924 ], [ -66.950919920488914, 18.117964023813457 ], [ -66.94944444176889, 18.119571990019139 ], [ -66.950621103101312, 18.118869115273814 ], [ -66.950154189777564, 18.119874617186788 ], [ -66.950438530579405, 18.119769834654665 ], [ -66.950114339651549, 18.12044065502301 ], [ -66.949026619534706, 18.121892907892658 ], [ -66.95072094073717, 18.120653071478021 ], [ -66.95116027630371, 18.120542461406547 ], [ -66.950939783219624, 18.121021201269066 ], [ -66.951754330367393, 18.120567169435237 ], [ -66.951624709142919, 18.120807268066599 ], [ -66.951779702293223, 18.120801440587805 ], [ -66.951222743217869, 18.121622148874874 ], [ -66.951364363238199, 18.12185204782682 ], [ -66.950431915233821, 18.123157325516679 ], [ -66.950702603943512, 18.123429417116292 ], [ -66.951490400522317, 18.123446840265977 ], [ -66.950543477012417, 18.125552424883153 ], [ -66.949728375169073, 18.126288751997851 ], [ -66.949999616413876, 18.126278552318436 ], [ -66.949790568510323, 18.127509583044215 ], [ -66.950255828537792, 18.127350952846285 ], [ -66.95038462365423, 18.127534289071981 ], [ -66.95078493358838, 18.127566282040227 ], [ -66.950771557763787, 18.127802010532449 ], [ -66.951107470139718, 18.127742335387847 ], [ -66.951093268207089, 18.128401498737126 ], [ -66.949681910777727, 18.130242278695171 ], [ -66.947520676251514, 18.132487617022779 ], [ -66.947157186118361, 18.133442184008882 ], [ -66.947415051538556, 18.133667712821687 ], [ -66.9474404234644, 18.133901983974255 ], [ -66.948927348979367, 18.133046308571274 ], [ -66.948486362811181, 18.134003788296312 ], [ -66.947917404939957, 18.134354499000072 ], [ -66.946610295194816, 18.135720909234738 ], [ -66.944592335065437, 18.137349272798332 ], [ -66.943853629576196, 18.138647265609187 ], [ -66.941912340988225, 18.140696151230348 ], [ -66.941083589747379, 18.141809350415304 ], [ -66.941548847080213, 18.14165072227885 ], [ -66.941471074777638, 18.1417947806573 ], [ -66.94176824048337, 18.141736560851427 ], [ -66.94117225847026, 18.142699870116736 ], [ -66.941405023923139, 18.142549984259492 ], [ -66.939656374394488, 18.145156167499149 ], [ -66.939681747934728, 18.145390438591161 ], [ -66.93987549044985, 18.14538315371216 ], [ -66.94109062487955, 18.144819967206143 ], [ -66.94090915473322, 18.145156106090418 ], [ -66.941090075039085, 18.145102256423691 ], [ -66.940921703369554, 18.145343814456183 ], [ -66.941115172311768, 18.145477673155217 ], [ -66.941037122661399, 18.1457628791741 ], [ -66.940570485605207, 18.146627235447557 ], [ -66.940582760668619, 18.146956087391356 ], [ -66.940699006068485, 18.146951717252215 ], [ -66.939779657621159, 18.148162412089366 ], [ -66.940606754485501, 18.147896086620378 ], [ -66.940127291445179, 18.148713882168508 ], [ -66.940204237639747, 18.148993258647121 ], [ -66.94006124059068, 18.149469085770704 ], [ -66.940552701346647, 18.149121289806804 ], [ -66.940914261915964, 18.149154740175259 ], [ -66.940991208110532, 18.149434116653868 ], [ -66.941546790157162, 18.149319134442329 ], [ -66.941171024960582, 18.149944849484633 ], [ -66.941351116997964, 18.150314438676808 ], [ -66.940716661887578, 18.151138059702816 ], [ -66.940481689523082, 18.152417110555049 ], [ -66.937920146142943, 18.154630453913491 ], [ -66.936522438111112, 18.15609436180128 ], [ -66.933223842537998, 18.158758826255536 ], [ -66.933042924926767, 18.158812673860787 ], [ -66.932901304906437, 18.15858277490884 ], [ -66.932267676984296, 18.158982959076862 ], [ -66.932216378983128, 18.158796708111304 ], [ -66.931026618093668, 18.159594165709336 ], [ -66.931092116413055, 18.159121253386168 ], [ -66.929656487819031, 18.160163181755625 ], [ -66.928609447711082, 18.160625957869584 ], [ -66.928454452946383, 18.160631785408935 ], [ -66.928493752151681, 18.160348038791181 ], [ -66.928015393647399, 18.160601249840894 ], [ -66.923552134457509, 18.164438588624705 ], [ -66.922736759041257, 18.165316059317441 ], [ -66.921314507352065, 18.166122257193756 ], [ -66.92039598501276, 18.166909517173849 ], [ -66.919554686215804, 18.167835005992117 ], [ -66.919476362992512, 18.168261355589038 ], [ -66.919087775586689, 18.168840505843612 ], [ -66.91719833214573, 18.17079335527426 ], [ -66.915711956471227, 18.171366741459693 ], [ -66.915440717921072, 18.171376939077629 ], [ -66.915247526326652, 18.171101932738161 ], [ -66.913321264164921, 18.172068220213539 ], [ -66.913205018765055, 18.172072590352681 ], [ -66.913218393509425, 18.171836863861383 ], [ -66.912843458195738, 18.172039139984228 ], [ -66.91255939096682, 18.172002778938314 ], [ -66.912870483417848, 18.171426539421752 ], [ -66.912418324561827, 18.171490586706419 ], [ -66.911034819542834, 18.172295329244008 ], [ -66.910802603930421, 18.172162925883704 ], [ -66.91031141944201, 18.172369576208091 ], [ -66.90980686182364, 18.172811952963219 ], [ -66.910324795266604, 18.17213384771587 ], [ -66.903482842566277, 18.177142662836836 ], [ -66.901826441925976, 18.178804478769806 ], [ -66.900789746237393, 18.180584126183039 ], [ -66.898446215456801, 18.183589038251988 ], [ -66.892488314645206, 18.192234123736814 ], [ -66.889824174182493, 18.194074967165065 ], [ -66.889359190422567, 18.194092451723481 ], [ -66.887856961133579, 18.196171872912682 ], [ -66.886770345552776, 18.19705954128391 ], [ -66.88423362209754, 18.199789449014308 ], [ -66.882744492365589, 18.201774287350801 ], [ -66.879239054720315, 18.204540619536768 ], [ -66.877777776318496, 18.205489422453724 ], [ -66.876962401982482, 18.206366891145535 ], [ -66.877066375013555, 18.206033667001119 ] ] ] } },
{ "type": "Feature", "properties": { "district": 22, "precinct_index": 0, "color": "#e0e0e0", "id": "d22_p00" }, "geometry": { "type": "Polygon", "coordinates": [ [ [ -66.323591978617216, 18.403878147511438 ], [ -66.353304393225599, 18.390133507425301 ], [ -66.358674733541648, 18.387412384760847 ], [ -66.362239378557845, 18.385429901481757 ], [ -66.362349358048604, 18.385183920646213 ], [ -66.363529269145687, 18.384517751014833 ], [ -66.373134105572632, 18.379374098240358 ], [ -66.402705873812778, 18.365459782672108 ], [ -66.406880213882786, 18.363315284627731 ], [ -66.416612294220315, 18.359124542457661 ], [ -66.422174623774652, 18.356368578758641 ], [ -66.423845433782986, 18.355859891806286 ], [ -66.419871902046268, 18.357896030479651 ], [ -66.425790248701318, 18.355527500832864 ], [ -66.428775858579243, 18.354122690756316 ], [ -66.429689050149619, 18.353443281858986 ], [ -66.429305069229855, 18.353512965655792 ], [ -66.42964804579475, 18.353337712292433 ], [ -66.43377831652964, 18.351560793052684 ], [ -66.436564651786, 18.350027767297721 ], [ -66.443904718745301, 18.346990279274895 ], [ -66.451923447526937, 18.343439230599859 ], [ -66.453201469368864, 18.343073740205792 ], [ -66.455099524779769, 18.342236148963213 ], [ -66.45555976029452, 18.341977974264779 ], [ -66.454207011645153, 18.342295383298527 ], [ -66.458390164885984, 18.340077369705188 ], [ -66.465262705023093, 18.337135002455298 ], [ -66.466115738109409, 18.33673362735129 ], [ -66.466291631236771, 18.336609243425031 ], [ -66.465832923509566, 18.336630845861521 ], [ -66.466518876639341, 18.336280339134806 ], [ -66.469193701136419, 18.335229867537134 ], [ -66.470775219494925, 18.334346983011017 ], [ -66.470984835074859, 18.334165110878523 ], [ -66.470860290741712, 18.33408497550062 ], [ -66.471379160433969, 18.333785338211005 ], [ -66.477592192877964, 18.330972928253452 ], [ -66.478914278130816, 18.330239861842241 ], [ -66.476509221773583, 18.330830430301582 ], [ -66.476626490128595, 18.33074750511922 ], [ -66.485320827600646, 18.327156038588178 ], [ -66.486275024563682, 18.326582199925276 ], [ -66.485030727617527, 18.326890200385428 ], [ -66.485743120259784, 18.326319147011819 ], [ -66.492574658485211, 18.323271208467702 ], [ -66.493871832013141, 18.322522116441441 ], [ -66.498343548044389, 18.320806517160083 ], [ -66.50186106815039, 18.319664757209509 ], [ -66.51204150933259, 18.315762503201338 ], [ -66.513344436975274, 18.315413041209805 ], [ -66.514921366046977, 18.31523987625701 ], [ -66.512886888151854, 18.316543996041826 ], [ -66.515105701018214, 18.316387903166941 ], [ -66.514929807890837, 18.3165122870932 ], [ -66.517727652414507, 18.315778522075572 ], [ -66.520811373037247, 18.314674391236341 ], [ -66.521227542697872, 18.314783794282729 ], [ -66.524830136493847, 18.31338002509408 ], [ -66.525189205688676, 18.313294315682221 ], [ -66.524778787699631, 18.313584544398243 ], [ -66.527101825941969, 18.312782840653085 ], [ -66.524692186222097, 18.314083125898264 ], [ -66.525092259771796, 18.314102986052955 ], [ -66.524246512068771, 18.314667417869945 ], [ -66.534314283587904, 18.310138365623533 ], [ -66.53723820371323, 18.309248162662058 ], [ -66.541125139896593, 18.307710602701235 ], [ -66.553482223724529, 18.302437335975704 ], [ -66.554393885064172, 18.301994501067995 ], [ -66.555115090877251, 18.301349932145424 ], [ -66.557448470077972, 18.300238140589357 ], [ -66.55640498494607, 18.300437780618701 ], [ -66.557810600772058, 18.299679283866126 ], [ -66.568672777124178, 18.294790316319407 ], [ -66.570846361751634, 18.293892449853619 ], [ -66.571822405459372, 18.293807785176941 ], [ -66.575775255279353, 18.292391822125396 ], [ -66.576425952244833, 18.292335378654343 ], [ -66.577353712138589, 18.291982084910654 ], [ -66.578425173975674, 18.291325322125189 ], [ -66.583241397840325, 18.289197896158726 ], [ -66.59724322104789, 18.282290564470259 ], [ -66.600992572362287, 18.280110181715941 ], [ -66.607246612642129, 18.277403340265138 ], [ -66.607589579801868, 18.277228090749066 ], [ -66.606930069665552, 18.277358049769081 ], [ -66.612416144624902, 18.274790576971693 ], [ -66.617477240233782, 18.272187215617077 ], [ -66.630921882009716, 18.266346728997778 ], [ -66.635831986811027, 18.263883781031758 ], [ -66.640580759846372, 18.261871334265244 ], [ -66.641810491950139, 18.261237217591646 ], [ -66.641360593912793, 18.261185305538973 ], [ -66.646077185169247, 18.25899376980966 ], [ -66.6485044453066, 18.257546456254037 ], [ -66.661749818385132, 18.251577751168835 ], [ -66.665405288762884, 18.249732890414077 ], [ -66.667603779191111, 18.248851052350822 ], [ -66.667511428485213, 18.248950000360754 ], [ -66.667660882100094, 18.249046163081388 ], [ -66.66694120999874, 18.249454156954531 ], [ -66.667133199237014, 18.249419315919969 ], [ -66.67058480222542, 18.248155960119913 ], [ -66.680048632805509, 18.244188552673513 ], [ -66.686249790579424, 18.241922805576301 ], [ -66.693657302443867, 18.238770341141009 ], [ -66.698045472572687, 18.237080178835782 ], [ -66.696504962050042, 18.238068631868646 ], [ -66.694882441779853, 18.238845945100532 ], [ -66.696176556251714, 18.238569998657965 ], [ -66.695615150936064, 18.23900063970278 ], [ -66.697211234136958, 18.238443871390107 ], [ -66.696934171208696, 18.238740721662747 ], [ -66.697250708261095, 18.238786014946282 ], [ -66.697090910206867, 18.23899994109636 ], [ -66.697199359466879, 18.238990534250444 ], [ -66.696563227343788, 18.23937309393494 ], [ -66.691229667498575, 18.241563582141591 ], [ -66.686387010045607, 18.243911551967464 ], [ -66.676530381893954, 18.248022159819438 ], [ -66.673384971518601, 18.249640897773741 ], [ -66.672332669734899, 18.24991405441185 ], [ -66.669373496926269, 18.251098319569184 ], [ -66.669199128105461, 18.250986132293299 ], [ -66.668338815560034, 18.251224447896846 ], [ -66.661942607048587, 18.253998183339995 ], [ -66.658847017679918, 18.255648974252082 ], [ -66.658671121071578, 18.255773359238145 ], [ -66.658888022034802, 18.255754543818632 ], [ -66.658310518165038, 18.256095643699432 ], [ -66.65545826927206, 18.257507072545113 ], [ -66.655081573735586, 18.257739813054901 ], [ -66.655465554655351, 18.257670129258095 ], [ -66.654310552840002, 18.258352326232206 ], [ -66.647244483828715, 18.26156611235357 ], [ -66.639076298989011, 18.265021000035652 ], [ -66.632996629973164, 18.267840027034662 ], [ -66.627640854499504, 18.27088726591256 ], [ -66.618314599383226, 18.275497499999734 ], [ -66.617786922444324, 18.275870650050834 ], [ -66.619198299347019, 18.275511781213385 ], [ -66.617682691144154, 18.276516263708587 ], [ -66.613750167243282, 18.278657970888698 ], [ -66.616816261524377, 18.277700871147395 ], [ -66.597424934466432, 18.287712932707478 ], [ -66.598840535253146, 18.287990267894383 ], [ -66.597099218840413, 18.289087078570578 ], [ -66.59232553059914, 18.291083500781845 ], [ -66.58924756757213, 18.292587260596001 ], [ -66.589139118312119, 18.292596667441916 ], [ -66.589967239673484, 18.292179266722858 ], [ -66.58715023753966, 18.293296636160164 ], [ -66.585609727017001, 18.294285089193028 ], [ -66.582759005911583, 18.295459945776766 ], [ -66.579053720451313, 18.297272750786259 ], [ -66.577958880601017, 18.297676912907242 ], [ -66.578319483507556, 18.297354628445959 ], [ -66.576732213477499, 18.297837881209666 ], [ -66.572544836352648, 18.299419690778649 ], [ -66.571197845299011, 18.300136728787326 ], [ -66.571263758935629, 18.300258325696607 ], [ -66.57047664541011, 18.300781294922416 ], [ -66.571871926201894, 18.300332883193271 ], [ -66.571754661327859, 18.300415807315833 ], [ -66.568703137813316, 18.301699020483095 ], [ -66.565607544963669, 18.303349812454986 ], [ -66.561253093806457, 18.304982487613781 ], [ -66.559479586209662, 18.305900213174464 ], [ -66.559020878482471, 18.305921815610951 ], [ -66.557975856157867, 18.306358031749522 ], [ -66.555959008085381, 18.30751511937661 ], [ -66.556451438265157, 18.307436028733886 ], [ -66.556275541656817, 18.307560413719948 ], [ -66.554560668237528, 18.308436676689446 ], [ -66.552529251841676, 18.309267649162891 ], [ -66.551752479274526, 18.309480530577787 ], [ -66.552104269010243, 18.309231761665465 ], [ -66.551862456322084, 18.309234551469928 ], [ -66.55101824233077, 18.30956240823749 ], [ -66.547195691996478, 18.311458137369542 ], [ -66.549076121065724, 18.31076757722489 ], [ -66.54895885863489, 18.310850499619772 ], [ -66.542586028136668, 18.313876835727402 ], [ -66.531700479695502, 18.31851319982216 ], [ -66.531382412412356, 18.318704480528247 ], [ -66.533785935057878, 18.318350487118337 ], [ -66.52996185693604, 18.320482788512336 ], [ -66.527964168916924, 18.321256269992062 ], [ -66.519108499678921, 18.325298237722606 ], [ -66.518698075765712, 18.325588469226108 ], [ -66.520059637585902, 18.325197544643398 ], [ -66.518727214855645, 18.326240697805716 ], [ -66.514913477692176, 18.328062911388802 ], [ -66.515999504371649, 18.327732264816781 ], [ -66.514192277803261, 18.328707477523892 ], [ -66.514910416192919, 18.328536058700177 ], [ -66.514650979606301, 18.328685877874886 ], [ -66.50983322795409, 18.331049876103293 ], [ -66.509397904164274, 18.331324076416781 ], [ -66.51023331090893, 18.3310697324107 ], [ -66.506385854773882, 18.332949433140222 ], [ -66.507989217433888, 18.33255572432801 ], [ -66.505689560685738, 18.333610027677842 ], [ -66.505430124099121, 18.333759846852555 ], [ -66.505780380123113, 18.333747652989661 ], [ -66.503370740403241, 18.335047938234837 ], [ -66.505985412340422, 18.334275497643006 ], [ -66.503851301837102, 18.335515507664972 ], [ -66.496719322670174, 18.338607695817249 ], [ -66.496518520261063, 18.338716052400777 ], [ -66.499410245721364, 18.337646765383592 ], [ -66.496280933900124, 18.339355044501911 ], [ -66.498102728791878, 18.338705946948444 ], [ -66.499012862343974, 18.338499684302683 ], [ -66.498543810177424, 18.338831375609882 ], [ -66.499772011012666, 18.338433832258033 ], [ -66.497312553767088, 18.339702063485625 ], [ -66.503305623748602, 18.337381616258959 ], [ -66.506096188813146, 18.336484791740865 ], [ -66.510091564851379, 18.33493782878141 ], [ -66.510875622801805, 18.334888004079492 ], [ -66.514202681457064, 18.333544512901536 ], [ -66.514311133160277, 18.33353510432794 ], [ -66.513365746924862, 18.33403542916956 ], [ -66.514610040390053, 18.333727429769208 ], [ -66.513597212730474, 18.334342729963492 ], [ -66.517834404937844, 18.332792976139775 ], [ -66.505770473187127, 18.337858937603968 ], [ -66.500769543024276, 18.340184263045654 ], [ -66.498705935444377, 18.340836150403582 ], [ -66.492896043973502, 18.34319527041697 ], [ -66.487720750914022, 18.34540840579529 ], [ -66.487360148007483, 18.345730690256577 ], [ -66.48390701723153, 18.347230618318576 ], [ -66.483547948036716, 18.347316327730436 ], [ -66.483924643573189, 18.347083587220649 ], [ -66.483791282588243, 18.34707696845151 ], [ -66.48191085699996, 18.347767527536359 ], [ -66.482330088159841, 18.347403783271375 ], [ -66.48022547866826, 18.347950099335073 ], [ -66.474258842275049, 18.350050002702329 ], [ -66.475756820655278, 18.349192552364858 ], [ -66.475564828973802, 18.349227395127102 ], [ -66.466804577865133, 18.352697264748858 ], [ -66.466921836815004, 18.35261434341378 ], [ -66.457135720991914, 18.356136824754429 ], [ -66.456501116656369, 18.356282812176982 ], [ -66.457780666285828, 18.355680749520968 ], [ -66.456394198664867, 18.356055645701147 ], [ -66.457055236588729, 18.355689114419185 ], [ -66.452885491729702, 18.357123890102759 ], [ -66.453153741487142, 18.356900555379084 ], [ -66.448188064007596, 18.358931818624914 ], [ -66.447754262081162, 18.358969449463935 ], [ -66.450037826199363, 18.357825602162603 ], [ -66.445231952698222, 18.35964293647087 ], [ -66.445098591713275, 18.359636317701735 ], [ -66.445592555604762, 18.359320652009586 ], [ -66.443278328090045, 18.360048841933455 ], [ -66.443756189946455, 18.35964363613709 ], [ -66.441331985384181, 18.360617805168825 ], [ -66.44205165748555, 18.360209811295679 ], [ -66.432740339576398, 18.363800235879019 ], [ -66.430994799279645, 18.364260842530861 ], [ -66.426590527115749, 18.365861464731871 ], [ -66.411533703584809, 18.372169178499828 ], [ -66.411709596712186, 18.372044794573569 ], [ -66.410824372441823, 18.372267084562061 ], [ -66.410900632960974, 18.372078590872952 ], [ -66.408753485402812, 18.372755912419528 ], [ -66.403544473371724, 18.375026534944279 ], [ -66.397835742296621, 18.377213192458573 ], [ -66.394703734378908, 18.378048695290595 ], [ -66.390781551436405, 18.379880314659797 ], [ -66.377457227666397, 18.385164734360323 ], [ -66.363902971802503, 18.389905278217491 ], [ -66.364505381473023, 18.389580206739225 ], [ -66.357049583351397, 18.392464043835183 ], [ -66.355021228454802, 18.392821868997256 ], [ -66.337917261300859, 18.398525087689482 ], [ -66.326172928101826, 18.403163195125838 ], [ -66.323591978617216, 18.403878147511438 ] ] ] } },
{ "type": "Feature", "properties": { "district": 22, "precinct_index": 1, "color": "#bdfcb2", "id": "d22_p01" }, "geometry": { "type": "Polygon", "coordinates": [ [ [ -66.681075510092725, 18.294261239152355 ], [ -66.679305063995201, 18.29470581740166 ], [ -66.679740393709196, 18.294431614300692 ], [ -66.678286478739906, 18.294921488621018 ], [ -66.679692103971036, 18.29416298802116 ], [ -66.679048692388832, 18.294382488205194 ], [ -66.67958518249857, 18.293935822605132 ], [ -66.679226113303741, 18.294021532016988 ], [ -66.680749000965719, 18.293180109022252 ], [ -66.680498377549924, 18.293256412647995 ], [ -66.680615639980772, 18.293173490253114 ], [ -66.684002857120106, 18.291551965281833 ], [ -66.685283938018088, 18.290713329304072 ], [ -66.684674239483314, 18.290875345129159 ], [ -66.685059754114775, 18.290569086282922 ], [ -66.68639793199759, 18.289925563823211 ], [ -66.683031396774993, 18.290926913172672 ], [ -66.683191197272421, 18.290712985294913 ], [ -66.670235124751841, 18.294492255377143 ], [ -66.670386112078432, 18.29435184304835 ], [ -66.669091997606586, 18.294627789490917 ], [ -66.669753035530434, 18.294261258208955 ], [ -66.669536140491388, 18.294280070840983 ], [ -66.6676733353206, 18.294823601615384 ], [ -66.66964036586738, 18.293634459970715 ], [ -66.665901720914135, 18.294158831316444 ], [ -66.665470986411137, 18.293723312056613 ], [ -66.664864352856597, 18.293412179510522 ], [ -66.662836001440979, 18.293770003612789 ], [ -66.693852865555414, 18.279439332060658 ], [ -66.699299469871605, 18.276529714647289 ], [ -66.7088131179774, 18.272594361218477 ], [ -66.711096682095615, 18.271450513917145 ], [ -66.710963324591646, 18.271443894088208 ], [ -66.711231570868108, 18.271220560424336 ], [ -66.711039579186632, 18.271255403186579 ], [ -66.711483722071435, 18.270907684536645 ], [ -66.715731255237174, 18.269047842902015 ], [ -66.720289570302768, 18.266833663848317 ], [ -66.721135318005793, 18.266269232031327 ], [ -66.72736291529219, 18.263782938287221 ], [ -66.730675409105046, 18.262113330895819 ], [ -66.728844795118306, 18.262835946785735 ], [ -66.735559074393876, 18.259870929576692 ], [ -66.733452931190584, 18.260653820689818 ], [ -66.733795907755464, 18.260478567326462 ], [ -66.742098984848639, 18.256793725091768 ], [ -66.754580616490699, 18.251600592684337 ], [ -66.754781424823989, 18.251492233313328 ], [ -66.752918619653201, 18.252035764087729 ], [ -66.756597464563185, 18.250443505057252 ], [ -66.755619887143737, 18.250764744783357 ], [ -66.755820686071871, 18.250656389259632 ], [ -66.76107071186297, 18.248491332454147 ], [ -66.764717363145721, 18.246719990035835 ], [ -66.76403294372767, 18.246833921713119 ], [ -66.761843260546101, 18.247642247014895 ], [ -66.7683919841717, 18.244491526981005 ], [ -66.776176191572617, 18.241106322035925 ], [ -66.77604283058767, 18.241099703266791 ], [ -66.776462067671716, 18.240735956214323 ], [ -66.777348819729625, 18.240277093963883 ], [ -66.776522229636768, 18.240457921361195 ], [ -66.780828387574857, 18.238556620982667 ], [ -66.780695032514075, 18.238549999426052 ], [ -66.781364887089737, 18.238109951535321 ], [ -66.788253525780959, 18.235257125449447 ], [ -66.796250406780118, 18.231216902120305 ], [ -66.798248094799234, 18.230443420640576 ], [ -66.81146127669372, 18.224295630439862 ], [ -66.811946427414384, 18.224053480296675 ], [ -66.809991269094482, 18.224695960808688 ], [ -66.810435411979299, 18.224348242158754 ], [ -66.815311797809017, 18.221942781339166 ], [ -66.816727763998514, 18.220874192928399 ], [ -66.816327686967838, 18.220854333833508 ], [ -66.816345307385319, 18.22070730552306 ], [ -66.817466590229074, 18.220082595695381 ], [ -66.82383942072731, 18.21705625958775 ], [ -66.825425162969836, 18.216809579085986 ], [ -66.825064560063296, 18.217131863547273 ], [ -66.826433401342598, 18.216903998465021 ], [ -66.833469965861156, 18.214383907361729 ], [ -66.838828437431289, 18.212209444770131 ], [ -66.841940122910884, 18.210648196749741 ], [ -66.842458992603127, 18.210348559460122 ], [ -66.842309538988246, 18.210252396739488 ], [ -66.844493464574072, 18.209044442462787 ], [ -66.847169822782874, 18.207757395815687 ], [ -66.849912092185093, 18.206591947805546 ], [ -66.84856510113147, 18.207308985814223 ], [ -66.849508959579325, 18.207045233234545 ], [ -66.849215798096949, 18.20725254234317 ], [ -66.855427302753398, 18.204676704647561 ], [ -66.857753402495007, 18.203401853591032 ], [ -66.860504490992227, 18.202162887244445 ], [ -66.858816051161256, 18.202818606354533 ], [ -66.859359830135247, 18.202534996407646 ], [ -66.870103210344809, 18.197965526305236 ], [ -66.872320860826406, 18.196700082094623 ], [ -66.877506494844269, 18.194176858905394 ], [ -66.884572554450401, 18.190963076631313 ], [ -66.887568514691836, 18.189248174896573 ], [ -66.895450823432455, 18.186163653036093 ], [ -66.899516711799251, 18.184028563565313 ], [ -66.905303227700088, 18.181416841159766 ], [ -66.905562658362527, 18.181267024772538 ], [ -66.905237308139306, 18.181295247037966 ], [ -66.905514371067568, 18.180998396765329 ], [ -66.90854098878134, 18.179699155195529 ], [ -66.908608436129668, 18.179584177055386 ], [ -66.907689489406749, 18.179863955250109 ], [ -66.910216388076478, 18.178480748669855 ], [ -66.908454752706589, 18.178851813097875 ], [ -66.908957529768912, 18.17846263185676 ], [ -66.914326342297414, 18.175978081454254 ], [ -66.914443604728262, 18.175895159059372 ], [ -66.913032227825553, 18.176254027896821 ], [ -66.914772016450755, 18.175393789482573 ], [ -66.921475945362801, 18.172738863931723 ], [ -66.922485717447273, 18.172596708261331 ], [ -66.926788819810284, 18.171168552406698 ], [ -66.932242338182789, 18.169767918091466 ], [ -66.939261272878724, 18.167394859145908 ], [ -66.939453262117013, 18.167360018111342 ], [ -66.939352101721255, 18.16753248061044 ], [ -66.940830916567137, 18.167058637480128 ], [ -66.940336958599829, 18.167374300384797 ], [ -66.942158753491569, 18.166725202831326 ], [ -66.94146399311515, 18.167149222319523 ], [ -66.943177338746878, 18.166509531611968 ], [ -66.943285788006889, 18.166500124766053 ], [ -66.941595820388372, 18.167392416138085 ], [ -66.94516315802008, 18.166282710205099 ], [ -66.942152636417219, 18.167671494666592 ], [ -66.941057793085946, 18.168075657847382 ], [ -66.941551756977432, 18.167759992155229 ], [ -66.941443305274234, 18.167769400728826 ], [ -66.939461709885052, 18.168632426160052 ], [ -66.937745308678231, 18.169745261391498 ], [ -66.932936364272678, 18.172035746858423 ], [ -66.934273014367932, 18.171628796660656 ], [ -66.934155751937098, 18.171711719055537 ], [ -66.929524237851595, 18.173641244486973 ], [ -66.929181261286715, 18.173816497850328 ], [ -66.929849584593853, 18.173613023281348 ], [ -66.926487279179455, 18.175250573867682 ], [ -66.929446455469062, 18.174066307650548 ], [ -66.928442435056155, 18.17460809508335 ], [ -66.928742875997642, 18.174563845475191 ], [ -66.928449720439431, 18.174771151796332 ], [ -66.945751430946416, 18.169432722104268 ], [ -66.952884572498107, 18.16744988528772 ], [ -66.898937807975997, 18.194900480357486 ], [ -66.864915011545506, 18.209910216797791 ], [ -66.864102982814074, 18.210417161468349 ], [ -66.865180196322711, 18.210160030445294 ], [ -66.863523951156765, 18.210994833611093 ], [ -66.849224742582805, 18.217473270383827 ], [ -66.846203876540613, 18.219172143716037 ], [ -66.834965010576184, 18.224293848985059 ], [ -66.829969838009063, 18.227018803401673 ], [ -66.793047661851219, 18.244280694803663 ], [ -66.686025094942337, 18.29214043195503 ], [ -66.68471910231942, 18.292963042317737 ], [ -66.681075510092725, 18.294261239152355 ] ] ] } },
{ "type": "Feature", "properties": { "district": 22, "precinct_index": 2, "color": "#fcd0b8", "id": "d22_p02" }, "geometry": { "type": "Polygon", "coordinates": [ [ [ -66.5824213058808, 18.319315167396734 ], [ -66.576888471414037, 18.321377439924966 ], [ -66.585634532488243, 18.316235526644807 ], [ -66.585844148068176, 18.316053654512313 ], [ -66.585619961721676, 18.315909413218844 ], [ -66.586599066928684, 18.315351601230791 ], [ -66.596130344857102, 18.311269215644248 ], [ -66.601342421868424, 18.308525444748323 ], [ -66.607187566022588, 18.305872262539072 ], [ -66.606871032451167, 18.305826968195735 ], [ -66.615528951374174, 18.301420213584628 ], [ -66.6149368885862, 18.301435194464499 ], [ -66.610450604231573, 18.302824678592213 ], [ -66.605536275546243, 18.30465142253388 ], [ -66.596507774680134, 18.308344626879311 ], [ -66.592321934747972, 18.309689860339063 ], [ -66.588218103525563, 18.311246232931918 ], [ -66.586180935458131, 18.311677573642953 ], [ -66.584526218079731, 18.312275804546807 ], [ -66.585464324856034, 18.311612420204725 ], [ -66.58477108982396, 18.311799869158655 ], [ -66.580892972735597, 18.313263910783032 ], [ -66.579623767545471, 18.313555884568331 ], [ -66.576321620615147, 18.31491540136134 ], [ -66.576213168911949, 18.314924809934936 ], [ -66.57636415623854, 18.314784397606143 ], [ -66.575896631859536, 18.314879516651398 ], [ -66.573180799526611, 18.315824419742324 ], [ -66.565198848772638, 18.318844835687237 ], [ -66.564957042008658, 18.318847622704215 ], [ -66.564908754713684, 18.318578994697006 ], [ -66.564533586964757, 18.318575162944846 ], [ -66.562487605726503, 18.319080019204847 ], [ -66.564563082052331, 18.317881471774061 ], [ -66.555009959822399, 18.321474681646698 ], [ -66.543614354859798, 18.326337167482109 ], [ -66.541550747279899, 18.326989054840034 ], [ -66.541568373621558, 18.326842023742106 ], [ -66.543057532906786, 18.326058091741082 ], [ -66.541871873619115, 18.326324628550253 ], [ -66.541973039939037, 18.326152163263679 ], [ -66.541864588235839, 18.326161571837272 ], [ -66.537092433706277, 18.327921418999107 ], [ -66.538657853510671, 18.326948993308974 ], [ -66.538131700878324, 18.32708557215793 ], [ -66.53070234226918, 18.329748862606994 ], [ -66.526513443280948, 18.331567241650443 ], [ -66.525176793185693, 18.331974191848207 ], [ -66.524776719635994, 18.331954331693517 ], [ -66.52013945387894, 18.333484225362543 ], [ -66.510785596865432, 18.337205654760883 ], [ -66.510618516908892, 18.337256523138176 ], [ -66.510853044213761, 18.337090676620736 ], [ -66.510719683228814, 18.337084057851602 ], [ -66.50610579548497, 18.338866552185106 ], [ -66.507436693908659, 18.338059970224933 ], [ -66.506100043813404, 18.338466920422697 ], [ -66.508040634847703, 18.337498325424921 ], [ -66.506963421339066, 18.337755456447976 ], [ -66.507750534864599, 18.337232487222167 ], [ -66.506138355552778, 18.337699712643143 ], [ -66.517834404937844, 18.332792976139775 ], [ -66.513597212730474, 18.334342729963492 ], [ -66.514610040390053, 18.333727429769208 ], [ -66.513365746924862, 18.33403542916956 ], [ -66.514311133160277, 18.33353510432794 ], [ -66.514202681457064, 18.333544512901536 ], [ -66.510875622801805, 18.334888004079492 ], [ -66.510091564851379, 18.33493782878141 ], [ -66.506096188813146, 18.336484791740865 ], [ -66.503305623748602, 18.337381616258959 ], [ -66.497312553767088, 18.339702063485625 ], [ -66.499772011012666, 18.338433832258033 ], [ -66.498543810177424, 18.338831375609882 ], [ -66.499012862343974, 18.338499684302683 ], [ -66.498102728791878, 18.338705946948444 ], [ -66.496280933900124, 18.339355044501911 ], [ -66.499410245721364, 18.337646765383592 ], [ -66.496518520261063, 18.338716052400777 ], [ -66.496719322670174, 18.338607695817249 ], [ -66.503851301837102, 18.335515507664972 ], [ -66.505985412340422, 18.334275497643006 ], [ -66.503370740403241, 18.335047938234837 ], [ -66.505780380123113, 18.333747652989661 ], [ -66.505430124099121, 18.333759846852555 ], [ -66.505689560685738, 18.333610027677842 ], [ -66.507989217433888, 18.33255572432801 ], [ -66.506385854773882, 18.332949433140222 ], [ -66.51023331090893, 18.3310697324107 ], [ -66.509397904164274, 18.331324076416781 ], [ -66.50983322795409, 18.331049876103293 ], [ -66.514650979606301, 18.328685877874886 ], [ -66.514910416192919, 18.328536058700177 ], [ -66.514192277803261, 18.328707477523892 ], [ -66.515999504371649, 18.327732264816781 ], [ -66.514913477692176, 18.328062911388802 ], [ -66.516535997962364, 18.327285598156916 ], [ -66.517053339867061, 18.327222533129245 ], [ -66.516525657003982, 18.327595685967825 ], [ -66.517051812079515, 18.327459105391192 ], [ -66.516541755558094, 18.327685227131845 ], [ -66.516650201337129, 18.327675821345728 ], [ -66.519407041505914, 18.32683648676155 ], [ -66.527233781049262, 18.323320279121077 ], [ -66.527434589382537, 18.323211919750065 ], [ -66.527100425988479, 18.323313657564459 ], [ -66.533281261324262, 18.320322165278874 ], [ -66.533448341280803, 18.320271296901577 ], [ -66.53292947751271, 18.320570931403712 ], [ -66.541600436971549, 18.316726864208196 ], [ -66.547493868420688, 18.314342310006158 ], [ -66.548688350284337, 18.314002253800741 ], [ -66.548562274682666, 18.314158691744584 ], [ -66.548837803899218, 18.314098416521375 ], [ -66.552348035140966, 18.312793600917619 ], [ -66.555071152857181, 18.312011754539675 ], [ -66.558924360663795, 18.310531685572563 ], [ -66.557694632041006, 18.311165801186359 ], [ -66.560477911722273, 18.310105919955287 ], [ -66.559758239620905, 18.31051391382843 ], [ -66.561780839364957, 18.309756457963754 ], [ -66.560257955183971, 18.31059787989869 ], [ -66.562749607094574, 18.309508732726812 ], [ -66.562916687051114, 18.309457864349518 ], [ -66.562079746594733, 18.309948783405023 ], [ -66.563199495726778, 18.309560648626771 ], [ -66.567471940617438, 18.307716832607191 ], [ -66.564304685940584, 18.308846394847588 ], [ -66.565559320364144, 18.308228307636327 ], [ -66.570951514386849, 18.305996356838495 ], [ -66.569957840856475, 18.306228053672903 ], [ -66.572108047470721, 18.305077586542634 ], [ -66.576856820506066, 18.303065139776123 ], [ -66.581983826270601, 18.300583376390591 ], [ -66.585444239986629, 18.299246506769251 ], [ -66.590470079431228, 18.296937208670297 ], [ -66.59531849447994, 18.294988867819349 ], [ -66.596708021156971, 18.294140826055475 ], [ -66.596391484104558, 18.294095532771937 ], [ -66.596542465507, 18.293955123230628 ], [ -66.598374607281286, 18.292995935078764 ], [ -66.606567701402739, 18.289557074739413 ], [ -66.612380660297035, 18.28672480462717 ], [ -66.615405740818119, 18.2856621391666 ], [ -66.624627764634226, 18.281697518737179 ], [ -66.625088003629941, 18.281439342978942 ], [ -66.62427750861022, 18.281709712600072 ], [ -66.639245043972295, 18.275027800198554 ], [ -66.636718135897411, 18.276411010626095 ], [ -66.636901317889041, 18.276449682353014 ], [ -66.636549528153324, 18.276698451265336 ], [ -66.636992137326416, 18.27658730766483 ], [ -66.636748799293912, 18.276826668003554 ], [ -66.638060543588409, 18.276403689403256 ], [ -66.635968965227505, 18.277512696729826 ], [ -66.636569844667292, 18.277424199241189 ], [ -66.635933712544187, 18.277806758925685 ], [ -66.632880661242112, 18.279326544354895 ], [ -66.633682339610033, 18.279129691342529 ], [ -66.632234182236473, 18.280019194637784 ], [ -66.640090057388775, 18.277155216636714 ], [ -66.659834336567215, 18.268003737500042 ], [ -66.662066551891201, 18.267064409502872 ], [ -66.659840088238781, 18.268403369262447 ], [ -66.663033785909093, 18.267053259315357 ], [ -66.66563541731044, 18.265718131307935 ], [ -66.665359882169724, 18.265778409318628 ], [ -66.667042570329116, 18.264723058446133 ], [ -66.682545068013383, 18.257831052706496 ], [ -66.690700219279222, 18.253813475489221 ], [ -66.696341499525033, 18.251741797174873 ], [ -66.708296982015725, 18.246685242556598 ], [ -66.711288349489379, 18.245680061454976 ], [ -66.716649880115583, 18.243032453279685 ], [ -66.727670313848265, 18.238166136751921 ], [ -66.733053694700146, 18.236007701503052 ], [ -66.735991020764075, 18.234334262359493 ], [ -66.740071470492296, 18.232525290161963 ], [ -66.740632875807947, 18.232094649117148 ], [ -66.742740543317808, 18.231075186801878 ], [ -66.748434709550523, 18.22856241307414 ], [ -66.750039605922254, 18.227932129212501 ], [ -66.750231595160528, 18.227897288177939 ], [ -66.749938439602317, 18.228104594499079 ], [ -66.750254973173753, 18.228149888842417 ], [ -66.752318580753652, 18.227498001484488 ], [ -66.758068316183639, 18.225416913536748 ], [ -66.769786575272988, 18.219653429149609 ], [ -66.778957250294866, 18.21589332802435 ], [ -66.779216683400506, 18.215743509909444 ], [ -66.776943460240673, 18.216577269399863 ], [ -66.776735372448272, 18.21652256927041 ], [ -66.782480883994239, 18.213805277298313 ], [ -66.784597368155914, 18.212712298374274 ], [ -66.784773261283277, 18.212587914448015 ], [ -66.784272017932679, 18.212740520639702 ], [ -66.784673628675066, 18.212523804685166 ], [ -66.788837621862527, 18.210689397239182 ], [ -66.78996771195294, 18.209991174650018 ], [ -66.792048945874498, 18.209192256194161 ], [ -66.793225791991347, 18.208999234933955 ], [ -66.8002976126742, 18.206185080575001 ], [ -66.801758807102601, 18.20585826575514 ], [ -66.803889856106665, 18.205091403044545 ], [ -66.810293350001388, 18.202480724314377 ], [ -66.81646078880371, 18.200272464363593 ], [ -66.817495460764775, 18.200146339883219 ], [ -66.825084623352339, 18.197269120496593 ], [ -66.822123919275185, 18.198689958975674 ], [ -66.818796860619926, 18.200033450153629 ], [ -66.815642637073751, 18.201725703656898 ], [ -66.811068229378208, 18.2038503387591 ], [ -66.800996233975056, 18.207743186981155 ], [ -66.797818628934678, 18.209182840879748 ], [ -66.796546364688496, 18.209947960248741 ], [ -66.792627243245249, 18.211306432306568 ], [ -66.787551586274958, 18.213583676387938 ], [ -66.783071059516061, 18.21537278949058 ], [ -66.778805900008678, 18.217379662223138 ], [ -66.778646099511249, 18.217593590100897 ], [ -66.779973932954704, 18.217260156511898 ], [ -66.777496851810668, 18.218675417109736 ], [ -66.777145065555928, 18.218924184962258 ], [ -66.777402970874022, 18.219010939109296 ], [ -66.775821452515515, 18.219893823635413 ], [ -66.77696457966077, 18.219758289521639 ], [ -66.775767042222029, 18.220571490250947 ], [ -66.775665872421129, 18.220743956597328 ], [ -66.775765514434497, 18.220808062512894 ], [ -66.776149495354247, 18.220738378716089 ], [ -66.775939873850149, 18.220920253636063 ], [ -66.771456285591995, 18.223182514050077 ], [ -66.768167179197491, 18.225104718258674 ], [ -66.763525320672656, 18.227344332560822 ], [ -66.755232588018814, 18.230719085924807 ], [ -66.750315203758404, 18.233018974390362 ], [ -66.749393195536214, 18.233771899896464 ], [ -66.747728133718468, 18.234680219671027 ], [ -66.74752580352181, 18.235025148516502 ], [ -66.746788505078797, 18.235580173487577 ], [ -66.746946771864501, 18.235602820659246 ], [ -66.746845605544578, 18.235775285945824 ], [ -66.747112324033509, 18.235788524543896 ], [ -66.746735622572857, 18.236021267841167 ], [ -66.747144518698533, 18.235967608599609 ], [ -66.74112194422429, 18.238981750844346 ], [ -66.746119812887898, 18.237129572714036 ], [ -66.747856540013828, 18.236742481611159 ], [ -66.747152966466572, 18.237240016648318 ], [ -66.747286318046363, 18.23724663926474 ], [ -66.753043338859641, 18.235328608029977 ], [ -66.753176693920409, 18.235335229586596 ], [ -66.752590382804001, 18.235749842228874 ], [ -66.754026671431632, 18.235406999006479 ], [ -66.753305465618553, 18.236051567929049 ], [ -66.754407590852139, 18.235810462521044 ], [ -66.753462204616724, 18.236310787362665 ], [ -66.756688093471084, 18.235139762531087 ], [ -66.756938716886879, 18.235063458905344 ], [ -66.755925885746322, 18.235678760159431 ], [ -66.76095594907494, 18.23400566608483 ], [ -66.759683684828758, 18.234770785453822 ], [ -66.760160016454421, 18.234602153647085 ], [ -66.760042754023587, 18.234685076041966 ], [ -66.759131092683944, 18.235127910949672 ], [ -66.759289362950625, 18.235150557061541 ], [ -66.759138372143056, 18.235290970450134 ], [ -66.759396280942127, 18.235377723537372 ], [ -66.75887741124987, 18.235677360826987 ], [ -66.759787541320989, 18.235471099241028 ], [ -66.759695188171889, 18.235570048978641 ], [ -66.766832919010383, 18.23287749258877 ], [ -66.773613111922572, 18.230034072289012 ], [ -66.773746469426541, 18.230040692117949 ], [ -66.773595482099935, 18.230181104446743 ], [ -66.773744935714831, 18.230277267167377 ], [ -66.774262281100505, 18.230214201079907 ], [ -66.774027750314659, 18.23038004865715 ], [ -66.776718676846826, 18.229419117163687 ], [ -66.779123727279895, 18.22882855149183 ], [ -66.778771937544192, 18.229077320404151 ], [ -66.778779222927469, 18.229240377117133 ], [ -66.783308039424512, 18.227719890294022 ], [ -66.781642981087742, 18.228628209008786 ], [ -66.784056844691634, 18.227964127787963 ], [ -66.778611774087167, 18.230637170151905 ], [ -66.777924296650824, 18.23122424808076 ], [ -66.775073572064429, 18.232399105724298 ], [ -66.774671964803005, 18.232615820619035 ], [ -66.775164394982781, 18.232536729976314 ], [ -66.773892130736598, 18.233301849345306 ], [ -66.76965188295415, 18.235324747692918 ], [ -66.770235132571301, 18.235383282362012 ], [ -66.767823965063883, 18.236920139869135 ], [ -66.771734273336293, 18.235635183360269 ], [ -66.77055436223921, 18.236301352991649 ], [ -66.770812271038281, 18.236388106078888 ], [ -66.769657269222932, 18.237070303052999 ], [ -66.76572626962863, 18.23897543903097 ], [ -66.765257220943042, 18.23930712927837 ], [ -66.765189773594713, 18.239422107418513 ], [ -66.765632388691984, 18.239310961030526 ], [ -66.765128083842129, 18.239936714533588 ], [ -66.771288233780183, 18.237565398929625 ], [ -66.771538857195964, 18.237489095303879 ], [ -66.771320428445208, 18.237744482985338 ], [ -66.771996037135622, 18.237704065129336 ], [ -66.77668312389936, 18.236206224418094 ], [ -66.786718700753468, 18.23149808811597 ], [ -66.788289878153606, 18.230925291400766 ], [ -66.788398327413617, 18.23091588455485 ], [ -66.786893069574276, 18.231610275391855 ], [ -66.789006488755703, 18.230990444838994 ], [ -66.794407495949244, 18.228684978492197 ], [ -66.795544871422933, 18.228149812616014 ], [ -66.794291764786919, 18.228531327565332 ], [ -66.798622834449944, 18.226646052801854 ], [ -66.808375600185201, 18.221835133950162 ], [ -66.813717973201236, 18.219571130194545 ], [ -66.81670934067489, 18.218565949092927 ], [ -66.816992155274718, 18.218668730582696 ], [ -66.819297563694434, 18.218014058995273 ], [ -66.818986781794578, 18.218368396414341 ], [ -66.821569259066735, 18.217416871766797 ], [ -66.821910701919904, 18.21747819345287 ], [ -66.821583823909123, 18.217742987980241 ], [ -66.82383942072731, 18.21705625958775 ], [ -66.817466590229074, 18.220082595695381 ], [ -66.816345307385319, 18.22070730552306 ], [ -66.816327686967838, 18.220854333833508 ], [ -66.816727763998514, 18.220874192928399 ], [ -66.815311797809017, 18.221942781339166 ], [ -66.810435411979299, 18.224348242158754 ], [ -66.809991269094482, 18.224695960808688 ], [ -66.811946427414384, 18.224053480296675 ], [ -66.798248094799234, 18.230443420640576 ], [ -66.796250406780118, 18.231216902120305 ], [ -66.788253525780959, 18.235257125449447 ], [ -66.781364887089737, 18.238109951535321 ], [ -66.780695032514075, 18.238549999426052 ], [ -66.780828387574857, 18.238556620982667 ], [ -66.776522229636768, 18.240457921361195 ], [ -66.777348819729625, 18.240277093963883 ], [ -66.776462067671716, 18.240735956214323 ], [ -66.77604283058767, 18.241099703266791 ], [ -66.776176191572617, 18.241106322035925 ], [ -66.7683919841717, 18.244491526981005 ], [ -66.761843260546101, 18.247642247014895 ], [ -66.76403294372767, 18.246833921713119 ], [ -66.764717363145721, 18.246719990035835 ], [ -66.76107071186297, 18.248491332454147 ], [ -66.755820686071871, 18.250656389259632 ], [ -66.755619887143737, 18.250764744783357 ], [ -66.756597464563185, 18.250443505057252 ], [ -66.752918619653201, 18.252035764087729 ], [ -66.754781424823989, 18.251492233313328 ], [ -66.754580616490699, 18.251600592684337 ], [ -66.742098984848639, 18.256793725091768 ], [ -66.733795907755464, 18.260478567326462 ], [ -66.733452931190584, 18.260653820689818 ], [ -66.735559074393876, 18.259870929576692 ], [ -66.728844795118306, 18.262835946785735 ], [ -66.730675409105046, 18.262113330895819 ], [ -66.72736291529219, 18.263782938287221 ], [ -66.721135318005793, 18.266269232031327 ], [ -66.720289570302768, 18.266833663848317 ], [ -66.715731255237174, 18.269047842902015 ], [ -66.711483722071435, 18.270907684536645 ], [ -66.711039579186632, 18.271255403186579 ], [ -66.711231570868108, 18.271220560424336 ], [ -66.710963324591646, 18.271443894088208 ], [ -66.711096682095615, 18.271450513917145 ], [ -66.7088131179774, 18.272594361218477 ], [ -66.699299469871605, 18.276529714647289 ], [ -66.693852865555414, 18.279439332060658 ], [ -66.651802823955649, 18.29158058872622 ], [ -66.645463715909997, 18.294549436627619 ], [ -66.638541358247181, 18.297459749859922 ], [ -66.63826582903063, 18.297520025083134 ], [ -66.638425623603879, 18.297306099992856 ], [ -66.638032829513293, 18.297449299338627 ], [ -66.63084950399535, 18.300746005067388 ], [ -66.628736078889744, 18.301365838407733 ], [ -66.625332765639499, 18.302897820487317 ], [ -66.621212835862977, 18.304364651916156 ], [ -66.617057659327315, 18.306125542753371 ], [ -66.61437554596597, 18.307012958697868 ], [ -66.60932632850816, 18.30906965613234 ], [ -66.592802555396275, 18.315304554017555 ], [ -66.580471905156656, 18.320357276883673 ], [ -66.5824213058808, 18.319315167396734 ] ] ] } },
{ "type": "Feature", "properties": { "district": 22, "precinct_index": 3, "color": "#ffffbe", "id": "d22_p03" }, "geometry": { "type": "Polygon", "coordinates": [ [ [ -66.765632388691984, 18.239310961030526 ], [ -66.765189773594713, 18.239422107418513 ], [ -66.76572626962863, 18.23897543903097 ], [ -66.770636377910904, 18.236512490005147 ], [ -66.770812271038281, 18.236388106078888 ], [ -66.77055436223921, 18.236301352991649 ], [ -66.771734273336293, 18.235635183360269 ], [ -66.767823965063883, 18.236920139869135 ], [ -66.770235132571301, 18.235383282362012 ], [ -66.76965188295415, 18.235324747692918 ], [ -66.773892130736598, 18.233301849345306 ], [ -66.775164394982781, 18.232536729976314 ], [ -66.774671964803005, 18.232615820619035 ], [ -66.775073572064429, 18.232399105724298 ], [ -66.777924296650824, 18.23122424808076 ], [ -66.778611774087167, 18.230637170151905 ], [ -66.784056844691634, 18.227964127787963 ], [ -66.781642981087742, 18.228628209008786 ], [ -66.783308039424512, 18.227719890294022 ], [ -66.778779222927469, 18.229240377117133 ], [ -66.778771937544192, 18.229077320404151 ], [ -66.779123727279895, 18.22882855149183 ], [ -66.776718676846826, 18.229419117163687 ], [ -66.774027750314659, 18.23038004865715 ], [ -66.774262281100505, 18.230214201079907 ], [ -66.773744935714831, 18.230277267167377 ], [ -66.773595482099935, 18.230181104446743 ], [ -66.773746469426541, 18.230040692117949 ], [ -66.773613111922572, 18.230034072289012 ], [ -66.766832919010383, 18.23287749258877 ], [ -66.759695188171889, 18.235570048978641 ], [ -66.759787541320989, 18.235471099241028 ], [ -66.75887741124987, 18.235677360826987 ], [ -66.759396280942127, 18.235377723537372 ], [ -66.759138372143056, 18.235290970450134 ], [ -66.759289362950625, 18.235150557061541 ], [ -66.759131092683944, 18.235127910949672 ], [ -66.760042754023587, 18.234685076041966 ], [ -66.760160016454421, 18.234602153647085 ], [ -66.759683684828758, 18.234770785453822 ], [ -66.76095594907494, 18.23400566608483 ], [ -66.755925885746322, 18.235678760159431 ], [ -66.756938716886879, 18.235063458905344 ], [ -66.756688093471084, 18.235139762531087 ], [ -66.753462204616724, 18.236310787362665 ], [ -66.754407590852139, 18.235810462521044 ], [ -66.753305465618553, 18.236051567929049 ], [ -66.754026671431632, 18.235406999006479 ], [ -66.752590382804001, 18.235749842228874 ], [ -66.753176693920409, 18.235335229586596 ], [ -66.753043338859641, 18.235328608029977 ], [ -66.747286318046363, 18.23724663926474 ], [ -66.747152966466572, 18.237240016648318 ], [ -66.747856540013828, 18.236742481611159 ], [ -66.746119812887898, 18.237129572714036 ], [ -66.74112194422429, 18.238981750844346 ], [ -66.747144518698533, 18.235967608599609 ], [ -66.746735622572857, 18.236021267841167 ], [ -66.747112324033509, 18.235788524543896 ], [ -66.746845605544578, 18.235775285945824 ], [ -66.746946771864501, 18.235602820659246 ], [ -66.746788505078797, 18.235580173487577 ], [ -66.74752580352181, 18.235025148516502 ], [ -66.747728133718468, 18.234680219671027 ], [ -66.749393195536214, 18.233771899896464 ], [ -66.749913593016018, 18.233235690344902 ], [ -66.752874297093172, 18.231814851865821 ], [ -66.768909863909286, 18.226295248647684 ], [ -66.784028011790042, 18.220818851362331 ], [ -66.785188765276942, 18.220536286150626 ], [ -66.783790428910066, 18.221457842403662 ], [ -66.783772799087444, 18.221604874561393 ], [ -66.786428478860472, 18.220938002476309 ], [ -66.788823184854195, 18.220657525675165 ], [ -66.788395134599327, 18.221094788276599 ], [ -66.786705166980809, 18.221987079648631 ], [ -66.786486738230039, 18.222242467330087 ], [ -66.787347056699645, 18.22200414893906 ], [ -66.794175533425815, 18.219429357706314 ], [ -66.798657593896408, 18.217403669554244 ], [ -66.799361167443664, 18.216906134517085 ], [ -66.802856833843009, 18.215275202699885 ], [ -66.810054726646555, 18.21230461145689 ], [ -66.807245013376971, 18.213585036547375 ], [ -66.806951857818774, 18.213792342868516 ], [ -66.807444287998536, 18.213713252225791 ], [ -66.80590530178246, 18.214465134056514 ], [ -66.80999150910641, 18.213055790833909 ], [ -66.808200375167971, 18.214120547492517 ], [ -66.808475904384522, 18.214060272269307 ], [ -66.810423777321134, 18.213254735044313 ], [ -66.818111038805185, 18.210678200469967 ], [ -66.817792977446203, 18.210869478388574 ], [ -66.818550592403184, 18.211040201393352 ], [ -66.822424485607527, 18.208939955744622 ], [ -66.823853488851881, 18.208434055809242 ], [ -66.835335695292002, 18.203072988473814 ], [ -66.84173496530272, 18.199826105719289 ], [ -66.851442133915313, 18.195619337934165 ], [ -66.854124247276658, 18.194731921989668 ], [ -66.853337130270162, 18.19525489227528 ], [ -66.85449788723804, 18.194972326003771 ], [ -66.852781480107055, 18.196085164022698 ], [ -66.847889001647403, 18.19840108089079 ], [ -66.853034796138331, 18.196881637743058 ], [ -66.860940486373153, 18.194049715487253 ], [ -66.866068654522437, 18.192677303437453 ], [ -66.858833977767063, 18.196178530198054 ], [ -66.860062178602305, 18.195780986846206 ], [ -66.880232608921119, 18.187774743755199 ], [ -66.890862944659688, 18.183924402859507 ], [ -66.898884366056819, 18.181246131530571 ], [ -66.877151215511077, 18.191097575538208 ], [ -66.875301447395131, 18.192203794788 ], [ -66.879279203015884, 18.190803860138988 ], [ -66.879103312331708, 18.19092824233757 ], [ -66.88037980046191, 18.190799326992931 ], [ -66.882226507078599, 18.190166255054514 ], [ -66.881615280756264, 18.190564843141544 ], [ -66.883938318998617, 18.189763139396387 ], [ -66.8818394611786, 18.190709087222494 ], [ -66.883794617055287, 18.190066608438162 ], [ -66.880105433630121, 18.191968953551871 ], [ -66.879988165275108, 18.192051878734233 ], [ -66.880572948603984, 18.191873838353899 ], [ -66.877619533391083, 18.193457732486156 ], [ -66.881622194812593, 18.192073826239682 ], [ -66.880115409185706, 18.193004789338634 ], [ -66.872320860826406, 18.196700082094623 ], [ -66.870103210344809, 18.197965526305236 ], [ -66.85893331359209, 18.202735683959652 ], [ -66.858816051161256, 18.202818606354533 ], [ -66.860504490992227, 18.202162887244445 ], [ -66.857753402495007, 18.203401853591032 ], [ -66.855427302753398, 18.204676704647561 ], [ -66.849215798096949, 18.20725254234317 ], [ -66.849508959579325, 18.207045233234545 ], [ -66.84856510113147, 18.207308985814223 ], [ -66.849912092185093, 18.206591947805546 ], [ -66.847169822782874, 18.207757395815687 ], [ -66.844493464574072, 18.209044442462787 ], [ -66.842309538988246, 18.210252396739488 ], [ -66.842458992603127, 18.210348559460122 ], [ -66.841940122910884, 18.210648196749741 ], [ -66.839564202162592, 18.211890994848485 ], [ -66.833779219973479, 18.214266142204607 ], [ -66.826349861364321, 18.216929432653671 ], [ -66.825064560063296, 18.217131863547273 ], [ -66.825425162969836, 18.216809579085986 ], [ -66.824623478677736, 18.217006434885832 ], [ -66.824690920101901, 18.216891459533169 ], [ -66.821583823909123, 18.217742987980241 ], [ -66.821910701919904, 18.21747819345287 ], [ -66.821569259066735, 18.217416871766797 ], [ -66.818986781794578, 18.218368396414341 ], [ -66.819297563694434, 18.218014058995273 ], [ -66.816992155274718, 18.218668730582696 ], [ -66.81670934067489, 18.218565949092927 ], [ -66.813717973201236, 18.219571130194545 ], [ -66.808375600185201, 18.221835133950162 ], [ -66.798622834449944, 18.226646052801854 ], [ -66.794291764786919, 18.228531327565332 ], [ -66.795544871422933, 18.228149812616014 ], [ -66.794407495949244, 18.228684978492197 ], [ -66.789006488755703, 18.230990444838994 ], [ -66.786893069574276, 18.231610275391855 ], [ -66.788398327413617, 18.23091588455485 ], [ -66.788289878153606, 18.230925291400766 ], [ -66.786718700753468, 18.23149808811597 ], [ -66.77668312389936, 18.236206224418094 ], [ -66.771996037135622, 18.237704065129336 ], [ -66.771320428445208, 18.237744482985338 ], [ -66.771538857195964, 18.237489095303879 ], [ -66.771288233780183, 18.237565398929625 ], [ -66.765128083842129, 18.239936714533588 ], [ -66.765632388691984, 18.239310961030526 ] ] ] } },
{ "type": "Feature", "properties": { "district": 22, "precinct_index": 4, "color": "#ffb2e6", "id": "d22_p04" }, "geometry": { "type": "Polygon", "coordinates": [ [ [ -66.519407041505914, 18.32683648676155 ], [ -66.516541755558094, 18.327685227131845 ], [ -66.517051812079515, 18.327459105391192 ], [ -66.516525657003982, 18.327595685967825 ], [ -66.517053339867061, 18.327222533129245 ], [ -66.516535997962364, 18.327285598156916 ], [ -66.518727214855645, 18.326240697805716 ], [ -66.520059637585902, 18.325197544643398 ], [ -66.518698075765712, 18.325588469226108 ], [ -66.519108499678921, 18.325298237722606 ], [ -66.527964168916924, 18.321256269992062 ], [ -66.52996185693604, 18.320482788512336 ], [ -66.533785935057878, 18.318350487118337 ], [ -66.531382412412356, 18.318704480528247 ], [ -66.531700479695502, 18.31851319982216 ], [ -66.542586028136668, 18.313876835727402 ], [ -66.54895885863489, 18.310850499619772 ], [ -66.549076121065724, 18.31076757722489 ], [ -66.547195691996478, 18.311458137369542 ], [ -66.55101824233077, 18.30956240823749 ], [ -66.551862456322084, 18.309234551469928 ], [ -66.552104269010243, 18.309231761665465 ], [ -66.551752479274526, 18.309480530577787 ], [ -66.552529251841676, 18.309267649162891 ], [ -66.554560668237528, 18.308436676689446 ], [ -66.556275541656817, 18.307560413719948 ], [ -66.556451438265157, 18.307436028733886 ], [ -66.555959008085381, 18.30751511937661 ], [ -66.557975856157867, 18.306358031749522 ], [ -66.559020878482471, 18.305921815610951 ], [ -66.559479586209662, 18.305900213174464 ], [ -66.561253093806457, 18.304982487613781 ], [ -66.565607544963669, 18.303349812454986 ], [ -66.568703137813316, 18.301699020483095 ], [ -66.571754661327859, 18.300415807315833 ], [ -66.571871926201894, 18.300332883193271 ], [ -66.57047664541011, 18.300781294922416 ], [ -66.571263758935629, 18.300258325696607 ], [ -66.571197845299011, 18.300136728787326 ], [ -66.572544836352648, 18.299419690778649 ], [ -66.576732213477499, 18.297837881209666 ], [ -66.578319483507556, 18.297354628445959 ], [ -66.577958880601017, 18.297676912907242 ], [ -66.579053720451313, 18.297272750786259 ], [ -66.582759005911583, 18.295459945776766 ], [ -66.585609727017001, 18.294285089193028 ], [ -66.58715023753966, 18.293296636160164 ], [ -66.589967239673484, 18.292179266722858 ], [ -66.589139118312119, 18.292596667441916 ], [ -66.58924756757213, 18.292587260596001 ], [ -66.59232553059914, 18.291083500781845 ], [ -66.597099218840413, 18.289087078570578 ], [ -66.598840535253146, 18.287990267894383 ], [ -66.597424934466432, 18.287712932707478 ], [ -66.616816261524377, 18.277700871147395 ], [ -66.619640543117328, 18.276746561210551 ], [ -66.619965889859586, 18.276718340004926 ], [ -66.619646294788893, 18.27714619297296 ], [ -66.619754746492106, 18.277136784399367 ], [ -66.624047507896734, 18.27601871635564 ], [ -66.624639574165684, 18.276003734415969 ], [ -66.623685377202648, 18.276577573078875 ], [ -66.624686336116298, 18.276508932957444 ], [ -66.624535348789692, 18.276649345286238 ], [ -66.624901703367797, 18.276726692587363 ], [ -66.625369227746802, 18.276631573542108 ], [ -66.630515016313581, 18.275112133181857 ], [ -66.634451770022636, 18.273606627238618 ], [ -66.633296768207288, 18.274288824212729 ], [ -66.633990000796175, 18.274101376986479 ], [ -66.639023122143087, 18.27195513666031 ], [ -66.643402482582047, 18.270338488844242 ], [ -66.654312942748149, 18.265718150364538 ], [ -66.659385538219183, 18.26391405359454 ], [ -66.667201936804162, 18.260707933764976 ], [ -66.668847835087561, 18.260183221197572 ], [ -66.669089651256698, 18.26018043033331 ], [ -66.669063208263239, 18.260400978040003 ], [ -66.669580547724763, 18.260337914740013 ], [ -66.674702960721504, 18.258565871987606 ], [ -66.671413848402835, 18.260488078983684 ], [ -66.670985804072131, 18.260925338797634 ], [ -66.672214004907374, 18.260527795445785 ], [ -66.679052822591913, 18.257642916402126 ], [ -66.685091489696092, 18.254718318108889 ], [ -66.693291872681797, 18.251442513422717 ], [ -66.700290490863765, 18.248343706501302 ], [ -66.706283560845279, 18.246023259274633 ], [ -66.709683818520446, 18.24496442171894 ], [ -66.706188152121101, 18.246595353536136 ], [ -66.700888311247482, 18.248728354596359 ], [ -66.694698656816712, 18.25179336521839 ], [ -66.695583884568052, 18.251571074170094 ], [ -66.695324447981434, 18.251720893344803 ], [ -66.688141125944469, 18.255017598013762 ], [ -66.683540269331303, 18.257362783610141 ], [ -66.667042570329116, 18.264723058446133 ], [ -66.665359882169724, 18.265778409318628 ], [ -66.66563541731044, 18.265718131307935 ], [ -66.663033785909093, 18.267053259315357 ], [ -66.659840088238781, 18.268403369262447 ], [ -66.662066551891201, 18.267064409502872 ], [ -66.659834336567215, 18.268003737500042 ], [ -66.640090057388775, 18.277155216636714 ], [ -66.632234182236473, 18.280019194637784 ], [ -66.633682339610033, 18.279129691342529 ], [ -66.632880661242112, 18.279326544354895 ], [ -66.635933712544187, 18.277806758925685 ], [ -66.636569844667292, 18.277424199241189 ], [ -66.635968965227505, 18.277512696729826 ], [ -66.638060543588409, 18.276403689403256 ], [ -66.636748799293912, 18.276826668003554 ], [ -66.636992137326416, 18.27658730766483 ], [ -66.636549528153324, 18.276698451265336 ], [ -66.636901317889041, 18.276449682353014 ], [ -66.636718135897411, 18.276411010626095 ], [ -66.639245043972295, 18.275027800198554 ], [ -66.62427750861022, 18.281709712600072 ], [ -66.625088003629941, 18.281439342978942 ], [ -66.624627764634226, 18.281697518737179 ], [ -66.615405740818119, 18.2856621391666 ], [ -66.612380660297035, 18.28672480462717 ], [ -66.606567701402739, 18.289557074739413 ], [ -66.598374607281286, 18.292995935078764 ], [ -66.596542465507, 18.293955123230628 ], [ -66.596391484104558, 18.294095532771937 ], [ -66.596708021156971, 18.294140826055475 ], [ -66.59531849447994, 18.294988867819349 ], [ -66.590470079431228, 18.296937208670297 ], [ -66.585444239986629, 18.299246506769251 ], [ -66.581983826270601, 18.300583376390591 ], [ -66.576856820506066, 18.303065139776123 ], [ -66.572108047470721, 18.305077586542634 ], [ -66.569957840856475, 18.306228053672903 ], [ -66.570951514386849, 18.305996356838495 ], [ -66.565559320364144, 18.308228307636327 ], [ -66.564304685940584, 18.308846394847588 ], [ -66.567471940617438, 18.307716832607191 ], [ -66.563199495726778, 18.309560648626771 ], [ -66.562079746594733, 18.309948783405023 ], [ -66.562916687051114, 18.309457864349518 ], [ -66.562749607094574, 18.309508732726812 ], [ -66.560257955183971, 18.31059787989869 ], [ -66.561780839364957, 18.309756457963754 ], [ -66.559758239620905, 18.31051391382843 ], [ -66.560477911722273, 18.310105919955287 ], [ -66.557694632041006, 18.311165801186359 ], [ -66.558924360663795, 18.310531685572563 ], [ -66.555071152857181, 18.312011754539675 ], [ -66.552348035140966, 18.312793600917619 ], [ -66.548837803899218, 18.314098416521375 ], [ -66.548587180483437, 18.314174720147118 ], [ -66.548713256085108, 18.314018282203275 ], [ -66.548496355121884, 18.314037097622784 ], [ -66.546256860338787, 18.314813366119491 ], [ -66.53292947751271, 18.320570931403712 ], [ -66.533448341280803, 18.320271296901577 ], [ -66.533281261324262, 18.320322165278874 ], [ -66.527100425988479, 18.323313657564459 ], [ -66.527434589382537, 18.323211919750065 ], [ -66.527233781049262, 18.323320279121077 ], [ -66.519407041505914, 18.32683648676155 ] ] ] } },
{ "type": "Feature", "properties": { "district": 23, "precinct_index": 0, "color": "#fcd1b8", "id": "d23_p00" }, "geometry": { "type": "Polygon", "coordinates": [ [ [ -66.781357124043822, 18.069550688376726 ], [ -66.780220578288137, 18.069818902026686 ], [ -66.780587341428117, 18.069292074981639 ], [ -66.778223661889854, 18.069832784053247 ], [ -66.778483209369554, 18.069579179757554 ], [ -66.778553452470248, 18.06917362257504 ], [ -66.781494444709253, 18.067184397088752 ], [ -66.78207953191361, 18.066486361192929 ], [ -66.781515506544679, 18.066405740532652 ], [ -66.780440704581522, 18.066697854407959 ], [ -66.780317391762097, 18.066355073131607 ], [ -66.779732665758345, 18.06646314123822 ], [ -66.802431874903831, 18.05241197322529 ], [ -66.807671633747646, 18.048302965041543 ], [ -66.808322715600269, 18.04741409949299 ], [ -66.808845879956138, 18.046987146634823 ], [ -66.817363836124031, 18.041570198620505 ], [ -66.815757734786132, 18.042128753709427 ], [ -66.816371478588209, 18.041697523954273 ], [ -66.816318051959215, 18.041539150847267 ], [ -66.814580141582397, 18.0421843808045 ], [ -66.814765560596626, 18.041961093342838 ], [ -66.81609583944136, 18.041335120612764 ], [ -66.818859191460106, 18.040319660669645 ], [ -66.81925054677707, 18.039979382679789 ], [ -66.81909821736096, 18.039959761877835 ], [ -66.820416293677397, 18.039093021680934 ], [ -66.82062241023776, 18.038681046715585 ], [ -66.820404268318029, 18.038557271040155 ], [ -66.820779169565569, 18.038190954376457 ], [ -66.819840423206728, 18.038181665942727 ], [ -66.819881827565041, 18.03780428714575 ], [ -66.820919836024586, 18.037084855574275 ], [ -66.82099007723825, 18.036679298480813 ], [ -66.819569393712911, 18.037014567282224 ], [ -66.818992981784007, 18.036988163770378 ], [ -66.818984846765133, 18.03682765212583 ], [ -66.823177918785277, 18.034162516184423 ], [ -66.825373537239244, 18.032396212058597 ], [ -66.827132148250882, 18.031562293334478 ], [ -66.827819844551158, 18.031395728745093 ], [ -66.829850389602484, 18.030253988576849 ], [ -66.834887376994146, 18.027817146759148 ], [ -66.836123366995167, 18.026525228577778 ], [ -66.835835161030715, 18.026512026821855 ], [ -66.835979532596895, 18.02607615280531 ], [ -66.838875052968135, 18.024384050293722 ], [ -66.837952759477048, 18.02440080170798 ], [ -66.836877778457932, 18.024987898846291 ], [ -66.835457091843907, 18.025323168910901 ], [ -66.837092394326461, 18.024146466473084 ], [ -66.837228448729107, 18.023845065338193 ], [ -66.836565523661761, 18.023903195719761 ], [ -66.838139260206091, 18.022407610967736 ], [ -66.842863090142743, 18.020360986039083 ], [ -66.843954708577584, 18.01950494187426 ], [ -66.845219176120381, 18.018774813096559 ], [ -66.845248193918707, 18.018451651448018 ], [ -66.844840566676993, 18.018470906237823 ], [ -66.8452566901382, 18.018022195303356 ], [ -66.845269256955802, 18.01767299371777 ], [ -66.851533738129007, 18.014373689863362 ], [ -66.861548492548408, 18.005346332830388 ], [ -66.88104219300854, 17.994932657618591 ], [ -66.881865765857185, 17.994759673983175 ], [ -66.881663895862218, 17.994956921507793 ], [ -66.882022162782718, 17.994859550607405 ], [ -66.883723096309609, 17.994081988654365 ], [ -66.884056596287522, 17.994093049524441 ], [ -66.887788071777038, 17.992173748666353 ], [ -66.887222964693294, 17.993863031284658 ], [ -66.887399884399343, 17.994069201230861 ], [ -66.887193764750307, 17.994481177459409 ], [ -66.887251261977426, 17.994719805125484 ], [ -66.878830221134294, 18.003242825392118 ], [ -66.876280406357949, 18.005186754977405 ], [ -66.874356357654364, 18.00723520671152 ], [ -66.875188067408899, 18.007222734631601 ], [ -66.875336148372583, 18.007457082963342 ], [ -66.875059966565829, 18.007979633022345 ], [ -66.875113394396493, 18.0081380049552 ], [ -66.876064346372331, 18.008388059592559 ], [ -66.877147286443048, 18.0082564560986 ], [ -66.879342181294135, 18.007670088725341 ], [ -66.880758617052408, 18.007549548538812 ], [ -66.879427977007055, 18.008765489058099 ], [ -66.880041541753172, 18.008629242565949 ], [ -66.869090206291588, 18.014107504518972 ], [ -66.868389764117723, 18.014918253956946 ], [ -66.867594847866812, 18.015358043733034 ], [ -66.870766189529562, 18.013733360036749 ], [ -66.872808756851569, 18.01312737177248 ], [ -66.87020144175942, 18.014832674954896 ], [ -66.870094224897471, 18.015105898878396 ], [ -66.86942280052196, 18.015593486667829 ], [ -66.868714402385194, 18.015948741198248 ], [ -66.869117963319141, 18.015849229412016 ], [ -66.868430084874205, 18.016310778527604 ], [ -66.868553576749605, 18.016358576540952 ], [ -66.868178675502065, 18.01672489320465 ], [ -66.866568144252454, 18.017793161434653 ], [ -66.866811058606771, 18.017808501728123 ], [ -66.866740996449067, 18.017919075558581 ], [ -66.865476528906285, 18.018649204336278 ], [ -66.865674149247155, 18.018666685515591 ], [ -66.865501117994569, 18.01883575465467 ], [ -66.865921129909253, 18.018762282805483 ], [ -66.865661583631223, 18.019015885927029 ], [ -66.865892112110927, 18.019085444454028 ], [ -66.866954530602783, 18.018847546463952 ], [ -66.866501248146989, 18.019458909928815 ], [ -66.86689649191743, 18.019493871024238 ], [ -66.865734812526526, 18.020460487845373 ], [ -66.86685065764739, 18.0203809629623 ], [ -66.866978217032226, 18.02050901679792 ], [ -66.86918956904141, 18.019948686835306 ], [ -66.869378872218761, 18.020100640896274 ], [ -66.870412451968249, 18.019890921291736 ], [ -66.873410759289726, 18.018435307997734 ], [ -66.873608379630596, 18.018452789177047 ], [ -66.871866222688382, 18.019312746575007 ], [ -66.872516764284441, 18.019308832078671 ], [ -66.874860101299817, 18.01836684524794 ], [ -66.872046850590294, 18.020189140043641 ], [ -66.873195782220591, 18.019866708160155 ], [ -66.863442738710532, 18.025100654340267 ], [ -66.861400170186869, 18.025706643778683 ], [ -66.859415101293649, 18.02655125853488 ], [ -66.859007293794292, 18.02686549776184 ], [ -66.859007111649646, 18.027160482288046 ], [ -66.859563001999703, 18.027080591303772 ], [ -66.859389970747117, 18.027249660442852 ], [ -66.860015920166191, 18.027059196891322 ], [ -66.857042384077658, 18.028406375977511 ], [ -66.856193860940124, 18.028982777083748 ], [ -66.858034376122518, 18.028869020870307 ], [ -66.858351241773377, 18.029149027503696 ], [ -66.859355800635853, 18.029262470810902 ], [ -66.859845876595259, 18.029078425042204 ], [ -66.857502357435237, 18.030315396399143 ], [ -66.853882347260082, 18.031746745803947 ], [ -66.850600263885852, 18.032679444200944 ], [ -66.853730558100551, 18.030842173949772 ], [ -66.854121914619171, 18.030501894785768 ], [ -66.854183837467659, 18.030230811748112 ], [ -66.85102135751535, 18.030836069073175 ], [ -66.850531463700591, 18.030725130315663 ], [ -66.850684152430276, 18.030154783417462 ], [ -66.846767620328805, 18.031707402773851 ], [ -66.84613353280217, 18.031737355944031 ], [ -66.842682126371216, 18.033509347002543 ], [ -66.838946401227616, 18.035643376564561 ], [ -66.835898371182637, 18.037610842711345 ], [ -66.83509920836633, 18.038265359928161 ], [ -66.83489308991895, 18.038677334982559 ], [ -66.83280044176152, 18.040385142625617 ], [ -66.828677967865303, 18.042054756121697 ], [ -66.824974969917548, 18.044535846383457 ], [ -66.824999560892863, 18.044722396612798 ], [ -66.822989720766699, 18.045675445576808 ], [ -66.822392427945346, 18.046132715269007 ], [ -66.819295217836768, 18.047727080868057 ], [ -66.81592236737967, 18.048959044299746 ], [ -66.815164431067387, 18.049531164808442 ], [ -66.813100979764258, 18.050620827539952 ], [ -66.809987318674942, 18.052189153201958 ], [ -66.80804347199539, 18.052951373687385 ], [ -66.804295359090148, 18.055139621571985 ], [ -66.801827988741138, 18.056918762615734 ], [ -66.801753678131007, 18.057244063975972 ], [ -66.802206599386196, 18.057222668300323 ], [ -66.802251708851671, 18.05751551428898 ], [ -66.802618113879731, 18.057578653769944 ], [ -66.802539736961819, 18.05782369813376 ], [ -66.802889504574154, 18.058155784641237 ], [ -66.8026504786733, 18.058515683433047 ], [ -66.80188015459936, 18.059142022264325 ], [ -66.799808390423067, 18.060366155440139 ], [ -66.796393956551682, 18.062270480931812 ], [ -66.791245861957577, 18.064605307676786 ], [ -66.789882315660421, 18.065769170759332 ], [ -66.785104872659772, 18.067952409544539 ], [ -66.783008698451141, 18.068695009138956 ], [ -66.781357124043822, 18.069550688376726 ] ] ] } },
{ "type": "Feature", "properties": { "district": 23, "precinct_index": 1, "color": "#ffffbe", "id": "d23_p01" }, "geometry": { "type": "Polygon", "coordinates": [ [ [ -66.742883662681322, 18.091560480191642 ], [ -66.739547971218812, 18.092629791092936 ], [ -66.739090983655856, 18.092570929772165 ], [ -66.737546626110486, 18.093153385086435 ], [ -66.737122544799334, 18.093146601202399 ], [ -66.735606846940371, 18.093995861394134 ], [ -66.730932377324947, 18.096120602433366 ], [ -66.732304240785638, 18.094822266469162 ], [ -66.731987378223451, 18.094542258572574 ], [ -66.73212750322422, 18.094321111996756 ], [ -66.733441510144203, 18.093374116066631 ], [ -66.732700387214905, 18.09338230754901 ], [ -66.732428814375837, 18.093100161203928 ], [ -66.731910081818697, 18.093017400831954 ], [ -66.732305863958686, 18.092167410964215 ], [ -66.73327805802758, 18.09134382460832 ], [ -66.732331175448195, 18.091174025704188 ], [ -66.732401237605899, 18.09106345187373 ], [ -66.732244842567383, 18.090963575160444 ], [ -66.732553929424284, 18.090493103712326 ], [ -66.732191594994347, 18.090510218790438 ], [ -66.73892173900596, 18.086545336849134 ], [ -66.739276118674638, 18.08607272568932 ], [ -66.739251526497668, 18.085886176634126 ], [ -66.740339257680702, 18.084654892209873 ], [ -66.74416574441517, 18.08222160122466 ], [ -66.746592071606472, 18.080229871188674 ], [ -66.748161379440745, 18.079243998403587 ], [ -66.750229259453931, 18.077644623705144 ], [ -66.750402290706518, 18.077475554566064 ], [ -66.750278977887078, 18.077132773289712 ], [ -66.748796547480538, 18.077444143128975 ], [ -66.748384852729373, 18.077383142096505 ], [ -66.749431178352438, 18.076529237643378 ], [ -66.749451878987244, 18.076340548876487 ], [ -66.750086327714499, 18.075720627917097 ], [ -66.751602025573462, 18.074871367725361 ], [ -66.751120265575906, 18.074920941786552 ], [ -66.751845299926742, 18.074296741403767 ], [ -66.75377287159283, 18.073213498981495 ], [ -66.755717080674657, 18.071861309532711 ], [ -66.756042621600969, 18.07141687675843 ], [ -66.755997510933824, 18.071124031943921 ], [ -66.756611255937571, 18.070692801014619 ], [ -66.756137816192222, 18.070607900930952 ], [ -66.75700297245514, 18.069762555235553 ], [ -66.75679721520838, 18.06958456250074 ], [ -66.759696801887401, 18.067972716985579 ], [ -66.760924292580256, 18.067110256212068 ], [ -66.761064418782681, 18.066889108462103 ], [ -66.760677492175773, 18.066719674485022 ], [ -66.761769110610629, 18.065863630320198 ], [ -66.760838680213638, 18.065719870178956 ], [ -66.76079763705593, 18.065507281186722 ], [ -66.761419701110228, 18.06494157728671 ], [ -66.764010379988321, 18.063505219956664 ], [ -66.763631591488959, 18.063496296360931 ], [ -66.764632623098564, 18.062644532793648 ], [ -66.764175635535608, 18.062585671472874 ], [ -66.764665890550987, 18.062106642441172 ], [ -66.764591942343131, 18.061841974838053 ], [ -66.765469483279006, 18.060942412083271 ], [ -66.764823009192398, 18.061026582401887 ], [ -66.761124080641096, 18.063587928396871 ], [ -66.759484529706128, 18.064979358364472 ], [ -66.757701150550233, 18.065921710033201 ], [ -66.75408466642628, 18.068318267486646 ], [ -66.748911442487312, 18.071351494965441 ], [ -66.748462591830247, 18.071453145200167 ], [ -66.749121808701759, 18.070724791296165 ], [ -66.748755406762385, 18.070661650552001 ], [ -66.749777140208465, 18.069621197043677 ], [ -66.748302847909471, 18.070093077264289 ], [ -66.747644169407536, 18.069936480205129 ], [ -66.746659949979275, 18.070224315920246 ], [ -66.745935279917731, 18.070258547250617 ], [ -66.743847419783947, 18.070866675226579 ], [ -66.741755129738436, 18.071984516343626 ], [ -66.738925966417739, 18.072895820239122 ], [ -66.737809758894599, 18.073565314085553 ], [ -66.737158859186621, 18.074159195107899 ], [ -66.736228067589025, 18.074605402755871 ], [ -66.73603044724814, 18.074587921576558 ], [ -66.736051147882961, 18.074399232809672 ], [ -66.736759728164373, 18.073748993753046 ], [ -66.73532665807906, 18.074138479702889 ], [ -66.735639814332416, 18.073748263987991 ], [ -66.738115139442669, 18.072424619025945 ], [ -66.73951973318789, 18.071473342498283 ], [ -66.739655967848165, 18.070876956926238 ], [ -66.742403226998107, 18.069245490520068 ], [ -66.745517249288028, 18.067087197068847 ], [ -66.744360181953496, 18.06724911622269 ], [ -66.743598894355614, 18.066561047857089 ], [ -66.742948353961225, 18.066564961179278 ], [ -66.743319187699342, 18.066118388693305 ], [ -66.742623353291492, 18.066124442901341 ], [ -66.742298174767456, 18.065978906712257 ], [ -66.742372485377587, 18.065653605352018 ], [ -66.742257310665707, 18.065471334457015 ], [ -66.745202369212492, 18.063562365967151 ], [ -66.748410683434813, 18.062070016704027 ], [ -66.74987259226252, 18.06165235236865 ], [ -66.751664111412978, 18.060870510992213 ], [ -66.759769470170852, 18.056867481961003 ], [ -66.764201387834234, 18.054137431664941 ], [ -66.764493840364082, 18.053935905980133 ], [ -66.764613444987674, 18.053608463734047 ], [ -66.766714230050994, 18.052061167646489 ], [ -66.76978278167482, 18.050199995995822 ], [ -66.769885568625057, 18.050436485213407 ], [ -66.77020261333189, 18.050421508583788 ], [ -66.770177842098946, 18.050529942791602 ], [ -66.775350707925995, 18.048086681838818 ], [ -66.777710497123763, 18.047170733770983 ], [ -66.777179018693047, 18.047732158247602 ], [ -66.775498606745018, 18.048616014696762 ], [ -66.776779346212578, 18.048206909119113 ], [ -66.776696900583573, 18.048371698834799 ], [ -66.776803938389548, 18.048393458174303 ], [ -66.776515552167467, 18.048675240855538 ], [ -66.777162023165403, 18.048591071800125 ], [ -66.777128937857626, 18.048833977626391 ], [ -66.779620534892643, 18.047831355864396 ], [ -66.783067695959872, 18.046274091072465 ], [ -66.786366776063417, 18.044482477948797 ], [ -66.788006144853739, 18.043386032507403 ], [ -66.792046526942528, 18.041291244638348 ], [ -66.793059585113156, 18.040975230537693 ], [ -66.795481301449769, 18.039788196994852 ], [ -66.800345617587794, 18.036930457701168 ], [ -66.80379684616446, 18.035453448731516 ], [ -66.807326633803669, 18.03343641087184 ], [ -66.81075309114739, 18.032067836109999 ], [ -66.811354271220551, 18.031985806677227 ], [ -66.811247054358617, 18.032259030600731 ], [ -66.812466050033635, 18.031826024797734 ], [ -66.81441414636727, 18.030849075608376 ], [ -66.815761059539057, 18.029954157114989 ], [ -66.815641638261795, 18.029986613660718 ], [ -66.815897118232058, 18.029652753542749 ], [ -66.815761241683703, 18.029659172588783 ], [ -66.816383302649314, 18.029093469951974 ], [ -66.815917997922838, 18.029169081512855 ], [ -66.816119867917791, 18.028971833988237 ], [ -66.815881025363254, 18.029036747079694 ], [ -66.816939734457605, 18.028128626741335 ], [ -66.816330237220924, 18.028345129055758 ], [ -66.816379776598112, 18.028128261903333 ], [ -66.815601497762927, 18.028299104652906 ], [ -66.817632039725567, 18.027157365747861 ], [ -66.817290226874491, 18.02728077532209 ], [ -66.817780481889855, 18.026801746290388 ], [ -66.819584382624598, 18.025965689117776 ], [ -66.82012381890523, 18.02585975945966 ], [ -66.821462418002184, 18.025099312584729 ], [ -66.821025589615815, 18.025736714723433 ], [ -66.824451866701907, 18.024663124398742 ], [ -66.826494796426189, 18.023467167171116 ], [ -66.828451388979303, 18.0220607618371 ], [ -66.829143515191291, 18.021384484106633 ], [ -66.829024089623672, 18.021416943089712 ], [ -66.829419695796389, 18.020861935221777 ], [ -66.829152011410784, 18.020955027961971 ], [ -66.82927974985158, 18.020788098534588 ], [ -66.828736246061496, 18.020813772370431 ], [ -66.827624288192439, 18.021268537512931 ], [ -66.824481788360757, 18.022865041560475 ], [ -66.819749820316545, 18.024751156107779 ], [ -66.815977298580634, 18.026457869236832 ], [ -66.810561160287335, 18.029475756422162 ], [ -66.806339249524825, 18.032169070749102 ], [ -66.804419991933557, 18.033117841552922 ], [ -66.803229835000906, 18.033522668970381 ], [ -66.803884805307007, 18.033009042507107 ], [ -66.803765384029731, 18.033041499052835 ], [ -66.803909576539951, 18.032900608299293 ], [ -66.803625436883266, 18.032967663539797 ], [ -66.803769630595141, 18.032826771612108 ], [ -66.804927060331948, 18.032074883494904 ], [ -66.805112479346164, 18.031851596033242 ], [ -66.804964216237835, 18.031912232227711 ], [ -66.805059048426827, 18.03169322536359 ], [ -66.80542156500141, 18.031381125759271 ], [ -66.810467230757212, 18.028219843270705 ], [ -66.811600072607391, 18.027281403660965 ], [ -66.81829694916658, 18.023854412072133 ], [ -66.822431806534084, 18.022130582690821 ], [ -66.834799759898601, 18.016236796025062 ], [ -66.837435731588471, 18.014798298983315 ], [ -66.837617080004577, 18.014494756962581 ], [ -66.837361780291943, 18.014533632643396 ], [ -66.838090701894572, 18.014284672520041 ], [ -66.844091566191622, 18.011158717228103 ], [ -66.843762136811833, 18.0112279109171 ], [ -66.843922781504432, 18.011113058926455 ], [ -66.845306491268531, 18.010645456866033 ], [ -66.845903784089884, 18.010188187173835 ], [ -66.84568139251607, 18.010279140202336 ], [ -66.845796746283909, 18.010166427834331 ], [ -66.846978768197687, 18.009601088772321 ], [ -66.847485475395459, 18.009148098503516 ], [ -66.847320761306392, 18.009182694760941 ], [ -66.847946712612497, 18.008992231120356 ], [ -66.848441035137299, 18.008593457910933 ], [ -66.848305159790613, 18.008599875782817 ], [ -66.849025944487366, 18.008190404103967 ], [ -66.850426108320875, 18.007748840717387 ], [ -66.850879208632008, 18.00743246177873 ], [ -66.850809143385618, 18.007543036872388 ], [ -66.850961474003384, 18.007562656500195 ], [ -66.851435095893379, 18.007352572057659 ], [ -66.852155880590132, 18.006943100378805 ], [ -66.851855289952709, 18.006984115682265 ], [ -66.852423744031697, 18.006555024375604 ], [ -66.853576925316077, 18.006017863788184 ], [ -66.854763014739305, 18.00553278054845 ], [ -66.854561144744338, 18.005730028073067 ], [ -66.855339423579522, 18.005559185323495 ], [ -66.858576756801853, 18.003743673237679 ], [ -66.858284303070334, 18.003945200096638 ], [ -66.87035573330688, 17.998172684556611 ], [ -66.87190009085225, 17.997590229242341 ], [ -66.872427139371254, 17.997538517906808 ], [ -66.875169969811139, 17.996416763467572 ], [ -66.874840362577061, 17.996780939245422 ], [ -66.876236276756487, 17.996554104562776 ], [ -66.878662062489553, 17.995447326753155 ], [ -66.878950265365319, 17.995460529772281 ], [ -66.878657812835456, 17.995662055457085 ], [ -66.880646952326799, 17.994897695259965 ], [ -66.88124813360163, 17.99481566465305 ], [ -66.861548492548408, 18.005346332830388 ], [ -66.851533738129007, 18.014373689863362 ], [ -66.845269256955802, 18.01767299371777 ], [ -66.8452566901382, 18.018022195303356 ], [ -66.844840566676993, 18.018470906237823 ], [ -66.845248193918707, 18.018451651448018 ], [ -66.845219176120381, 18.018774813096559 ], [ -66.843954708577584, 18.01950494187426 ], [ -66.842863090142743, 18.020360986039083 ], [ -66.838139260206091, 18.022407610967736 ], [ -66.836565523661761, 18.023903195719761 ], [ -66.837228448729107, 18.023845065338193 ], [ -66.837092394326461, 18.024146466473084 ], [ -66.835457091843907, 18.025323168910901 ], [ -66.836877778457932, 18.024987898846291 ], [ -66.837952759477048, 18.02440080170798 ], [ -66.838875052968135, 18.024384050293722 ], [ -66.835979532596895, 18.02607615280531 ], [ -66.835835161030715, 18.026512026821855 ], [ -66.836123366995167, 18.026525228577778 ], [ -66.835105701058524, 18.027645937908375 ], [ -66.833931816050637, 18.028371788525881 ], [ -66.829850389602484, 18.030253988576849 ], [ -66.827819844551158, 18.031395728745093 ], [ -66.827132148250882, 18.031562293334478 ], [ -66.825373537239244, 18.032396212058597 ], [ -66.823177918785277, 18.034162516184423 ], [ -66.819977563614543, 18.036110359091904 ], [ -66.818914782720398, 18.036938226045336 ], [ -66.819569393712911, 18.037014567282224 ], [ -66.82099007723825, 18.036679298480813 ], [ -66.820919836024586, 18.037084855574275 ], [ -66.819881827565041, 18.03780428714575 ], [ -66.819840423206728, 18.038181665942727 ], [ -66.820779169565569, 18.038190954376457 ], [ -66.820404268318029, 18.038557271040155 ], [ -66.82062241023776, 18.038681046715585 ], [ -66.820416293677397, 18.039093021680934 ], [ -66.81909821736096, 18.039959761877835 ], [ -66.81925054677707, 18.039979382679789 ], [ -66.818859191460106, 18.040319660669645 ], [ -66.81609583944136, 18.041335120612764 ], [ -66.814765560596626, 18.041961093342838 ], [ -66.814580141582397, 18.0421843808045 ], [ -66.816318051959215, 18.041539150847267 ], [ -66.816371478588209, 18.041697523954273 ], [ -66.815757734786132, 18.042128753709427 ], [ -66.817363836124031, 18.041570198620505 ], [ -66.808845879956138, 18.046987146634823 ], [ -66.808322715600269, 18.04741409949299 ], [ -66.807671633747646, 18.048302965041543 ], [ -66.802431874903831, 18.05241197322529 ], [ -66.779732665758345, 18.06646314123822 ], [ -66.780317391762097, 18.066355073131607 ], [ -66.780440704581522, 18.066697854407959 ], [ -66.781515506544679, 18.066405740532652 ], [ -66.78207953191361, 18.066486361192929 ], [ -66.781494444709253, 18.067184397088752 ], [ -66.778553452470248, 18.06917362257504 ], [ -66.778301860953448, 18.069882721778288 ], [ -66.780587341428117, 18.069292074981639 ], [ -66.780220578288137, 18.069818902026686 ], [ -66.780525235233327, 18.069858143719653 ], [ -66.778836506121777, 18.070876473050468 ], [ -66.779606468995098, 18.0708401020084 ], [ -66.77968873745516, 18.070970295466665 ], [ -66.779161327735551, 18.071611974591413 ], [ -66.774400159748353, 18.074116235313465 ], [ -66.770483444300567, 18.075963840370211 ], [ -66.766694112270343, 18.078234481262378 ], [ -66.761920739867818, 18.080497974606658 ], [ -66.761706482111208, 18.080749440453857 ], [ -66.761891718980792, 18.080821137518402 ], [ -66.761471528010148, 18.081189592630594 ], [ -66.760626709979761, 18.082436218522467 ], [ -66.761013457530709, 18.082900635762552 ], [ -66.759868232209243, 18.083893291257528 ], [ -66.757969675252795, 18.084653373294458 ], [ -66.755654996722171, 18.085862166176803 ], [ -66.754534901947224, 18.086156419763807 ], [ -66.752442611901714, 18.087274260880854 ], [ -66.749741007965838, 18.08831361861197 ], [ -66.743723510543418, 18.091708518493071 ], [ -66.743484663698524, 18.091773434021878 ], [ -66.743365421477222, 18.091510907304599 ], [ -66.742883662681322, 18.091560480191642 ] ] ] } },
{ "type": "Feature", "properties": { "district": 23, "precinct_index": 2, "color": "#bffcb6", "id": "d23_p02" }, "geometry": { "type": "Polygon", "coordinates": [ [ [ -66.730281653584242, 18.096419501455912 ], [ -66.728276061910506, 18.097157822890139 ], [ -66.72830915030697, 18.096914915800667 ], [ -66.728066237154309, 18.096899574333051 ], [ -66.726052508574682, 18.097477384211778 ], [ -66.725196030675889, 18.097598289236313 ], [ -66.725072538800504, 18.097550491222965 ], [ -66.725183825058906, 18.097357523032684 ], [ -66.72504794971222, 18.097363940904572 ], [ -66.723660169349998, 18.09775128840592 ], [ -66.723820996187257, 18.097341451889065 ], [ -66.722894636388389, 18.0972779463069 ], [ -66.723825607041945, 18.096536755395924 ], [ -66.723150295414626, 18.096649102925927 ], [ -66.72358694045468, 18.096306686487576 ], [ -66.723171178194079, 18.096165429632833 ], [ -66.723171357250052, 18.095870446369826 ], [ -66.722479594641996, 18.095956753962788 ], [ -66.722397324980264, 18.09582656167867 ], [ -66.722689780598799, 18.095625034730663 ], [ -66.722582743994494, 18.095603274217009 ], [ -66.721717945843508, 18.095858653386397 ], [ -66.721664518012844, 18.095700281453542 ], [ -66.721133398895716, 18.095671738230006 ], [ -66.72114171485758, 18.095537266522498 ], [ -66.72060228166562, 18.095643194917411 ], [ -66.716224149944836, 18.097941650620321 ], [ -66.714428566373627, 18.098643234911279 ], [ -66.712809898218111, 18.099550991585787 ], [ -66.710264691207783, 18.100690225941133 ], [ -66.709729322436573, 18.100876411421524 ], [ -66.70906232985979, 18.100854285980819 ], [ -66.707443840760249, 18.101467059392323 ], [ -66.707287443834701, 18.10136718276809 ], [ -66.705150226468376, 18.101897193370274 ], [ -66.704124962680737, 18.101972441267304 ], [ -66.699425721832384, 18.104205616514349 ], [ -66.695788717331226, 18.106495878297526 ], [ -66.69560329831701, 18.106719165759188 ], [ -66.695607186770474, 18.107094404844467 ], [ -66.694235502365757, 18.108097757545668 ], [ -66.688547434323127, 18.111423463737772 ], [ -66.684449370459234, 18.113574610815252 ], [ -66.683032393242726, 18.114580103228146 ], [ -66.682620336089286, 18.11510907115904 ], [ -66.680919402562395, 18.115886633112083 ], [ -66.678975555882857, 18.116648853597507 ], [ -66.679140452116556, 18.116319272813875 ], [ -66.678699915534338, 18.116286451430149 ], [ -66.677806282931328, 18.116570006547725 ], [ -66.677843437635559, 18.11640735645468 ], [ -66.677497557275032, 18.116450510206633 ], [ -66.67585005157882, 18.117386444092531 ], [ -66.670693821965841, 18.11956075919295 ], [ -66.669824957507075, 18.119735881365916 ], [ -66.666925370828054, 18.12134772688108 ], [ -66.661336742740417, 18.123649730979121 ], [ -66.660859050252299, 18.123779560862587 ], [ -66.661143548020902, 18.123122539096073 ], [ -66.660703014527357, 18.123089716449144 ], [ -66.661045010724763, 18.122671321174561 ], [ -66.658298291831386, 18.123417836528514 ], [ -66.658607378688288, 18.122947365080396 ], [ -66.657256757320653, 18.123172060051349 ], [ -66.656906806362016, 18.123134959244226 ], [ -66.657084087268686, 18.122751161401215 ], [ -66.656486973503291, 18.12291344783041 ], [ -66.657125671884629, 18.122078798167088 ], [ -66.658077161028359, 18.121443903015429 ], [ -66.659041221280035, 18.120459803840834 ], [ -66.658320797783901, 18.120279307730474 ], [ -66.658148125844917, 18.119858409169396 ], [ -66.656814137602652, 18.119814159551186 ], [ -66.657605345657728, 18.118704146252664 ], [ -66.657181263144921, 18.118697363542779 ], [ -66.657251324100955, 18.118586790886472 ], [ -66.659693926305721, 18.116916082787334 ], [ -66.660822697557776, 18.115897388618517 ], [ -66.6604729256551, 18.11556530454839 ], [ -66.659843088984218, 18.11538052784049 ], [ -66.662367953471659, 18.113840015726019 ], [ -66.662557438793655, 18.113696985260784 ], [ -66.662516395635947, 18.113484396268547 ], [ -66.663220726263276, 18.113048885915852 ], [ -66.66383871971945, 18.112402927456767 ], [ -66.666585978869392, 18.110771461050597 ], [ -66.666104220073493, 18.110821033937636 ], [ -66.667595507900145, 18.109490240164501 ], [ -66.669510878239592, 18.108166229101254 ], [ -66.669852873235314, 18.107747835000819 ], [ -66.669321754118201, 18.107719291777279 ], [ -66.669820326297099, 18.107105789863922 ], [ -66.67463953296965, 18.103955204581581 ], [ -66.677526734975714, 18.102397576125799 ], [ -66.67764633651062, 18.102070135142917 ], [ -66.679953062167016, 18.100405846089817 ], [ -66.68022092560858, 18.100017770086616 ], [ -66.685279155093312, 18.096507287275664 ], [ -66.68497042943703, 18.096387790934571 ], [ -66.684978746600549, 18.096253318052916 ], [ -66.685444592785259, 18.095292754265667 ], [ -66.685922461240651, 18.0948679423824 ], [ -66.688970490083975, 18.092900477409763 ], [ -66.69023902822488, 18.09225060319114 ], [ -66.691874326417079, 18.091073903190669 ], [ -66.692850770140055, 18.090035588130846 ], [ -66.693847553297246, 18.089398552093343 ], [ -66.693975294826714, 18.089231621402757 ], [ -66.693802442630101, 18.089105707278833 ], [ -66.69527727638733, 18.087748874831853 ], [ -66.69497261824047, 18.087709634313036 ], [ -66.696101210436566, 18.086985923407227 ], [ -66.696835281263461, 18.085047315827566 ], [ -66.697824288715367, 18.083659800445353 ], [ -66.698429897498571, 18.083068059045647 ], [ -66.700909472262907, 18.081529685379671 ], [ -66.702347333460551, 18.080040518499533 ], [ -66.706482910140593, 18.077136754803 ], [ -66.706651871996726, 18.076887429930697 ], [ -66.706503791033043, 18.076653081598959 ], [ -66.70746360042898, 18.075883712302446 ], [ -66.706512469397168, 18.075928640928094 ], [ -66.708036484419665, 18.0749449078547 ], [ -66.708345571276567, 18.074474436406582 ], [ -66.709754231329555, 18.07360341687534 ], [ -66.708168833715149, 18.073973281934173 ], [ -66.70843262776026, 18.073504950197751 ], [ -66.711764795058599, 18.071470431158762 ], [ -66.715409755522657, 18.06963566428314 ], [ -66.715776518662636, 18.06910883723809 ], [ -66.717642349624896, 18.068001693327272 ], [ -66.722901728590372, 18.06547389848107 ], [ -66.725467997436141, 18.063556007569623 ], [ -66.727296490347854, 18.062906499452204 ], [ -66.729688829572524, 18.062632595258062 ], [ -66.732843533819548, 18.06127685858829 ], [ -66.731751918473378, 18.062132901489914 ], [ -66.731887795021734, 18.06212648244388 ], [ -66.734161250137035, 18.061000085006452 ], [ -66.734074733909907, 18.061084620163065 ], [ -66.734762430210196, 18.060918055573683 ], [ -66.734675915184738, 18.06100258955615 ], [ -66.734947667079766, 18.060989752638228 ], [ -66.734815861129547, 18.061076426243336 ], [ -66.735174126163017, 18.060979055432004 ], [ -66.734852834890788, 18.06120875950235 ], [ -66.735136970257116, 18.061141706699196 ], [ -66.734992777746911, 18.061282597452738 ], [ -66.734374966435396, 18.061633571385617 ], [ -66.734811429330804, 18.061586139473473 ], [ -66.734605491826414, 18.061703131175818 ], [ -66.734576653084048, 18.061731309561356 ], [ -66.736240610962653, 18.060821414438351 ], [ -66.735556803115841, 18.061363218113016 ], [ -66.735622617506493, 18.061467372897436 ], [ -66.735363070026779, 18.061720977193129 ], [ -66.735754243199096, 18.061675683729483 ], [ -66.7356512771929, 18.061734177774905 ], [ -66.735564760965772, 18.061818712931519 ], [ -66.735535922223406, 18.061846891317057 ], [ -66.737491974519941, 18.061325437035254 ], [ -66.73743836454463, 18.061462049628606 ], [ -66.740906047190705, 18.060011079332796 ], [ -66.741235475368825, 18.059941886817946 ], [ -66.741919102272661, 18.05969506649534 ], [ -66.741976778555738, 18.059638710898412 ], [ -66.741021400958545, 18.059898366964791 ], [ -66.741688575679973, 18.059625507879289 ], [ -66.744307553043868, 18.059045923215919 ], [ -66.747178121924549, 18.0577572393493 ], [ -66.748372345164981, 18.057432668928264 ], [ -66.75023799398258, 18.056620509543649 ], [ -66.751885499678806, 18.05568457565775 ], [ -66.751597114658395, 18.055966357164834 ], [ -66.753137400403986, 18.055303648465639 ], [ -66.75698016335356, 18.053191378243124 ], [ -66.759030868783128, 18.052745900360208 ], [ -66.768280911404233, 18.048635168060386 ], [ -66.774236665034138, 18.045216367953937 ], [ -66.777655527615565, 18.042802330495331 ], [ -66.779352752946593, 18.041354545019853 ], [ -66.780781934578442, 18.040589819984731 ], [ -66.783162248443759, 18.039780165149811 ], [ -66.782684376899681, 18.040204978296281 ], [ -66.782651291591904, 18.04044788412255 ], [ -66.784895546764218, 18.03993963285987 ], [ -66.784285687125248, 18.040746104137654 ], [ -66.782909936412764, 18.041669199842431 ], [ -66.782642250825489, 18.041762293756776 ], [ -66.783157278275468, 18.041174829343113 ], [ -66.781687232541884, 18.041431982122994 ], [ -66.779607330258017, 18.042495604917459 ], [ -66.774907547951415, 18.045613732390873 ], [ -66.775772343013728, 18.045358354484684 ], [ -66.77557047301876, 18.045555602009301 ], [ -66.773914832303674, 18.046331024250648 ], [ -66.773741801051088, 18.046500093389728 ], [ -66.773062238568016, 18.046827170797812 ], [ -66.772930433819454, 18.046913843228772 ], [ -66.772815078849945, 18.047026556770923 ], [ -66.772786240107578, 18.047054735156461 ], [ -66.775739254617264, 18.045601261574152 ], [ -66.774627117692248, 18.046351009979659 ], [ -66.775335514627344, 18.045995756623388 ], [ -66.775162483374771, 18.046164825762467 ], [ -66.774071047084561, 18.046725885401088 ], [ -66.773964010480256, 18.046704124887434 ], [ -66.774079364248081, 18.04659141251943 ], [ -66.773885811416648, 18.046654187162392 ], [ -66.771867652925309, 18.047741710182205 ], [ -66.771254088179191, 18.047877956674355 ], [ -66.770961635649343, 18.048079482359164 ], [ -66.77137758005459, 18.0479257546877 ], [ -66.767563473702737, 18.050304831050884 ], [ -66.769017065366896, 18.050021639597158 ], [ -66.768403321564818, 18.050452869352313 ], [ -66.769235210375314, 18.050145414009389 ], [ -66.771323429822701, 18.048947318333269 ], [ -66.770994000442911, 18.049016512022266 ], [ -66.774754677077084, 18.04647906381528 ], [ -66.77583779620376, 18.046052477058318 ], [ -66.775092243362764, 18.046570381681782 ], [ -66.775438123723276, 18.046527227929829 ], [ -66.775096130614571, 18.046945621941209 ], [ -66.775293750955441, 18.046963103120522 ], [ -66.775207235929983, 18.047047637102988 ], [ -66.777909023212175, 18.045713293671518 ], [ -66.780112234025111, 18.044992454590755 ], [ -66.77875311334931, 18.045646606969569 ], [ -66.77783895796577, 18.045823868765176 ], [ -66.769885931027332, 18.049846516250046 ], [ -66.771298478332128, 18.049350736978237 ], [ -66.766714230050994, 18.052061167646489 ], [ -66.764613444987674, 18.053608463734047 ], [ -66.764493840364082, 18.053935905980133 ], [ -66.759769470170852, 18.056867481961003 ], [ -66.751664111412978, 18.060870510992213 ], [ -66.74987259226252, 18.06165235236865 ], [ -66.748410683434813, 18.062070016704027 ], [ -66.745202369212492, 18.063562365967151 ], [ -66.742257310665707, 18.065471334457015 ], [ -66.742372485377587, 18.065653605352018 ], [ -66.742298174767456, 18.065978906712257 ], [ -66.742623353291492, 18.066124442901341 ], [ -66.743319187699342, 18.066118388693305 ], [ -66.742948353961225, 18.066564961179278 ], [ -66.743598894355614, 18.066561047857089 ], [ -66.744360181953496, 18.06724911622269 ], [ -66.745517249288028, 18.067087197068847 ], [ -66.742403226998107, 18.069245490520068 ], [ -66.739655967848165, 18.070876956926238 ], [ -66.73951973318789, 18.071473342498283 ], [ -66.738115139442669, 18.072424619025945 ], [ -66.735639814332416, 18.073748263987991 ], [ -66.73532665807906, 18.074138479702889 ], [ -66.736759728164373, 18.073748993753046 ], [ -66.736051147882961, 18.074399232809672 ], [ -66.73603044724814, 18.074587921576558 ], [ -66.736228067589025, 18.074605402755871 ], [ -66.737158859186621, 18.074159195107899 ], [ -66.737809758894599, 18.073565314085553 ], [ -66.738925966417739, 18.072895820239122 ], [ -66.741755129738436, 18.071984516343626 ], [ -66.743847419783947, 18.070866675226579 ], [ -66.745935279917731, 18.070258547250617 ], [ -66.746659949979275, 18.070224315920246 ], [ -66.747644169407536, 18.069936480205129 ], [ -66.748302847909471, 18.070093077264289 ], [ -66.749777140208465, 18.069621197043677 ], [ -66.748755406762385, 18.070661650552001 ], [ -66.749121808701759, 18.070724791296165 ], [ -66.748462591830247, 18.071453145200167 ], [ -66.748911442487312, 18.071351494965441 ], [ -66.75408466642628, 18.068318267486646 ], [ -66.757701150550233, 18.065921710033201 ], [ -66.759484529706128, 18.064979358364472 ], [ -66.761124080641096, 18.063587928396871 ], [ -66.764823009192398, 18.061026582401887 ], [ -66.765469483279006, 18.060942412083271 ], [ -66.764591942343131, 18.061841974838053 ], [ -66.764665890550987, 18.062106642441172 ], [ -66.764175635535608, 18.062585671472874 ], [ -66.764632623098564, 18.062644532793648 ], [ -66.763631591488959, 18.063496296360931 ], [ -66.764010379988321, 18.063505219956664 ], [ -66.761419701110228, 18.06494157728671 ], [ -66.76079763705593, 18.065507281186722 ], [ -66.760838680213638, 18.065719870178956 ], [ -66.761769110610629, 18.065863630320198 ], [ -66.760677492175773, 18.066719674485022 ], [ -66.761064418782681, 18.066889108462103 ], [ -66.760924292580256, 18.067110256212068 ], [ -66.759696801887401, 18.067972716985579 ], [ -66.75679721520838, 18.06958456250074 ], [ -66.75700297245514, 18.069762555235553 ], [ -66.756137816192222, 18.070607900930952 ], [ -66.756611255937571, 18.070692801014619 ], [ -66.755997510933824, 18.071124031943921 ], [ -66.756042621600969, 18.07141687675843 ], [ -66.755717080674657, 18.071861309532711 ], [ -66.75377287159283, 18.073213498981495 ], [ -66.751845299926742, 18.074296741403767 ], [ -66.751120265575906, 18.074920941786552 ], [ -66.751602025573462, 18.074871367725361 ], [ -66.750086327714499, 18.075720627917097 ], [ -66.749451878987244, 18.076340548876487 ], [ -66.749431178352438, 18.076529237643378 ], [ -66.748384852729373, 18.077383142096505 ], [ -66.748796547480538, 18.077444143128975 ], [ -66.750278977887078, 18.077132773289712 ], [ -66.750402290706518, 18.077475554566064 ], [ -66.750229259453931, 18.077644623705144 ], [ -66.748161379440745, 18.079243998403587 ], [ -66.746592071606472, 18.080229871188674 ], [ -66.74416574441517, 18.08222160122466 ], [ -66.740339257680702, 18.084654892209873 ], [ -66.739251526497668, 18.085886176634126 ], [ -66.739276118674638, 18.08607272568932 ], [ -66.73892173900596, 18.086545336849134 ], [ -66.732191594994347, 18.090510218790438 ], [ -66.732553929424284, 18.090493103712326 ], [ -66.732244842567383, 18.090963575160444 ], [ -66.732401237605899, 18.09106345187373 ], [ -66.732331175448195, 18.091174025704188 ], [ -66.73327805802758, 18.09134382460832 ], [ -66.732305863958686, 18.092167410964215 ], [ -66.731910081818697, 18.093017400831954 ], [ -66.732428814375837, 18.093100161203928 ], [ -66.732700387214905, 18.09338230754901 ], [ -66.733429126672902, 18.093428331951863 ], [ -66.73212750322422, 18.094321111996756 ], [ -66.731987378223451, 18.094542258572574 ], [ -66.732304240785638, 18.094822266469162 ], [ -66.731822301732109, 18.095166823793356 ], [ -66.731340183622635, 18.095806364380557 ], [ -66.730281653584242, 18.096419501455912 ] ] ] } },
{ "type": "Feature", "properties": { "district": 23, "precinct_index": 3, "color": "#e7beff", "id": "d23_p03" }, "geometry": { "type": "Polygon", "coordinates": [ [ [ -66.660923301924754, 18.106238895223978 ], [ -66.658930456124594, 18.106333031809612 ], [ -66.660931980288893, 18.105514454553113 ], [ -66.660940114106097, 18.105674967371812 ], [ -66.662089227881054, 18.105057550962115 ], [ -66.663056993239891, 18.104743676573158 ], [ -66.664498741689343, 18.103629749952447 ], [ -66.670911300737558, 18.100564795692978 ], [ -66.67931761013179, 18.095930784743246 ], [ -66.678778173851157, 18.096036714401361 ], [ -66.678592938183229, 18.095965016162669 ], [ -66.678613641906736, 18.095776326132579 ], [ -66.676385837715159, 18.0963106173323 ], [ -66.676764985528095, 18.095729573227874 ], [ -66.676608588602562, 18.095629696603641 ], [ -66.675785015753917, 18.095802680239061 ], [ -66.676085788535985, 18.095466680409395 ], [ -66.677906323597767, 18.094361677473469 ], [ -66.680727532157221, 18.09299487749627 ], [ -66.681501926829284, 18.092448793224065 ], [ -66.68169159120724, 18.092010779495823 ], [ -66.682082944637173, 18.091670501595022 ], [ -66.687544553596567, 18.088355492609143 ], [ -66.685032614038647, 18.088956836612017 ], [ -66.684937960905629, 18.088880860213131 ], [ -66.685069769944548, 18.08879418534482 ], [ -66.684933893396192, 18.088800604390855 ], [ -66.683863158942472, 18.089172974088438 ], [ -66.683900313646703, 18.089010323995392 ], [ -66.682314917233967, 18.089380187880078 ], [ -66.681647921568498, 18.089358063702573 ], [ -66.682319524999983, 18.088575492650136 ], [ -66.682031319035531, 18.088562290894217 ], [ -66.681969754298962, 18.088243407405862 ], [ -66.682867636556068, 18.087745123584355 ], [ -66.682472397075983, 18.087710160051579 ], [ -66.682917538335531, 18.08693828746857 ], [ -66.684746392447863, 18.085698811561937 ], [ -66.684643605497627, 18.085462322344352 ], [ -66.684371853602599, 18.085475159262273 ], [ -66.684256678890719, 18.08529288836727 ], [ -66.686975099298294, 18.083689600346638 ], [ -66.68585111606987, 18.083608614848359 ], [ -66.685859433233389, 18.083474141966704 ], [ -66.684483860375195, 18.084102255582625 ], [ -66.686992273881913, 18.082535703531111 ], [ -66.684192307415501, 18.082828862515058 ], [ -66.688117519082766, 18.080551801313653 ], [ -66.686116356119086, 18.080780410780942 ], [ -66.68691126928131, 18.080340622268057 ], [ -66.686371833000663, 18.080446551926176 ], [ -66.686940469224297, 18.079722476093309 ], [ -66.686606970448054, 18.079711414049083 ], [ -66.689111495501294, 18.077769622912289 ], [ -66.692604128436258, 18.075915235145658 ], [ -66.694470317510451, 18.074218124708825 ], [ -66.695920021922817, 18.073559692995673 ], [ -66.696459455114763, 18.073453764600757 ], [ -66.696212295396705, 18.073653150573868 ], [ -66.696529337014852, 18.073638175207453 ], [ -66.698597037972064, 18.072333783772013 ], [ -66.70245182319232, 18.07075726545348 ], [ -66.704988895183789, 18.069457519453582 ], [ -66.705305939890621, 18.069442542823964 ], [ -66.705235875845887, 18.069553116743474 ], [ -66.706434348740402, 18.069013817618508 ], [ -66.705651820251134, 18.069399389072011 ], [ -66.705470471835028, 18.069702931092746 ], [ -66.706961040349128, 18.069552071634835 ], [ -66.707014466978137, 18.069710444741837 ], [ -66.707409710748564, 18.069745405837264 ], [ -66.709056855244171, 18.069399439740575 ], [ -66.71311351354808, 18.067625672634222 ], [ -66.714250060505421, 18.067357457810115 ], [ -66.717244121261501, 18.06611657195684 ], [ -66.717087540989652, 18.066311681032964 ], [ -66.718920104499489, 18.065742427474614 ], [ -66.722371331874484, 18.06426541967911 ], [ -66.723548921989533, 18.064209793847237 ], [ -66.725467997436141, 18.063556007569623 ], [ -66.722901728590372, 18.06547389848107 ], [ -66.717642349624896, 18.068001693327272 ], [ -66.715776518662636, 18.06910883723809 ], [ -66.715409755522657, 18.06963566428314 ], [ -66.711764795058599, 18.071470431158762 ], [ -66.70843262776026, 18.073504950197751 ], [ -66.708168833715149, 18.073973281934173 ], [ -66.709754231329555, 18.07360341687534 ], [ -66.708345571276567, 18.074474436406582 ], [ -66.708036484419665, 18.0749449078547 ], [ -66.706512469397168, 18.075928640928094 ], [ -66.70746360042898, 18.075883712302446 ], [ -66.706503791033043, 18.076653081598959 ], [ -66.706651871996726, 18.076887429930697 ], [ -66.706482910140593, 18.077136754803 ], [ -66.702347333460551, 18.080040518499533 ], [ -66.700909472262907, 18.081529685379671 ], [ -66.698429897498571, 18.083068059045647 ], [ -66.697824288715367, 18.083659800445353 ], [ -66.696835281263461, 18.085047315827566 ], [ -66.696101210436566, 18.086985923407227 ], [ -66.69497261824047, 18.087709634313036 ], [ -66.69527727638733, 18.087748874831853 ], [ -66.693802442630101, 18.089105707278833 ], [ -66.693975294826714, 18.089231621402757 ], [ -66.693847553297246, 18.089398552093343 ], [ -66.692850770140055, 18.090035588130846 ], [ -66.691874326417079, 18.091073903190669 ], [ -66.69023902822488, 18.09225060319114 ], [ -66.688970490083975, 18.092900477409763 ], [ -66.685922461240651, 18.0948679423824 ], [ -66.685444592785259, 18.095292754265667 ], [ -66.684978746600549, 18.096253318052916 ], [ -66.68497042943703, 18.096387790934571 ], [ -66.685279155093312, 18.096507287275664 ], [ -66.68022092560858, 18.100017770086616 ], [ -66.679953062167016, 18.100405846089817 ], [ -66.67764633651062, 18.102070135142917 ], [ -66.677526734975714, 18.102397576125799 ], [ -66.67463953296965, 18.103955204581581 ], [ -66.669820326297099, 18.107105789863922 ], [ -66.669321754118201, 18.107719291777279 ], [ -66.669840486675341, 18.107802052149253 ], [ -66.668971262902986, 18.108567142022377 ], [ -66.668501708522427, 18.108857482287192 ], [ -66.664177730122219, 18.110134373081326 ], [ -66.664960617925075, 18.109158833927665 ], [ -66.662773856891192, 18.10990571411962 ], [ -66.661225615182687, 18.11011292791126 ], [ -66.662371199817755, 18.108530304716126 ], [ -66.662598020101612, 18.107929639720691 ], [ -66.661136473676194, 18.10775733509271 ], [ -66.661420791187183, 18.10739529776335 ], [ -66.660395707657173, 18.107175561223229 ], [ -66.660923301924754, 18.106238895223978 ] ] ] } },
{ "type": "Feature", "properties": { "district": 23, "precinct_index": 4, "color": "#fcb8e3", "id": "d23_p04" }, "geometry": { "type": "Polygon", "coordinates": [ [ [ -66.660342964531466, 18.139571715286763 ], [ -66.651435279308359, 18.142674084522792 ], [ -66.650150648298649, 18.142707952278361 ], [ -66.647671434734917, 18.143656358155127 ], [ -66.635212898835505, 18.149554422981076 ], [ -66.620518238492309, 18.156121253151607 ], [ -66.621111463804226, 18.155583727637133 ], [ -66.623356263523462, 18.154190522884889 ], [ -66.626334049266092, 18.152628615094766 ], [ -66.626519647336281, 18.152110344370101 ], [ -66.627187001113668, 18.151542502021595 ], [ -66.626837050155032, 18.151505401214475 ], [ -66.626989559828758, 18.151230037579278 ], [ -66.626063200029904, 18.151166531997113 ], [ -66.62661944969355, 18.150496673312677 ], [ -66.626331242527428, 18.150483472730905 ], [ -66.626500207472233, 18.150234146595402 ], [ -66.624062396379799, 18.150805173764244 ], [ -66.62375366763483, 18.150685678686351 ], [ -66.623078359096198, 18.150798024953154 ], [ -66.620578620864919, 18.151640137597003 ], [ -66.62032350329693, 18.151384028751611 ], [ -66.618647520058943, 18.151758173233837 ], [ -66.618775261588425, 18.151591242543251 ], [ -66.618046520928772, 18.151545219314546 ], [ -66.6181330371559, 18.151460684157932 ], [ -66.618025999349911, 18.151438924818429 ], [ -66.615361547029593, 18.152315633719702 ], [ -66.616692191365289, 18.151099690763065 ], [ -66.620151914959763, 18.149193226822899 ], [ -66.621107654959246, 18.148343601793162 ], [ -66.625040821387756, 18.14652203667346 ], [ -66.625259145452134, 18.146350827822683 ], [ -66.62449325008825, 18.146467454687027 ], [ -66.62586086698353, 18.145383846163551 ], [ -66.632734846595085, 18.141868038820569 ], [ -66.634226134421723, 18.140537245047433 ], [ -66.633863796903114, 18.140554361388745 ], [ -66.633929790349711, 18.140363532910161 ], [ -66.633670426216327, 18.140322151505501 ], [ -66.633827002197819, 18.140127044866727 ], [ -66.635989353199378, 18.138898631093372 ], [ -66.636636185397919, 18.13822449424875 ], [ -66.635623130315963, 18.138540507086205 ], [ -66.63111319264496, 18.140925636394218 ], [ -66.629568836301232, 18.141508090534341 ], [ -66.630421609092863, 18.140716960724173 ], [ -66.634363450796812, 18.138170956196806 ], [ -66.63444996702394, 18.138086421040192 ], [ -66.634310022966162, 18.138012584263951 ], [ -66.633890011051477, 18.138086056113139 ], [ -66.634919882605118, 18.137206112986167 ], [ -66.638622881754529, 18.13472502155026 ], [ -66.640336561154982, 18.133303274748624 ], [ -66.643125043720261, 18.131589412897533 ], [ -66.644398007482522, 18.130429827975174 ], [ -66.648734733643323, 18.128508752243391 ], [ -66.651530809769241, 18.127840354263217 ], [ -66.653281103617346, 18.127140908420756 ], [ -66.658239893832445, 18.124654128788961 ], [ -66.661336742740417, 18.123649730979121 ], [ -66.666377617383887, 18.12158812942085 ], [ -66.669824957507075, 18.119735881365916 ], [ -66.670693821965841, 18.11956075919295 ], [ -66.674280925889192, 18.118077332351412 ], [ -66.676175413449172, 18.117236994581258 ], [ -66.677497557275032, 18.116450510206633 ], [ -66.677843437635559, 18.11640735645468 ], [ -66.677806282931328, 18.116570006547725 ], [ -66.678699915534338, 18.116286451430149 ], [ -66.679140452116556, 18.116319272813875 ], [ -66.678975555882857, 18.116648853597507 ], [ -66.682414399786552, 18.115226061687231 ], [ -66.683032393242726, 18.114580103228146 ], [ -66.684449370459234, 18.113574610815252 ], [ -66.688547434323127, 18.111423463737772 ], [ -66.694235502365757, 18.108097757545668 ], [ -66.695607186770474, 18.107094404844467 ], [ -66.69560329831701, 18.106719165759188 ], [ -66.695788717331226, 18.106495878297526 ], [ -66.699425721832384, 18.104205616514349 ], [ -66.703828439552765, 18.102093712393035 ], [ -66.707287443834701, 18.10136718276809 ], [ -66.707443840760249, 18.101467059392323 ], [ -66.70906232985979, 18.100854285980819 ], [ -66.709729322436573, 18.100876411421524 ], [ -66.710264691207783, 18.100690225941133 ], [ -66.712809898218111, 18.099550991585787 ], [ -66.714428566373627, 18.098643234911279 ], [ -66.716224149944836, 18.097941650620321 ], [ -66.719774460364562, 18.096030906082614 ], [ -66.721051132322685, 18.095541544682689 ], [ -66.721133398895716, 18.095671738230006 ], [ -66.721664518012844, 18.095700281453542 ], [ -66.721717945843508, 18.095858653386397 ], [ -66.722582743994494, 18.095603274217009 ], [ -66.722689780598799, 18.095625034730663 ], [ -66.722397324980264, 18.09582656167867 ], [ -66.722479594641996, 18.095956753962788 ], [ -66.723171357250052, 18.095870446369826 ], [ -66.723171178194079, 18.096165429632833 ], [ -66.72358694045468, 18.096306686487576 ], [ -66.723150295414626, 18.096649102925927 ], [ -66.723825607041945, 18.096536755395924 ], [ -66.722894636388389, 18.0972779463069 ], [ -66.723820996187257, 18.097341451889065 ], [ -66.723660169349998, 18.09775128840592 ], [ -66.72504794971222, 18.097363940904572 ], [ -66.725183825058906, 18.097357523032684 ], [ -66.725072538800504, 18.097550491222965 ], [ -66.725196030675889, 18.097598289236313 ], [ -66.726052508574682, 18.097477384211778 ], [ -66.728066237154309, 18.096899574333051 ], [ -66.72830915030697, 18.096914915800667 ], [ -66.728185479375611, 18.097162101050326 ], [ -66.7285149087554, 18.097092907361333 ], [ -66.731747812066018, 18.095787108416602 ], [ -66.737122544799334, 18.093146601202399 ], [ -66.737546626110486, 18.093153385086435 ], [ -66.739090983655856, 18.092570929772165 ], [ -66.739547971218812, 18.092629791092936 ], [ -66.74271894859227, 18.091595076449064 ], [ -66.743365421477222, 18.091510907304599 ], [ -66.743484663698524, 18.091773434021878 ], [ -66.74384293182068, 18.091676061947343 ], [ -66.749741007965838, 18.08831361861197 ], [ -66.752442611901714, 18.087274260880854 ], [ -66.754534901947224, 18.086156419763807 ], [ -66.755654996722171, 18.085862166176803 ], [ -66.758459751212214, 18.084469327525763 ], [ -66.758686210295451, 18.084458630319538 ], [ -66.758327763117336, 18.084850985657077 ], [ -66.759138951293011, 18.08473221908104 ], [ -66.758809339768575, 18.085096397296244 ], [ -66.758821545385572, 18.085337163499869 ], [ -66.759851057625625, 18.085047188073055 ], [ -66.76016385267836, 18.085246940147371 ], [ -66.761658666556201, 18.084881354422876 ], [ -66.760682406179541, 18.085624683782346 ], [ -66.760286800006838, 18.086179691650283 ], [ -66.75942996090744, 18.086890564464024 ], [ -66.759536997511745, 18.086912324977678 ], [ -66.759141395629399, 18.087467330408263 ], [ -66.759277272177741, 18.087460911362228 ], [ -66.761472349173474, 18.086579559462763 ], [ -66.764408550300161, 18.085690014906771 ], [ -66.771475540083244, 18.082996386321341 ], [ -66.773517925260606, 18.082685382583282 ], [ -66.773048012768115, 18.083565689374105 ], [ -66.774756902257906, 18.083243622328617 ], [ -66.774534330426476, 18.083629559794272 ], [ -66.775543138943021, 18.083528274397548 ], [ -66.77066607693142, 18.087030198539821 ], [ -66.772074374582132, 18.08674914797194 ], [ -66.77223890961524, 18.087009534977522 ], [ -66.772420078975372, 18.087000976219791 ], [ -66.772106922722017, 18.087391191934689 ], [ -66.769569849528892, 18.088690939108737 ], [ -66.768960172034582, 18.089202425860314 ], [ -66.771266354345727, 18.088423089122628 ], [ -66.769746409921368, 18.089487076755095 ], [ -66.769626806499446, 18.08981451782703 ], [ -66.7705903222042, 18.089715372142003 ], [ -66.773279542668789, 18.088730230296118 ], [ -66.773386579273094, 18.088751990809769 ], [ -66.773258661776339, 18.089213903500159 ], [ -66.775120060939869, 18.088616472819474 ], [ -66.774687482207582, 18.089039146254247 ], [ -66.773773144679396, 18.08951139257606 ], [ -66.77527202915536, 18.089226061410642 ], [ -66.773348341652394, 18.090684545355543 ], [ -66.772886746323422, 18.091430379264715 ], [ -66.773389026698169, 18.091487100873788 ], [ -66.773318962653434, 18.091597674793299 ], [ -66.769183926229971, 18.093616487437618 ], [ -66.767923529285312, 18.094426870774388 ], [ -66.767857534637031, 18.094617700427122 ], [ -66.768672790322157, 18.094579189673361 ], [ -66.768730285662258, 18.094817817428488 ], [ -66.768272938785714, 18.095348923807876 ], [ -66.767321445351627, 18.095983821396882 ], [ -66.766427991804576, 18.095972393251454 ], [ -66.762622563816862, 18.097627028943773 ], [ -66.762746234748221, 18.09737984369411 ], [ -66.762643446596329, 18.097143355650676 ], [ -66.76164277618733, 18.097405151428752 ], [ -66.761931340263715, 18.096828386658661 ], [ -66.761861458363626, 18.096643976051965 ], [ -66.759785802645169, 18.097492871405699 ], [ -66.760543743247808, 18.096920748459656 ], [ -66.758352733761512, 18.097882356181394 ], [ -66.757763940248338, 18.097910168465731 ], [ -66.75488930076952, 18.099118597773277 ], [ -66.753069125021327, 18.099633633009041 ], [ -66.75007081769985, 18.101089246303044 ], [ -66.749383121399575, 18.101255810892429 ], [ -66.749461502607815, 18.101010764091264 ], [ -66.748835550100054, 18.101201228905992 ], [ -66.748827413194164, 18.101040717350497 ], [ -66.753082593296128, 18.097809512582028 ], [ -66.753984905464932, 18.096801515619433 ], [ -66.755570664279944, 18.09584168277139 ], [ -66.756584081764174, 18.094935700970577 ], [ -66.748647870095752, 18.098394419340078 ], [ -66.740015459730202, 18.102449160970025 ], [ -66.72767173614038, 18.109119465654338 ], [ -66.724920588536961, 18.110375692975229 ], [ -66.726181350972595, 18.108975339411895 ], [ -66.726300951305817, 18.108647899603163 ], [ -66.71982700777869, 18.111098985937126 ], [ -66.712537265906533, 18.114473536425365 ], [ -66.706293847770411, 18.116994182549526 ], [ -66.70738546311658, 18.116138139647905 ], [ -66.707546289953839, 18.11572830313105 ], [ -66.706673359872653, 18.115823169392687 ], [ -66.70672289924984, 18.115606302240263 ], [ -66.706587023903154, 18.115612720112146 ], [ -66.704849113526336, 18.116257950069379 ], [ -66.703959730577409, 18.116326776483024 ], [ -66.701323936741829, 18.117470291435914 ], [ -66.700170574514459, 18.118302435375391 ], [ -66.698753779442598, 18.119012943262078 ], [ -66.696784799127826, 18.12047356691868 ], [ -66.696426351949711, 18.120865922256218 ], [ -66.696578682567477, 18.120885541884025 ], [ -66.696331340704759, 18.121379912383343 ], [ -66.696533028555066, 18.121477649384932 ], [ -66.696339295466004, 18.121835408465049 ], [ -66.694267168887436, 18.123649510604224 ], [ -66.693678193229601, 18.123972307414764 ], [ -66.693834591356804, 18.124072182864847 ], [ -66.693150782308336, 18.124613987713659 ], [ -66.693072401100082, 18.124859034514824 ], [ -66.691799799740082, 18.125428650473825 ], [ -66.692573828921184, 18.12547253642818 ], [ -66.692330557656589, 18.126047161486575 ], [ -66.689209116571647, 18.126865010241222 ], [ -66.681540586200143, 18.130230637133728 ], [ -66.68023082584557, 18.130962905623122 ], [ -66.679872558925069, 18.13106027652351 ], [ -66.679724477961386, 18.130825928191772 ], [ -66.679242722254187, 18.130875499815609 ], [ -66.675709044959845, 18.132517299764153 ], [ -66.675317871787527, 18.132562593227803 ], [ -66.67570922521746, 18.132222315326999 ], [ -66.674440869221201, 18.13257720501942 ], [ -66.675429517359518, 18.131779657337365 ], [ -66.675355385805346, 18.131809975434599 ], [ -66.671253076577727, 18.134175848778661 ], [ -66.670284953106957, 18.135079689693629 ], [ -66.670935493501347, 18.135075776371441 ], [ -66.669349552541689, 18.13633059374569 ], [ -66.664123079828016, 18.138910466028626 ], [ -66.662171095040904, 18.139512176132701 ], [ -66.662142439644853, 18.139245368817885 ], [ -66.66195720277527, 18.13917367175334 ], [ -66.660342964531466, 18.139571715286763 ] ] ] } },
{ "type": "Feature", "properties": { "district": 24, "precinct_index": 0, "color": "#ffbee7", "id": "d24_p00" }, "geometry": { "type": "Polygon", "coordinates": [ [ [ -66.659419874511713, 18.106305141047297 ], [ -66.659033168945314, 18.104845762668919 ], [ -66.658365223632813, 18.104541726351354 ], [ -66.657416037109371, 18.105028184966216 ], [ -66.656923867187501, 18.104359304054054 ], [ -66.656748091796871, 18.104845762668919 ], [ -66.655095805175776, 18.102413469594595 ], [ -66.652705262207036, 18.099798754222974 ], [ -66.651369370117195, 18.097913725506757 ], [ -66.650666270019528, 18.096271927364867 ], [ -66.649400688964846, 18.091407341216218 ], [ -66.649189758789063, 18.088245358952705 ], [ -66.643283712402351, 18.085630643581084 ], [ -66.642826697265619, 18.08581306587838 ], [ -66.642650921875003, 18.085448221283784 ], [ -66.643424333007815, 18.08398884543919 ], [ -66.643424333007815, 18.08289431418919 ], [ -66.642967316406256, 18.079063451013514 ], [ -66.642721231445307, 18.079002642736487 ], [ -66.641947820312495, 18.079853945945946 ], [ -66.641947820312495, 18.081860588682432 ], [ -66.640858014648444, 18.081799780405404 ], [ -66.640225224121096, 18.082103816722974 ], [ -66.639451812988284, 18.08107009375 ], [ -66.639100262207037, 18.077968919763514 ], [ -66.638748712890632, 18.076813580236486 ], [ -66.634987123046869, 18.077482458614867 ], [ -66.633721541992188, 18.077178422297298 ], [ -66.632139564941411, 18.07602308277027 ], [ -66.630241193359382, 18.075110973817569 ], [ -66.628940457519533, 18.073225945101353 ], [ -66.628624061523439, 18.073043522804056 ], [ -66.626549914550779, 18.073529981418918 ], [ -66.626233518554685, 18.073773211993245 ], [ -66.625108558105467, 18.073590789695945 ], [ -66.62482731835938, 18.073834020270272 ], [ -66.623491426269524, 18.078090533783783 ], [ -66.622928945312495, 18.078333761824325 ], [ -66.622788326171872, 18.078576992398649 ], [ -66.622542239746096, 18.080097176520272 ], [ -66.621663364257813, 18.079914754222973 ], [ -66.621311813476566, 18.080218790540542 ], [ -66.620679022949219, 18.079853945945946 ], [ -66.617163519531246, 18.079306679054056 ], [ -66.616249489257811, 18.079793137668918 ], [ -66.615335457519535, 18.080826863175677 ], [ -66.613577706542969, 18.081738974662162 ], [ -66.61283945019531, 18.082651083614866 ], [ -66.612628520019527, 18.082651083614866 ], [ -66.611679333496099, 18.081982202702704 ], [ -66.611187163574215, 18.082043010979731 ], [ -66.610800458007816, 18.08246866131757 ], [ -66.609640341308591, 18.08228623902027 ], [ -66.609218480957026, 18.082103816722974 ], [ -66.608902086425786, 18.081556552364866 ], [ -66.608374760253909, 18.081252516047297 ], [ -66.608023209472648, 18.080766057432434 ], [ -66.607390418945315, 18.080766057432434 ], [ -66.606968558593749, 18.080522826858108 ], [ -66.606511543457032, 18.078820220439191 ], [ -66.606581853027336, 18.0748069375 ], [ -66.605667822753901, 18.074624515202704 ], [ -66.604964721191408, 18.074259670608107 ], [ -66.604191311523437, 18.07438128462838 ], [ -66.602996040039059, 18.075415010135135 ], [ -66.602468713867182, 18.077056808277028 ], [ -66.602046853515617, 18.07772568918919 ], [ -66.601238287597653, 18.078212147804056 ], [ -66.600746117675783, 18.078820220439191 ], [ -66.600570342285152, 18.079367487331083 ], [ -66.600500032714848, 18.082529469594597 ], [ -66.599550846191406, 18.085083376689191 ], [ -66.598918055664058, 18.085022570945945 ], [ -66.59782825, 18.085448221283784 ], [ -66.597441544433593, 18.086056293918919 ], [ -66.596211118164064, 18.086846791385135 ], [ -66.595578327636716, 18.088488589527028 ], [ -66.595648637207034, 18.090130387668921 ], [ -66.593750265625005, 18.090069579391894 ], [ -66.593012009277345, 18.091589763513515 ], [ -66.592519839355461, 18.09189379983108 ], [ -66.591430032226555, 18.09207622212838 ], [ -66.590058986816402, 18.088671011824324 ], [ -66.589848056640619, 18.088488589527028 ], [ -66.587070808105466, 18.08733325 ], [ -66.581938172851565, 18.08398884543919 ], [ -66.581481157714848, 18.083806423141894 ], [ -66.581024141113275, 18.083928037162163 ], [ -66.580988986328123, 18.083259156250001 ], [ -66.580637435546876, 18.082225433277028 ], [ -66.580250731445304, 18.079245873310811 ], [ -66.579723405273441, 18.077360844594594 ], [ -66.579793714843746, 18.077178422297298 ], [ -66.578563288574216, 18.075171779560812 ], [ -66.578176583007817, 18.074928551520269 ], [ -66.577649258300781, 18.075171779560812 ], [ -66.57680553759765, 18.076813580236486 ], [ -66.576032126464838, 18.077421652871621 ], [ -66.574872009765627, 18.076752771959459 ], [ -66.572657242187503, 18.075050165540542 ], [ -66.573114258789062, 18.074016440033784 ], [ -66.573465808105468, 18.073773211993245 ], [ -66.573887668457033, 18.073894826013515 ], [ -66.573887668457033, 18.073712403716218 ], [ -66.575821196289056, 18.073225945101353 ], [ -66.576172747070316, 18.072678680743245 ], [ -66.579160924316398, 18.058206531250001 ], [ -66.580742901367188, 18.055166165540541 ], [ -66.581656931640623, 18.054558092905406 ], [ -66.583027978515616, 18.052429833614866 ], [ -66.585594296875001, 18.049085431587837 ], [ -66.586262242187502, 18.04793009206081 ], [ -66.587246583496096, 18.047747669763513 ], [ -66.588125458984379, 18.045619413006758 ], [ -66.588266079589843, 18.043856000844595 ], [ -66.588019994628908, 18.039964329391893 ], [ -66.587633289062495, 18.039781907094596 ], [ -66.583977165039059, 18.036194274493244 ], [ -66.583484993652348, 18.033093100506758 ], [ -66.583660769042964, 18.031025649493245 ], [ -66.58408262939453, 18.030052732263513 ], [ -66.584152940429689, 18.028897392736486 ], [ -66.583238908691399, 18.025796218749999 ], [ -66.583203753906247, 18.024397651182433 ], [ -66.583660769042964, 18.020566788006757 ], [ -66.583731080078124, 18.020141135135134 ], [ -66.583906854003899, 18.020141135135134 ], [ -66.583942010253907, 18.019958715371622 ], [ -66.584539645996088, 18.015641393581081 ], [ -66.584117784179682, 18.015945429898647 ], [ -66.584820885742189, 18.011871338682433 ], [ -66.585313055664059, 18.005547374155405 ], [ -66.585348211914066, 18.003297503378377 ], [ -66.5859810024414, 17.999831484797298 ], [ -66.586227087402335, 17.999223409628378 ], [ -66.586016157226567, 17.998858567567567 ], [ -66.588090304199213, 17.988034858952702 ], [ -66.588582474121097, 17.982379777871621 ], [ -66.588477009765626, 17.98110282179054 ], [ -66.58861763037109, 17.980798785472974 ], [ -66.589074645507807, 17.980859593750001 ], [ -66.589109800292974, 17.979825868243243 ], [ -66.589391040039061, 17.9795826402027 ], [ -66.589391040039061, 17.979339409628377 ], [ -66.588090304199213, 17.979521831925673 ], [ -66.585699761230472, 17.980555557432432 ], [ -66.583942010253907, 17.981954125 ], [ -66.582149103027348, 17.984082381756757 ], [ -66.581094452148434, 17.966265830236484 ], [ -66.580145265624992, 17.946321021959459 ], [ -66.580321041015623, 17.946381830236486 ], [ -66.580426505371094, 17.946199407939186 ], [ -66.580567125976557, 17.946564252533783 ], [ -66.581903018066399, 17.947780400337837 ], [ -66.58422325, 17.949422198479727 ], [ -66.585629451660154, 17.949969462837835 ], [ -66.586508327148437, 17.949969462837835 ], [ -66.587773908203118, 17.9493613902027 ], [ -66.588687939941408, 17.948449278716215 ], [ -66.589215264648431, 17.947476361486487 ], [ -66.589531660644525, 17.945895371621621 ], [ -66.590762086914054, 17.945104876689189 ], [ -66.591219102050786, 17.944618418074324 ], [ -66.591465187011721, 17.943037425675673 ], [ -66.591605807617185, 17.94328065625 ], [ -66.591324567871098, 17.944983262668917 ], [ -66.592484683105468, 17.946503444256756 ], [ -66.59259014892578, 17.945408913006755 ], [ -66.592801079101562, 17.944983262668917 ], [ -66.592695613281251, 17.946138602195944 ], [ -66.592801079101562, 17.946564252533783 ], [ -66.593047164062497, 17.946807480574321 ], [ -66.593855729980461, 17.947050711148648 ], [ -66.595121311035157, 17.946989902871621 ], [ -66.59863681591797, 17.945956179898648 ], [ -66.600429721679689, 17.94480084037162 ], [ -66.601660147949218, 17.94328065625 ], [ -66.602187474121095, 17.94157804983108 ], [ -66.602644489257813, 17.937868803209458 ], [ -66.603628830566407, 17.936895885979727 ], [ -66.603769451171871, 17.936348619087838 ], [ -66.604402241699219, 17.936348619087838 ], [ -66.604894411621089, 17.935983774493241 ], [ -66.60517565136719, 17.936105388513511 ], [ -66.605632667968749, 17.935558124155403 ], [ -66.606265458496097, 17.935132471283783 ], [ -66.607109179199213, 17.935071665540541 ], [ -66.607460729980474, 17.933916326013513 ], [ -66.607988054687496, 17.93349067314189 ], [ -66.608374760253909, 17.933612289695944 ], [ -66.609429411132808, 17.933247445101351 ], [ -66.609886427734381, 17.933429867398647 ], [ -66.612382435058592, 17.933125828547297 ], [ -66.61350739550781, 17.93336905912162 ], [ -66.613718325683593, 17.933855517736486 ], [ -66.613823791503904, 17.935010857263514 ], [ -66.613401931152339, 17.935618929898649 ], [ -66.613155846191404, 17.936652655405403 ], [ -66.612487899414063, 17.937747186655404 ], [ -66.61234728027344, 17.937686380912162 ], [ -66.612523054199215, 17.936531041385134 ], [ -66.612136350097657, 17.936287810810811 ], [ -66.612066039062498, 17.936470233108107 ], [ -66.611398093749997, 17.935618929898649 ], [ -66.611538714355461, 17.934889243243241 ], [ -66.61111685400391, 17.934646012668917 ], [ -66.611046542968751, 17.934950048986487 ], [ -66.610589527832033, 17.934706820945944 ], [ -66.609991892089838, 17.935314893581079 ], [ -66.610027046875004, 17.935436507601349 ], [ -66.609886427734381, 17.935436507601349 ], [ -66.609253635742192, 17.934524398648648 ], [ -66.608163830078126, 17.934463590371621 ], [ -66.607952899902344, 17.934646012668917 ], [ -66.60781227929688, 17.934585206925675 ], [ -66.607566194335931, 17.935375701858106 ], [ -66.607741969726561, 17.935679738175676 ], [ -66.607531039550778, 17.935558124155403 ], [ -66.607390418945315, 17.935983774493241 ], [ -66.607495884765626, 17.936166196790538 ], [ -66.607566194335931, 17.936166196790538 ], [ -66.607531039550778, 17.935862160472972 ], [ -66.607777124511713, 17.936348619087838 ], [ -66.609499722167968, 17.940665940878379 ], [ -66.610343442871098, 17.942307739020269 ], [ -66.611222318359367, 17.942672583614865 ], [ -66.611398093749997, 17.942672583614865 ], [ -66.61143324853515, 17.942490161317565 ], [ -66.611538714355461, 17.942733389358107 ], [ -66.611749644531244, 17.942794197635134 ], [ -66.611855108886715, 17.943219847972973 ], [ -66.613085535156245, 17.943949537162162 ], [ -66.613577706542969, 17.944071151182431 ], [ -66.614280806640622, 17.944010342905404 ], [ -66.614597202636716, 17.943767114864865 ], [ -66.614772976562506, 17.944010342905404 ], [ -66.615616698730463, 17.942125316722972 ], [ -66.615722163085934, 17.942246930743242 ], [ -66.61491359716797, 17.9441927652027 ], [ -66.615054217773434, 17.9443751875 ], [ -66.615019062988281, 17.944740032094593 ], [ -66.615687008300782, 17.945895371621621 ], [ -66.612874604980462, 17.948692509290538 ], [ -66.609042705566409, 17.950699152027028 ], [ -66.609570031738286, 17.953800326013514 ], [ -66.609359101562504, 17.954043556587838 ], [ -66.609394256347656, 17.954225976351349 ], [ -66.609640341308591, 17.954286784628376 ], [ -66.61020282226562, 17.953982748310811 ], [ -66.610554373046881, 17.953982748310811 ], [ -66.610835612792968, 17.955989391047297 ], [ -66.61111685400391, 17.956293427364862 ], [ -66.611679333496099, 17.956293427364862 ], [ -66.61301522558594, 17.95580696875 ], [ -66.613155846191404, 17.955989391047297 ], [ -66.613296465332027, 17.958239261824325 ], [ -66.612909759765628, 17.958786528716214 ], [ -66.612663674804693, 17.958604106418917 ], [ -66.612136350097657, 17.958786528716214 ], [ -66.611925419921874, 17.959272987331079 ], [ -66.612030884277345, 17.960185096283784 ], [ -66.611925419921874, 17.960671554898649 ], [ -66.61143324853515, 17.960793171452703 ], [ -66.611222318359367, 17.961279630067565 ], [ -66.611257473144533, 17.962009316722973 ], [ -66.611714488281251, 17.963772728885136 ], [ -66.611960574707027, 17.964137573479729 ], [ -66.61210119384765, 17.963955151182432 ], [ -66.61234728027344, 17.964076767736486 ], [ -66.612909759765628, 17.964988876689187 ], [ -66.613085535156245, 17.96492806841216 ], [ -66.614069876464839, 17.96541452956081 ], [ -66.613894101074223, 17.966022602195945 ], [ -66.614069876464839, 17.966387446790538 ], [ -66.614491736816404, 17.965779371621622 ], [ -66.614843287597651, 17.966083407939188 ], [ -66.61491359716797, 17.96675228885135 ], [ -66.615159682128905, 17.966934711148649 ], [ -66.615511232910151, 17.96675228885135 ], [ -66.616003402832035, 17.967117133445946 ], [ -66.616249489257811, 17.968333281250001 ], [ -66.616741659179681, 17.968758931587836 ], [ -66.61681196875, 17.969184584459459 ], [ -66.617163519531246, 17.969671043074325 ], [ -66.617796310058594, 17.96997507939189 ], [ -66.618183015624993, 17.96997507939189 ], [ -66.618569721191406, 17.970279115709459 ], [ -66.61871034179687, 17.970157501689187 ], [ -66.619167356933588, 17.970339923986486 ], [ -66.619413441894537, 17.970279115709459 ], [ -66.620854798339849, 17.971556069256756 ], [ -66.621628209472661, 17.972589794763511 ], [ -66.622612550781255, 17.973076253378377 ], [ -66.624862473144532, 17.973380289695946 ], [ -66.625424954101561, 17.973623520270269 ], [ -66.627463946289069, 17.973562711993242 ], [ -66.629151387695316, 17.973076253378377 ], [ -66.629292006835939, 17.973076253378377 ], [ -66.629362317871099, 17.9733194839527 ], [ -66.630276348144534, 17.973197867398646 ], [ -66.632280185546875, 17.972224950168918 ], [ -66.633510611816405, 17.971981722128376 ], [ -66.634143402343753, 17.971495263513514 ], [ -66.63460041748047, 17.971434455236487 ], [ -66.635303519042964, 17.971008804898648 ], [ -66.636604254882812, 17.970704766047298 ], [ -66.637658905761725, 17.970643960304052 ], [ -66.638502627929682, 17.970339923986486 ], [ -66.639768208984378, 17.970218307432432 ], [ -66.640506463867183, 17.969914271114863 ], [ -66.641420495605473, 17.969914271114863 ], [ -66.642158750488278, 17.969671043074325 ], [ -66.64243999169922, 17.969367006756755 ], [ -66.643986812500003, 17.969245390202701 ], [ -66.64708045556641, 17.967481978040539 ], [ -66.649330377929687, 17.965718565878376 ], [ -66.650666270019528, 17.964441609797298 ], [ -66.652318556640623, 17.962374161317566 ], [ -66.654709099609377, 17.960245904560811 ], [ -66.656150456054689, 17.958725720439187 ], [ -66.657099641113277, 17.95744876689189 ], [ -66.658505842773437, 17.955077279560811 ], [ -66.66061514599609, 17.952523372466214 ], [ -66.661704951660155, 17.948996545608107 ], [ -66.661740106445308, 17.946807480574321 ], [ -66.661880727050786, 17.947354747466214 ], [ -66.66202134765625, 17.947597978040541 ], [ -66.662197121582025, 17.947597978040541 ], [ -66.662056502441402, 17.95258417820946 ], [ -66.661634642089851, 17.954286784628376 ], [ -66.661001851562503, 17.9556245464527 ], [ -66.660369059570314, 17.956293427364862 ], [ -66.659068323730466, 17.957083922297297 ], [ -66.658646463378901, 17.957752803209459 ], [ -66.658470687988284, 17.958421684121621 ], [ -66.658470687988284, 17.959698637668918 ], [ -66.657943363281248, 17.962009316722973 ], [ -66.65766212207032, 17.966022602195945 ], [ -66.658119137207038, 17.966813097128377 ], [ -66.658259757812502, 17.967481978040539 ], [ -66.658646463378901, 17.971860105574322 ], [ -66.658822238769531, 17.972407372466215 ], [ -66.659244099121096, 17.972528986486484 ], [ -66.659490184082031, 17.97289383108108 ], [ -66.658787083984379, 17.973866748310812 ], [ -66.662372896972656, 17.97927860135135 ], [ -66.659138633300785, 17.985420143581081 ], [ -66.664130649414062, 17.993142675675674 ], [ -66.663005687500004, 17.995210126689187 ], [ -66.662337742187503, 17.99806807010135 ], [ -66.66268929296875, 17.99806807010135 ], [ -66.663814253417968, 17.997459997466215 ], [ -66.66409549462891, 17.99867614527027 ], [ -66.66648603613281, 18.003540731418919 ], [ -66.665923556640621, 18.004452842905405 ], [ -66.664974370117193, 18.005304143581082 ], [ -66.664306424804693, 18.007797244932434 ], [ -66.664798594726562, 18.00968227364865 ], [ -66.666029020996092, 18.012783447635133 ], [ -66.666099330566411, 18.013391520270272 ], [ -66.665923556640621, 18.01606704391892 ], [ -66.665747781250005, 18.016614310810812 ], [ -66.665185300292976, 18.017222383445947 ], [ -66.665044679687497, 18.017891264358109 ], [ -66.665572005859374, 18.021296474662162 ], [ -66.665677470214845, 18.023303117398648 ], [ -66.666029020996092, 18.024519265202702 ], [ -66.666591501953121, 18.025005723817568 ], [ -66.666239951171875, 18.025492182432433 ], [ -66.666239951171875, 18.025917832770268 ], [ -66.665782936035157, 18.026282677364865 ], [ -66.666380571777339, 18.028775778716216 ], [ -66.667048517089839, 18.03011354054054 ], [ -66.667435222656252, 18.035160548986486 ], [ -66.668349252929687, 18.036559119087837 ], [ -66.668911733886716, 18.037957686655407 ], [ -66.669755454589847, 18.038504953547296 ], [ -66.670353090332029, 18.039660293074324 ], [ -66.671021037109369, 18.040146751689189 ], [ -66.671478052246101, 18.041666935810809 ], [ -66.671724137207036, 18.041910163851352 ], [ -66.672110842773435, 18.041849358108109 ], [ -66.672603012695319, 18.042092586148648 ], [ -66.672954563476566, 18.042518239020271 ], [ -66.673306114257812, 18.044038420608107 ], [ -66.674184989746095, 18.0445856875 ], [ -66.675309951660154, 18.04628829391892 ], [ -66.675977896972654, 18.04628829391892 ], [ -66.67650522167969, 18.047200402871621 ], [ -66.677138012207038, 18.047869283783783 ], [ -66.676786462890632, 18.04793009206081 ], [ -66.676680997070321, 18.047686861486486 ], [ -66.675591191406255, 18.050605615709461 ], [ -66.67534510644532, 18.051760955236485 ], [ -66.675309951660154, 18.053037908783786 ], [ -66.674571695312508, 18.055348587837837 ], [ -66.674079525390624, 18.055835046452703 ], [ -66.672954563476566, 18.057780880912162 ], [ -66.672884253906247, 18.059422679054055 ], [ -66.673446733398436, 18.062645467060811 ], [ -66.672954563476566, 18.064773726351351 ], [ -66.671794446777341, 18.065442607263513 ], [ -66.670985880859376, 18.065564221283783 ], [ -66.670142160156246, 18.066597946790541 ], [ -66.670142160156246, 18.067449247466218 ], [ -66.668806269531245, 18.06994234881757 ], [ -66.668700803710934, 18.070915266047297 ], [ -66.668911733886716, 18.071948991554056 ], [ -66.670177314941412, 18.07328675337838 ], [ -66.670915571289058, 18.075901468750001 ], [ -66.671056191894536, 18.078759414695945 ], [ -66.671372586425775, 18.078881028716218 ], [ -66.671759291992188, 18.079489101351353 ], [ -66.672286618164065, 18.079671523648649 ], [ -66.673306114257812, 18.081495744087839 ], [ -66.674466229492182, 18.082103816722974 ], [ -66.675099021484371, 18.084596918074325 ], [ -66.676188827148437, 18.086117102195946 ], [ -66.670915571289058, 18.09390044256757 ], [ -66.670810106933601, 18.093839634290543 ], [ -66.668876579101564, 18.097001616554056 ], [ -66.665220455078128, 18.098278570101353 ], [ -66.664728285156258, 18.099433909628381 ], [ -66.663884564453127, 18.100346021114866 ], [ -66.662337742187503, 18.100893285472974 ], [ -66.662126812011721, 18.10180539695946 ], [ -66.662056502441402, 18.104845762668919 ], [ -66.661704951660155, 18.105757874155408 ], [ -66.661107315917974, 18.105940296452705 ], [ -66.660826076171873, 18.105636260135135 ], [ -66.660544834960945, 18.104906570945946 ], [ -66.659982355468756, 18.106061910472974 ], [ -66.659419874511713, 18.106305141047297 ] ] ] } },
{ "type": "Feature", "properties": { "district": 25, "precinct_index": 0, "color": "#e3b6fc", "id": "d25_p00" }, "geometry": { "type": "Polygon", "coordinates": [ [ [ -66.542360251674111, 18.228908817787989 ], [ -66.539885600000716, 18.234025859860523 ], [ -66.533774852893032, 18.245242039140191 ], [ -66.530088875212826, 18.251265282102683 ], [ -66.529828616766437, 18.25160948194635 ], [ -66.529762111356632, 18.251508282871811 ], [ -66.529626818398015, 18.251619657968241 ], [ -66.52316637651559, 18.263149699307636 ], [ -66.521029874744798, 18.266454924996722 ], [ -66.515745756047806, 18.276496799667914 ], [ -66.515254470973389, 18.277018183542914 ], [ -66.515417244200847, 18.276208430821892 ], [ -66.515021693751208, 18.276664002809511 ], [ -66.515132310403928, 18.276092114538116 ], [ -66.514503456394038, 18.27703863410175 ], [ -66.514637000406509, 18.276395892342642 ], [ -66.512248289079935, 18.280480532968813 ], [ -66.511836112863008, 18.280910804976951 ], [ -66.512213819451432, 18.279053427282388 ], [ -66.512209795483827, 18.278835818259441 ], [ -66.511991369700098, 18.278820696199791 ], [ -66.512816783312914, 18.276269882067982 ], [ -66.511952872545223, 18.277175989293308 ], [ -66.512165528973966, 18.276442127864446 ], [ -66.511815834199226, 18.276755989924172 ], [ -66.511853642894295, 18.276179058997908 ], [ -66.511424838306681, 18.276584035876976 ], [ -66.512935821575383, 18.27222130094172 ], [ -66.516571230197869, 18.263900524003901 ], [ -66.516819415786046, 18.262903500043869 ], [ -66.518359096724865, 18.259218892156944 ], [ -66.518646838043495, 18.258176309838273 ], [ -66.518218034411262, 18.258581283764865 ], [ -66.517599505268819, 18.259649257829714 ], [ -66.517312294539678, 18.259846705090617 ], [ -66.517664793277334, 18.258373952231334 ], [ -66.516956827806567, 18.259411588512247 ], [ -66.517023866409232, 18.2586676476786 ], [ -66.516572134461867, 18.259143478045374 ], [ -66.516670147666886, 18.25876390071538 ], [ -66.518974506163687, 18.253176263110621 ], [ -66.521165443089458, 18.249319407529288 ], [ -66.522696544548197, 18.246044719606711 ], [ -66.524087802742613, 18.243508926067033 ], [ -66.523859049488053, 18.243372354356577 ], [ -66.52406137844595, 18.242517043276916 ], [ -66.52869249576861, 18.232116041834566 ], [ -66.529590718294457, 18.229570267405148 ], [ -66.529320134980608, 18.229793012747596 ], [ -66.529618201166684, 18.228871884930143 ], [ -66.534147280361324, 18.218632854747316 ], [ -66.534722761350579, 18.216547692007914 ], [ -66.539037438729096, 18.20651114878838 ], [ -66.541467979159577, 18.20206719406178 ], [ -66.543328125658149, 18.198235735077045 ], [ -66.548680497755697, 18.188826429095542 ], [ -66.549806942946631, 18.187262361434346 ], [ -66.548964901918524, 18.189787877484608 ], [ -66.553005127282532, 18.182823248325509 ], [ -66.553163347600915, 18.182641019741368 ], [ -66.552908859464878, 18.183734200121069 ], [ -66.553025248075969, 18.183911290487771 ], [ -66.555876016217368, 18.179472273996037 ], [ -66.55549026169372, 18.180894433644706 ], [ -66.556333520123118, 18.179745422267363 ], [ -66.556239528282305, 18.180342613470717 ], [ -66.556381122140763, 18.180135083852555 ], [ -66.561444535518405, 18.170391855516804 ], [ -66.561586128421482, 18.170184328851118 ], [ -66.561527670946901, 18.170518347822476 ], [ -66.561708817932413, 18.170265264696088 ], [ -66.564935015730015, 18.164282634054473 ], [ -66.565840755601599, 18.163017212728722 ], [ -66.567856844793695, 18.159317287649987 ], [ -66.567992136796931, 18.159205915506028 ], [ -66.567754276076201, 18.160324393967276 ], [ -66.568712176081306, 18.158821100389009 ], [ -66.571568026765874, 18.152909427655104 ], [ -66.573650623971162, 18.149310696800491 ], [ -66.574998302467534, 18.146602852596505 ], [ -66.57953595853887, 18.135953907299744 ], [ -66.582174600841, 18.131403617179103 ], [ -66.585395026680231, 18.124672007899392 ], [ -66.587197243690298, 18.120329437678659 ], [ -66.589698848601842, 18.115359145236411 ], [ -66.59134686926113, 18.111416412622766 ], [ -66.596008431289292, 18.102224910796366 ], [ -66.598376490277573, 18.097897366018177 ], [ -66.60102196667242, 18.092405781467626 ], [ -66.603312662190589, 18.088700723021862 ], [ -66.603122934076993, 18.089363728010536 ], [ -66.60326452698007, 18.089156201344849 ], [ -66.60470164180478, 18.0864786949248 ], [ -66.607376875400689, 18.079974969204979 ], [ -66.609118357311317, 18.076280180445746 ], [ -66.609268527091089, 18.075662738666125 ], [ -66.608741710253838, 18.076447289922708 ], [ -66.609229501950125, 18.074863161966995 ], [ -66.610083615836444, 18.072990470033098 ], [ -66.614602526385966, 18.065696760137509 ], [ -66.614833555617381, 18.065519571255759 ], [ -66.614722938964661, 18.066091459527158 ], [ -66.615226827486779, 18.065377764710757 ], [ -66.61740341392948, 18.061181847503203 ], [ -66.617040586765583, 18.062533153664159 ], [ -66.617294544312131, 18.062285108342223 ], [ -66.619695857438401, 18.058008158672589 ], [ -66.621815730838506, 18.054677637854432 ], [ -66.621546892912022, 18.055431757662443 ], [ -66.62207773727566, 18.054864807625918 ], [ -66.620633790961634, 18.058483603625465 ], [ -66.62146042197574, 18.057309294166576 ], [ -66.621106174291924, 18.058250680363184 ], [ -66.621353829290626, 18.058098791460921 ], [ -66.621147475409728, 18.058736496470111 ], [ -66.621266140953054, 18.058599823292131 ], [ -66.620194820332301, 18.061833895941355 ], [ -66.622592108535571, 18.057339340201249 ], [ -66.622562879320583, 18.057506351163163 ], [ -66.618996252084742, 18.065614566583317 ], [ -66.618013148743032, 18.067502474241497 ], [ -66.617889931246012, 18.068266668603883 ], [ -66.617335630581152, 18.069749605287949 ], [ -66.617389535146657, 18.070043110453472 ], [ -66.616646723769463, 18.073565556799135 ], [ -66.612399616538482, 18.082013021174777 ], [ -66.610252259310755, 18.086041927420418 ], [ -66.609096585860229, 18.087773003091051 ], [ -66.607936356897213, 18.090131607748983 ], [ -66.605990270051834, 18.09499546818008 ], [ -66.60561081807603, 18.096321471409077 ], [ -66.606266624368672, 18.095521704428204 ], [ -66.605091518584516, 18.098386375769326 ], [ -66.604801501289046, 18.099742718680201 ], [ -66.605809278333268, 18.098315329047399 ], [ -66.60571756602809, 18.098598751855665 ], [ -66.6045029035581, 18.101508984507898 ], [ -66.602626132247636, 18.105315140560673 ], [ -66.60054650043439, 18.110821745703355 ], [ -66.598671474511292, 18.115159276221696 ], [ -66.598006026604224, 18.118059236234927 ], [ -66.595648294131408, 18.122508233616397 ], [ -66.591542246610615, 18.131593311234536 ], [ -66.590377464738523, 18.134579440029349 ], [ -66.58655111060115, 18.142186717282922 ], [ -66.587751424236075, 18.138937421106526 ], [ -66.586458180894681, 18.141093635418269 ], [ -66.587202209673151, 18.138947693745529 ], [ -66.587304777435264, 18.137940590380712 ], [ -66.587044519944257, 18.1382847872719 ], [ -66.589554700777086, 18.132904582668193 ], [ -66.590902909862933, 18.129351603406437 ], [ -66.588120395122104, 18.134423188587856 ], [ -66.584320995870868, 18.142177213573781 ], [ -66.581679015457539, 18.148731537354632 ], [ -66.577194044902427, 18.158297485041942 ], [ -66.575983407355437, 18.161425323764647 ], [ -66.575954178140449, 18.161592334726564 ], [ -66.57625801368151, 18.161420190397621 ], [ -66.576193253659085, 18.161850365788649 ], [ -66.574772238263591, 18.165398300497596 ], [ -66.572916115732639, 18.169447368505281 ], [ -66.571791418532456, 18.171542805781623 ], [ -66.570721157442648, 18.17308661021325 ], [ -66.5704006935309, 18.173233459413122 ], [ -66.570478055353021, 18.172610974978632 ], [ -66.569584918929124, 18.173684085362986 ], [ -66.565537862075786, 18.181590004101587 ], [ -66.562191250744107, 18.187177938306025 ], [ -66.557545785541762, 18.197239873271737 ], [ -66.553640321591516, 18.204938265344651 ], [ -66.548819479714027, 18.21600226397279 ], [ -66.545595028951794, 18.222516267182026 ], [ -66.544436547979558, 18.225406241455108 ], [ -66.5429639039954, 18.22834691040633 ], [ -66.542360251674111, 18.228908817787989 ] ] ] } },
{ "type": "Feature", "properties": { "district": 25, "precinct_index": 1, "color": "#c3fcb6", "id": "d25_p01" }, "geometry": { "type": "Polygon", "coordinates": [ [ [ -66.567754276076201, 18.160324393967276 ], [ -66.567992136796931, 18.159205915506028 ], [ -66.565840755601599, 18.163017212728722 ], [ -66.564935015730015, 18.164282634054473 ], [ -66.561708817932413, 18.170265264696088 ], [ -66.561527670946901, 18.170518347822476 ], [ -66.561586128421482, 18.170184328851118 ], [ -66.561444535518405, 18.170391855516804 ], [ -66.556381122140763, 18.180135083852555 ], [ -66.556239528282305, 18.180342613470717 ], [ -66.556333520123118, 18.179745422267363 ], [ -66.55549026169372, 18.180894433644706 ], [ -66.555876016217368, 18.179472273996037 ], [ -66.553025248075969, 18.183911290487771 ], [ -66.552908859464878, 18.183734200121069 ], [ -66.553163347600915, 18.182641019741368 ], [ -66.553005127282532, 18.182823248325509 ], [ -66.548964901918524, 18.189787877484608 ], [ -66.549806942946631, 18.187262361434346 ], [ -66.549648722628248, 18.18744459001849 ], [ -66.548413939364835, 18.189266780508461 ], [ -66.546289510452269, 18.193224830313916 ], [ -66.543555130921945, 18.197840937172348 ], [ -66.543632492744067, 18.197218452737857 ], [ -66.545086762970158, 18.193721114192002 ], [ -66.555014599834095, 18.173085931987472 ], [ -66.557750571132843, 18.165934419955736 ], [ -66.556871780940625, 18.167346598714666 ], [ -66.556834503790412, 18.167078391630689 ], [ -66.55779346237108, 18.163884832787296 ], [ -66.559276961812159, 18.160220483279524 ], [ -66.561320533876483, 18.155822175725785 ], [ -66.56185471374792, 18.153251196879456 ], [ -66.560664039124021, 18.154400304873906 ], [ -66.56158344197425, 18.151252304389157 ], [ -66.562650209685927, 18.148645755876817 ], [ -66.562752778403421, 18.147638649559525 ], [ -66.557691641002634, 18.157068117303073 ], [ -66.557912874308073, 18.155924340760279 ], [ -66.558611043852864, 18.15392011681832 ], [ -66.558592671050192, 18.153363444271211 ], [ -66.559544798141545, 18.151111175007319 ], [ -66.559299420075064, 18.150949300364903 ], [ -66.55983709236925, 18.149441068551766 ], [ -66.559743634676693, 18.149193116894466 ], [ -66.55914628490325, 18.149658867856456 ], [ -66.558257169843571, 18.15094959211417 ], [ -66.558117852917349, 18.150843358187654 ], [ -66.558576416354029, 18.149426238241379 ], [ -66.558301809072574, 18.14943137456088 ], [ -66.558187699041724, 18.148940518751562 ], [ -66.559394312621095, 18.145595071005911 ], [ -66.562598111045034, 18.138838163644653 ], [ -66.564314915694368, 18.134682864662928 ], [ -66.564706973721258, 18.133164545642117 ], [ -66.566898439588499, 18.128462556900956 ], [ -66.567511196772571, 18.126645604198007 ], [ -66.565189525004044, 18.129986301038059 ], [ -66.564654659276187, 18.130335637201227 ], [ -66.564607054655141, 18.129945980466445 ], [ -66.565525929519282, 18.127643110189048 ], [ -66.565957540673224, 18.126079237660012 ], [ -66.565591218483178, 18.126367801638192 ], [ -66.565579145624966, 18.125714977521824 ], [ -66.564227973750462, 18.127360077645097 ], [ -66.564253180645849, 18.126975455762295 ], [ -66.564011826546974, 18.127031190142826 ], [ -66.565649520690812, 18.122967004925904 ], [ -66.566766700545259, 18.119591214545899 ], [ -66.566304643730433, 18.119945590411458 ], [ -66.566323547122579, 18.119657127900801 ], [ -66.566075890475858, 18.119809018701002 ], [ -66.566424367849308, 18.118118651968359 ], [ -66.569559911917295, 18.110729178869889 ], [ -66.569624672895117, 18.110299000526386 ], [ -66.568000639126524, 18.112480611434723 ], [ -66.568805931945903, 18.108841755140656 ], [ -66.567434111291874, 18.110243943309019 ], [ -66.566226277707827, 18.112212891232168 ], [ -66.566238881155513, 18.112020580290768 ], [ -66.568289284709152, 18.106680983157528 ], [ -66.572782832140959, 18.096705120356283 ], [ -66.573599667229075, 18.09456422323635 ], [ -66.573595643261456, 18.094346614213404 ], [ -66.573381240489965, 18.094549104129172 ], [ -66.573129561523643, 18.094483384008488 ], [ -66.573206923345765, 18.093860899574 ], [ -66.572530464714831, 18.094417762402855 ], [ -66.572526440747211, 18.094200153379905 ], [ -66.574959791302803, 18.088597295200447 ], [ -66.573068668553873, 18.092064392579474 ], [ -66.572787757769177, 18.09216568827112 ], [ -66.573007245687236, 18.09049053726276 ], [ -66.572738939305623, 18.090399519060533 ], [ -66.575147613555302, 18.084336147706104 ], [ -66.574396067431081, 18.085201736275184 ], [ -66.57421089482996, 18.085237212276564 ], [ -66.574969803032957, 18.082585199070216 ], [ -66.574051458758291, 18.084042934289847 ], [ -66.574337453041551, 18.082468979403551 ], [ -66.572613127487685, 18.085343933084502 ], [ -66.573557206643827, 18.082656445774717 ], [ -66.575571549493162, 18.078425149182891 ], [ -66.575694766990168, 18.077660954820505 ], [ -66.579337696517172, 18.070620523183461 ], [ -66.579429408822364, 18.070337100375198 ], [ -66.579158826463896, 18.070559842765171 ], [ -66.580104650052007, 18.068403732873424 ], [ -66.580179737545294, 18.068095007133198 ], [ -66.579977936573471, 18.068105188005507 ], [ -66.580013468336304, 18.067842020623921 ], [ -66.580574068945637, 18.066262932370599 ], [ -66.583614566156029, 18.061160907937719 ], [ -66.585775054817518, 18.056094560543325 ], [ -66.586141904993639, 18.054960866357789 ], [ -66.585173681076455, 18.056342702482368 ], [ -66.586282281450806, 18.053376832066707 ], [ -66.585284825715263, 18.054925684003617 ], [ -66.585314057533637, 18.054758668191287 ], [ -66.586410054460302, 18.05198510871703 ], [ -66.586418632985001, 18.051575191705155 ], [ -66.586352124971796, 18.051473997481033 ], [ -66.586233460383866, 18.051610667706534 ], [ -66.586314847821598, 18.051205790397052 ], [ -66.588510337656444, 18.046721410678842 ], [ -66.587966893403888, 18.047480663853879 ], [ -66.58829418784957, 18.046392528026985 ], [ -66.586634625876925, 18.04883729851402 ], [ -66.590082054376566, 18.041710896180028 ], [ -66.589192941920274, 18.043001615587325 ], [ -66.592352631704685, 18.036917790721589 ], [ -66.593452121054099, 18.035206978280524 ], [ -66.597457346200144, 18.027660378492765 ], [ -66.602633655766112, 18.017031493490524 ], [ -66.60789362874668, 18.005683970586599 ], [ -66.616764492869535, 17.988621927507932 ], [ -66.623586544514581, 17.974364075334663 ], [ -66.63080361506438, 17.960495789184016 ], [ -66.630882724877267, 17.960404674364678 ], [ -66.630511849778145, 17.96132076247974 ], [ -66.630817963899446, 17.960834852708182 ], [ -66.630517621736516, 17.962069741117837 ], [ -66.630580105782101, 17.961953326319012 ], [ -66.630517091147041, 17.962914876175606 ], [ -66.630962522194565, 17.96253520033056 ], [ -66.63245126300454, 17.960464964518653 ], [ -66.627989535549858, 17.976093604499283 ], [ -66.634159273324997, 17.963698266340078 ], [ -66.633196821366198, 17.965829081102751 ], [ -66.631783852257911, 17.969812235755533 ], [ -66.627160255839783, 17.981493582498661 ], [ -66.624336595248067, 17.989146129314083 ], [ -66.624671941187742, 17.988493203730194 ], [ -66.622296519165275, 17.994607176098125 ], [ -66.622117117567129, 17.995391633690076 ], [ -66.622335544306239, 17.995406752797255 ], [ -66.621108278388562, 17.998509296390889 ], [ -66.620978758343711, 17.999369647172944 ], [ -66.623444302550936, 17.99550765527211 ], [ -66.622612585434894, 17.998154628776064 ], [ -66.613909206966909, 18.016846165989406 ], [ -66.609366996338494, 18.028122637320987 ], [ -66.60629043937918, 18.034332959342809 ], [ -66.608297951694581, 18.031042949378008 ], [ -66.610703819377932, 18.026138473673551 ], [ -66.611343000858668, 18.02531340376072 ], [ -66.611202624401486, 18.026897438051801 ], [ -66.617092138203745, 18.01682503531493 ], [ -66.617706115392494, 18.016384582434483 ], [ -66.621128339600148, 18.00964279713288 ], [ -66.622093070139186, 18.007198216927588 ], [ -66.624930017431609, 18.001575006704339 ], [ -66.626813623790184, 17.996827553269174 ], [ -66.630296584052672, 17.989437983553596 ], [ -66.63182943254678, 17.986694668198641 ], [ -66.63112496305753, 17.988795043709857 ], [ -66.631224723297933, 17.988946838947484 ], [ -66.633238532954394, 17.985560682263841 ], [ -66.635129656658705, 17.98209358193234 ], [ -66.639054024001098, 17.974106727348769 ], [ -66.64297786075403, 17.966965007822967 ], [ -66.645736229778436, 17.960587774408815 ], [ -66.648350195774668, 17.95557697111321 ], [ -66.651871653192032, 17.949832108304115 ], [ -66.655689427849325, 17.942634751014889 ], [ -66.655563931772065, 17.943712710819888 ], [ -66.655965783121545, 17.943160984310538 ], [ -66.657323786485378, 17.940574594607767 ], [ -66.658469664009928, 17.937876931276087 ], [ -66.658042076823591, 17.93965841282807 ], [ -66.657250446982857, 17.941414689963143 ], [ -66.661728055459179, 17.933635166913103 ], [ -66.661348600879975, 17.934961174992512 ], [ -66.661618655252369, 17.935583562809892 ], [ -66.664698174044943, 17.931281122879028 ], [ -66.666534333652805, 17.929210785599601 ], [ -66.666150324516522, 17.931164319713833 ], [ -66.666712144175136, 17.930961734235488 ], [ -66.667084764661624, 17.930577020585989 ], [ -66.666938618849471, 17.931412071388561 ], [ -66.668241655513441, 17.930222449588275 ], [ -66.668070302805901, 17.931442122273648 ], [ -66.667171551338583, 17.93483302986289 ], [ -66.667248384219235, 17.935055678588231 ], [ -66.668533048080548, 17.933309384240836 ], [ -66.670523929421861, 17.929994083997379 ], [ -66.66986303702727, 17.932266515023315 ], [ -66.673673980195247, 17.926010447313587 ], [ -66.671633905067836, 17.931471491145153 ], [ -66.672023152969629, 17.931112075577204 ], [ -66.671954368024203, 17.931324644897757 ], [ -66.669750301312661, 17.936218939729905 ], [ -66.66854368512989, 17.939564392325973 ], [ -66.668689302955968, 17.939574471730758 ], [ -66.668535109208591, 17.939974304487432 ], [ -66.666364293076256, 17.944919202231024 ], [ -66.666391245359009, 17.945065954813785 ], [ -66.66697196936515, 17.944574903872311 ], [ -66.667048802245802, 17.944797552597649 ], [ -66.667283853796818, 17.944837974636787 ], [ -66.666356402055982, 17.947550760028118 ], [ -66.664308278037979, 17.952576588766266 ], [ -66.664256117904458, 17.952814461018782 ], [ -66.664628740994331, 17.95242974251887 ], [ -66.663982197434805, 17.955041237068972 ], [ -66.664756671874159, 17.954104792059706 ], [ -66.665195800373837, 17.953821272634332 ], [ -66.665422274092776, 17.95427161273988 ], [ -66.666086131879425, 17.953907056002013 ], [ -66.663972716294111, 17.96020819814143 ], [ -66.664493233186917, 17.959519798454103 ], [ -66.664376315634357, 17.96018784124723 ], [ -66.664680151175418, 17.960015696918287 ], [ -66.665908634494372, 17.958289657997572 ], [ -66.665631219691207, 17.959453692919517 ], [ -66.668040580752688, 17.95561196129578 ], [ -66.667838250839395, 17.956467275327917 ], [ -66.668187945614136, 17.95615341326819 ], [ -66.66804984608919, 17.957423684014593 ], [ -66.665513240959683, 17.961812005828182 ], [ -66.664123732404036, 17.964879167085073 ], [ -66.660099603865845, 17.972714229383488 ], [ -66.657436286213198, 17.976804003376685 ], [ -66.653668391198408, 17.984077259760966 ], [ -66.652688780279448, 17.987027914452337 ], [ -66.650215876596803, 17.992676326140021 ], [ -66.648809210036376, 17.996563324373135 ], [ -66.645900671232198, 18.003557999566908 ], [ -66.644808695669752, 18.006549172914529 ], [ -66.645233475334379, 18.005926589964989 ], [ -66.645316610762876, 18.006053082270661 ], [ -66.641724779235048, 18.0145459147232 ], [ -66.641236987538747, 18.016130042678917 ], [ -66.640585202610325, 18.017147423533149 ], [ -66.635752815860712, 18.026713467837567 ], [ -66.631517781487943, 18.035813756329578 ], [ -66.628843607422965, 18.040627213831801 ], [ -66.625121037493599, 18.048603895345956 ], [ -66.622953031486375, 18.052389889636686 ], [ -66.621792802523359, 18.054748494294618 ], [ -66.619695857438401, 18.058008158672589 ], [ -66.617294544312131, 18.062285108342223 ], [ -66.617040586765583, 18.062533153664159 ], [ -66.61740341392948, 18.061181847503203 ], [ -66.615226827486779, 18.065377764710757 ], [ -66.614722938964661, 18.066091459527158 ], [ -66.614833555617381, 18.065519571255759 ], [ -66.614602526385966, 18.065696760137509 ], [ -66.610083615836444, 18.072990470033098 ], [ -66.609229501950125, 18.074863161966995 ], [ -66.608741710253838, 18.076447289922708 ], [ -66.609268527091089, 18.075662738666125 ], [ -66.609118357311317, 18.076280180445746 ], [ -66.607376875400689, 18.079974969204979 ], [ -66.60470164180478, 18.0864786949248 ], [ -66.60326452698007, 18.089156201344849 ], [ -66.603122934076993, 18.089363728010536 ], [ -66.603312662190589, 18.088700723021862 ], [ -66.60102196667242, 18.092405781467626 ], [ -66.598376490277573, 18.097897366018177 ], [ -66.596008431289292, 18.102224910796366 ], [ -66.59134686926113, 18.111416412622766 ], [ -66.589698848601842, 18.115359145236411 ], [ -66.587197243690298, 18.120329437678659 ], [ -66.585395026680231, 18.124672007899392 ], [ -66.582174600841, 18.131403617179103 ], [ -66.57953595853887, 18.135953907299744 ], [ -66.574998302467534, 18.146602852596505 ], [ -66.573650623971162, 18.149310696800491 ], [ -66.571568026765874, 18.152909427655104 ], [ -66.56927452468139, 18.157773381750836 ], [ -66.567754276076201, 18.160324393967276 ] ] ] } },
{ "type": "Feature", "properties": { "district": 25, "precinct_index": 2, "color": "#fcd8ba", "id": "d25_p02" }, "geometry": { "type": "Polygon", "coordinates": [ [ [ -66.522802138239598, 18.236900028997759 ], [ -66.517959957212, 18.245499483743192 ], [ -66.518706259363924, 18.243039786328662 ], [ -66.521314987550042, 18.236434861534303 ], [ -66.525821138429535, 18.226266687791657 ], [ -66.526433895613607, 18.224449735088712 ], [ -66.526553091746408, 18.223467926852965 ], [ -66.528438442536967, 18.219251850835839 ], [ -66.529874338312382, 18.215197841640812 ], [ -66.528847655965237, 18.216913699689218 ], [ -66.528639555048954, 18.217020032130783 ], [ -66.528810907756494, 18.215800359445414 ], [ -66.528790255418201, 18.215557455293396 ], [ -66.52854890131934, 18.215613189673928 ], [ -66.52916166206218, 18.213796229168089 ], [ -66.529055599966554, 18.213740591404665 ], [ -66.528666349461375, 18.214100011823032 ], [ -66.528645700681864, 18.213857099868125 ], [ -66.532368267052448, 18.20588042615686 ], [ -66.532343593349935, 18.205419908131482 ], [ -66.532933422218846, 18.203673811868718 ], [ -66.532544174317067, 18.204033227436668 ], [ -66.53371753566924, 18.200637178677511 ], [ -66.53577598715809, 18.195732799590164 ], [ -66.538746479418378, 18.189466844655332 ], [ -66.539307080027712, 18.187887756402009 ], [ -66.538957385252971, 18.188201618461736 ], [ -66.538908035244546, 18.187280587261391 ], [ -66.539045605135414, 18.186855448620282 ], [ -66.538683309516372, 18.187361616770996 ], [ -66.538695912964059, 18.187169305829595 ], [ -66.54014790460991, 18.183985732726356 ], [ -66.538852914233146, 18.185610574470473 ], [ -66.537280509053218, 18.18839945113654 ], [ -66.537145218697987, 18.188510821382557 ], [ -66.537147494674826, 18.188197060790351 ], [ -66.536916465443412, 18.188374249672101 ], [ -66.536912441475806, 18.188156640649154 ], [ -66.536800079435721, 18.188197154454986 ], [ -66.536154594451745, 18.189118383739963 ], [ -66.535992351813775, 18.189083001403219 ], [ -66.536017557061143, 18.188698381418355 ], [ -66.53811153770944, 18.18353083979984 ], [ -66.538067959659401, 18.183358787237591 ], [ -66.537039527673485, 18.184543277568789 ], [ -66.536613002621493, 18.184634486052762 ], [ -66.536319489344493, 18.184928089733333 ], [ -66.537228039341187, 18.182503764954721 ], [ -66.539708991914424, 18.177290568360455 ], [ -66.541136309857762, 18.173646477231834 ], [ -66.540853124051608, 18.174061530563211 ], [ -66.541518040413806, 18.172006708560222 ], [ -66.541378723487583, 18.171900474633706 ], [ -66.539112701671925, 18.176066051104847 ], [ -66.538536004236775, 18.176774706218858 ], [ -66.537042707914338, 18.179472471018059 ], [ -66.535007715330096, 18.18346085860745 ], [ -66.533585483488707, 18.185632285691007 ], [ -66.530934237738876, 18.190374886753048 ], [ -66.530794920812639, 18.190268652826532 ], [ -66.531236858482046, 18.188826232900773 ], [ -66.533419744869192, 18.18453416412396 ], [ -66.534253207372615, 18.182418565085573 ], [ -66.534251459381849, 18.18188719547042 ], [ -66.533133593670996, 18.183041343167265 ], [ -66.533152497063142, 18.182752880656608 ], [ -66.534585587920247, 18.179857765213612 ], [ -66.534700228540572, 18.179503485965164 ], [ -66.534371186104124, 18.180060252176908 ], [ -66.535598452021802, 18.176957708583274 ], [ -66.529041211732249, 18.190243836775995 ], [ -66.52705890631222, 18.193149224857994 ], [ -66.522718338785282, 18.201348742426752 ], [ -66.525703710470111, 18.194576715958316 ], [ -66.529811503378269, 18.186023012805741 ], [ -66.532884564356053, 18.17874995155362 ], [ -66.532930420030951, 18.178608241625724 ], [ -66.53256812441191, 18.179114409776439 ], [ -66.532953879890954, 18.177692247175298 ], [ -66.534666129983208, 18.174164474228395 ], [ -66.537352220684056, 18.166937066054079 ], [ -66.531862279651037, 18.176771507724219 ], [ -66.527725255879901, 18.185492223736649 ], [ -66.526348879713396, 18.18752194089231 ], [ -66.526190658439631, 18.187704172428926 ], [ -66.526045041568949, 18.187694090071666 ], [ -66.526103500691548, 18.18736006920237 ], [ -66.525984836103603, 18.187496739427871 ], [ -66.526747237684745, 18.18590747030224 ], [ -66.52692033577965, 18.185219172082434 ], [ -66.526168792258829, 18.186084755801097 ], [ -66.526492062736907, 18.184779010951257 ], [ -66.526282216433259, 18.184353968927255 ], [ -66.526351000423304, 18.184141402559174 ], [ -66.5253845218935, 18.186054613149317 ], [ -66.526428362245426, 18.183518918124687 ], [ -66.524882909348236, 18.186454547373515 ], [ -66.525381028515369, 18.184991869068604 ], [ -66.522890280016156, 18.189238478001823 ], [ -66.522811171158665, 18.189329589868688 ], [ -66.523544872466289, 18.187062198545142 ], [ -66.522463752360764, 18.189329691336209 ], [ -66.522568068113642, 18.188853957586542 ], [ -66.522239025677209, 18.189410723798289 ], [ -66.523316118256332, 18.186925629787165 ], [ -66.523430759832038, 18.186571347586238 ], [ -66.523216358015929, 18.186773834549534 ], [ -66.524097954774476, 18.184202760140632 ], [ -66.523979290186546, 18.184339430366133 ], [ -66.522520995037453, 18.187619162841521 ], [ -66.522867196434063, 18.186242556701078 ], [ -66.522054914255023, 18.18775592968413 ], [ -66.522330052125966, 18.186905658306863 ], [ -66.521786607873409, 18.187664911481903 ], [ -66.520205623213386, 18.190863708112317 ], [ -66.520151718647881, 18.190570202946791 ], [ -66.520033054059951, 18.190706873172292 ], [ -66.521673025828647, 18.186328925465229 ], [ -66.5302647886502, 18.159854083208678 ], [ -66.530895921240329, 18.158593798202428 ], [ -66.532073306560108, 18.155415358466215 ], [ -66.535662327962839, 18.148081429466533 ], [ -66.535978769554973, 18.147716969345776 ], [ -66.535966166107286, 18.147909280287177 ], [ -66.536651204218302, 18.146942497493974 ], [ -66.538852466011519, 18.14320709641386 ], [ -66.549318663629464, 18.123285320228941 ], [ -66.569594031612652, 18.082865037969945 ], [ -66.588420215471686, 18.044469430211741 ], [ -66.590082054376566, 18.041710896180028 ], [ -66.586634625876925, 18.04883729851402 ], [ -66.58829418784957, 18.046392528026985 ], [ -66.587966893403888, 18.047480663853879 ], [ -66.588510337656444, 18.046721410678842 ], [ -66.586314847821598, 18.051205790397052 ], [ -66.586233460383866, 18.051610667706534 ], [ -66.586352124971796, 18.051473997481033 ], [ -66.586418632985001, 18.051575191705155 ], [ -66.586410054460302, 18.05198510871703 ], [ -66.585314057533637, 18.054758668191287 ], [ -66.585284825715263, 18.054925684003617 ], [ -66.586282281450806, 18.053376832066707 ], [ -66.585215512783748, 18.055983383531522 ], [ -66.585173681076455, 18.056342702482368 ], [ -66.586141904993639, 18.054960866357789 ], [ -66.585643785826505, 18.056423544662703 ], [ -66.583279220216355, 18.061813833521608 ], [ -66.580574068945637, 18.066262932370599 ], [ -66.580013468336304, 18.067842020623921 ], [ -66.579977936573471, 18.068105188005507 ], [ -66.580179737545294, 18.068095007133198 ], [ -66.580104650052007, 18.068403732873424 ], [ -66.579158826463896, 18.070559842765171 ], [ -66.579429408822364, 18.070337100375198 ], [ -66.579337696517172, 18.070620523183461 ], [ -66.575694766990168, 18.077660954820505 ], [ -66.575571549493162, 18.078425149182891 ], [ -66.573557206643827, 18.082656445774717 ], [ -66.572613127487685, 18.085343933084502 ], [ -66.574337453041551, 18.082468979403551 ], [ -66.574051458758291, 18.084042934289847 ], [ -66.574969803032957, 18.082585199070216 ], [ -66.57421089482996, 18.085237212276564 ], [ -66.574396067431081, 18.085201736275184 ], [ -66.575147613555302, 18.084336147706104 ], [ -66.572738939305623, 18.090399519060533 ], [ -66.573007245687236, 18.09049053726276 ], [ -66.572787757769177, 18.09216568827112 ], [ -66.573068668553873, 18.092064392579474 ], [ -66.574959791302803, 18.088597295200447 ], [ -66.572526440747211, 18.094200153379905 ], [ -66.572530464714831, 18.094417762402855 ], [ -66.573206923345765, 18.093860899574 ], [ -66.573129561523643, 18.094483384008488 ], [ -66.573381240489965, 18.094549104129172 ], [ -66.573595643261456, 18.094346614213404 ], [ -66.573599667229075, 18.09456422323635 ], [ -66.572782832140959, 18.096705120356283 ], [ -66.568289284709152, 18.106680983157528 ], [ -66.566238881155513, 18.112020580290768 ], [ -66.566226277707827, 18.112212891232168 ], [ -66.567434111291874, 18.110243943309019 ], [ -66.568805931945903, 18.108841755140656 ], [ -66.568000639126524, 18.112480611434723 ], [ -66.569624672895117, 18.110299000526386 ], [ -66.569559911917295, 18.110729178869889 ], [ -66.566424367849308, 18.118118651968359 ], [ -66.566075890475858, 18.119809018701002 ], [ -66.566323547122579, 18.119657127900801 ], [ -66.566304643730433, 18.119945590411458 ], [ -66.566766700545259, 18.119591214545899 ], [ -66.565649520690812, 18.122967004925904 ], [ -66.564011826546974, 18.127031190142826 ], [ -66.564253180645849, 18.126975455762295 ], [ -66.564227973750462, 18.127360077645097 ], [ -66.565579145624966, 18.125714977521824 ], [ -66.565591218483178, 18.126367801638192 ], [ -66.565957540673224, 18.126079237660012 ], [ -66.565525929519282, 18.127643110189048 ], [ -66.564607054655141, 18.129945980466445 ], [ -66.564654659276187, 18.130335637201227 ], [ -66.565189525004044, 18.129986301038059 ], [ -66.567511196772571, 18.126645604198007 ], [ -66.566898439588499, 18.128462556900956 ], [ -66.564706973721258, 18.133164545642117 ], [ -66.564314915694368, 18.134682864662928 ], [ -66.562598111045034, 18.138838163644653 ], [ -66.559394312621095, 18.145595071005911 ], [ -66.558187699041724, 18.148940518751562 ], [ -66.558301809072574, 18.14943137456088 ], [ -66.558576416354029, 18.149426238241379 ], [ -66.558117852917349, 18.150843358187654 ], [ -66.558257169843571, 18.15094959211417 ], [ -66.55914628490325, 18.149658867856456 ], [ -66.559743634676693, 18.149193116894466 ], [ -66.55983709236925, 18.149441068551766 ], [ -66.559299420075064, 18.150949300364903 ], [ -66.559544798141545, 18.151111175007319 ], [ -66.558592671050192, 18.153363444271211 ], [ -66.558611043852864, 18.15392011681832 ], [ -66.557912874308073, 18.155924340760279 ], [ -66.557691641002634, 18.157068117303073 ], [ -66.562752778403421, 18.147638649559525 ], [ -66.562650209685927, 18.148645755876817 ], [ -66.56158344197425, 18.151252304389157 ], [ -66.560664039124021, 18.154400304873906 ], [ -66.56185471374792, 18.153251196879456 ], [ -66.561114180950966, 18.156459877782499 ], [ -66.559276961812159, 18.160220483279524 ], [ -66.55779346237108, 18.163884832787296 ], [ -66.556834503790412, 18.167078391630689 ], [ -66.556871780940625, 18.167346598714666 ], [ -66.557750571132843, 18.165934419955736 ], [ -66.555014599834095, 18.173085931987472 ], [ -66.545086762970158, 18.193721114192002 ], [ -66.543632492744067, 18.197218452737857 ], [ -66.543555130921945, 18.197840937172348 ], [ -66.538383376868438, 18.207842293187291 ], [ -66.538185600819617, 18.208070080130074 ], [ -66.538279591705049, 18.207472891879188 ], [ -66.537963150112901, 18.207837351999949 ], [ -66.537936197830149, 18.207690599417187 ], [ -66.538250891431531, 18.206794769681277 ], [ -66.538159709715828, 18.206233057431774 ], [ -66.535514764865837, 18.210879503972084 ], [ -66.531948668219471, 18.218142584334469 ], [ -66.528411272802018, 18.22608378394229 ], [ -66.524099933534671, 18.234116293501611 ], [ -66.522802138239598, 18.236900028997759 ] ] ] } },
{ "type": "Feature", "properties": { "district": 26, "precinct_index": 0, "color": "#fcb6c5", "id": "d26_p00" }, "geometry": { "type": "Polygon", "coordinates": [ [ [ -66.413353744868203, 18.158313696615682 ], [ -66.413099297105603, 18.158352193513853 ], [ -66.412158341244108, 18.159588317443674 ], [ -66.412136048923088, 18.159380124427788 ], [ -66.412007756604069, 18.159503324632006 ], [ -66.408964827829465, 18.163708043570082 ], [ -66.408537268439844, 18.163952367547726 ], [ -66.408771558889342, 18.163497777566334 ], [ -66.408680021798958, 18.163371915034215 ], [ -66.408517109684112, 18.163536276179762 ], [ -66.408484621161094, 18.163369543939616 ], [ -66.408034535209424, 18.16390468608072 ], [ -66.407991850909326, 18.163779412888641 ], [ -66.406710604600335, 18.165801520019958 ], [ -66.406877783420811, 18.165221363897931 ], [ -66.406328099184663, 18.165464204215326 ], [ -66.406837465484415, 18.164389182889675 ], [ -66.406660325127902, 18.164511786880418 ], [ -66.404560484337452, 18.16727248525185 ], [ -66.40455241983318, 18.167106051118441 ], [ -66.404350854015291, 18.167228358717704 ], [ -66.40706083229486, 18.161189878036886 ], [ -66.411560954276169, 18.153052292985478 ], [ -66.411394011564269, 18.153133434485227 ], [ -66.412145730950229, 18.151770260754525 ], [ -66.411585614403506, 18.152553576469938 ], [ -66.411964558554047, 18.151809646814726 ], [ -66.411697778138915, 18.152097506271225 ], [ -66.411828202155675, 18.151766411157858 ], [ -66.411710107481269, 18.151848148871082 ], [ -66.411698012804877, 18.151598493364201 ], [ -66.412431471909485, 18.150110344548157 ], [ -66.41246206297582, 18.149985960518102 ], [ -66.412101615640125, 18.150355848908703 ], [ -66.412955537225457, 18.148079052848004 ], [ -66.4140781362577, 18.145805515328682 ], [ -66.414951980915106, 18.144443823530551 ], [ -66.416156152616423, 18.141838599842568 ], [ -66.417421037543406, 18.139982632180853 ], [ -66.420089759647638, 18.135108020392206 ], [ -66.420796426927197, 18.134326483000848 ], [ -66.42278860535383, 18.131107046944621 ], [ -66.423880615187301, 18.128957890012419 ], [ -66.428529184933183, 18.121113201282942 ], [ -66.430159017124822, 18.117972539062372 ], [ -66.434096423397293, 18.111824187006643 ], [ -66.434935882499914, 18.110004644970491 ], [ -66.435025753914317, 18.109340381755896 ], [ -66.439505716714962, 18.100786707064195 ], [ -66.43971368280377, 18.100040706136376 ], [ -66.439137439540971, 18.100491148414367 ], [ -66.439200753371352, 18.100034485445111 ], [ -66.446146701421014, 18.089223565928538 ], [ -66.449990671703787, 18.082658236785747 ], [ -66.450076276412545, 18.082409768547631 ], [ -66.449660813566865, 18.082903744589224 ], [ -66.451347559742885, 18.079930111000284 ], [ -66.451805708331278, 18.079561406435516 ], [ -66.451779149304627, 18.079769008396113 ], [ -66.452164021083988, 18.079399416384572 ], [ -66.452078416375215, 18.079647884622688 ], [ -66.453251294879891, 18.078664080242902 ], [ -66.455395955403247, 18.075820753268541 ], [ -66.455165696993433, 18.076358561180477 ], [ -66.457565039520446, 18.072977726128595 ], [ -66.458742184730752, 18.071578126772327 ], [ -66.461386015351863, 18.067701239248059 ], [ -66.461436763731299, 18.067992948301224 ], [ -66.462228802921203, 18.067461952135847 ], [ -66.46212280292319, 18.067793345355952 ], [ -66.462456691657152, 18.06763105719827 ], [ -66.463855796531959, 18.066026226976007 ], [ -66.463759994178574, 18.066316157705117 ], [ -66.463947333622343, 18.066152089508122 ], [ -66.465041005821618, 18.06479306348082 ], [ -66.465651870747777, 18.064301456818576 ], [ -66.465621279681457, 18.064425840848628 ], [ -66.465906318510378, 18.064262959920402 ], [ -66.466105751187911, 18.064348548945542 ], [ -66.467680100830094, 18.062329995019407 ], [ -66.467618920140083, 18.062578761364261 ], [ -66.468364241122671, 18.061839277519187 ], [ -66.468292862788033, 18.062129506355035 ], [ -66.46856154023493, 18.062132764896411 ], [ -66.467913685839079, 18.063372445474343 ], [ -66.467797490063987, 18.063745297742511 ], [ -66.468058104874174, 18.063582118707547 ], [ -66.467387723491342, 18.065112619176617 ], [ -66.467866265926347, 18.064660991345114 ], [ -66.467839706899696, 18.064868593305711 ], [ -66.468024911335561, 18.06491242517605 ], [ -66.468320147809109, 18.06470808175683 ], [ -66.467046967447018, 18.066896621306302 ], [ -66.46988833040372, 18.062814209967485 ], [ -66.472289573272676, 18.059724487755293 ], [ -66.47476029082415, 18.056053429025749 ], [ -66.475691287017156, 18.054359749521716 ], [ -66.476123580576783, 18.052701608196472 ], [ -66.476767402932964, 18.051378709687999 ], [ -66.481947398501219, 18.043166202112854 ], [ -66.482869859840321, 18.042304114277037 ], [ -66.482941003509012, 18.042512898348214 ], [ -66.483252601364583, 18.042142415459391 ], [ -66.483234104974656, 18.042516454996324 ], [ -66.484237905759514, 18.041821692183621 ], [ -66.48328605012307, 18.044596313882579 ], [ -66.481177675921344, 18.048188602206974 ], [ -66.480379003662108, 18.049842301165008 ], [ -66.480370704916808, 18.050174878210946 ], [ -66.479594325403511, 18.052036768457192 ], [ -66.480186930048333, 18.051420186709599 ], [ -66.48005627323316, 18.052250291287059 ], [ -66.47889928533597, 18.054065983726545 ], [ -66.477393478757733, 18.05749924071938 ], [ -66.472614717793505, 18.065176015098132 ], [ -66.46909633749938, 18.071911633129179 ], [ -66.466446344583474, 18.075913195916801 ], [ -66.463263753365268, 18.08277763862986 ], [ -66.463569185615881, 18.082531836162573 ], [ -66.459904490697539, 18.088766661247288 ], [ -66.458354099477262, 18.09178353220835 ], [ -66.45142617704299, 18.103218439717292 ], [ -66.449996012194845, 18.105945678055978 ], [ -66.447708598737293, 18.109369455816175 ], [ -66.446645515736805, 18.110604101256349 ], [ -66.444934580207999, 18.113078423831531 ], [ -66.441754824260485, 18.118237934642043 ], [ -66.436980330001873, 18.125498914044314 ], [ -66.43581527946796, 18.127148168907461 ], [ -66.434530237227889, 18.128588043485959 ], [ -66.432326296781369, 18.131971247917186 ], [ -66.431764283202867, 18.132463445634723 ], [ -66.430055479371788, 18.134729873300753 ], [ -66.429961808716129, 18.134811909120714 ], [ -66.429831619365345, 18.13464399132706 ], [ -66.428438445429521, 18.136623154034808 ], [ -66.428420185148184, 18.136498178949466 ], [ -66.425556293761858, 18.140871411894672 ], [ -66.423130626874169, 18.143960836000126 ], [ -66.421456210040503, 18.146685112188923 ], [ -66.420293294514508, 18.148126466984738 ], [ -66.416365851220689, 18.154732369456497 ], [ -66.415712067328471, 18.155597715833686 ], [ -66.415298738048079, 18.155883793523202 ], [ -66.413261976422035, 18.158686841832402 ], [ -66.413353744868203, 18.158313696615682 ] ] ] } },
{ "type": "Feature", "properties": { "district": 26, "precinct_index": 1, "color": "#b8fcbf", "id": "d26_p01" }, "geometry": { "type": "Polygon", "coordinates": [ [ [ -66.32531136842843, 18.29954835123122 ], [ -66.330858446269247, 18.289843249029886 ], [ -66.329141579801458, 18.291943239119576 ], [ -66.32900735841099, 18.291692103395377 ], [ -66.329535219233122, 18.290243045975725 ], [ -66.329356178534667, 18.290074537126777 ], [ -66.329427556869305, 18.28978430829093 ], [ -66.331863161428942, 18.282869223676229 ], [ -66.334336952227247, 18.276994214978931 ], [ -66.336123532796321, 18.273813868591422 ], [ -66.335640960189181, 18.274182275049451 ], [ -66.335728698038295, 18.273725910186933 ], [ -66.335592344950101, 18.273682669371883 ], [ -66.335062819469698, 18.274341601057245 ], [ -66.33590844230973, 18.272397382042485 ], [ -66.341194905340359, 18.262855458876118 ], [ -66.343061159679209, 18.259052311765004 ], [ -66.345181630424875, 18.255709675504558 ], [ -66.344761900873564, 18.256619446522635 ], [ -66.345024647381464, 18.256248372578522 ], [ -66.347008761728759, 18.252862500661212 ], [ -66.347660881387611, 18.251207026822051 ], [ -66.349072551713377, 18.248853824577367 ], [ -66.348241626022016, 18.249841776660556 ], [ -66.348431097163513, 18.249469813554413 ], [ -66.352925053539863, 18.24145690892454 ], [ -66.354718032512309, 18.237652872651402 ], [ -66.359462407921768, 18.22951824803463 ], [ -66.36118401042711, 18.226004437154408 ], [ -66.361884746767672, 18.224848567277565 ], [ -66.362601609824296, 18.22402557083814 ], [ -66.363512209285432, 18.22241481803135 ], [ -66.363911312191718, 18.222086979744102 ], [ -66.363049560768076, 18.223698328764367 ], [ -66.363143229981105, 18.223616294659664 ], [ -66.363114539256728, 18.224031791529406 ], [ -66.361737023129962, 18.227341851760951 ], [ -66.362486376152233, 18.226685585846422 ], [ -66.365708814957216, 18.221651349943244 ], [ -66.367181664105445, 18.219049384796637 ], [ -66.370117635531813, 18.212888889465116 ], [ -66.371429471464509, 18.210742400018997 ], [ -66.372698152322556, 18.209468664910101 ], [ -66.375024219483151, 18.206086940696192 ], [ -66.37623835272052, 18.203939269139497 ], [ -66.376405531540996, 18.20335911301747 ], [ -66.378290047603812, 18.199680939276448 ], [ -66.381864871532699, 18.194110375678655 ], [ -66.383148014873456, 18.192379386545213 ], [ -66.383160109549848, 18.19262904205209 ], [ -66.384697938629358, 18.190360537955268 ], [ -66.384899503004618, 18.190238232071263 ], [ -66.38485255199889, 18.190528753855663 ], [ -66.384946222654548, 18.190446718035702 ], [ -66.385903538455437, 18.189044456351535 ], [ -66.387119339236335, 18.187686907098623 ], [ -66.391820792369572, 18.179926027354977 ], [ -66.396203781779491, 18.174157342756903 ], [ -66.395346062820437, 18.175851907980032 ], [ -66.395895983165175, 18.17511005304036 ], [ -66.395922306083236, 18.175401465702045 ], [ -66.398877965915716, 18.170655087540112 ], [ -66.400562345728048, 18.168388361767345 ], [ -66.400670242757826, 18.168348086545116 ], [ -66.400519425319374, 18.16876210319754 ], [ -66.401778144641384, 18.167030815957361 ], [ -66.402203569023101, 18.166994392047052 ], [ -66.402785976023296, 18.166419272790453 ], [ -66.402700371314538, 18.166667741028569 ], [ -66.403058684067247, 18.166505750977624 ], [ -66.401049678236831, 18.170889347159317 ], [ -66.402414394246691, 18.168826671857218 ], [ -66.403467281045181, 18.167633487192781 ], [ -66.403652485481047, 18.16767731906312 ], [ -66.403259078847796, 18.168878502742878 ], [ -66.403751850967112, 18.168468630350926 ], [ -66.404093803780412, 18.168472778054326 ], [ -66.406352290404996, 18.165963511786156 ], [ -66.406633297194247, 18.165717412927386 ], [ -66.406710604600335, 18.165801520019958 ], [ -66.407991850909326, 18.163779412888641 ], [ -66.408034535209424, 18.16390468608072 ], [ -66.408484621161094, 18.163369543939616 ], [ -66.408517109684112, 18.163536276179762 ], [ -66.408680021798958, 18.163371915034215 ], [ -66.408771558889342, 18.163497777566334 ], [ -66.408537268439844, 18.163952367547726 ], [ -66.408964827829465, 18.163708043570082 ], [ -66.412007756604069, 18.159503324632006 ], [ -66.412136048923088, 18.159380124427788 ], [ -66.412158341244108, 18.159588317443674 ], [ -66.41330086479104, 18.158229882471662 ], [ -66.413310825902158, 18.158687436330624 ], [ -66.415298738048079, 18.155883793523202 ], [ -66.416137727818779, 18.155062277301099 ], [ -66.418382455533617, 18.151513228064079 ], [ -66.420293294514508, 18.148126466984738 ], [ -66.421456210040503, 18.146685112188923 ], [ -66.423130626874169, 18.143960836000126 ], [ -66.425556293761858, 18.140871411894672 ], [ -66.429405958875037, 18.135179429859647 ], [ -66.429831619365345, 18.13464399132706 ], [ -66.429961808716129, 18.134811909120714 ], [ -66.430055479371788, 18.134729873300753 ], [ -66.431764283202867, 18.132463445634723 ], [ -66.432326296781369, 18.131971247917186 ], [ -66.434530237227889, 18.128588043485959 ], [ -66.43581527946796, 18.127148168907461 ], [ -66.446645515736805, 18.110604101256349 ], [ -66.447708598737293, 18.109369455816175 ], [ -66.450279152124452, 18.105491682572808 ], [ -66.45176362704207, 18.104137397019453 ], [ -66.453097755295772, 18.102199100589221 ], [ -66.453260667410618, 18.102034739443678 ], [ -66.453278929134598, 18.102159712813766 ], [ -66.454808458026164, 18.100223787478136 ], [ -66.457902605954743, 18.095312750063925 ], [ -66.460208281136275, 18.09201394567382 ], [ -66.461185757560443, 18.091027771914689 ], [ -66.45927255077325, 18.095121442525453 ], [ -66.459390645447655, 18.09503970481223 ], [ -66.452544062884044, 18.106641935616608 ], [ -66.452705076099576, 18.106186459916117 ], [ -66.452633935741076, 18.105977670686755 ], [ -66.452393714352596, 18.106057928182661 ], [ -66.452357192347279, 18.105807979727228 ], [ -66.451634165128326, 18.106755654872931 ], [ -66.451756525065733, 18.106258123898481 ], [ -66.451035629544521, 18.106997904135035 ], [ -66.451604044836557, 18.105882011373684 ], [ -66.451962828363818, 18.104721993793436 ], [ -66.450365953602201, 18.107031364167778 ], [ -66.447459141807201, 18.111778338543186 ], [ -66.443283650596783, 18.117799046312232 ], [ -66.440863679982115, 18.121761815810196 ], [ -66.439332017950193, 18.123905637770228 ], [ -66.439509392972667, 18.123284020872461 ], [ -66.439346480857822, 18.123448382018005 ], [ -66.43926917302683, 18.123364276653113 ], [ -66.438405524571408, 18.124684507675504 ], [ -66.43718309114611, 18.127164757993395 ], [ -66.432387732691254, 18.135506686464023 ], [ -66.431550173930574, 18.137617341339869 ], [ -66.429867458351609, 18.140674194574604 ], [ -66.4302013485282, 18.140511904701668 ], [ -66.429905879256239, 18.141215257584982 ], [ -66.427903504627608, 18.144476154416949 ], [ -66.426078035689528, 18.148113460165199 ], [ -66.421097472798806, 18.156411556765487 ], [ -66.419200627393636, 18.160339087906653 ], [ -66.417568898170245, 18.163188632129348 ], [ -66.417487325501156, 18.163520318298005 ], [ -66.417813149730847, 18.163191596006914 ], [ -66.417668497897338, 18.163480932237803 ], [ -66.415407407357847, 18.167196122659679 ], [ -66.414209164727964, 18.170175682276078 ], [ -66.409362355763335, 18.179722936971686 ], [ -66.407547319135844, 18.182819767321917 ], [ -66.407325123362739, 18.183524012810189 ], [ -66.404795591484941, 18.186736930068413 ], [ -66.404459569610623, 18.187107114850498 ], [ -66.404451505106351, 18.18694068071709 ], [ -66.4041704983171, 18.187186779575857 ], [ -66.403624611454674, 18.18801185073082 ], [ -66.399222425392026, 18.195651606701041 ], [ -66.398796530235757, 18.196686058140653 ], [ -66.39934431599751, 18.196152101540637 ], [ -66.398482566016497, 18.197763448845649 ], [ -66.398486363815124, 18.198345677955537 ], [ -66.398172632394278, 18.19892405919644 ], [ -66.393298067634021, 18.206890766019555 ], [ -66.391739848442995, 18.209242186497253 ], [ -66.390354971809856, 18.210888773874316 ], [ -66.386584278336116, 18.217454990463885 ], [ -66.38675762276155, 18.216750153920319 ], [ -66.386497007951377, 18.216913332955283 ], [ -66.387267221859716, 18.215176123130576 ], [ -66.386153156238748, 18.216618070696935 ], [ -66.386293776032588, 18.216245516535505 ], [ -66.386130863917728, 18.216409877681052 ], [ -66.38459303814841, 18.218678376619689 ], [ -66.384324358833965, 18.218675121521244 ], [ -66.382857909531737, 18.220653395066968 ], [ -66.381464968819245, 18.222133546582949 ], [ -66.381481330201268, 18.221967407113347 ], [ -66.380133444905368, 18.222865917131799 ], [ -66.38060842234016, 18.221333050726312 ], [ -66.379618851239584, 18.222069568978561 ], [ -66.378842940633291, 18.222933435138437 ], [ -66.374706101683287, 18.228996198169021 ], [ -66.373072708226545, 18.231055614929748 ], [ -66.37123751097576, 18.233736357354939 ], [ -66.370856435127493, 18.234688181919303 ], [ -66.368420104573431, 18.238817089171611 ], [ -66.368126532333235, 18.239811560052804 ], [ -66.367869949562731, 18.240057957018308 ], [ -66.3678822803477, 18.239808597902911 ], [ -66.367542226433713, 18.240095564754455 ], [ -66.367707272113833, 18.239723305256831 ], [ -66.364173470119241, 18.244629011141807 ], [ -66.363941312810113, 18.244875704498796 ], [ -66.364096162288249, 18.244544905776912 ], [ -66.363864005404025, 18.244791597406227 ], [ -66.362112282606915, 18.247431764787201 ], [ -66.362299853406469, 18.246768688841367 ], [ -66.361491220036129, 18.247964833940443 ], [ -66.362440711176433, 18.245897116614728 ], [ -66.3622329797536, 18.246144104635526 ], [ -66.356285370881736, 18.254887903039858 ], [ -66.347244550452672, 18.266546692400915 ], [ -66.340355985719313, 18.276526614735069 ], [ -66.333503941123723, 18.286756488967587 ], [ -66.322841844335755, 18.305007564952035 ], [ -66.318546125310576, 18.311317907058708 ], [ -66.320051464424438, 18.308882672436994 ], [ -66.322098891159484, 18.305040139265678 ], [ -66.32274484852357, 18.303509340689875 ], [ -66.32531136842843, 18.29954835123122 ] ] ] } },
{ "type": "Feature", "properties": { "district": 26, "precinct_index": 2, "color": "#fcdfb2", "id": "d26_p02" }, "geometry": { "type": "Polygon", "coordinates": [ [ [ -66.406633297194247, 18.165717412927386 ], [ -66.404093803780412, 18.168472778054326 ], [ -66.403751850967112, 18.168468630350926 ], [ -66.403259078847796, 18.168878502742878 ], [ -66.403652485481047, 18.16767731906312 ], [ -66.403467281045181, 18.167633487192781 ], [ -66.402414394246691, 18.168826671857218 ], [ -66.401025250907907, 18.170889054210765 ], [ -66.403058684067247, 18.166505750977624 ], [ -66.402700371314538, 18.166667741028569 ], [ -66.402785976023296, 18.166419272790453 ], [ -66.402203569023101, 18.166994392047052 ], [ -66.401778144641384, 18.167030815957361 ], [ -66.400924690520426, 18.168309589646942 ], [ -66.400519425319374, 18.16876210319754 ], [ -66.400670242757826, 18.168348086545116 ], [ -66.400562345728048, 18.168388361767345 ], [ -66.398877965915716, 18.170655087540112 ], [ -66.395922306083236, 18.175401465702045 ], [ -66.395895983165175, 18.17511005304036 ], [ -66.395346062820437, 18.175851907980032 ], [ -66.396203781779491, 18.174157342756903 ], [ -66.391820792369572, 18.179926027354977 ], [ -66.387119339236335, 18.187686907098623 ], [ -66.385903538455437, 18.189044456351535 ], [ -66.384946222654548, 18.190446718035702 ], [ -66.38485255199889, 18.190528753855663 ], [ -66.384899503004618, 18.190238232071263 ], [ -66.384697938629358, 18.190360537955268 ], [ -66.383101063867741, 18.192669908329613 ], [ -66.383088969191348, 18.192420252822732 ], [ -66.379387986508718, 18.197906118272662 ], [ -66.380650971093743, 18.195759037771257 ], [ -66.379172661781084, 18.196988642903076 ], [ -66.379531443440797, 18.195828628765756 ], [ -66.379295255959534, 18.195992100749276 ], [ -66.376959225820272, 18.198916274547155 ], [ -66.376881919856814, 18.198832165739329 ], [ -66.375765953468985, 18.199983002193676 ], [ -66.376393414443143, 18.198826243154802 ], [ -66.37638535036379, 18.198659807293719 ], [ -66.37609628093783, 18.19873946857615 ], [ -66.37623903429693, 18.19815901606264 ], [ -66.373293803039942, 18.202364925712409 ], [ -66.372206296445626, 18.203599271318176 ], [ -66.371214355671185, 18.205042702544784 ], [ -66.372202498646999, 18.203017042208284 ], [ -66.371980539407403, 18.203222271346604 ], [ -66.369342641167904, 18.207473489641107 ], [ -66.368798886003191, 18.208090665886917 ], [ -66.36864024059399, 18.207839232055981 ], [ -66.36788045526113, 18.209035973368529 ], [ -66.366703310050823, 18.210435572724798 ], [ -66.368204851790978, 18.207418107265514 ], [ -66.367215046024441, 18.208653638424792 ], [ -66.36629021501146, 18.210222639234964 ], [ -66.365628367039903, 18.21092154975107 ], [ -66.366196780889311, 18.209805658704973 ], [ -66.364893243701928, 18.21161957110515 ], [ -66.369597065066401, 18.203151780102399 ], [ -66.369474939794955, 18.203150298169827 ], [ -66.369815228374918, 18.202364318411259 ], [ -66.36872368787337, 18.203515449529412 ], [ -66.369347352916449, 18.201776457937719 ], [ -66.369082706066592, 18.201856419042141 ], [ -66.36913772115166, 18.201732333118827 ], [ -66.374857908751949, 18.191821407280951 ], [ -66.376371545168496, 18.189053597328552 ], [ -66.376638558382027, 18.188266728407957 ], [ -66.375665112554898, 18.189336121812882 ], [ -66.375730325284593, 18.189170573398574 ], [ -66.385200345047622, 18.173774376608986 ], [ -66.385390989094006, 18.170907350695401 ], [ -66.387240412718896, 18.168268368867938 ], [ -66.390770653448371, 18.162281417523118 ], [ -66.395471872340565, 18.155019548958823 ], [ -66.401332679734679, 18.144736068959517 ], [ -66.407576930783392, 18.132793854864424 ], [ -66.409654245011794, 18.130323974656452 ], [ -66.412507704087517, 18.126491217109265 ], [ -66.411613231767376, 18.128434841625801 ], [ -66.412297604858367, 18.127445114661487 ], [ -66.412327961258725, 18.12781974353846 ], [ -66.415666363040387, 18.122911664831207 ], [ -66.414867691206069, 18.124565362061563 ], [ -66.415586687403064, 18.12353446899774 ], [ -66.414863424500439, 18.124981157038047 ], [ -66.416246402234265, 18.123043455106036 ], [ -66.416340071022375, 18.122961422729006 ], [ -66.416109814480109, 18.12349922719801 ], [ -66.416460064596095, 18.123170799570726 ], [ -66.418525518389131, 18.119952252676526 ], [ -66.41726040066375, 18.122307229802338 ], [ -66.417205385578683, 18.122431315725652 ], [ -66.417382525935196, 18.12230871173491 ], [ -66.416414777823718, 18.124251448817095 ], [ -66.416231235753671, 18.124997747851655 ], [ -66.418878864173422, 18.121703089437275 ], [ -66.42053501741556, 18.118853843321318 ], [ -66.421264447790691, 18.117282471416544 ], [ -66.426311886201816, 18.109608955579169 ], [ -66.426747977135165, 18.108533045091491 ], [ -66.426397725151631, 18.108861476161707 ], [ -66.428428792372188, 18.105185079017062 ], [ -66.430341295586416, 18.102588445399693 ], [ -66.428342716888864, 18.10643157478448 ], [ -66.433471027281385, 18.099923406341336 ], [ -66.434030907719531, 18.099639105248198 ], [ -66.434148533062015, 18.100555393349023 ], [ -66.435270663187254, 18.099279879916072 ], [ -66.438064349143801, 18.092701812999266 ], [ -66.439217068467812, 18.091301918979191 ], [ -66.439318801760194, 18.09138632073557 ], [ -66.440172019772561, 18.090606561668267 ], [ -66.4403854460258, 18.091232920755235 ], [ -66.443691592082857, 18.085659100343744 ], [ -66.443903355545373, 18.085495330253487 ], [ -66.443730012987487, 18.086200163354121 ], [ -66.444283729263319, 18.086040540967268 ], [ -66.446898633051461, 18.083078164935024 ], [ -66.445354405568594, 18.085970358917479 ], [ -66.445448074356705, 18.085888326540449 ], [ -66.447759913700565, 18.082464843444061 ], [ -66.448951287152525, 18.081107001242597 ], [ -66.451120605935685, 18.077764961195626 ], [ -66.451599149813319, 18.07731333164887 ], [ -66.452500981197232, 18.077033181702067 ], [ -66.454325982670937, 18.074393898324935 ], [ -66.452720809164006, 18.077035845745218 ], [ -66.451838665761287, 18.078730114589291 ], [ -66.45203003580211, 18.078649266038095 ], [ -66.449660813566865, 18.082903744589224 ], [ -66.450076276412545, 18.082409768547631 ], [ -66.449990671703787, 18.082658236785747 ], [ -66.446146701421014, 18.089223565928538 ], [ -66.439200753371352, 18.100034485445111 ], [ -66.439137439540971, 18.100491148414367 ], [ -66.43971368280377, 18.100040706136376 ], [ -66.439505716714962, 18.100786707064195 ], [ -66.435025753914317, 18.109340381755896 ], [ -66.434935882499914, 18.110004644970491 ], [ -66.434096423397293, 18.111824187006643 ], [ -66.430159017124822, 18.117972539062372 ], [ -66.428529184933183, 18.121113201282942 ], [ -66.423880615187301, 18.128957890012419 ], [ -66.42278860535383, 18.131107046944621 ], [ -66.420796426927197, 18.134326483000848 ], [ -66.420089759647638, 18.135108020392206 ], [ -66.417421037543406, 18.139982632180853 ], [ -66.416156152616423, 18.141838599842568 ], [ -66.414951980915106, 18.144443823530551 ], [ -66.4137195873964, 18.146466520001905 ], [ -66.41220761377059, 18.150024459131529 ], [ -66.412101615640125, 18.150355848908703 ], [ -66.41246206297582, 18.149985960518102 ], [ -66.411698012804877, 18.151598493364201 ], [ -66.411710107481269, 18.151848148871082 ], [ -66.411828202155675, 18.151766411157858 ], [ -66.411697778138915, 18.152097506271225 ], [ -66.411964558554047, 18.151809646814726 ], [ -66.411585614403506, 18.152553576469938 ], [ -66.412145730950229, 18.151770260754525 ], [ -66.40706083229486, 18.161189878036886 ], [ -66.404350854015291, 18.167228358717704 ], [ -66.40455241983318, 18.167106051118441 ], [ -66.404560484337452, 18.16727248525185 ], [ -66.406837465484415, 18.164389182889675 ], [ -66.406328099184663, 18.165464204215326 ], [ -66.406877783420811, 18.165221363897931 ], [ -66.406855258301391, 18.165512180346138 ], [ -66.406710604600335, 18.165801520019958 ], [ -66.406633297194247, 18.165717412927386 ] ] ] } },
{ "type": "Feature", "properties": { "district": 26, "precinct_index": 3, "color": "#ffffbe", "id": "d26_p03" }, "geometry": { "type": "Polygon", "coordinates": [ [ [ -66.317633065472009, 18.296502715404291 ], [ -66.316916202415385, 18.297325711843712 ], [ -66.318059193426691, 18.294969254500586 ], [ -66.317574487254262, 18.295545559310693 ], [ -66.317582784556947, 18.295212983980008 ], [ -66.318670761925816, 18.292980610844939 ], [ -66.3198441097624, 18.290998780651108 ], [ -66.320021486227517, 18.290377162038084 ], [ -66.322918100377876, 18.285671650153674 ], [ -66.325267396655789, 18.280502070770485 ], [ -66.324833673528772, 18.280871071726736 ], [ -66.32491927823753, 18.28062260348862 ], [ -66.327090966694556, 18.276573650467292 ], [ -66.327863314168169, 18.274628542290507 ], [ -66.333579469728789, 18.264634398522091 ], [ -66.337900552454258, 18.256328302906478 ], [ -66.341646587243289, 18.2502608011172 ], [ -66.343201009060607, 18.247327149801936 ], [ -66.34263686191683, 18.248027245871555 ], [ -66.342907905727415, 18.247323596596754 ], [ -66.344555998200377, 18.244307909461529 ], [ -66.34385336482805, 18.245172661340497 ], [ -66.338437179910997, 18.253548644342093 ], [ -66.334153086655206, 18.261106666042018 ], [ -66.332405395897766, 18.263830051353533 ], [ -66.331519455121338, 18.264942089360041 ], [ -66.325088568201821, 18.275551334658729 ], [ -66.323216852255911, 18.277982123470306 ], [ -66.320004607785378, 18.282974902040671 ], [ -66.318000568923381, 18.28544567141067 ], [ -66.316134783916468, 18.288250792707732 ], [ -66.317428359567813, 18.285979328176271 ], [ -66.320745406842462, 18.27886700828039 ], [ -66.321136678467809, 18.277873724667963 ], [ -66.320945306984356, 18.277954574934412 ], [ -66.321030913135758, 18.277706104981043 ], [ -66.331437131151091, 18.25820438724103 ], [ -66.330500440127679, 18.259024719637299 ], [ -66.33053316289174, 18.258692440698095 ], [ -66.330042292981915, 18.259393422486809 ], [ -66.330227732083742, 18.258938241450128 ], [ -66.330085213390603, 18.259019681056614 ], [ -66.327121252945261, 18.264098639707413 ], [ -66.326233179028478, 18.265418574338323 ], [ -66.326129314038369, 18.265542067491094 ], [ -66.326096824072735, 18.265375336966201 ], [ -66.325864668631141, 18.265622026880262 ], [ -66.323632034150066, 18.269420733339416 ], [ -66.322238860214242, 18.271399896047168 ], [ -66.321770513981221, 18.271810063102929 ], [ -66.31933845013279, 18.275523175378758 ], [ -66.319399628955267, 18.275274412476836 ], [ -66.319228652761069, 18.275272337761297 ], [ -66.320776676175015, 18.272962376331662 ], [ -66.322328966294606, 18.270236619925544 ], [ -66.32256538988446, 18.26957413331975 ], [ -66.322249996097796, 18.269362383655753 ], [ -66.322549495966797, 18.268742250418232 ], [ -66.325058870531493, 18.26511324007679 ], [ -66.32582078756208, 18.263708603855093 ], [ -66.326051045971894, 18.263170795943157 ], [ -66.325914689573523, 18.263127560286293 ], [ -66.331363598697251, 18.254419296630239 ], [ -66.333761276990913, 18.250248334116389 ], [ -66.334030423769732, 18.249253566843716 ], [ -66.335735430227089, 18.246404908340118 ], [ -66.337759862510779, 18.243851217431061 ], [ -66.338360529792311, 18.243401073259811 ], [ -66.336141890329571, 18.247740548065536 ], [ -66.337347728131803, 18.245925448396594 ], [ -66.337422900529987, 18.246217455556497 ], [ -66.338817974807753, 18.244529405688439 ], [ -66.339133370461951, 18.244741151909508 ], [ -66.340330907651321, 18.243258632729432 ], [ -66.341275662754086, 18.242604736194249 ], [ -66.342827716765072, 18.240377994410412 ], [ -66.342674765761345, 18.240999909414917 ], [ -66.342990396081504, 18.240712642728962 ], [ -66.345795239918161, 18.236380279504203 ], [ -66.350300589265501, 18.230114063931676 ], [ -66.350990893295474, 18.229498669452852 ], [ -66.353667681346607, 18.224790490082356 ], [ -66.355555524433512, 18.222692572980527 ], [ -66.36014291679956, 18.215096645437718 ], [ -66.360320057156088, 18.214974041446975 ], [ -66.359971471273454, 18.216092596536225 ], [ -66.363352556930266, 18.211309792748732 ], [ -66.368373672423346, 18.203344864249672 ], [ -66.369166179077624, 18.201815845713174 ], [ -66.369333123232153, 18.201734702498172 ], [ -66.36872368787337, 18.203515449529412 ], [ -66.369815228374918, 18.202364318411259 ], [ -66.369474939794955, 18.203150298169827 ], [ -66.369597065066401, 18.203151780102399 ], [ -66.364893243701928, 18.21161957110515 ], [ -66.366196780889311, 18.209805658704973 ], [ -66.365628367039903, 18.21092154975107 ], [ -66.36629021501146, 18.210222639234964 ], [ -66.367215046024441, 18.208653638424792 ], [ -66.368204851790978, 18.207418107265514 ], [ -66.366703310050823, 18.210435572724798 ], [ -66.36788045526113, 18.209035973368529 ], [ -66.36864024059399, 18.207839232055981 ], [ -66.368798886003191, 18.208090665886917 ], [ -66.369342641167904, 18.207473489641107 ], [ -66.371980539407403, 18.203222271346604 ], [ -66.372202498646999, 18.203017042208284 ], [ -66.371214355671185, 18.205042702544784 ], [ -66.372206296445626, 18.203599271318176 ], [ -66.373293803039942, 18.202364925712409 ], [ -66.37623903429693, 18.19815901606264 ], [ -66.37609628093783, 18.19873946857615 ], [ -66.37638535036379, 18.198659807293719 ], [ -66.376393414443143, 18.198826243154802 ], [ -66.375765953468985, 18.199983002193676 ], [ -66.376881919856814, 18.198832165739329 ], [ -66.376959225820272, 18.198916274547155 ], [ -66.379295255959534, 18.195992100749276 ], [ -66.379531443440797, 18.195828628765756 ], [ -66.379172661781084, 18.196988642903076 ], [ -66.380650971093743, 18.195759037771257 ], [ -66.378290047603812, 18.199680939276448 ], [ -66.376405531540996, 18.20335911301747 ], [ -66.37623835272052, 18.203939269139497 ], [ -66.375024219483151, 18.206086940696192 ], [ -66.372698152322556, 18.209468664910101 ], [ -66.371429471464509, 18.210742400018997 ], [ -66.370117635531813, 18.212888889465116 ], [ -66.367181664105445, 18.219049384796637 ], [ -66.365708814957216, 18.221651349943244 ], [ -66.362486376152233, 18.226685585846422 ], [ -66.361737023129962, 18.227341851760951 ], [ -66.363114539256728, 18.224031791529406 ], [ -66.363143229981105, 18.223616294659664 ], [ -66.363049560768076, 18.223698328764367 ], [ -66.363911312191718, 18.222086979744102 ], [ -66.363512209285432, 18.22241481803135 ], [ -66.362601609824296, 18.22402557083814 ], [ -66.361884746767672, 18.224848567277565 ], [ -66.36118401042711, 18.226004437154408 ], [ -66.359462407921768, 18.22951824803463 ], [ -66.354718032512309, 18.237652872651402 ], [ -66.352925053539863, 18.24145690892454 ], [ -66.348431097163513, 18.249469813554413 ], [ -66.348241626022016, 18.249841776660556 ], [ -66.349072551713377, 18.248853824577367 ], [ -66.347660881387611, 18.251207026822051 ], [ -66.347008761728759, 18.252862500661212 ], [ -66.345024647381464, 18.256248372578522 ], [ -66.344761900873564, 18.256619446522635 ], [ -66.345181630424875, 18.255709675504558 ], [ -66.343061159679209, 18.259052311765004 ], [ -66.341194905340359, 18.262855458876118 ], [ -66.33590844230973, 18.272397382042485 ], [ -66.335861724527334, 18.272188892635118 ], [ -66.335230467622097, 18.272763419121169 ], [ -66.333252984476587, 18.275026591688754 ], [ -66.333369182119228, 18.274653735977655 ], [ -66.333212433741778, 18.274693420144594 ], [ -66.331181835853144, 18.27737179147519 ], [ -66.327572390685816, 18.282983517729562 ], [ -66.324967449876326, 18.286403444177839 ], [ -66.322763273321215, 18.290285663231344 ], [ -66.320612681858861, 18.292754657720216 ], [ -66.317657256692343, 18.297002022975121 ], [ -66.317074847824586, 18.297577145674651 ], [ -66.317633065472009, 18.296502715404291 ] ] ] } },
{ "type": "Feature", "properties": { "district": 26, "precinct_index": 4, "color": "#d4b2fc", "id": "d26_p04" }, "geometry": { "type": "Polygon", "coordinates": [ [ [ -66.308248744431495, 18.328783296233144 ], [ -66.30793714657591, 18.329153779121967 ], [ -66.308047176746058, 18.328905607275331 ], [ -66.30787216995482, 18.328820312913997 ], [ -66.30880339750361, 18.326627625661125 ], [ -66.308365642336909, 18.326913408686831 ], [ -66.308420657421976, 18.326789322763517 ], [ -66.308131586553387, 18.326868985761202 ], [ -66.306893262095699, 18.328517349747067 ], [ -66.307013488467817, 18.328227717124694 ], [ -66.306870969774678, 18.32830915673118 ], [ -66.306852708050698, 18.328184183361092 ], [ -66.307480405133447, 18.326528409699939 ], [ -66.305942576053951, 18.328796913796765 ], [ -66.304211012437491, 18.331853170818025 ], [ -66.304058999672677, 18.33047903592211 ], [ -66.300531596081456, 18.334761051921454 ], [ -66.303533974121237, 18.330223161439218 ], [ -66.304941613849948, 18.327786739548738 ], [ -66.306066344579918, 18.325305307120264 ], [ -66.313140584948599, 18.314371187399473 ], [ -66.313833255342274, 18.313048885104475 ], [ -66.313739587996793, 18.313130915766251 ], [ -66.313847719692532, 18.312591627636998 ], [ -66.313721562381417, 18.312506927773885 ], [ -66.312740053917551, 18.313409883602475 ], [ -66.313062080773534, 18.312498930473819 ], [ -66.312642587330814, 18.312909686869613 ], [ -66.313031725815804, 18.312124299881592 ], [ -66.312216926840506, 18.313445125402204 ], [ -66.311644246710387, 18.314976809697107 ], [ -66.308813078088122, 18.319017763703116 ], [ -66.311127285238285, 18.314887371075301 ], [ -66.309870699056631, 18.316410761691078 ], [ -66.310473970678004, 18.314754691638441 ], [ -66.310178735647085, 18.314959033342411 ], [ -66.310349945064601, 18.31446209686618 ], [ -66.306408978969642, 18.319529201746811 ], [ -66.302618123429994, 18.325679332126594 ], [ -66.302402329370423, 18.325759882571052 ], [ -66.301852410468314, 18.326501735795471 ], [ -66.301889165696963, 18.326252673059134 ], [ -66.301612190947395, 18.326581989848446 ], [ -66.300418449689104, 18.328646741581341 ], [ -66.298980691111254, 18.330209518257316 ], [ -66.29910708308833, 18.329795205213408 ], [ -66.298811848057412, 18.329999546917374 ], [ -66.297561427480701, 18.331398257111616 ], [ -66.298486491292095, 18.329330246837348 ], [ -66.297914280068966, 18.32986390704588 ], [ -66.297975460758991, 18.329615140701026 ], [ -66.297867561861665, 18.329655419366187 ], [ -66.296902181981423, 18.330891245189271 ], [ -66.299477469538587, 18.325599654598303 ], [ -66.299518256806905, 18.325433809792511 ], [ -66.298677133470932, 18.326463224366691 ], [ -66.298854744601996, 18.325342592846646 ], [ -66.305976170217448, 18.313618940162108 ], [ -66.310096645917881, 18.307722320044054 ], [ -66.310990651198566, 18.306776716170958 ], [ -66.312542941318156, 18.30405095976484 ], [ -66.316936361171116, 18.297741803211679 ], [ -66.317657256692343, 18.297002022975121 ], [ -66.320612681858861, 18.292754657720216 ], [ -66.322763273321215, 18.290285663231344 ], [ -66.324967449876326, 18.286403444177839 ], [ -66.327572390685816, 18.282983517729562 ], [ -66.331181835853144, 18.27737179147519 ], [ -66.333212433741778, 18.274693420144594 ], [ -66.333369182119228, 18.274653735977655 ], [ -66.333252984476587, 18.275026591688754 ], [ -66.334149122897642, 18.273873091191255 ], [ -66.334146991199916, 18.274080986100405 ], [ -66.335861724527334, 18.272188892635118 ], [ -66.335816670553385, 18.272770532417393 ], [ -66.335062819469698, 18.274341601057245 ], [ -66.335592344950101, 18.273682669371883 ], [ -66.335728698038295, 18.273725910186933 ], [ -66.335640960189181, 18.274182275049451 ], [ -66.336123532796321, 18.273813868591422 ], [ -66.334336952227247, 18.276994214978931 ], [ -66.331863161428942, 18.282869223676229 ], [ -66.329427556869305, 18.28978430829093 ], [ -66.329356178534667, 18.290074537126777 ], [ -66.329535219233122, 18.290243045975725 ], [ -66.32900735841099, 18.291692103395377 ], [ -66.329141579801458, 18.291943239119576 ], [ -66.330858446269247, 18.289843249029886 ], [ -66.330742251936783, 18.2902160995828 ], [ -66.32531136842843, 18.29954835123122 ], [ -66.32274484852357, 18.303509340689875 ], [ -66.322098891159484, 18.305040139265678 ], [ -66.319917008368009, 18.309130549619816 ], [ -66.315753377592941, 18.315899924075094 ], [ -66.314850840768528, 18.317677114458224 ], [ -66.312249695890117, 18.321679273459317 ], [ -66.307918651628611, 18.329527816943646 ], [ -66.308248744431495, 18.328783296233144 ] ] ] } },
{ "type": "Feature", "properties": { "district": 27, "precinct_index": 0, "color": "#fcc6e0", "id": "d27_p00" }, "geometry": { "type": "Polygon", "coordinates": [ [ [ -66.419449437988945, 18.049861137469151 ], [ -66.418961508267287, 18.049990335082423 ], [ -66.419115021764185, 18.04979665411069 ], [ -66.418667702646005, 18.050029377778021 ], [ -66.419705406381937, 18.048985465940504 ], [ -66.419406613313313, 18.04911923813874 ], [ -66.419516265720631, 18.04898089457005 ], [ -66.420629972677233, 18.047951638253327 ], [ -66.420447564440977, 18.047916464905679 ], [ -66.420623009713211, 18.047695114140559 ], [ -66.41976724511909, 18.048199953574819 ], [ -66.419920761077051, 18.048006270419354 ], [ -66.418118263865097, 18.049285484458725 ], [ -66.417657250905023, 18.049292284959705 ], [ -66.416963473202344, 18.049636972184992 ], [ -66.414220738789325, 18.05137283816056 ], [ -66.413808812288323, 18.051516691294626 ], [ -66.413997715941349, 18.05123414197336 ], [ -66.413325870013992, 18.05155115940526 ], [ -66.41324638175999, 18.051408244466113 ], [ -66.405494860839596, 18.057186218673596 ], [ -66.405840762389531, 18.056838247676772 ], [ -66.40313365514092, 18.058772365994528 ], [ -66.401940225383129, 18.059371584496649 ], [ -66.402087008916027, 18.059208503318377 ], [ -66.401345888184807, 18.059480266466799 ], [ -66.403453437787746, 18.057462435715603 ], [ -66.405598350602446, 18.055706992414009 ], [ -66.408196844318766, 18.053113978747763 ], [ -66.416254923138538, 18.046374396845913 ], [ -66.42188228381417, 18.040888587167615 ], [ -66.421122714793754, 18.041316280558551 ], [ -66.421446686115559, 18.040995978324339 ], [ -66.432064619556598, 18.031911113532097 ], [ -66.439124905610512, 18.025457597680951 ], [ -66.437192565185399, 18.026966955822356 ], [ -66.437317420951231, 18.026831541222961 ], [ -66.440451188964943, 18.024182252989533 ], [ -66.441109105869884, 18.023352189393648 ], [ -66.447494530690861, 18.017661677429135 ], [ -66.453321714572368, 18.012852345527868 ], [ -66.454422195234315, 18.012171412826476 ], [ -66.455999927081635, 18.010689372890731 ], [ -66.45749365386925, 18.009733392238605 ], [ -66.461542247830806, 18.006526858198725 ], [ -66.46930129903474, 17.999633925619658 ], [ -66.473921829324851, 17.99577213365211 ], [ -66.474920893965745, 17.994975952590448 ], [ -66.472433561540058, 17.99720762836877 ], [ -66.48891128917424, 17.983957671502957 ], [ -66.489203352278864, 17.983854499098182 ], [ -66.486439392193233, 17.986479401309762 ], [ -66.486102197037852, 17.987148024975575 ], [ -66.487028974944238, 17.986752572748479 ], [ -66.489569109401288, 17.985073335111558 ], [ -66.49739663508953, 17.979310015394095 ], [ -66.491744896480256, 17.983897996530242 ], [ -66.468162218921961, 18.004741167412099 ], [ -66.46751427937275, 18.005381769818975 ], [ -66.468766533476, 18.004443024252943 ], [ -66.467993738160942, 18.00521904125921 ], [ -66.468483178313122, 18.004866848295929 ], [ -66.468292531229565, 18.005085269060974 ], [ -66.467148424025225, 18.006108662040859 ], [ -66.468783709890147, 18.00479720902138 ], [ -66.465076264578414, 18.008037624442526 ], [ -66.464723634611673, 18.008416194202034 ], [ -66.465744629480696, 18.007592344377763 ], [ -66.463847917767168, 18.009299953830578 ], [ -66.46398971139169, 18.009231604338677 ], [ -66.463783867418911, 18.009447090736181 ], [ -66.464661559780112, 18.008914584723044 ], [ -66.463539381890044, 18.009910310093272 ], [ -66.464548658433884, 18.009211790718059 ], [ -66.463033236879212, 18.010482561855291 ], [ -66.463796054838539, 18.00989600603803 ], [ -66.459012268243015, 18.01442806304177 ], [ -66.458622505603486, 18.014831371441637 ], [ -66.458884167546515, 18.01472233685298 ], [ -66.458577138091641, 18.015109700980176 ], [ -66.46251607718483, 18.012041512692722 ], [ -66.464941571787222, 18.010595348127129 ], [ -66.453088324562671, 18.020686021409166 ], [ -66.449363700375727, 18.023572254245607 ], [ -66.445887279751005, 18.026410651049535 ], [ -66.448120154214209, 18.024831651449851 ], [ -66.448717736343198, 18.024564110267885 ], [ -66.448412449404984, 18.025015604104262 ], [ -66.453635787826883, 18.021078661113055 ], [ -66.450434485978789, 18.023746825802959 ], [ -66.448478945911546, 18.025793965534191 ], [ -66.445547540845538, 18.028099504737252 ], [ -66.443890559299703, 18.029725749394796 ], [ -66.4449065667214, 18.028996629073163 ], [ -66.445100694830032, 18.028906470940981 ], [ -66.445158251308698, 18.029077055673515 ], [ -66.448316161161628, 18.027038474137555 ], [ -66.446186679783366, 18.029083974682141 ], [ -66.43992413120327, 18.034287821646362 ], [ -66.438951752785016, 18.034674479505771 ], [ -66.439088324414982, 18.034413736641053 ], [ -66.438754141190245, 18.034636377188821 ], [ -66.438742186770639, 18.034474585793202 ], [ -66.438026481300881, 18.034846939597365 ], [ -66.435294193338024, 18.036967590134832 ], [ -66.430466076558474, 18.040980738790708 ], [ -66.428859917519063, 18.042808171188753 ], [ -66.427486291136105, 18.04401059180331 ], [ -66.417675837063527, 18.051369204797126 ], [ -66.419449437988945, 18.049861137469151 ] ] ] } },
{ "type": "Feature", "properties": { "district": 27, "precinct_index": 1, "color": "#ffffbe", "id": "d27_p01" }, "geometry": { "type": "Polygon", "coordinates": [ [ [ -66.419648806395458, 18.03966048772195 ], [ -66.414165546086153, 18.043770597194722 ], [ -66.413687828267413, 18.043997456494438 ], [ -66.414600676237526, 18.043088959256316 ], [ -66.413669145431015, 18.043866263861503 ], [ -66.413785527802318, 18.043697320499348 ], [ -66.412727165713292, 18.044258786088523 ], [ -66.41296167233925, 18.043985028951212 ], [ -66.412781004158603, 18.044013987496474 ], [ -66.413575731248983, 18.043210300696821 ], [ -66.412287848434147, 18.043950794951442 ], [ -66.412437880905969, 18.043628851346845 ], [ -66.407039098759043, 18.047787144072394 ], [ -66.402023112279366, 18.051285607499818 ], [ -66.403864012491951, 18.049471540839917 ], [ -66.404143885715882, 18.048919455317023 ], [ -66.403807961521679, 18.049077965124837 ], [ -66.415788040028758, 18.039203130858816 ], [ -66.425616942390519, 18.031688587622487 ], [ -66.431521635001062, 18.026670920259466 ], [ -66.430313005892998, 18.027267206577783 ], [ -66.434611072830748, 18.02350272367817 ], [ -66.438926316182659, 18.020092425546999 ], [ -66.441784492317055, 18.017039126891198 ], [ -66.456103610200273, 18.005318692222179 ], [ -66.457750852945864, 18.004169028414587 ], [ -66.471011141192804, 17.992435812553058 ], [ -66.479850153488783, 17.986612349951237 ], [ -66.479576773220572, 17.98684671498895 ], [ -66.48257745154325, 17.984586431100141 ], [ -66.484711352135463, 17.98381768469023 ], [ -66.490133572479976, 17.979408730035797 ], [ -66.493007890161763, 17.977506851851103 ], [ -66.494308995262998, 17.976418037195661 ], [ -66.49467357964933, 17.976201258831775 ], [ -66.494194352947289, 17.976651112450725 ], [ -66.495078777733539, 17.976088004460394 ], [ -66.493040737481664, 17.97843821237052 ], [ -66.490853938180209, 17.980600247843515 ], [ -66.487629904237238, 17.984380440904932 ], [ -66.48891128917424, 17.983957671502957 ], [ -66.472433561540058, 17.99720762836877 ], [ -66.474920893965745, 17.994975952590448 ], [ -66.473921829324851, 17.99577213365211 ], [ -66.46930129903474, 17.999633925619658 ], [ -66.461542247830806, 18.006526858198725 ], [ -66.45749365386925, 18.009733392238605 ], [ -66.455999927081635, 18.010689372890731 ], [ -66.454422195234315, 18.012171412826476 ], [ -66.453321714572368, 18.012852345527868 ], [ -66.445979109136189, 18.018932448566371 ], [ -66.440909989400055, 18.023537078181423 ], [ -66.440451188964943, 18.024182252989533 ], [ -66.437192565185399, 18.026966955822356 ], [ -66.439124905610512, 18.025457597680951 ], [ -66.438934258526956, 18.025676018445996 ], [ -66.430321419792776, 18.033425043043955 ], [ -66.419648806395458, 18.03966048772195 ] ] ] } },
{ "type": "Feature", "properties": { "district": 27, "precinct_index": 2, "color": "#fce9b8", "id": "d27_p02" }, "geometry": { "type": "Polygon", "coordinates": [ [ [ -66.241248812793174, 18.180569863158706 ], [ -66.240276667374943, 18.18124364492434 ], [ -66.244402535518333, 18.177541652547259 ], [ -66.248336487164181, 18.174568193762443 ], [ -66.249028287802986, 18.173872253952528 ], [ -66.249173095819216, 18.17335791915885 ], [ -66.249556130041938, 18.17298520952167 ], [ -66.253287482645689, 18.170068377922544 ], [ -66.254264380964031, 18.169012743778818 ], [ -66.251668432544989, 18.170585526392383 ], [ -66.251411758049301, 18.170599831478402 ], [ -66.252252087198741, 18.169804938015659 ], [ -66.256412073623224, 18.166524192299995 ], [ -66.256751245209159, 18.166206821096633 ], [ -66.254896417521337, 18.167507840561775 ], [ -66.260485375196339, 18.16255688350401 ], [ -66.265892393729516, 18.158144998849501 ], [ -66.267795837868107, 18.156406787419495 ], [ -66.267586507948138, 18.156494015551601 ], [ -66.267652300813054, 18.156411008355175 ], [ -66.27407161028178, 18.150854619023676 ], [ -66.280054281629674, 18.146202860796855 ], [ -66.283798625066979, 18.142650583859901 ], [ -66.286387374427605, 18.140534155288893 ], [ -66.288670369302778, 18.138294973772574 ], [ -66.291076946521542, 18.136430493698594 ], [ -66.295536761795262, 18.132218738929065 ], [ -66.298272765330424, 18.130513473899917 ], [ -66.304238730905794, 18.12608177562479 ], [ -66.31768142738899, 18.114383733110909 ], [ -66.325792779795606, 18.108770832917632 ], [ -66.325089260831604, 18.109592103176603 ], [ -66.321591142978775, 18.112745292649372 ], [ -66.320779708568679, 18.113769040431496 ], [ -66.322686870740611, 18.11244621232607 ], [ -66.322828666826183, 18.112377860650437 ], [ -66.322683621801687, 18.112605074752395 ], [ -66.323284455330651, 18.112178668960375 ], [ -66.32315461366467, 18.112408812031628 ], [ -66.323281206391727, 18.112337531386697 ], [ -66.324712389253349, 18.111305695504676 ], [ -66.321242933139843, 18.114400615390597 ], [ -66.319829163700646, 18.116073756732774 ], [ -66.321916991592161, 18.114721972265823 ], [ -66.31652196712281, 18.123474226631149 ], [ -66.304629613255969, 18.133238383907358 ], [ -66.303470302693114, 18.134258847917945 ], [ -66.30458598425254, 18.133580846369586 ], [ -66.304410538980306, 18.133802197134703 ], [ -66.301886076976217, 18.13605860949183 ], [ -66.292601389853616, 18.144124653705418 ], [ -66.285640075209642, 18.14976791855052 ], [ -66.281483335263019, 18.152889804023591 ], [ -66.282186855774214, 18.152068532733843 ], [ -66.282029858791176, 18.152133953256445 ], [ -66.275552994390992, 18.157519756824637 ], [ -66.273456694018805, 18.158838011375874 ], [ -66.269681716419882, 18.162097302222719 ], [ -66.268906946502, 18.162522064460624 ], [ -66.263148567416067, 18.166802406047424 ], [ -66.259478018682699, 18.169730960983536 ], [ -66.259172497197284, 18.169895331944456 ], [ -66.259560517320139, 18.169427893835415 ], [ -66.257530241899033, 18.17095026624941 ], [ -66.256767191853541, 18.171249697007486 ], [ -66.255148610847286, 18.17234109122823 ], [ -66.254988131925302, 18.172278250270928 ], [ -66.255119716107941, 18.172112236908848 ], [ -66.254999850250499, 18.172152919821873 ], [ -66.253313735409861, 18.173263190499089 ], [ -66.253391246599961, 18.173054852853607 ], [ -66.2518588822645, 18.174258563250813 ], [ -66.255193274717485, 18.171201393063331 ], [ -66.252376276506098, 18.172986735288834 ], [ -66.245501413080135, 18.17902943918585 ], [ -66.238340982880189, 18.184857591665775 ], [ -66.237247230635035, 18.18550792560448 ], [ -66.237633275241208, 18.184689233880032 ], [ -66.239166912998911, 18.182975407441099 ], [ -66.238997963143461, 18.182879035537304 ], [ -66.239121073931571, 18.182679493412465 ], [ -66.241248812793174, 18.180569863158706 ] ] ] } },
{ "type": "Feature", "properties": { "district": 27, "precinct_index": 3, "color": "#b2fcb8", "id": "d27_p03" }, "geometry": { "type": "Polygon", "coordinates": [ [ [ -66.321916991592161, 18.114721972265823 ], [ -66.319829163700646, 18.116073756732774 ], [ -66.321242933139843, 18.114400615390597 ], [ -66.324712389253349, 18.111305695504676 ], [ -66.323281206391727, 18.112337531386697 ], [ -66.32315461366467, 18.112408812031628 ], [ -66.323284455330651, 18.112178668960375 ], [ -66.322683621801687, 18.112605074752395 ], [ -66.322828666826183, 18.112377860650437 ], [ -66.322686870740611, 18.11244621232607 ], [ -66.320779708568679, 18.113769040431496 ], [ -66.321488218988264, 18.112853037455377 ], [ -66.326435730983633, 18.10822496116635 ], [ -66.336343884591102, 18.100566212177444 ], [ -66.341170964956689, 18.09735030025502 ], [ -66.351012856604825, 18.089200312711636 ], [ -66.356561907317996, 18.085007198226169 ], [ -66.359058180685437, 18.083383297992288 ], [ -66.366692847679033, 18.077200023579788 ], [ -66.372773457117304, 18.072535249018824 ], [ -66.38335600040223, 18.063539252576113 ], [ -66.383642839051234, 18.063243688982254 ], [ -66.383284985542758, 18.063429866399726 ], [ -66.383409838847541, 18.063294453984064 ], [ -66.385234029279346, 18.061700450490363 ], [ -66.388052300912975, 18.059404992223129 ], [ -66.390470828543101, 18.057702306759278 ], [ -66.402057660924527, 18.04810252044399 ], [ -66.402192726132242, 18.048064769714774 ], [ -66.401964950384141, 18.048307925905668 ], [ -66.403651062763728, 18.04719765741218 ], [ -66.403934420387671, 18.046773831185462 ], [ -66.40580247190907, 18.045124490288721 ], [ -66.405206865296776, 18.04574328508609 ], [ -66.406317324861647, 18.044872890164914 ], [ -66.404651870835153, 18.046465604906743 ], [ -66.404091886465139, 18.047282656413763 ], [ -66.403332551991937, 18.047997472680155 ], [ -66.405138528681789, 18.046846522304421 ], [ -66.405280324767361, 18.046778170628787 ], [ -66.405179143293509, 18.046950045143973 ], [ -66.405521795904534, 18.04676093657347 ], [ -66.405243428188982, 18.047090031113822 ], [ -66.406252707193872, 18.046391509554873 ], [ -66.406195386809614, 18.046508046667014 ], [ -66.406657903730874, 18.046278256214269 ], [ -66.40321212036217, 18.049409637046757 ], [ -66.403065334368193, 18.049572720408758 ], [ -66.404143885715882, 18.048919455317023 ], [ -66.403864012491951, 18.049471540839917 ], [ -66.402023112279366, 18.051285607499818 ], [ -66.407039098759043, 18.047787144072394 ], [ -66.412437880905969, 18.043628851346845 ], [ -66.412287848434147, 18.043950794951442 ], [ -66.413575731248983, 18.043210300696821 ], [ -66.412781004158603, 18.044013987496474 ], [ -66.41296167233925, 18.043985028951212 ], [ -66.412727165713292, 18.044258786088523 ], [ -66.413785527802318, 18.043697320499348 ], [ -66.413669145431015, 18.043866263861503 ], [ -66.414600676237526, 18.043088959256316 ], [ -66.413687828267413, 18.043997456494438 ], [ -66.414165546086153, 18.043770597194722 ], [ -66.419469879184291, 18.039753577007161 ], [ -66.430321419792776, 18.033425043043955 ], [ -66.421446686115559, 18.040995978324339 ], [ -66.421122714793754, 18.041316280558551 ], [ -66.42188228381417, 18.040888587167615 ], [ -66.416254923138538, 18.046374396845913 ], [ -66.408196844318766, 18.053113978747763 ], [ -66.405124116269846, 18.056062112162856 ], [ -66.403338560924837, 18.057408388095212 ], [ -66.402517951939615, 18.057537236304487 ], [ -66.402041974176498, 18.057828227497112 ], [ -66.394796833728023, 18.063321071665072 ], [ -66.394707370579368, 18.063367615731199 ], [ -66.396958456323489, 18.061345565197279 ], [ -66.394247864041546, 18.063151424096681 ], [ -66.393437468506463, 18.063377932961625 ], [ -66.393891281494248, 18.062827487656154 ], [ -66.393622891134427, 18.062967121007496 ], [ -66.389032762005911, 18.066834775158927 ], [ -66.38912523954626, 18.06634224579102 ], [ -66.388198461639874, 18.066737698018116 ], [ -66.386780737159057, 18.067708335343994 ], [ -66.382174371352448, 18.07237029519802 ], [ -66.380798770366667, 18.073221461044213 ], [ -66.381188295997916, 18.072531031952629 ], [ -66.380617631544396, 18.072676174869347 ], [ -66.374384781117584, 18.077024515513269 ], [ -66.377336139347861, 18.074340054962967 ], [ -66.374956481351745, 18.076082135740926 ], [ -66.372010113029859, 18.078671864604857 ], [ -66.372389898313671, 18.078458017393999 ], [ -66.37166943593553, 18.079212226790762 ], [ -66.364978018073643, 18.084492866149024 ], [ -66.36143429816174, 18.087637262284883 ], [ -66.358279871794949, 18.08980410426997 ], [ -66.360237154378837, 18.087821094247914 ], [ -66.360036297853398, 18.08794185114278 ], [ -66.360117288521394, 18.087861777160938 ], [ -66.36193300956694, 18.086234241689969 ], [ -66.359180533259277, 18.08844669057704 ], [ -66.358822677289751, 18.088632870178245 ], [ -66.359227643287795, 18.088232490747675 ], [ -66.357337422982795, 18.089622380746086 ], [ -66.358778348652919, 18.088113960799603 ], [ -66.354631820609242, 18.091333507959117 ], [ -66.354334770057292, 18.09153140986653 ], [ -66.354552333902447, 18.091190591989193 ], [ -66.353671392602337, 18.091881960428655 ], [ -66.355100598400071, 18.090498871962001 ], [ -66.349053406062296, 18.094723522374299 ], [ -66.339792625317841, 18.103113151562862 ], [ -66.331112018202063, 18.110593929741839 ], [ -66.317898136341967, 18.121251577147646 ], [ -66.321916991592161, 18.114721972265823 ] ] ] } },
{ "type": "Feature", "properties": { "district": 28, "precinct_index": 0, "color": "#fcdcb2", "id": "d28_p00" }, "geometry": { "type": "Polygon", "coordinates": [ [ [ -66.307869712865909, 18.260491038045242 ], [ -66.29703347647974, 18.264196512110477 ], [ -66.282570384172871, 18.270169542486968 ], [ -66.286942005590745, 18.267557816878398 ], [ -66.286567237331326, 18.267555640527338 ], [ -66.28710176897269, 18.26697098441019 ], [ -66.286829739192754, 18.266914787151112 ], [ -66.286865903448614, 18.2666965384219 ], [ -66.288586930940411, 18.265554421205682 ], [ -66.288674364311944, 18.265404087379238 ], [ -66.288402333033346, 18.265347891303509 ], [ -66.288592497821966, 18.265143539887269 ], [ -66.300855095638354, 18.257358026765889 ], [ -66.304127052118687, 18.255722983053204 ], [ -66.308841839752546, 18.253870059739448 ], [ -66.310069668810442, 18.253063170251679 ], [ -66.314384258263502, 18.25098425952152 ], [ -66.317969181299944, 18.249535685154783 ], [ -66.320322106715466, 18.247975923653129 ], [ -66.324693327421542, 18.245743900770915 ], [ -66.32748798747086, 18.243970845216722 ], [ -66.329598880803999, 18.243117072601013 ], [ -66.332439440553728, 18.241632963621882 ], [ -66.33500836417295, 18.239712957975541 ], [ -66.33724822454873, 18.23826957113188 ], [ -66.341670712871803, 18.236105464335783 ], [ -66.341917312730331, 18.23593785052951 ], [ -66.341701712456597, 18.235918393015279 ], [ -66.344059406111924, 18.234707154580491 ], [ -66.345261202789786, 18.234246008650633 ], [ -66.346586597095055, 18.233416280165116 ], [ -66.348158194827576, 18.232798638348907 ], [ -66.347022963812265, 18.233424016601528 ], [ -66.346889230028509, 18.233665106579263 ], [ -66.347109996471985, 18.233653385501444 ], [ -66.34643696558895, 18.234130607462024 ], [ -66.346662699237186, 18.234277558621613 ], [ -66.34793126332444, 18.233790793117613 ], [ -66.346723698018195, 18.234852672262782 ], [ -66.340888183053352, 18.238186692200301 ], [ -66.339993985015028, 18.239055337965059 ], [ -66.337522626643164, 18.240952504613659 ], [ -66.337645626092453, 18.24115347443048 ], [ -66.337409160891596, 18.241448581998014 ], [ -66.335143467100764, 18.243047861570123 ], [ -66.332842207232176, 18.244295837498967 ], [ -66.330160215791338, 18.246332218870744 ], [ -66.32982101639152, 18.24668134509551 ], [ -66.330396079816722, 18.246606666042375 ], [ -66.330601346467802, 18.246688480624805 ], [ -66.330467615465906, 18.246929569535101 ], [ -66.328448319786759, 18.248551087197839 ], [ -66.330137750798841, 18.248165593790503 ], [ -66.329206587081032, 18.250011893737192 ], [ -66.325179332515873, 18.252243314644851 ], [ -66.32505076490186, 18.252453226030536 ], [ -66.325492296290136, 18.252429785058236 ], [ -66.323925469579251, 18.253395948873877 ], [ -66.323103804796844, 18.25363824291663 ], [ -66.317530585666063, 18.256521263625601 ], [ -66.312938800263353, 18.258575155688735 ], [ -66.310042208937375, 18.259642823264102 ], [ -66.308275278963293, 18.260495994972697 ], [ -66.307869712865909, 18.260491038045242 ] ] ] } },
{ "type": "Feature", "properties": { "district": 28, "precinct_index": 1, "color": "#befcb6", "id": "d28_p01" }, "geometry": { "type": "Polygon", "coordinates": [ [ [ -66.253211450540107, 18.307930405970449 ], [ -66.249201892727669, 18.307979928891481 ], [ -66.248226230409841, 18.308208323254572 ], [ -66.247019864457158, 18.308131095288104 ], [ -66.246891700336818, 18.307961302879992 ], [ -66.246285834793113, 18.308033203607515 ], [ -66.245870335784872, 18.307710901021903 ], [ -66.245911867957318, 18.307271621803739 ], [ -66.246333533523881, 18.306613489515122 ], [ -66.247772196114411, 18.305477533291374 ], [ -66.246303332580851, 18.306041156450348 ], [ -66.247929791710533, 18.302074111636124 ], [ -66.260695923082153, 18.29389101253475 ], [ -66.265114441807199, 18.290618978286503 ], [ -66.269260127830009, 18.288050153415245 ], [ -66.271839187605593, 18.286257640346818 ], [ -66.27750103946147, 18.282085178699766 ], [ -66.280208463605561, 18.280272607325902 ], [ -66.282058259175017, 18.278730726711192 ], [ -66.287647773958099, 18.274994767024126 ], [ -66.288125672847755, 18.274563224242375 ], [ -66.287869340326523, 18.274223641676933 ], [ -66.288080173859143, 18.273894574940954 ], [ -66.29086449878713, 18.272183877638305 ], [ -66.294598854364708, 18.270210826804117 ], [ -66.296164683468845, 18.270193918203216 ], [ -66.298290876346215, 18.269436460640808 ], [ -66.297540747212992, 18.270001658176287 ], [ -66.297946313310376, 18.270006615103743 ], [ -66.297478546296546, 18.270565652714193 ], [ -66.296553749385239, 18.271241667073099 ], [ -66.296907848900659, 18.271368558743898 ], [ -66.299285809089497, 18.270412308899076 ], [ -66.301411803001898, 18.269844702166125 ], [ -66.301791735932369, 18.269815701108477 ], [ -66.301210903878797, 18.27049111337692 ], [ -66.305293793588916, 18.269055834348602 ], [ -66.305889324011275, 18.269046291872623 ], [ -66.309982547344063, 18.267548655776103 ], [ -66.311590508297428, 18.266522914401222 ], [ -66.31435853350807, 18.265665157028195 ], [ -66.319505719544296, 18.262712042814613 ], [ -66.327913528049592, 18.25913549823872 ], [ -66.330024022169596, 18.258661427166025 ], [ -66.330136689279399, 18.258924754166948 ], [ -66.330459988174994, 18.259048866328794 ], [ -66.333659613146239, 18.257850322441218 ], [ -66.330577221777759, 18.259850568293484 ], [ -66.331337286603699, 18.259602715348727 ], [ -66.336730471538488, 18.257051540768785 ], [ -66.336761471123296, 18.256864469448281 ], [ -66.336017107836582, 18.256828934835891 ], [ -66.337255070268995, 18.256149538993476 ], [ -66.336962171281414, 18.256407909066947 ], [ -66.338143300713966, 18.256071477273483 ], [ -66.338215033829442, 18.256204531120098 ], [ -66.338748965794011, 18.256189428558766 ], [ -66.341855989940797, 18.255172396973776 ], [ -66.343288485972991, 18.255016875624253 ], [ -66.342769454124038, 18.255507996081153 ], [ -66.341485191279403, 18.256278148074866 ], [ -66.339461532352828, 18.257171437693593 ], [ -66.336286942154885, 18.258973493237999 ], [ -66.330898724424856, 18.261683340055345 ], [ -66.330282124546684, 18.262197300577427 ], [ -66.33044109206871, 18.262369871427058 ], [ -66.330733792091323, 18.262301352183044 ], [ -66.330713123347323, 18.262426067502787 ], [ -66.328817428077443, 18.263679001542432 ], [ -66.323567911335928, 18.266306430619451 ], [ -66.331631355770355, 18.263110189677032 ], [ -66.335857110751462, 18.262510571781853 ], [ -66.337937805923417, 18.261084465033928 ], [ -66.339386398642944, 18.260265855535774 ], [ -66.340721730139592, 18.259753470457635 ], [ -66.341250096721282, 18.260149248031372 ], [ -66.342112693999354, 18.260037228326276 ], [ -66.344870784800463, 18.258862126478434 ], [ -66.347546211753013, 18.258185881639811 ], [ -66.347823411983214, 18.258210898056049 ], [ -66.347720478819284, 18.258454767542744 ], [ -66.348079743005769, 18.258550481804836 ], [ -66.347658479649681, 18.258828910183752 ], [ -66.349573838994431, 18.258400519357323 ], [ -66.349224507718802, 18.258622150753389 ], [ -66.34940930737271, 18.258638828758663 ], [ -66.329954396992264, 18.271154866716625 ], [ -66.325825208368585, 18.272680900712896 ], [ -66.325696841002724, 18.272700961385027 ], [ -66.326185075013711, 18.272207060351732 ], [ -66.325681940887108, 18.272224943489459 ], [ -66.324808811021413, 18.272589171092214 ], [ -66.321716087313447, 18.274651774128586 ], [ -66.320318358717259, 18.27591800350665 ], [ -66.316927369603803, 18.278460005922103 ], [ -66.312355650486452, 18.280958737288753 ], [ -66.305123601998446, 18.284419881743478 ], [ -66.304465871942838, 18.284993418873267 ], [ -66.30579046910502, 18.28492309358969 ], [ -66.3079832304268, 18.284329867282601 ], [ -66.308286062325237, 18.28438884286729 ], [ -66.305377936524351, 18.286657975805834 ], [ -66.300591216810034, 18.288567696102437 ], [ -66.298172524373712, 18.289203820896052 ], [ -66.296277829492425, 18.289507498653517 ], [ -66.293622669073386, 18.290438732082105 ], [ -66.293001104772301, 18.290794019299337 ], [ -66.291449175395186, 18.292236202077984 ], [ -66.288572451389584, 18.293938559786323 ], [ -66.287390720997067, 18.2948445450197 ], [ -66.285269293577628, 18.295950526716414 ], [ -66.284725029273574, 18.296027986461851 ], [ -66.283127600907846, 18.296801519939073 ], [ -66.280739507344506, 18.297630276138541 ], [ -66.281356104440817, 18.297116316683901 ], [ -66.27757584916283, 18.298800420943024 ], [ -66.278202779881795, 18.298224104420182 ], [ -66.274967188120996, 18.299451047390853 ], [ -66.273092360560085, 18.300389415281298 ], [ -66.272111529290669, 18.300648989303877 ], [ -66.27215802866786, 18.300368382323121 ], [ -66.272414963647748, 18.300138410265308 ], [ -66.272291762451616, 18.300127292345387 ], [ -66.269949369623731, 18.30143484594938 ], [ -66.266133147556175, 18.303147349291599 ], [ -66.262507890202187, 18.303896096948208 ], [ -66.257710836865215, 18.305868174313005 ], [ -66.255383543117901, 18.307461894983106 ], [ -66.252840850843697, 18.308846306242078 ], [ -66.25264571756712, 18.308891985305003 ], [ -66.252615118694138, 18.308699353899147 ], [ -66.253211450540107, 18.307930405970449 ] ] ] } },
{ "type": "Feature", "properties": { "district": 28, "precinct_index": 2, "color": "#ffffbe", "id": "d28_p02" }, "geometry": { "type": "Polygon", "coordinates": [ [ [ -66.189305256744973, 18.323080152540903 ], [ -66.184128268978839, 18.325081232146697 ], [ -66.185475332416686, 18.323177532059265 ], [ -66.188290656929468, 18.32127976343611 ], [ -66.188753256490372, 18.320751904301808 ], [ -66.191512346181412, 18.318627547355131 ], [ -66.192704010983448, 18.318038906596573 ], [ -66.196781731741979, 18.316634807227743 ], [ -66.199570824909742, 18.31527263299196 ], [ -66.199838090730424, 18.314980304933385 ], [ -66.19846719315602, 18.315141386368261 ], [ -66.198333860084077, 18.315002773619639 ], [ -66.200348188558436, 18.313222583719494 ], [ -66.200394486188813, 18.313131828635637 ], [ -66.199783455974043, 18.313234906771871 ], [ -66.200343619283629, 18.312684209823168 ], [ -66.205269838628226, 18.309932667400961 ], [ -66.205316338005417, 18.309652060420206 ], [ -66.204936606821775, 18.309491209580955 ], [ -66.20485990650154, 18.309199483496936 ], [ -66.206673534817782, 18.307875853978125 ], [ -66.207280199003236, 18.307044548865324 ], [ -66.207054465355, 18.306897597705738 ], [ -66.207090633891397, 18.306679346725744 ], [ -66.208282895588368, 18.305521153478804 ], [ -66.211441387600317, 18.304382187266377 ], [ -66.213860878678403, 18.30298665808748 ], [ -66.215714841312192, 18.302362855278805 ], [ -66.221934658234161, 18.299728058893518 ], [ -66.224539349677983, 18.297969504993542 ], [ -66.22831483671618, 18.29593687766755 ], [ -66.229260302371486, 18.295136147988902 ], [ -66.230297965357593, 18.294533609801462 ], [ -66.232896890954876, 18.293375788049357 ], [ -66.235984050563147, 18.291724065263956 ], [ -66.237879144657569, 18.291040685963473 ], [ -66.239631370699144, 18.28952164659729 ], [ -66.239277073717432, 18.289584604572607 ], [ -66.239302907132483, 18.289428711844156 ], [ -66.240171071292096, 18.288905810820651 ], [ -66.240109671799289, 18.288710399905838 ], [ -66.241106400791054, 18.287977588564086 ], [ -66.242657528744559, 18.287294811238159 ], [ -66.244978655933522, 18.286681525442287 ], [ -66.251296039386034, 18.284023890175163 ], [ -66.254305498285476, 18.283029697587921 ], [ -66.258754219452229, 18.280329995221106 ], [ -66.263669702963668, 18.278020513776799 ], [ -66.264363001878891, 18.277798279222832 ], [ -66.264737566892805, 18.277990308654136 ], [ -66.265297333771116, 18.277819312181009 ], [ -66.271250483050522, 18.274907291481824 ], [ -66.27501503957113, 18.273506573712414 ], [ -66.278769661897712, 18.271788510168935 ], [ -66.281517221394367, 18.27086561633466 ], [ -66.283279181381815, 18.269853773456095 ], [ -66.296299046103883, 18.264478323156244 ], [ -66.306221218630029, 18.261006803539452 ], [ -66.30803404552266, 18.260442579473359 ], [ -66.308275278963293, 18.260495994972697 ], [ -66.310042208937375, 18.259642823264102 ], [ -66.312938800263353, 18.258575155688735 ], [ -66.317530585666063, 18.256521263625601 ], [ -66.323340071032717, 18.253532986178556 ], [ -66.324238635100343, 18.253392567390367 ], [ -66.323308471771128, 18.254289611054876 ], [ -66.325152098000402, 18.253728166381837 ], [ -66.324997698254506, 18.254093970611876 ], [ -66.32435030053837, 18.254605150557563 ], [ -66.326650960730177, 18.253926728184535 ], [ -66.321406611441589, 18.256522978785409 ], [ -66.320179180313644, 18.25695016661426 ], [ -66.318222085550943, 18.258007689739092 ], [ -66.317056255662635, 18.258440436585857 ], [ -66.315663893484327, 18.259485636658315 ], [ -66.312900834195275, 18.260502066152842 ], [ -66.304841959035656, 18.264236680991587 ], [ -66.29643294689626, 18.268952334929903 ], [ -66.295081717677249, 18.269937957327212 ], [ -66.288886735280428, 18.27336611608288 ], [ -66.287931139247959, 18.274039349749483 ], [ -66.287869340326523, 18.274223641676933 ], [ -66.288125672847755, 18.274563224242375 ], [ -66.287647773958099, 18.274994767024126 ], [ -66.282058259175017, 18.278730726711192 ], [ -66.280208463605561, 18.280272607325902 ], [ -66.270919556864015, 18.286902476113671 ], [ -66.265114441807199, 18.290618978286503 ], [ -66.260695923082153, 18.29389101253475 ], [ -66.248320258727333, 18.301792901497471 ], [ -66.244765934563887, 18.303434107270064 ], [ -66.2442832702163, 18.303517125917509 ], [ -66.244283469181283, 18.303327275088048 ], [ -66.243939503040366, 18.303327877062603 ], [ -66.242424539342721, 18.303792405659319 ], [ -66.237190721358587, 18.306136448246626 ], [ -66.234006598961599, 18.307241455406515 ], [ -66.231741304383888, 18.308461033435609 ], [ -66.23062694107756, 18.308771845539027 ], [ -66.228510679827849, 18.309846648643688 ], [ -66.224648957273004, 18.310890503867828 ], [ -66.224808523188642, 18.310493521045736 ], [ -66.224536491910044, 18.310437324970007 ], [ -66.223150094543229, 18.31069194206513 ], [ -66.22357652685092, 18.310382334026727 ], [ -66.222641794246883, 18.310741003794913 ], [ -66.219652204166508, 18.312369885331787 ], [ -66.217057846345355, 18.314066082163563 ], [ -66.216004882531834, 18.314572305181795 ], [ -66.21520904988131, 18.31465870638019 ], [ -66.213935319624312, 18.315176650476243 ], [ -66.210894261463281, 18.316927467939809 ], [ -66.208757933928226, 18.317557431740955 ], [ -66.209009699956496, 18.317358639342633 ], [ -66.208388536367238, 18.317334223833509 ], [ -66.208188435885901, 18.317221230659023 ], [ -66.208163003182648, 18.316997420661117 ], [ -66.207469903232393, 18.317029804385623 ], [ -66.207429172483572, 18.316709678151067 ], [ -66.209288899465221, 18.315485144377863 ], [ -66.208302903524739, 18.31577589580915 ], [ -66.192384646947673, 18.323927675535167 ], [ -66.188106227529701, 18.325788334101986 ], [ -66.187541294481647, 18.325990509167166 ], [ -66.187269261919866, 18.32593431297553 ], [ -66.188615725680933, 18.324600166443915 ], [ -66.188441256867819, 18.32452113243788 ], [ -66.188492723449784, 18.324399197694532 ], [ -66.18967485605279, 18.323113508551454 ], [ -66.189305256744973, 18.323080152540903 ] ] ] } },
{ "type": "Feature", "properties": { "district": 28, "precinct_index": 3, "color": "#fcd7f9", "id": "d28_p03" }, "geometry": { "type": "Polygon", "coordinates": [ [ [ -66.211441387600317, 18.304382187266377 ], [ -66.208282895588368, 18.305521153478804 ], [ -66.208488561452583, 18.305223266518219 ], [ -66.208062330891735, 18.305343022659727 ], [ -66.203794240815881, 18.30714132640913 ], [ -66.203291309934798, 18.306969356466613 ], [ -66.205793269961504, 18.305264820156431 ], [ -66.205238870999779, 18.30521478614061 ], [ -66.20349260827102, 18.305943243712804 ], [ -66.201551412729344, 18.306527528335121 ], [ -66.200755780326972, 18.306424078819962 ], [ -66.201208047548405, 18.305958576869763 ], [ -66.202738908968385, 18.305020810953874 ], [ -66.204213937561619, 18.303476754104015 ], [ -66.203089240632622, 18.303849923275632 ], [ -66.202833308823202, 18.303130637983831 ], [ -66.20229420790703, 18.303176920204653 ], [ -66.202464107445323, 18.302717580314361 ], [ -66.201734843239208, 18.302968212768075 ], [ -66.200846612794237, 18.303046274488068 ], [ -66.201021478038626, 18.302745608018526 ], [ -66.200918947085185, 18.30260977359552 ], [ -66.199373182767715, 18.303071522683279 ], [ -66.20009768023273, 18.302472365979348 ], [ -66.199933549322807, 18.302330972654332 ], [ -66.19831068675515, 18.30288069731699 ], [ -66.197776754790581, 18.302895799878325 ], [ -66.198311286431945, 18.302311143761173 ], [ -66.20117270961012, 18.300512470883625 ], [ -66.20127564277405, 18.30026860139693 ], [ -66.202200439685356, 18.299592587038024 ], [ -66.202015640031448, 18.29957590903275 ], [ -66.203269105038117, 18.298802976462643 ], [ -66.202575806122894, 18.299025211016609 ], [ -66.203433835624821, 18.298374816231842 ], [ -66.201652210063827, 18.298562117080532 ], [ -66.201708841316844, 18.298409004928477 ], [ -66.204770565440015, 18.296533473212609 ], [ -66.204041501482052, 18.296594254952769 ], [ -66.201889674154586, 18.29731775441417 ], [ -66.1997535455845, 18.297757867385855 ], [ -66.199876945745601, 18.297579134476315 ], [ -66.200904475357191, 18.29684910264352 ], [ -66.202542837717246, 18.29620584232061 ], [ -66.203477769286252, 18.295657321722967 ], [ -66.20505533183028, 18.294249096929427 ], [ -66.205219863452001, 18.294010787528084 ], [ -66.204978630011354, 18.29395737202875 ], [ -66.205035262763062, 18.293804258693349 ], [ -66.206283558818129, 18.293062505782736 ], [ -66.208384320275442, 18.292081238338326 ], [ -66.21054648272424, 18.291295380625385 ], [ -66.216140166070332, 18.288477497561008 ], [ -66.221729081176619, 18.285311091429762 ], [ -66.224908438115676, 18.283857560135566 ], [ -66.226675766019696, 18.282624686768052 ], [ -66.225556637255423, 18.282586974737168 ], [ -66.226891965970225, 18.282074590726467 ], [ -66.22992765621467, 18.280544803751852 ], [ -66.233584313865265, 18.27922928204838 ], [ -66.235900876059958, 18.2780776201054 ], [ -66.237862734781913, 18.277368622298216 ], [ -66.241586759518682, 18.275457927464792 ], [ -66.245053647528749, 18.273967056586077 ], [ -66.250318068666417, 18.271815643153843 ], [ -66.251802230245545, 18.271348336231512 ], [ -66.265574622807989, 18.263129474172906 ], [ -66.265682521678002, 18.263044278106964 ], [ -66.264619624953625, 18.263233155467038 ], [ -66.266351187814919, 18.261838829285718 ], [ -66.268138780969267, 18.26086094439226 ], [ -66.268436847409774, 18.260571395842639 ], [ -66.268123681888682, 18.260574777326152 ], [ -66.268277882669608, 18.26039882392557 ], [ -66.267630882883424, 18.260530302212334 ], [ -66.268252647432647, 18.259985164281549 ], [ -66.269423845237526, 18.259331386945831 ], [ -66.271560371737564, 18.258511572315225 ], [ -66.273049500521466, 18.258202937630301 ], [ -66.275411960917893, 18.25734022344573 ], [ -66.278529118439195, 18.256450685506096 ], [ -66.28042461324543, 18.255387603479257 ], [ -66.281985075931672, 18.255591724183962 ], [ -66.282097942006459, 18.255665200355427 ], [ -66.281928244214996, 18.255934688348823 ], [ -66.282605840092302, 18.255995842535349 ], [ -66.282086610777057, 18.256676812638364 ], [ -66.281305679525317, 18.257239231848231 ], [ -66.290806985126665, 18.253666440134779 ], [ -66.290277821401887, 18.254030065762979 ], [ -66.292752748659964, 18.253620529292885 ], [ -66.291838083624469, 18.25442403848049 ], [ -66.290795253185451, 18.255057755144076 ], [ -66.288006162799547, 18.256419928312418 ], [ -66.289330958926698, 18.256159752199377 ], [ -66.293060148334533, 18.254217879957245 ], [ -66.294580276703229, 18.253722173951818 ], [ -66.29752336890509, 18.252373898212355 ], [ -66.297405336660574, 18.252331600632942 ], [ -66.298145133454327, 18.251828760281565 ], [ -66.300420758872832, 18.250546826251711 ], [ -66.301863788991341, 18.250139095821183 ], [ -66.302701155312988, 18.249613414221283 ], [ -66.303394452729535, 18.249391180850662 ], [ -66.305634512070284, 18.247757943177543 ], [ -66.306800540923561, 18.247135345501317 ], [ -66.312516224613518, 18.245467688651843 ], [ -66.302481158336775, 18.253770682427241 ], [ -66.303497754648916, 18.253672561218465 ], [ -66.303348322107794, 18.254197037685913 ], [ -66.302571957349016, 18.255297831859547 ], [ -66.302633156593672, 18.255683093487914 ], [ -66.302062859909583, 18.256106296791259 ], [ -66.302257592474348, 18.256440320454693 ], [ -66.288592497821966, 18.265143539887269 ], [ -66.288402333033346, 18.265347891303509 ], [ -66.288674364311944, 18.265404087379238 ], [ -66.288586930940411, 18.265554421205682 ], [ -66.286865903448614, 18.2666965384219 ], [ -66.286829739192754, 18.266914787151112 ], [ -66.28710176897269, 18.26697098441019 ], [ -66.286567237331326, 18.267555640527338 ], [ -66.286942005590745, 18.267557816878398 ], [ -66.281517221394367, 18.27086561633466 ], [ -66.278769661897712, 18.271788510168935 ], [ -66.27501503957113, 18.273506573712414 ], [ -66.271250483050522, 18.274907291481824 ], [ -66.265297333771116, 18.277819312181009 ], [ -66.264737566892805, 18.277990308654136 ], [ -66.264363001878891, 18.277798279222832 ], [ -66.263669702963668, 18.278020513776799 ], [ -66.260295214031217, 18.279519724249823 ], [ -66.257547054857781, 18.281012171639915 ], [ -66.254305498285476, 18.283029697587921 ], [ -66.251296039386034, 18.284023890175163 ], [ -66.244978655933522, 18.286681525442287 ], [ -66.242657528744559, 18.287294811238159 ], [ -66.241481366516766, 18.28778991526903 ], [ -66.240443702247489, 18.288392453340563 ], [ -66.240068536058118, 18.288769978648425 ], [ -66.240171071292096, 18.288905810820651 ], [ -66.239446772792064, 18.289315116695118 ], [ -66.239277073717432, 18.289584604572607 ], [ -66.239631370699144, 18.28952164659729 ], [ -66.237879144657569, 18.291040685963473 ], [ -66.235984050563147, 18.291724065263956 ], [ -66.232896890954876, 18.293375788049357 ], [ -66.230297965357593, 18.294533609801462 ], [ -66.229260302371486, 18.295136147988902 ], [ -66.22831483671618, 18.29593687766755 ], [ -66.224539349677983, 18.297969504993542 ], [ -66.221934658234161, 18.299728058893518 ], [ -66.215714841312192, 18.302362855278805 ], [ -66.213860878678403, 18.30298665808748 ], [ -66.211441387600317, 18.304382187266377 ] ] ] } },
{ "type": "Feature", "properties": { "district": 29, "precinct_index": 0, "color": "#ffbee7", "id": "d29_p00" }, "geometry": { "type": "Polygon", "coordinates": [ [ [ -66.157625279655321, 18.22823578912778 ], [ -66.157601571526698, 18.228565125958053 ], [ -66.157571583242145, 18.228981702345575 ], [ -66.157566213511345, 18.229056294910514 ], [ -66.157561754429366, 18.229118237375243 ], [ -66.157573404092375, 18.228956408360947 ], [ -66.157568034585296, 18.22903099781799 ], [ -66.15757654417034, 18.228912788582324 ], [ -66.157579684117451, 18.228869170621266 ], [ -66.157620913578995, 18.228296439622913 ], [ -66.157674201506154, 18.227556200808579 ], [ -66.157690310474862, 18.227332426221665 ], [ -66.157706419443556, 18.227108651634747 ], [ -66.157737727086683, 18.226673747635658 ], [ -66.157759205562456, 18.226375383591698 ], [ -66.157814314209006, 18.225609852610308 ], [ -66.157789287076369, 18.225957512126683 ], [ -66.157752609926163, 18.226467005582812 ], [ -66.157747240195363, 18.226541598147751 ], [ -66.157720391988775, 18.226914554756647 ], [ -66.157712792605111, 18.227020120107895 ], [ -66.157705193445182, 18.22712568235125 ], [ -66.157697594285267, 18.227231244594606 ], [ -66.15767793652887, 18.227504316471506 ], [ -66.157724535497493, 18.22685699601611 ], [ -66.158403548411073, 18.217424620977585 ], [ -66.158202641626772, 18.220215478263945 ], [ -66.158205372994999, 18.22017753599668 ], [ -66.158180438868001, 18.220523903543455 ], [ -66.158179119733163, 18.220542228047126 ], [ -66.158235232165026, 18.219762753178362 ], [ -66.158241512190116, 18.219675515438677 ], [ -66.158220943915723, 18.21996123559822 ], [ -66.15808438000056, 18.22185828650651 ], [ -66.158043652254406, 18.222424048023907 ], [ -66.158027543285698, 18.222647822610824 ], [ -66.157981446032466, 18.223288173585264 ], [ -66.157966247488872, 18.223499301179867 ], [ -66.157921562245278, 18.224120037498604 ], [ -66.157954783837155, 18.223658546254963 ], [ -66.158721811639637, 18.213003529607704 ], [ -66.155971264828011, 18.251212212492099 ], [ -66.168068147123577, 18.083170738862293 ], [ -66.167017381367415, 18.097767245778911 ], [ -66.167911341387139, 18.085348975068737 ], [ -66.167721303309804, 18.087988851838453 ], [ -66.165603320345554, 18.117410397800132 ], [ -66.164035225952944, 18.13919327425311 ], [ -66.159788935618366, 18.198179785640136 ], [ -66.159202789486102, 18.206322119956411 ], [ -66.157691981422673, 18.227309214576628 ], [ -66.15762481417967, 18.228242255191564 ], [ -66.157554005143311, 18.229225885066082 ], [ -66.15750121915525, 18.229959151291563 ], [ -66.157491390211632, 18.230095688138796 ], [ -66.157484701476818, 18.230188603389838 ], [ -66.157492393866107, 18.23008174606899 ], [ -66.157494214585498, 18.230056453901931 ], [ -66.157491985156383, 18.230087423580347 ], [ -66.15747678661279, 18.23029855117495 ], [ -66.157463817722061, 18.230478705983241 ], [ -66.157448619178467, 18.230689833577845 ], [ -66.157447300043629, 18.230708158081516 ], [ -66.157466140380549, 18.230446441227333 ], [ -66.1574692804585, 18.230402821448706 ], [ -66.157474650189315, 18.230328228883771 ], [ -66.15748093034523, 18.230240989326518 ], [ -66.157486299852309, 18.230166399869475 ], [ -66.157489439930274, 18.230122780090852 ], [ -66.157503319339014, 18.229929976999919 ], [ -66.157627007723633, 18.228211784004859 ], [ -66.157623458935944, 18.228261081294843 ], [ -66.15762973909186, 18.22817384173759 ], [ -66.157625279655321, 18.22823578912778 ] ] ] } },
{ "type": "Feature", "properties": { "district": 29, "precinct_index": 1, "color": "#ffffbe", "id": "d29_p01" }, "geometry": { "type": "Polygon", "coordinates": [ [ [ -66.171176555031963, 18.03999089857497 ], [ -66.156082924733781, 18.249661110760364 ], [ -66.156079375946092, 18.249710408050348 ], [ -66.156078056942079, 18.249728730736454 ], [ -66.156073597636393, 18.249790676309075 ], [ -66.155890491294812, 18.252334262228231 ], [ -66.155115403521592, 18.26310124238271 ], [ -66.155075586424275, 18.2636543537999 ], [ -66.155067987133506, 18.263759917860821 ], [ -66.155057247671891, 18.263909102990695 ], [ -66.155055928667878, 18.263927425676798 ], [ -66.155050558937077, 18.264002018241737 ], [ -66.171176555031963, 18.03999089857497 ] ] ] } },
{ "type": "Feature", "properties": { "district": 30, "precinct_index": 0, "color": "#ffffbe", "id": "d30_p00" }, "geometry": { "type": "MultiPolygon", "coordinates": [ [ [ [ -66.386292678467612, 17.970698810312154 ], [ -66.397296196201992, 17.970468848620847 ], [ -66.397880825414859, 17.970453474218267 ], [ -66.393699410975231, 17.970521427800801 ], [ -66.40601263198343, 17.970202074319555 ], [ -66.398696967234329, 17.970357331038542 ], [ -66.398582576688668, 17.970356520340601 ], [ -66.403928956557351, 17.970205739369501 ], [ -66.396330826067185, 17.970343813605034 ], [ -66.405281705710166, 17.970089544157211 ], [ -66.407029244808882, 17.970053135184088 ], [ -66.404365229900776, 17.970124253332422 ], [ -66.414521568481007, 17.970018407627297 ], [ -66.400863992105485, 17.97038244955667 ], [ -66.401858154589718, 17.970365640491934 ], [ -66.400941003308276, 17.970420947070874 ], [ -66.401796083186198, 17.970421585992447 ], [ -66.401271476865389, 17.970442807536465 ], [ -66.401747378302844, 17.970437505893536 ], [ -66.401578623869483, 17.970441731575423 ], [ -66.357202845566349, 17.971192026765486 ], [ -66.391929710591427, 17.970318041384054 ], [ -66.392381602972065, 17.970310400894295 ], [ -66.37201494130808, 17.97087845691733 ], [ -66.401994309206913, 17.970254918762617 ], [ -66.386292678467612, 17.970698810312154 ] ] ], [ [ [ -66.085009063459765, 17.978101220449986 ], [ -66.024741132146531, 17.979411165362407 ], [ -66.107579742921843, 17.977169268071929 ], [ -66.056398159599112, 17.978134819450684 ], [ -66.058857406238616, 17.978064418689627 ], [ -66.183613421123482, 17.975297693531182 ], [ -66.318980022366162, 17.97198376365947 ], [ -66.319974184850381, 17.971966954594738 ], [ -66.317870103828653, 17.972040957137139 ], [ -66.349291222298007, 17.971340891035545 ], [ -66.349471981509808, 17.971337834801439 ], [ -66.349056109996141, 17.971348983409726 ], [ -66.357022090120452, 17.971195082935921 ], [ -66.401759383081284, 17.970438675341317 ], [ -66.401940138527181, 17.970435619170882 ], [ -66.406676514118502, 17.970339068817673 ], [ -66.403078363384111, 17.970432843108505 ], [ -66.404126889756043, 17.970410997663947 ], [ -66.403114377219353, 17.970436351403116 ], [ -66.403644646310411, 17.970426013316686 ], [ -66.403487892889586, 17.970431408510027 ], [ -66.432900977862133, 17.969814700147129 ], [ -66.391658481074344, 17.970870215080019 ], [ -66.391501731419424, 17.970875610209688 ], [ -66.405403704157578, 17.970587035287185 ], [ -66.397957536763897, 17.970863897432832 ], [ -66.401391233593372, 17.970826427279945 ], [ -66.400245987490308, 17.97085951481953 ], [ -66.400957004995519, 17.970846120738749 ], [ -66.388046466992193, 17.971200276705865 ], [ -66.412352588692286, 17.97077833533228 ], [ -66.380197995344759, 17.971623925761474 ], [ -66.225817974652628, 17.975193454772015 ], [ -66.085009063459765, 17.978101220449986 ] ] ] ] } },
{ "type": "Feature", "properties": { "district": 30, "precinct_index": 1, "color": "#fcc6b8", "id": "d30_p01" }, "geometry": { "type": "MultiPolygon", "coordinates": [ [ [ [ -65.964032540399231, 17.980027264098602 ], [ -65.964532447627661, 17.980024301414907 ], [ -65.910170636861494, 17.981010685721852 ], [ -66.040738101073771, 17.977869849411007 ], [ -66.040913197515323, 17.977855909719313 ], [ -66.038472980166219, 17.977897168338533 ], [ -66.075098278466768, 17.976794831417013 ], [ -66.133185610617204, 17.975324129860873 ], [ -66.3173872699615, 17.971528980944306 ], [ -66.317568029173287, 17.9715259247102 ], [ -66.29374503416237, 17.972087916752336 ], [ -66.366406315117757, 17.970766053708005 ], [ -66.341635127724828, 17.971411325199213 ], [ -66.323853031572938, 17.971580230257178 ], [ -66.297397741992427, 17.972164770110119 ], [ -66.306974920422022, 17.971909518187992 ], [ -66.306782163963589, 17.971911404846974 ], [ -66.291449065362215, 17.972318872578434 ], [ -66.291629824574002, 17.972315816344327 ], [ -66.288724344558204, 17.972404741116407 ], [ -66.296657925106061, 17.972320008447529 ], [ -66.291700683210664, 17.972539691960456 ], [ -66.295236762541535, 17.972501863170137 ], [ -66.294103521216897, 17.972536120157503 ], [ -66.183613421123482, 17.975297693531182 ], [ -66.058857406238616, 17.978064418689627 ], [ -66.052260466510546, 17.978155372207141 ], [ -66.061452128257372, 17.97790389366665 ], [ -66.053174696834617, 17.97800679170911 ], [ -66.058249936502719, 17.977860595169734 ], [ -66.057256460288158, 17.977856806590989 ], [ -66.040806228695189, 17.978176115248889 ], [ -65.964032540399231, 17.980027264098602 ] ] ], [ [ [ -65.914123667423368, 17.981292438560569 ], [ -65.83427037849593, 17.982853928818702 ], [ -65.83884570716971, 17.982710695026697 ], [ -65.836628611907571, 17.982742691520535 ], [ -65.806438812969873, 17.983356063604937 ], [ -65.886012874796734, 17.981498738666261 ], [ -65.959866737465035, 17.980169063355802 ], [ -65.911452624237398, 17.98139386836219 ], [ -65.911350245501907, 17.981394226935954 ], [ -65.914123667423368, 17.981292438560569 ] ] ] ] } },
{ "type": "Feature", "properties": { "district": 30, "precinct_index": 2, "color": "#fcb6f8", "id": "d30_p02" }, "geometry": { "type": "Polygon", "coordinates": [ [ [ -65.957747820023982, 17.979601033267095 ], [ -65.959887914880966, 17.979530539019301 ], [ -65.957617821238742, 17.979526376782086 ], [ -66.014626268920509, 17.978084896009562 ], [ -66.027610886371619, 17.977675963877306 ], [ -66.02405646402002, 17.977722337165986 ], [ -66.029212132175829, 17.977511650275588 ], [ -66.050488230573706, 17.976939196970374 ], [ -66.141195812186027, 17.974926566712991 ], [ -66.132986311910884, 17.975160066677297 ], [ -66.140063443307298, 17.975115890261396 ], [ -66.131872296350451, 17.975340845438865 ], [ -66.133275988340159, 17.975322601775655 ], [ -66.133119245716955, 17.975327996729245 ], [ -66.075098278466768, 17.976794831417013 ], [ -66.038472980166219, 17.977897168338533 ], [ -66.040913197515323, 17.977855909719313 ], [ -66.040738101073771, 17.977869849411007 ], [ -65.957747820023982, 17.979601033267095 ] ] ] } },
{ "type": "Feature", "properties": { "district": 30, "precinct_index": 3, "color": "#b2fcb2", "id": "d30_p03" }, "geometry": { "type": "Polygon", "coordinates": [ [ [ -66.49203917872957, 17.969159277938008 ], [ -66.305909121460701, 17.973541481614522 ], [ -66.316118951482736, 17.973275532968529 ], [ -66.309155520596406, 17.97334111778952 ], [ -66.318426231259863, 17.973066344361033 ], [ -66.412521343125647, 17.970774109650392 ], [ -66.552389580010242, 17.967723050208694 ], [ -66.536577172984067, 17.968238807159832 ], [ -66.542414387057732, 17.968177167736592 ], [ -66.537267112687417, 17.968316347862828 ], [ -66.539067650166217, 17.968316097620757 ], [ -66.538055137629527, 17.968341451359922 ], [ -66.538681447213762, 17.968340468645867 ], [ -66.49203917872957, 17.969159277938008 ] ] ] } },
{ "type": "Feature", "properties": { "district": 31, "precinct_index": 0, "color": "#ffbee7", "id": "d31_p00" }, "geometry": { "type": "Polygon", "coordinates": [ [ [ -65.991923671292625, 18.249271723379358 ], [ -65.976251763012428, 18.253474361948395 ], [ -66.024471200352835, 18.240543654291777 ], [ -66.022100468363121, 18.241179398808985 ], [ -66.171052933537538, 18.20123573905882 ], [ -65.991483816147877, 18.24938967660723 ], [ -65.991923671292625, 18.249271723379358 ] ] ] } },
{ "type": "Feature", "properties": { "district": 31, "precinct_index": 1, "color": "#ffebaf", "id": "d31_p01" }, "geometry": { "type": "Polygon", "coordinates": [ [ [ -65.989979025662691, 18.249793206973393 ], [ -65.896962379190114, 18.274736904871151 ], [ -66.042107012386921, 18.235814367881371 ], [ -65.986289815989736, 18.250782519526854 ], [ -65.999584511441427, 18.247217363385751 ], [ -65.989469574072757, 18.249929823456878 ], [ -65.991258577456563, 18.249450077498828 ], [ -65.989979025662691, 18.249793206973393 ] ] ] } },
{ "type": "Feature", "properties": { "district": 32, "precinct_index": 0, "color": "#ffd27f", "id": "d32_p00" }, "geometry": { "type": "Polygon", "coordinates": [ [ [ -65.964975277871631, 18.282188921484376 ], [ -65.960110278716215, 18.283117001953126 ], [ -65.95931971537162, 18.28314512578125 ], [ -65.953968217060819, 18.2824139109375 ], [ -65.951414092060816, 18.2828920125 ], [ -65.948677529560811, 18.283735721484376 ], [ -65.947886966216217, 18.283117001953126 ], [ -65.947035592060814, 18.281907684375 ], [ -65.94673152787162, 18.281204593359377 ], [ -65.94673152787162, 18.279517175390627 ], [ -65.946366652871632, 18.2788984546875 ], [ -65.946305842060809, 18.278420353125 ], [ -65.946549090371633, 18.27777350859375 ], [ -65.947765342060819, 18.27642357421875 ], [ -65.948555902871632, 18.27583297734375 ], [ -65.951839777871626, 18.274904896875 ], [ -65.954880404560811, 18.273470591015627 ], [ -65.955427717060815, 18.272795623828127 ], [ -65.955549341216226, 18.271783171875001 ], [ -65.955184466216224, 18.271220698828124 ], [ -65.952508717060809, 18.269280167578124 ], [ -65.950745152871633, 18.268295839453124 ], [ -65.950197840371629, 18.268155221484374 ], [ -65.94618421537163, 18.267536501953124 ], [ -65.941440842905408, 18.266411555859374 ], [ -65.938947528716227, 18.266270937890624 ], [ -65.936515030405417, 18.266692791796874 ], [ -65.934264967060813, 18.266552173828124 ], [ -65.932562216216226, 18.265989700781251 ], [ -65.932258154560813, 18.265652217187501 ], [ -65.932562216216226, 18.264527271093751 ], [ -65.932927091216229, 18.264161663671874 ], [ -65.933535217060822, 18.262952347265625 ], [ -65.933839278716221, 18.259690004296875 ], [ -65.933352779560821, 18.259127531250002 ], [ -65.931771655405413, 18.258480687890625 ], [ -65.930981092060819, 18.257580731250002 ], [ -65.930372966216225, 18.257355741796875 ], [ -65.929460778716219, 18.257383865625002 ], [ -65.930251342060814, 18.256427661328125 ], [ -65.932623029560816, 18.255330839062502 ], [ -65.934082529560811, 18.253277812500002 ], [ -65.933778467905412, 18.252462227343749 ], [ -65.933535217060822, 18.251056044140626 ], [ -65.933535217060822, 18.249931099218749 ], [ -65.933170342060819, 18.249509244140626 ], [ -65.932623029560816, 18.249312378515626 ], [ -65.932623029560816, 18.249143636718749 ], [ -65.930798654560817, 18.248693658984376 ], [ -65.930494592905418, 18.248384298046876 ], [ -65.931041905405408, 18.247709330859376 ], [ -65.931589217905412, 18.247315599609376 ], [ -65.931467591216219, 18.246949992187499 ], [ -65.930616217060816, 18.246246901171876 ], [ -65.931771655405413, 18.244981337109376 ], [ -65.932318967905417, 18.243322041796876 ], [ -65.932562216216226, 18.2431533 ], [ -65.932987904560818, 18.243040805859376 ], [ -65.934751466216227, 18.243378289453126 ], [ -65.935298778716216, 18.243265794140626 ], [ -65.936697467905418, 18.242562703125 ], [ -65.937001529560817, 18.242056477734376 ], [ -65.937488028716217, 18.241662746484376 ], [ -65.939434030405408, 18.240706543359376 ], [ -65.940467842060812, 18.24076278984375 ], [ -65.941623280405409, 18.24121276875 ], [ -65.942413841216222, 18.241325262890626 ], [ -65.943873341216218, 18.241269015234376 ], [ -65.945697716216216, 18.2414940046875 ], [ -65.949346466216227, 18.24115652109375 ], [ -65.950805966216222, 18.241184644921876 ], [ -65.951474902871624, 18.24095965546875 ], [ -65.952326279560822, 18.238597269140627 ], [ -65.952569527871631, 18.23842852734375 ], [ -65.954333092060821, 18.238119167578127 ], [ -65.954758777871632, 18.23764106484375 ], [ -65.954454716216219, 18.23707859296875 ], [ -65.95293440287162, 18.23609426484375 ], [ -65.952447903716219, 18.235588039453127 ], [ -65.95238709037163, 18.235250555859377 ], [ -65.953481715371623, 18.233872496484373 ], [ -65.95415065456082, 18.2337037546875 ], [ -65.956218277871628, 18.23376000234375 ], [ -65.958103466216215, 18.2335068890625 ], [ -65.960110278716215, 18.2335068890625 ], [ -65.959867027871624, 18.232522562109374 ], [ -65.960475153716217, 18.230638277343751 ], [ -65.960900842060809, 18.230244546093751 ], [ -65.961873840371624, 18.229738320703124 ], [ -65.964427965371627, 18.229260219140624 ], [ -65.964853653716219, 18.228922735546874 ], [ -65.964914467060808, 18.228557128125001 ], [ -65.96454959206082, 18.227938407421874 ], [ -65.96552259037162, 18.227375934375001 ], [ -65.965400966216222, 18.226954079296874 ], [ -65.96552259037162, 18.226785337500001 ], [ -65.96874565456082, 18.225519773437501 ], [ -65.968441590371626, 18.224676064453124 ], [ -65.968624027871627, 18.223972973437501 ], [ -65.968441590371626, 18.223551118359374 ], [ -65.967711840371621, 18.222735533203124 ], [ -65.966921279560822, 18.222173060156251 ], [ -65.966313153716214, 18.221019990234375 ], [ -65.965705027871621, 18.220598135156251 ], [ -65.965400966216222, 18.219838797656251 ], [ -65.965400966216222, 18.219388818750001 ], [ -65.965461779560812, 18.219079458984375 ], [ -65.966130716216227, 18.218488862109375 ], [ -65.967651029560813, 18.217926389062502 ], [ -65.968806465371628, 18.217701399609375 ], [ -65.969171340371631, 18.217420163671875 ], [ -65.970205154560816, 18.215479632421875 ], [ -65.96923215371622, 18.214776541406248 ], [ -65.968259152871624, 18.213792213281248 ], [ -65.968076715371623, 18.213454729687498 ], [ -65.968015904560815, 18.212667267187499 ], [ -65.967164527871631, 18.211542321093749 ], [ -65.966921279560822, 18.210895477734375 ], [ -65.964610402871628, 18.209770531640626 ], [ -65.964488778716216, 18.209545542187499 ], [ -65.964914467060808, 18.209545542187499 ], [ -65.965644217060813, 18.209179934765626 ], [ -65.965765841216225, 18.209011192968749 ], [ -65.965644217060813, 18.208814327343749 ], [ -65.965705027871621, 18.208420597265626 ], [ -65.96698209037163, 18.207886246874999 ], [ -65.968137528716227, 18.207098785546876 ], [ -65.970448402871625, 18.206283199218749 ], [ -65.971299779560809, 18.205720726171876 ], [ -65.971847092060813, 18.204989511328126 ], [ -65.973245778716219, 18.204342667968749 ], [ -65.973306592060808, 18.203723947265626 ], [ -65.973124154560821, 18.203442711328126 ], [ -65.971907902871621, 18.203077103906249 ], [ -65.971360590371631, 18.202655248828126 ], [ -65.971299779560809, 18.202458383203126 ], [ -65.972090340371622, 18.201895911328126 ], [ -65.974340403716226, 18.201164696484376 ], [ -65.974644465371625, 18.20068659375 ], [ -65.975191777871629, 18.200461604296876 ], [ -65.979205402871628, 18.199899132421876 ], [ -65.980056779560812, 18.199646019140626 ], [ -65.983097403716215, 18.199392905859376 ], [ -65.983887964527028, 18.199252287890626 ], [ -65.984192028716222, 18.1990272984375 ], [ -65.984860965371624, 18.19835233125 ], [ -65.985165027027037, 18.19762111640625 ], [ -65.985712339527026, 18.196974273046877 ], [ -65.985408277871628, 18.195736831640627 ], [ -65.985043402871625, 18.1951462359375 ], [ -65.985286653716216, 18.1947525046875 ], [ -65.985894777027028, 18.194386897265623 ], [ -65.985712339527026, 18.193711930078123 ], [ -65.986685340371622, 18.193402569140623 ], [ -65.987719152027026, 18.192699478125 ], [ -65.988144840371618, 18.192333870703123 ], [ -65.988205653716221, 18.191912016796874 ], [ -65.989178652027036, 18.19129329609375 ], [ -65.989239465371625, 18.19011210234375 ], [ -65.989604340371628, 18.189409011328124 ], [ -65.993070652871623, 18.188452808203124 ], [ -65.99465177702703, 18.187665345703124 ], [ -65.99665858952703, 18.187468480078124 ], [ -65.997570777027036, 18.186652894921874 ], [ -65.999334341216212, 18.186315410156251 ], [ -66.001584402027035, 18.185134217578124 ], [ -66.003591214527034, 18.185668566796874 ], [ -66.008152152027023, 18.185977926562501 ], [ -66.012713089527026, 18.186062298046874 ], [ -66.013442839527031, 18.185893556250001 ], [ -66.014233402871625, 18.185471701171874 ], [ -66.017030778716219, 18.184768610156251 ], [ -66.019402466216221, 18.184824857812501 ], [ -66.022990402871628, 18.185274835546874 ], [ -66.02609184037162, 18.186652894921874 ], [ -66.026821590371625, 18.186821636718751 ], [ -66.030105465371619, 18.186849759375001 ], [ -66.030227089527031, 18.187018502343751 ], [ -66.029558152871616, 18.188452808203124 ], [ -66.030105465371619, 18.189943360546874 ], [ -66.030591964527034, 18.190337091796874 ], [ -66.030774402027021, 18.191602655859374 ], [ -66.031808213682439, 18.193177580859373 ], [ -66.033146089527023, 18.19402128984375 ], [ -66.033267713682434, 18.194668133203123 ], [ -66.033815026182438, 18.194864998828123 ], [ -66.035092088682433, 18.19596182109375 ], [ -66.035456963682435, 18.195933697265627 ], [ -66.036612402027032, 18.196664912109377 ], [ -66.037281338682433, 18.198239837109377 ], [ -66.03843677702703, 18.198633568359377 ], [ -66.041051715371623, 18.198999174609376 ], [ -66.041355777027022, 18.19936478203125 ], [ -66.041781465371628, 18.200461604296876 ], [ -66.044761276182427, 18.203386463671876 ], [ -66.044153152871615, 18.203780194921876 ], [ -66.043545027027022, 18.205130130468749 ], [ -66.043605840371626, 18.205439490234376 ], [ -66.044274777027027, 18.206311323046876 ], [ -66.044335590371617, 18.207155033203126 ], [ -66.042024713682437, 18.208279978124999 ], [ -66.041477401182433, 18.209039316796876 ], [ -66.040808464527032, 18.209601789843749 ], [ -66.039409777871626, 18.210023644921876 ], [ -66.039105713682432, 18.210726735937499 ], [ -66.038558401182428, 18.211317332812499 ], [ -66.038558401182428, 18.211626692578125 ], [ -66.038740838682429, 18.211739186718749 ], [ -66.058565715371614, 18.214382810156248 ], [ -66.061910401182431, 18.215001529687502 ], [ -66.062153652027021, 18.215395260937502 ], [ -66.063491525337838, 18.216154599609375 ], [ -66.065376713682426, 18.216745196484375 ], [ -66.066349714527021, 18.217588905468752 ], [ -66.067383526182425, 18.217954512890625 ], [ -66.069086277027026, 18.218854469531252 ], [ -66.070789025337831, 18.219360694921875 ], [ -66.072978275337832, 18.220457517187501 ], [ -66.074620212837843, 18.220991866406251 ], [ -66.075167525337832, 18.221638710937501 ], [ -66.077600026182424, 18.222426172265624 ], [ -66.079120339527023, 18.223438624218751 ], [ -66.079181150337831, 18.223579242187501 ], [ -66.078937902027022, 18.223916725781251 ], [ -66.079424401182436, 18.224788558593751 ], [ -66.08076227702702, 18.225519773437501 ], [ -66.082465025337839, 18.225913504687501 ], [ -66.085627276182436, 18.227713417968751 ], [ -66.087816526182436, 18.227404058203124 ], [ -66.088242214527028, 18.227094698437501 ], [ -66.091039587837841, 18.227797789453124 ], [ -66.092195026182424, 18.227825913281251 ], [ -66.094080214527025, 18.228247767187501 ], [ -66.097364089527019, 18.227994655078124 ], [ -66.09924927533784, 18.228641498437501 ], [ -66.099857401182433, 18.229175847656251 ], [ -66.101681776182431, 18.229653949218751 ], [ -66.096026213682435, 18.238400403515627 ], [ -66.108431963682435, 18.252518473828125 ], [ -66.122175586993237, 18.259352520703125 ], [ -66.122175586993237, 18.259493138671875 ], [ -66.121689087837836, 18.259661880468752 ], [ -66.12053364949324, 18.259830622265625 ], [ -66.119499837837836, 18.259549386328125 ], [ -66.117736276182427, 18.259408767187502 ], [ -66.116763275337831, 18.259155655078125 ], [ -66.115182151182424, 18.258255698437502 ], [ -66.112445588682434, 18.257608853906252 ], [ -66.110742837837833, 18.257861967187502 ], [ -66.109526588682428, 18.257665101562502 ], [ -66.105391336993236, 18.257805719531252 ], [ -66.103566961993238, 18.257665101562502 ], [ -66.100222276182436, 18.258396316406252 ], [ -66.095782962837831, 18.258677552343752 ], [ -66.093228837837842, 18.258143203125002 ], [ -66.091404462837829, 18.257243246484375 ], [ -66.088728713682428, 18.256962010546875 ], [ -66.086478650337838, 18.256427661328125 ], [ -66.082586652027018, 18.256315166015625 ], [ -66.081492027027025, 18.256146424218752 ], [ -66.077235151182435, 18.254487130078125 ], [ -66.076201339527032, 18.254346510937502 ], [ -66.07206608783784, 18.254318388281252 ], [ -66.067930838682429, 18.253080946875002 ], [ -66.060146839527022, 18.253446554296875 ], [ -66.055646715371623, 18.255049601953125 ], [ -66.054065588682434, 18.255274591406252 ], [ -66.051389839527033, 18.255274591406252 ], [ -66.050538465371616, 18.255415209375002 ], [ -66.049747902027022, 18.256005806250002 ], [ -66.049687088682433, 18.256315166015625 ], [ -66.050051963682435, 18.258086956640625 ], [ -66.049747902027022, 18.258536934375002 ], [ -66.049261402871622, 18.258790047656252 ], [ -66.045247777871623, 18.259718128125002 ], [ -66.042389588682425, 18.260674331250002 ], [ -66.040200338682439, 18.261096186328125 ], [ -66.04117333952702, 18.261377423437501 ], [ -66.043970715371614, 18.261714907031251 ], [ -66.042815277027032, 18.262333626562501 ], [ -66.042024713682437, 18.263008594921875 ], [ -66.04311933868243, 18.264133539843751 ], [ -66.043970715371614, 18.264752260546874 ], [ -66.043484213682433, 18.265567845703124 ], [ -66.039531402027023, 18.266242814062501 ], [ -66.037889464527026, 18.266777163281251 ], [ -66.03649077787162, 18.267452130468751 ], [ -66.030652777871623, 18.268802066015624 ], [ -66.023233651182437, 18.272401892578127 ], [ -66.027186465371628, 18.273217477734377 ], [ -66.029558152871616, 18.272992489453127 ], [ -66.030652777871623, 18.27310498359375 ], [ -66.030896026182432, 18.273217477734377 ], [ -66.030713588682431, 18.273414343359377 ], [ -66.030774402027021, 18.2736393328125 ], [ -66.031564965371615, 18.274145558203127 ], [ -66.031078463682434, 18.2743143 ], [ -66.031625776182437, 18.2746236609375 ], [ -66.031321714527024, 18.275270504296877 ], [ -66.030835215371624, 18.27524238046875 ], [ -66.028706776182432, 18.275748605859377 ], [ -66.029071651182434, 18.275861101171877 ], [ -66.025605338682439, 18.277267283203127 ], [ -66.023720152871618, 18.277745384765627 ], [ -66.023355277871616, 18.27737977734375 ], [ -66.022443090371624, 18.277126665234377 ], [ -66.018368652027021, 18.277070417578127 ], [ -66.014111778716213, 18.276001719140627 ], [ -66.009672465371622, 18.2757767296875 ], [ -66.008699464527027, 18.277014169921877 ], [ -66.008638653716218, 18.277239159375 ], [ -66.009003528716221, 18.277632890625 ], [ -66.008517027027025, 18.278589094921877 ], [ -66.008699464527027, 18.2792921859375 ], [ -66.008334589527024, 18.27971403984375 ], [ -66.006996716216221, 18.280192142578127 ], [ -66.004503402027026, 18.28050150234375 ], [ -66.002557402871631, 18.281260841015627 ], [ -66.001341153716211, 18.281513954296877 ], [ -66.000976278716223, 18.281513954296877 ], [ -66.001097902871621, 18.280473378515627 ], [ -66.001341153716211, 18.2798827828125 ], [ -66.00261821621622, 18.2782234875 ], [ -66.00036815287163, 18.278589094921877 ], [ -65.994347715371617, 18.278589094921877 ], [ -65.99416527787163, 18.27962966953125 ], [ -65.993617965371627, 18.280473378515627 ], [ -65.992888215371622, 18.281120223046877 ], [ -65.991124653716213, 18.281992055859376 ], [ -65.98996921537163, 18.28196393203125 ], [ -65.991063840371623, 18.290288531249999 ], [ -65.983523089527026, 18.290485396874999 ], [ -65.980178403716224, 18.290176037109376 ], [ -65.977076966216217, 18.289529192578126 ], [ -65.970448402871625, 18.287082435937499 ], [ -65.966678028716217, 18.284607555468749 ], [ -65.965948278716226, 18.283201372265626 ], [ -65.964975277871631, 18.282188921484376 ] ] ] } },
{ "type": "Feature", "properties": { "district": 33, "precinct_index": 0, "color": "#e7beff", "id": "d33_p00" }, "geometry": { "type": "Polygon", "coordinates": [ [ [ -65.958772730945142, 18.207510208325644 ], [ -65.955075820294098, 18.210844825543312 ], [ -65.952071389707783, 18.21300404172753 ], [ -65.949036528034199, 18.21579217495227 ], [ -65.948687154388068, 18.215740926092394 ], [ -65.94819924558, 18.216011585599492 ], [ -65.948047183414317, 18.215948417381377 ], [ -65.948279004423455, 18.215379688223784 ], [ -65.949540247618472, 18.213904623988032 ], [ -65.949731293184968, 18.212614804792331 ], [ -65.950455298502177, 18.211413381483126 ], [ -65.950341824020654, 18.210865511729089 ], [ -65.951208641599294, 18.208980143301872 ], [ -65.950749672683102, 18.208887277965854 ], [ -65.949340841766428, 18.209502994324506 ], [ -65.949254815695454, 18.208856992947016 ], [ -65.949648345063054, 18.20823025742126 ], [ -65.949577137219563, 18.20813808550793 ], [ -65.949234625747565, 18.208062303486628 ], [ -65.948316488971173, 18.208310717829061 ], [ -65.947965822787737, 18.208090717174379 ], [ -65.946879114737087, 18.208421670086153 ], [ -65.946872650165062, 18.207577914240904 ], [ -65.945752726436595, 18.20863442766257 ], [ -65.945412998983258, 18.208462004216411 ], [ -65.945023746429214, 18.208726704013387 ], [ -65.945036176926578, 18.208508886979985 ], [ -65.944767657316717, 18.208428635447156 ], [ -65.943485130294576, 18.208506114435504 ], [ -65.943223473144769, 18.208401328718992 ], [ -65.94187192706525, 18.209592427306035 ], [ -65.941135687567581, 18.210577524802698 ], [ -65.940476423180669, 18.211027365326249 ], [ -65.94135159544237, 18.208852070455936 ], [ -65.941158559175989, 18.208501956191917 ], [ -65.940696804927583, 18.208505733365019 ], [ -65.94097387685099, 18.207861914524553 ], [ -65.940879495811018, 18.207505840612413 ], [ -65.942069928478702, 18.20507031647891 ], [ -65.94190692758292, 18.204959571052271 ], [ -65.941340948757244, 18.205162591807468 ], [ -65.941169791836472, 18.204907628831712 ], [ -65.941895289948576, 18.203440811218584 ], [ -65.941929996821784, 18.20244985851129 ], [ -65.944029816321873, 18.200924134338855 ], [ -65.944458251220752, 18.198872302113596 ], [ -65.945311345478757, 18.197035999947229 ], [ -65.945495329185448, 18.196204857967171 ], [ -65.94540224228227, 18.196017533743319 ], [ -65.945017265228216, 18.195920198895774 ], [ -65.945105377727145, 18.194998375138979 ], [ -65.946609882221111, 18.19490748448727 ], [ -65.948435216471935, 18.194363080638396 ], [ -65.949565682641946, 18.194222432347669 ], [ -65.95030172348153, 18.193671478843218 ], [ -65.951944961795547, 18.192824535832326 ], [ -65.952016168325471, 18.192916708829916 ], [ -65.952458827532837, 18.192721137921435 ], [ -65.953114014336165, 18.192199187089937 ], [ -65.953627880073469, 18.192095789179049 ], [ -65.957107986600931, 18.189449586590921 ], [ -65.957070891997603, 18.189668892800661 ], [ -65.957194211329977, 18.189661443976203 ], [ -65.956911571369275, 18.190498545666383 ], [ -65.957455671421201, 18.19020037157841 ], [ -65.957027831468935, 18.190949771889045 ], [ -65.956306608856835, 18.192054554857656 ], [ -65.954443584770132, 18.194120697853148 ], [ -65.953827683527592, 18.195629129835901 ], [ -65.952454059730314, 18.197159220104631 ], [ -65.952163263744609, 18.197852104245698 ], [ -65.953481990434852, 18.196518278246128 ], [ -65.954638809822626, 18.195676603629192 ], [ -65.956389454620606, 18.193665485582418 ], [ -65.957368057568971, 18.193027524059101 ], [ -65.958813785744439, 18.192626644398661 ], [ -65.958433781781082, 18.193638458616029 ], [ -65.958687085561365, 18.194033169691377 ], [ -65.959406618034052, 18.193627923934638 ], [ -65.960501877370618, 18.192572900711568 ], [ -65.961651635926202, 18.19218990324827 ], [ -65.962338547953621, 18.191207785064538 ], [ -65.962248245069119, 18.190923819415829 ], [ -65.962970760218539, 18.189987788242025 ], [ -65.96432638285404, 18.188868800024927 ], [ -65.965051682308058, 18.187836126404008 ], [ -65.966787111276446, 18.186139467899746 ], [ -65.968589867277373, 18.184028730137442 ], [ -65.970134449337351, 18.183187746836673 ], [ -65.970769248276397, 18.182305251497251 ], [ -65.972174001037615, 18.181617426875171 ], [ -65.97256583997985, 18.181690229583545 ], [ -65.970895852159543, 18.184106486843056 ], [ -65.973337286596902, 18.181619505996963 ], [ -65.97360043522805, 18.181458898493819 ], [ -65.974164922858321, 18.181521269936027 ], [ -65.974895394061107, 18.181163601387809 ], [ -65.976344501201865, 18.179363648387888 ], [ -65.977864617528027, 18.178090011293506 ], [ -65.979347440020902, 18.177469826445584 ], [ -65.979478915664217, 18.177606594147985 ], [ -65.979955885742186, 18.177288357432367 ], [ -65.98108157645197, 18.175604416146523 ], [ -65.982249533799802, 18.174376172701383 ], [ -65.981769582072715, 18.175225194772064 ], [ -65.981996928923778, 18.175452644251202 ], [ -65.981367500677521, 18.176575999648861 ], [ -65.981407181954978, 18.176694194922213 ], [ -65.981993747303022, 18.176417574682734 ], [ -65.981959436718356, 18.176540239467617 ], [ -65.982203291650379, 18.176621982221299 ], [ -65.9817748567515, 18.178673814446562 ], [ -65.98086428002587, 18.180368878314738 ], [ -65.979848383244232, 18.181660292084516 ], [ -65.979431483621553, 18.182457267497153 ], [ -65.977260059989447, 18.184759107678669 ], [ -65.976562010573844, 18.18612779264609 ], [ -65.975528312887988, 18.187396162368771 ], [ -65.973339388340264, 18.192014431219302 ], [ -65.972526372961809, 18.193100639652346 ], [ -65.970063256809283, 18.195058325279966 ], [ -65.968878789781002, 18.196432277557079 ], [ -65.968507338417112, 18.196720020378891 ], [ -65.968596546108827, 18.196401091324848 ], [ -65.968305950094759, 18.196659830389443 ], [ -65.967417451086888, 18.198015902575932 ], [ -65.967317303351521, 18.198287255505718 ], [ -65.967679108522631, 18.19812068727019 ], [ -65.966783548682571, 18.199935436610318 ], [ -65.960967128543786, 18.205906416179662 ], [ -65.958772730945142, 18.207510208325644 ] ] ] } },
{ "type": "Feature", "properties": { "district": 33, "precinct_index": 1, "color": "#fcb2b7", "id": "d33_p01" }, "geometry": { "type": "Polygon", "coordinates": [ [ [ -65.924403603096522, 18.251239069925155 ], [ -65.922330137100133, 18.252063766749124 ], [ -65.921073567007198, 18.252308507333684 ], [ -65.918134774913511, 18.25475317936521 ], [ -65.916697004390883, 18.255732419544717 ], [ -65.916128438891079, 18.255597938816823 ], [ -65.914265811092918, 18.2567957938899 ], [ -65.913050215100711, 18.257327480520363 ], [ -65.910115499848928, 18.259844261899577 ], [ -65.909767420053683, 18.259961763750248 ], [ -65.908662513496722, 18.261137961621603 ], [ -65.908164958209937, 18.261529796737243 ], [ -65.907043939574606, 18.261983414433899 ], [ -65.906309192585894, 18.262703118648894 ], [ -65.906513565184483, 18.262232521114758 ], [ -65.905700945808633, 18.262450442647644 ], [ -65.905643462313392, 18.262309204411459 ], [ -65.905396823076771, 18.262324104104891 ], [ -65.90434293412946, 18.262797785451447 ], [ -65.902576178566676, 18.264086322239258 ], [ -65.902247391442927, 18.263961473895097 ], [ -65.901567739191719, 18.264050769910725 ], [ -65.901105787598794, 18.264488689991776 ], [ -65.900882517589636, 18.264333349860326 ], [ -65.900286306048812, 18.264731144686088 ], [ -65.899417101025989, 18.265844865593493 ], [ -65.89886892310453, 18.266070930395781 ], [ -65.898068338965132, 18.266939322755679 ], [ -65.897639404106002, 18.267085827341305 ], [ -65.896609981920136, 18.267992162419471 ], [ -65.895478721859476, 18.269869387639293 ], [ -65.893038778903446, 18.272090975265719 ], [ -65.892508205855236, 18.27277422593879 ], [ -65.891265161166544, 18.27340404521496 ], [ -65.8904056023365, 18.274396591536078 ], [ -65.889316109981266, 18.274824186894968 ], [ -65.887531552200713, 18.276089680719949 ], [ -65.888206230047672, 18.274891236723672 ], [ -65.888383352607846, 18.274084627843038 ], [ -65.888409507167523, 18.273817745509039 ], [ -65.887786046160173, 18.273879526943791 ], [ -65.88801378901384, 18.273238689522771 ], [ -65.892768562810019, 18.266728884682188 ], [ -65.899254384517491, 18.256110843548594 ], [ -65.900436463815652, 18.253965244773923 ], [ -65.900542181187816, 18.253500606887904 ], [ -65.901599250442317, 18.252061996194076 ], [ -65.901661207068017, 18.251407055855537 ], [ -65.9029359769808, 18.250317069227133 ], [ -65.911524006204402, 18.238944949396409 ], [ -65.915682964462363, 18.23196465248143 ], [ -65.916587376890504, 18.231765304461852 ], [ -65.91948907409494, 18.22953993966232 ], [ -65.919797274982258, 18.229738386468505 ], [ -65.920198761430825, 18.229690013506332 ], [ -65.922298279628748, 18.225824817702055 ], [ -65.925051492862721, 18.221703065308201 ], [ -65.925825024308253, 18.220064518693857 ], [ -65.926535703165243, 18.218043871678571 ], [ -65.932332726674886, 18.209541627764263 ], [ -65.934322450658726, 18.206068960498314 ], [ -65.935135466323118, 18.204982751043012 ], [ -65.935641573637511, 18.203866846576329 ], [ -65.937056568851673, 18.201755414369082 ], [ -65.937555814277871, 18.20066404204157 ], [ -65.937680824035596, 18.199957054982981 ], [ -65.938197674049121, 18.19932286954851 ], [ -65.939361950843576, 18.197154228833263 ], [ -65.941136164840643, 18.194538725885138 ], [ -65.94564469437519, 18.187175533899833 ], [ -65.947000515668776, 18.185622401690527 ], [ -65.947418510484241, 18.185428320980641 ], [ -65.94659992678254, 18.186707813285658 ], [ -65.945696513533193, 18.19071781562425 ], [ -65.945912920054667, 18.190897690001389 ], [ -65.946289742111347, 18.190850807237812 ], [ -65.94610038668425, 18.191441089221641 ], [ -65.946699883517525, 18.192851979526395 ], [ -65.946133507089755, 18.193923289288264 ], [ -65.945586623305104, 18.194318103778841 ], [ -65.945105377727145, 18.194998375138979 ], [ -65.945017265228216, 18.195920198895774 ], [ -65.94540224228227, 18.196017533743319 ], [ -65.945495329185448, 18.196204857967171 ], [ -65.945311345478757, 18.197035999947229 ], [ -65.944458251220752, 18.198872302113596 ], [ -65.944029816321873, 18.200924134338855 ], [ -65.941929996821784, 18.20244985851129 ], [ -65.941895289948576, 18.203440811218584 ], [ -65.941169791836472, 18.204907628831712 ], [ -65.941340948757244, 18.205162591807468 ], [ -65.94190692758292, 18.204959571052271 ], [ -65.942069928478702, 18.20507031647891 ], [ -65.940879495811018, 18.207505840612413 ], [ -65.94097387685099, 18.207861914524553 ], [ -65.940696804927583, 18.208505733365019 ], [ -65.941158559175989, 18.208501956191917 ], [ -65.94135159544237, 18.208852070455936 ], [ -65.940476423180669, 18.211027365326249 ], [ -65.941135687567581, 18.210577524802698 ], [ -65.94187192706525, 18.209592427306035 ], [ -65.943223473144769, 18.208401328718992 ], [ -65.943485130294576, 18.208506114435504 ], [ -65.944767657316717, 18.208428635447156 ], [ -65.945036176926578, 18.208508886979985 ], [ -65.945023746429214, 18.208726704013387 ], [ -65.945412998983258, 18.208462004216411 ], [ -65.945752726436595, 18.20863442766257 ], [ -65.946872650165062, 18.207577914240904 ], [ -65.946879114737087, 18.208421670086153 ], [ -65.947965822787737, 18.208090717174379 ], [ -65.948316488971173, 18.208310717829061 ], [ -65.949234625747565, 18.208062303486628 ], [ -65.949577137219563, 18.20813808550793 ], [ -65.949648345063054, 18.20823025742126 ], [ -65.949254815695454, 18.208856992947016 ], [ -65.949340841766428, 18.209502994324506 ], [ -65.950749672683102, 18.208887277965854 ], [ -65.951208641599294, 18.208980143301872 ], [ -65.950341824020654, 18.210865511729089 ], [ -65.950455298502177, 18.211413381483126 ], [ -65.949731293184968, 18.212614804792331 ], [ -65.949540247618472, 18.213904623988032 ], [ -65.948279004423455, 18.215379688223784 ], [ -65.948047183414317, 18.215948417381377 ], [ -65.94819924558, 18.216011585599492 ], [ -65.948687154388068, 18.215740926092394 ], [ -65.949036528034199, 18.21579217495227 ], [ -65.947177779447486, 18.217496283303245 ], [ -65.947118804470918, 18.217620438286723 ], [ -65.948326245465751, 18.21694453404514 ], [ -65.947513230087281, 18.218030742478184 ], [ -65.947048295531687, 18.218999448998559 ], [ -65.946578187627836, 18.219293152552751 ], [ -65.946720999603343, 18.218609208456996 ], [ -65.945336437075952, 18.220091721517207 ], [ -65.945370549002547, 18.220403200724537 ], [ -65.944940122376153, 18.22081509955208 ], [ -65.945159513173863, 18.220464186405632 ], [ -65.94451805071877, 18.220937070914275 ], [ -65.944409945616485, 18.220630062302735 ], [ -65.944205771961919, 18.220666514822405 ], [ -65.94386027752725, 18.221121519240423 ], [ -65.942948804552827, 18.221779543391381 ], [ -65.943006288048068, 18.221920781627567 ], [ -65.942664870455317, 18.222447895393277 ], [ -65.941491343756624, 18.223869422772392 ], [ -65.941779157065596, 18.223707324048391 ], [ -65.94191749328354, 18.223819560695883 ], [ -65.942338273717155, 18.223528836454623 ], [ -65.942250159904674, 18.224450661295684 ], [ -65.942949304513078, 18.223684871031015 ], [ -65.942705051978947, 18.224471417284008 ], [ -65.94284338979638, 18.224583651824982 ], [ -65.944075494155484, 18.22390625744681 ], [ -65.94438667771955, 18.223573918835928 ], [ -65.944350875653541, 18.223961976840471 ], [ -65.944491997489621, 18.223977569956585 ], [ -65.945613214041344, 18.223089807307467 ], [ -65.945456876375673, 18.223388673733869 ], [ -65.945707593481828, 18.223445883326125 ], [ -65.945586860537645, 18.223790834655933 ], [ -65.946071985327066, 18.223616816573688 ], [ -65.944163909270117, 18.225323904237595 ], [ -65.943483859416816, 18.226281489259897 ], [ -65.94322031449714, 18.227310384685456 ], [ -65.944290710497796, 18.226690996675451 ], [ -65.94283752651512, 18.228418840327681 ], [ -65.94315129703925, 18.228424002177633 ], [ -65.943090631637332, 18.229247695395237 ], [ -65.941632076961866, 18.230734678989236 ], [ -65.941133228110147, 18.230957762372075 ], [ -65.941116917087768, 18.230669327211839 ], [ -65.94089772523408, 18.230586095343821 ], [ -65.940124788735176, 18.230922210043541 ], [ -65.936377161776633, 18.237298815417851 ], [ -65.935472351746398, 18.238366452444108 ], [ -65.934984045336222, 18.239505400957881 ], [ -65.930409179718367, 18.245111953386452 ], [ -65.929967615703788, 18.245910418997685 ], [ -65.928518705907564, 18.24727622908966 ], [ -65.928012797251242, 18.247957989564132 ], [ -65.925175445716178, 18.25030005943842 ], [ -65.924403603096522, 18.251239069925155 ] ] ] } },
{ "type": "Feature", "properties": { "district": 33, "precinct_index": 2, "color": "#e0e0e0", "id": "d33_p02" }, "geometry": { "type": "Polygon", "coordinates": [ [ [ -65.906845312011853, 18.243882458506917 ], [ -65.905814595975116, 18.244620042874537 ], [ -65.905617284494667, 18.244631962232781 ], [ -65.90570927620503, 18.244216391753877 ], [ -65.905553137483381, 18.244081113165812 ], [ -65.904388161784681, 18.244778571255889 ], [ -65.903656398044561, 18.244967488009305 ], [ -65.903811839175518, 18.243631582887939 ], [ -65.902933581307053, 18.243564048573525 ], [ -65.900051875392435, 18.247018246825654 ], [ -65.896225378181512, 18.249082414114579 ], [ -65.893377086602783, 18.251376907864607 ], [ -65.893007126434298, 18.251399258489016 ], [ -65.892712649895216, 18.251151745359977 ], [ -65.891424354578206, 18.251856653296766 ], [ -65.891151758412363, 18.251704291393988 ], [ -65.890799599434033, 18.251749685043229 ], [ -65.890458579443361, 18.251408509802264 ], [ -65.88970772066223, 18.251405632820301 ], [ -65.886770618707942, 18.253150767639955 ], [ -65.884739023061059, 18.255299450227046 ], [ -65.885114948868946, 18.254215527746247 ], [ -65.887352408309823, 18.251330855427618 ], [ -65.888359951436016, 18.25032936803893 ], [ -65.889315976420434, 18.248125071579928 ], [ -65.890284933461956, 18.247608283620639 ], [ -65.89316216361901, 18.244950266111754 ], [ -65.89416582753374, 18.243442525445172 ], [ -65.893717600003129, 18.243831380225625 ], [ -65.893484683801191, 18.243797214680459 ], [ -65.894607986780869, 18.241341626897057 ], [ -65.896854694812419, 18.239204068998816 ], [ -65.897157525006961, 18.239161655746766 ], [ -65.898799470783644, 18.238145960941072 ], [ -65.899730435087633, 18.236811442603077 ], [ -65.900739668353225, 18.23511041800252 ], [ -65.900462992718374, 18.234885948920574 ], [ -65.900470053550578, 18.234427271766936 ], [ -65.900182439185613, 18.234155225476467 ], [ -65.900720073351962, 18.233013296627504 ], [ -65.906133611288894, 18.224148324645995 ], [ -65.906247681002966, 18.223393761463146 ], [ -65.906630270040964, 18.222719450835392 ], [ -65.906631960180377, 18.222019913623519 ], [ -65.907212457244938, 18.220031249616376 ], [ -65.90715238707557, 18.219552509897103 ], [ -65.908555348080895, 18.216790606800835 ], [ -65.90866792631364, 18.216301436837654 ], [ -65.910333638919894, 18.214247213200402 ], [ -65.911841522379135, 18.212757249209215 ], [ -65.9135638219459, 18.209807225113185 ], [ -65.914763504517836, 18.208118814315814 ], [ -65.915185973777312, 18.207128553946944 ], [ -65.917020256630195, 18.204991791802357 ], [ -65.917390612801285, 18.204101154277794 ], [ -65.918126852298954, 18.203116056781131 ], [ -65.918489053758606, 18.202081200623191 ], [ -65.919211567594473, 18.201145170533646 ], [ -65.920441880483637, 18.198393696659032 ], [ -65.921194429404196, 18.197697036429123 ], [ -65.921420483432001, 18.197755735135715 ], [ -65.922055083712962, 18.197307383788502 ], [ -65.923119911676309, 18.196881278628208 ], [ -65.923267895686507, 18.196872338582896 ], [ -65.923425326945477, 18.197176368965767 ], [ -65.923297731827176, 18.197545853457001 ], [ -65.923600562021718, 18.197503440204951 ], [ -65.926952175582613, 18.19418968449736 ], [ -65.928994313957006, 18.192956866018946 ], [ -65.929625931275297, 18.193039301111057 ], [ -65.930604733167669, 18.191967194573273 ], [ -65.931170711993346, 18.191764173818079 ], [ -65.932398937141002, 18.190580526162009 ], [ -65.933066158894846, 18.190709047179784 ], [ -65.933547205814733, 18.190462919811853 ], [ -65.935525196891902, 18.188679253288733 ], [ -65.936994492952934, 18.187673989811206 ], [ -65.938704163650186, 18.185375925718528 ], [ -65.940508015129865, 18.183868081636717 ], [ -65.941778904231711, 18.182271843836936 ], [ -65.943201658154706, 18.18117291716322 ], [ -65.944598652207077, 18.179472587007606 ], [ -65.9454333493007, 18.178915673793032 ], [ -65.945977646697159, 18.17818335679711 ], [ -65.948799981346653, 18.175721601450871 ], [ -65.949305493714434, 18.175908128898811 ], [ -65.948400287681579, 18.177844052825225 ], [ -65.947758626568415, 18.178751081326077 ], [ -65.947648832354346, 18.179143609864404 ], [ -65.947913275122289, 18.179151752049542 ], [ -65.947135862865821, 18.180284047492513 ], [ -65.947110802185392, 18.181153825613524 ], [ -65.946381227517321, 18.182548532856703 ], [ -65.9464056929652, 18.182981187672574 ], [ -65.945687255971251, 18.18398932710981 ], [ -65.943702402434013, 18.185797527816618 ], [ -65.943268993130886, 18.186740212061228 ], [ -65.943878731389489, 18.186727494842817 ], [ -65.944798359361286, 18.186213688302978 ], [ -65.945527538026752, 18.185687267959953 ], [ -65.946407683379164, 18.184621122154553 ], [ -65.946666556510309, 18.184822549295923 ], [ -65.94647998641544, 18.185316188770635 ], [ -65.947000515668776, 18.185622401690527 ], [ -65.94556105603435, 18.187301179019901 ], [ -65.941136164840643, 18.194538725885138 ], [ -65.939361950843576, 18.197154228833263 ], [ -65.938197674049121, 18.19932286954851 ], [ -65.937680824035596, 18.199957054982981 ], [ -65.937555814277871, 18.20066404204157 ], [ -65.937056568851673, 18.201755414369082 ], [ -65.935732075180098, 18.203716668232829 ], [ -65.935135466323118, 18.204982751043012 ], [ -65.934322450658726, 18.206068960498314 ], [ -65.932332726674886, 18.209541627764263 ], [ -65.926535703165243, 18.218043871678571 ], [ -65.925825024308253, 18.220064518693857 ], [ -65.925051492862721, 18.221703065308201 ], [ -65.922298279628748, 18.225824817702055 ], [ -65.920198761430825, 18.229690013506332 ], [ -65.919797274982258, 18.229738386468505 ], [ -65.91948907409494, 18.22953993966232 ], [ -65.916587376890504, 18.231765304461852 ], [ -65.915682964462363, 18.23196465248143 ], [ -65.911524006204402, 18.238944949396409 ], [ -65.905891872388011, 18.246424257533274 ], [ -65.905938614497671, 18.246083775652991 ], [ -65.905600181181143, 18.246080101895114 ], [ -65.905581086140117, 18.245888308159735 ], [ -65.90635292904571, 18.244949296650741 ], [ -65.906375006763483, 18.244610304969054 ], [ -65.906845312011853, 18.243882458506917 ] ] ] } },
{ "type": "Feature", "properties": { "district": 33, "precinct_index": 3, "color": "#fcf9cf", "id": "d33_p03" }, "geometry": { "type": "Polygon", "coordinates": [ [ [ -65.929744449652276, 18.24852869340603 ], [ -65.927196203963504, 18.250877416351123 ], [ -65.927124996120014, 18.250785244437793 ], [ -65.92677413099257, 18.250999388797581 ], [ -65.927292471173857, 18.250099811227706 ], [ -65.9273186270471, 18.249832927809447 ], [ -65.927135039914887, 18.249795780844835 ], [ -65.924403603096522, 18.251239069925155 ], [ -65.925175445716178, 18.25030005943842 ], [ -65.928012797251242, 18.247957989564132 ], [ -65.928518705907564, 18.24727622908966 ], [ -65.929967615703788, 18.245910418997685 ], [ -65.930409179718367, 18.245111953386452 ], [ -65.934984045336222, 18.239505400957881 ], [ -65.935472351746398, 18.238366452444108 ], [ -65.936377161776633, 18.237298815417851 ], [ -65.940124788735176, 18.230922210043541 ], [ -65.940971717382155, 18.230581624810036 ], [ -65.941133228110147, 18.230957762372075 ], [ -65.941877423375232, 18.230551028523259 ], [ -65.942650558818158, 18.229780768809068 ], [ -65.944140839003651, 18.227833616840581 ], [ -65.944498566019291, 18.227594940341625 ], [ -65.944950672761351, 18.227712338839069 ], [ -65.945431720708868, 18.227466211409137 ], [ -65.945487711695151, 18.227872842926988 ], [ -65.945858965714507, 18.228019243013126 ], [ -65.945864336407297, 18.22826010307136 ], [ -65.946300132126979, 18.228089066408568 ], [ -65.946561789562722, 18.228193851102827 ], [ -65.946334046709055, 18.228834688523843 ], [ -65.946554531100062, 18.229086672186668 ], [ -65.946998483130685, 18.229059852050735 ], [ -65.948548831886058, 18.227591441908043 ], [ -65.94880273089889, 18.226683720046509 ], [ -65.9495295215483, 18.225385654228187 ], [ -65.950264269564641, 18.224665949951188 ], [ -65.950679480361444, 18.22456851066616 ], [ -65.95084228259914, 18.225113400085007 ], [ -65.950181329100417, 18.226262777758429 ], [ -65.950603401785429, 18.226140806334229 ], [ -65.94854376278137, 18.229690052459397 ], [ -65.946633798954537, 18.232530821265378 ], [ -65.94669625582641, 18.233781207544215 ], [ -65.944690419764214, 18.236531294635462 ], [ -65.942995172319456, 18.240251475030451 ], [ -65.939572746917676, 18.242604771924558 ], [ -65.938498272761549, 18.243152051671135 ], [ -65.93512925298549, 18.245574477515738 ], [ -65.934797681843065, 18.245546270596435 ], [ -65.93272829371621, 18.246443076706093 ], [ -65.929744449652276, 18.24852869340603 ] ] ] } },
{ "type": "Feature", "properties": { "district": 34, "precinct_index": 0, "color": "#e7beff", "id": "d34_p00" }, "geometry": { "type": "Polygon", "coordinates": [ [ [ -65.923262797624659, 18.209464695876036 ], [ -65.922742780750141, 18.210697478988735 ], [ -65.921921658260459, 18.21359746779369 ], [ -65.921789740439962, 18.213349052951255 ], [ -65.921871133533472, 18.212289040378984 ], [ -65.920743306688507, 18.215610208649856 ], [ -65.921851245925268, 18.211349016369617 ], [ -65.92194475671478, 18.210371004470208 ], [ -65.921770770580096, 18.209998987312598 ], [ -65.921314198253015, 18.211580578579724 ], [ -65.921031042789167, 18.211838957628334 ], [ -65.920997548859916, 18.211531751116222 ], [ -65.918918736390793, 18.218484916389521 ], [ -65.918363053671882, 18.2197984975633 ], [ -65.917258658489246, 18.22432529302997 ], [ -65.917167436843968, 18.223546872743082 ], [ -65.916638847189731, 18.224963254135769 ], [ -65.916781628539425, 18.223271632594969 ], [ -65.917311021061181, 18.220813629585784 ], [ -65.917242664274198, 18.219545596968036 ], [ -65.917045814886464, 18.219663186224338 ], [ -65.916082027533136, 18.222886370640349 ], [ -65.915662608813292, 18.223672349909865 ], [ -65.915122586358379, 18.225333538309663 ], [ -65.916955396970891, 18.217843140087364 ], [ -65.918425712106824, 18.212651562442804 ], [ -65.919237693288395, 18.208239940858352 ], [ -65.91866417690423, 18.209593922746038 ], [ -65.918624967748798, 18.209409115937326 ], [ -65.918356786791421, 18.20968829876557 ], [ -65.918134216597139, 18.210356693012368 ], [ -65.918142105343691, 18.209846282818823 ], [ -65.918052939989678, 18.210048279654895 ], [ -65.918082204107293, 18.209763079534191 ], [ -65.917915991095285, 18.210249073879194 ], [ -65.917896788382421, 18.209635857549795 ], [ -65.917774813994498, 18.209857455553724 ], [ -65.917717772779056, 18.209713043541967 ], [ -65.917601514360385, 18.209812240159135 ], [ -65.917618662387227, 18.209445033448624 ], [ -65.91742249875702, 18.209889426151307 ], [ -65.917432226091606, 18.204558923415512 ], [ -65.918454542542335, 18.200765334524501 ], [ -65.919730417131319, 18.192566476186304 ], [ -65.922444483460723, 18.179522447368011 ], [ -65.922988283684916, 18.175390008611803 ], [ -65.922287764187232, 18.177414789969838 ], [ -65.922233578920086, 18.177209185298441 ], [ -65.922114464553118, 18.177369574575248 ], [ -65.922160191802249, 18.176390360064062 ], [ -65.92264248654115, 18.174257957889488 ], [ -65.923811696061918, 18.170733585937185 ], [ -65.925280758636276, 18.163519965319583 ], [ -65.927381865830029, 18.154381962572884 ], [ -65.928098279930822, 18.149967935764881 ], [ -65.928717522821046, 18.147634741049373 ], [ -65.929588033843089, 18.142652713306564 ], [ -65.930579029884953, 18.138163907413301 ], [ -65.930584745854205, 18.138041506026536 ], [ -65.930257349298842, 18.138564291566755 ], [ -65.930611955285798, 18.136775882865923 ], [ -65.931804713698014, 18.133088710496317 ], [ -65.932623779896431, 18.129208304568401 ], [ -65.933653183712337, 18.125945923733621 ], [ -65.93403854083671, 18.12315750265892 ], [ -65.935467474902069, 18.118169122778845 ], [ -65.935851345006654, 18.116095513957308 ], [ -65.935958343282863, 18.115853118090698 ], [ -65.936009670134297, 18.116119925572267 ], [ -65.936223666686686, 18.115635133839039 ], [ -65.936699559698823, 18.113298329604845 ], [ -65.936847940650821, 18.112852730056801 ], [ -65.936934932484462, 18.113038743710874 ], [ -65.937492787861558, 18.111337156280534 ], [ -65.938562202957343, 18.107217962321332 ], [ -65.938910289988428, 18.106593579173982 ], [ -65.938941610397308, 18.107288796176238 ], [ -65.939075700875989, 18.107149204762116 ], [ -65.939171952852107, 18.107478417665636 ], [ -65.939344567590879, 18.107196825380257 ], [ -65.939333135533275, 18.107441630704006 ], [ -65.939434417840232, 18.107321636224153 ], [ -65.939363771046814, 18.10781004002629 ], [ -65.939755412668831, 18.106594448624314 ], [ -65.939863096583437, 18.106678858754311 ], [ -65.942464097842219, 18.098104905795118 ], [ -65.943397248938936, 18.094513313740183 ], [ -65.943303738149424, 18.095491325639593 ], [ -65.943733904774604, 18.094133731682994 ], [ -65.943588265009197, 18.095886556033971 ], [ -65.943962758604357, 18.095038171342509 ], [ -65.943916346459901, 18.095690578173723 ], [ -65.944195273717355, 18.094839786575346 ], [ -65.944024714526776, 18.09610179766705 ], [ -65.944636755171018, 18.094605814908107 ], [ -65.944665902059512, 18.095689042400505 ], [ -65.944320556215033, 18.097620650350784 ], [ -65.944463221078678, 18.097297454739724 ], [ -65.944461048420479, 18.097685460996281 ], [ -65.944514547930112, 18.097564262221294 ], [ -65.945406316351026, 18.094175873847789 ], [ -65.945439810280277, 18.0944830803599 ], [ -65.945511142712107, 18.094321482554371 ], [ -65.947498733535951, 18.086589896994184 ], [ -65.947590757305676, 18.086326697347939 ], [ -65.947568578204923, 18.087143113125183 ], [ -65.948325455627938, 18.084935930181985 ], [ -65.948429595488435, 18.084754737125547 ], [ -65.948374608959, 18.085590748153699 ], [ -65.949066554814792, 18.083749569309237 ], [ -65.950643985456026, 18.076947168184962 ], [ -65.951406578105235, 18.074617585538366 ], [ -65.954911583453125, 18.06136881558206 ], [ -65.955365983865079, 18.060175228888131 ], [ -65.955488642405271, 18.060280440247531 ], [ -65.955664114697583, 18.059937649385564 ], [ -65.956117830214197, 18.058417255011666 ], [ -65.956124230335718, 18.058621662988234 ], [ -65.956478034198227, 18.057874874220538 ], [ -65.956091991435443, 18.060336489298631 ], [ -65.956176694124835, 18.062278935139002 ], [ -65.955932629725126, 18.064090552843016 ], [ -65.953322135589985, 18.075258153311797 ], [ -65.952053013552941, 18.079556135103889 ], [ -65.951370210610506, 18.082908940810899 ], [ -65.951843128839982, 18.082001762766396 ], [ -65.951733840676468, 18.084000592502672 ], [ -65.951162264097519, 18.087703417443059 ], [ -65.954138327360752, 18.079976313402113 ], [ -65.954142555567145, 18.080568725951881 ], [ -65.954812323184342, 18.079543958651076 ], [ -65.954801576022078, 18.080115571654794 ], [ -65.955627612356551, 18.07813480139621 ], [ -65.955658933627603, 18.078830014164883 ], [ -65.955757357518848, 18.078771222495206 ], [ -65.955660303418284, 18.07948362952482 ], [ -65.955925626822122, 18.079265645273164 ], [ -65.955926311717462, 18.079592452953136 ], [ -65.956039710858249, 18.079554463379729 ], [ -65.956018903153407, 18.081024488599962 ], [ -65.955313920991102, 18.085193712634442 ], [ -65.954329443162052, 18.088518494657585 ], [ -65.95344922230349, 18.090293658561407 ], [ -65.953261633058247, 18.090554447067156 ], [ -65.953210306206813, 18.090287639585586 ], [ -65.953136116221444, 18.090510435967705 ], [ -65.950311057005521, 18.100467597110221 ], [ -65.946494081651082, 18.117323613375607 ], [ -65.944897563920861, 18.122144376474331 ], [ -65.943934463068103, 18.125694362653363 ], [ -65.943406440217913, 18.128805983572711 ], [ -65.940606985441605, 18.139580763104245 ], [ -65.93943456667995, 18.147271616472448 ], [ -65.937486185011522, 18.15518800884135 ], [ -65.936010604343466, 18.16356565077885 ], [ -65.933303172474709, 18.174077234897727 ], [ -65.932357101676629, 18.178628443662717 ], [ -65.931376969163964, 18.181177213172745 ], [ -65.930675647541833, 18.184243614463913 ], [ -65.930275314305746, 18.187011237675929 ], [ -65.928735722286191, 18.193344831932343 ], [ -65.927916087559367, 18.195530006800769 ], [ -65.927550166863014, 18.19619479066202 ], [ -65.927466032582913, 18.195947578431362 ], [ -65.927361891860258, 18.196128775721384 ], [ -65.923414603796417, 18.210653133044477 ], [ -65.923493824974798, 18.209981125045402 ], [ -65.923409004937184, 18.20940710936836 ], [ -65.923262797624659, 18.209464695876036 ] ] ] } },
{ "type": "Feature", "properties": { "district": 34, "precinct_index": 1, "color": "#ccfcc5", "id": "d34_p01" }, "geometry": { "type": "Polygon", "coordinates": [ [ [ -65.955745240565903, 18.078689220138983 ], [ -65.955658933627603, 18.078830014164883 ], [ -65.955627612356551, 18.07813480139621 ], [ -65.954801576022078, 18.080115571654794 ], [ -65.954812323184342, 18.079543958651076 ], [ -65.954142555567145, 18.080568725951881 ], [ -65.954138327360752, 18.079976313402113 ], [ -65.951162264097519, 18.087703417443059 ], [ -65.951733840676468, 18.084000592502672 ], [ -65.951843128839982, 18.082001762766396 ], [ -65.951370210610506, 18.082908940810899 ], [ -65.952053013552941, 18.079556135103889 ], [ -65.953322135589985, 18.075258153311797 ], [ -65.955994702876652, 18.063785751554455 ], [ -65.956213162093661, 18.061156517144784 ], [ -65.956091991435443, 18.060336489298631 ], [ -65.956508669711766, 18.058243283542822 ], [ -65.956478034198227, 18.057874874220538 ], [ -65.956124230335718, 18.058621662988234 ], [ -65.956308395104273, 18.056726836082639 ], [ -65.956183563905896, 18.057009630979792 ], [ -65.956995426253101, 18.053966442925393 ], [ -65.958065643473333, 18.048805629033055 ], [ -65.957930182341798, 18.048291609320824 ], [ -65.957808209559118, 18.048513201407804 ], [ -65.957783975772344, 18.048349194145139 ], [ -65.957956824107171, 18.045330750867137 ], [ -65.957810615932488, 18.045388341608401 ], [ -65.957742944783888, 18.044447114987257 ], [ -65.95655098763396, 18.047092671657317 ], [ -65.955875387680578, 18.049608263724402 ], [ -65.95600959538838, 18.048100244697174 ], [ -65.955744956879883, 18.048645036628802 ], [ -65.955741414431003, 18.048379427525418 ], [ -65.955672939552713, 18.04847982675436 ], [ -65.956285096563903, 18.045615420615899 ], [ -65.957170699321551, 18.039285769039616 ], [ -65.958495610012477, 18.033110156286238 ], [ -65.95904729812105, 18.028467311570068 ], [ -65.958575064786899, 18.029701297294544 ], [ -65.960362263774158, 18.021821691887276 ], [ -65.960231148078122, 18.020531657111704 ], [ -65.959607677100621, 18.022272436727224 ], [ -65.96063159854333, 18.016395606286583 ], [ -65.960862174594197, 18.013848376783361 ], [ -65.959695822626955, 18.017311550159075 ], [ -65.957988646942539, 18.023477527634132 ], [ -65.95788164866633, 18.023719923500746 ], [ -65.95770834828916, 18.023674709789521 ], [ -65.95744085297018, 18.024280698614369 ], [ -65.957738416136465, 18.022347883818732 ], [ -65.957696348565335, 18.022224279820193 ], [ -65.957475951148339, 18.022504665260215 ], [ -65.957468864526248, 18.021973455520623 ], [ -65.95723634941325, 18.022171840287783 ], [ -65.957196455362478, 18.021660225799103 ], [ -65.958231005876172, 18.016580214201433 ], [ -65.959276871218336, 18.012623824893122 ], [ -65.961450231059658, 18.000914172561071 ], [ -65.961428854826423, 18.000688966721818 ], [ -65.961176334013942, 18.0013157593263 ], [ -65.960978800593054, 18.001106536669045 ], [ -65.961834335503369, 17.996103711063551 ], [ -65.962626543957541, 17.989383645456936 ], [ -65.962899070350417, 17.988328447565355 ], [ -65.962871978891002, 17.988225641429498 ], [ -65.961971066813661, 17.990102404623816 ], [ -65.961776390946298, 17.989831983389973 ], [ -65.96175147140201, 17.989341172680923 ], [ -65.961370576199187, 17.989985152762543 ], [ -65.961307132394822, 17.989636342924754 ], [ -65.960876281736475, 17.990667124967793 ], [ -65.960969908892935, 17.988320689688866 ], [ -65.960164563896356, 17.990199858106731 ], [ -65.960091860811687, 17.989707844785908 ], [ -65.959290059869232, 17.991852616390208 ], [ -65.959190949477403, 17.991584606296865 ], [ -65.960082953961802, 17.985459356780201 ], [ -65.962185999474642, 17.978670200452932 ], [ -65.962435662614482, 17.978104608975258 ], [ -65.9631831635281, 17.977122650162134 ], [ -65.963162472190191, 17.977224252002848 ], [ -65.964307330695064, 17.974904300400986 ], [ -65.967082434455492, 17.965333941219885 ], [ -65.967715849727725, 17.964063170217148 ], [ -65.967853483517459, 17.964189183672818 ], [ -65.968008265334049, 17.963947990417982 ], [ -65.970798226371826, 17.95576686262962 ], [ -65.970807485652131, 17.955910066112654 ], [ -65.971551443254683, 17.954662502429731 ], [ -65.971751835091283, 17.954810522276812 ], [ -65.971759606608728, 17.955668539696372 ], [ -65.972348097499363, 17.954335361588321 ], [ -65.972563464704606, 17.954504180981449 ], [ -65.972652630058619, 17.954302184145376 ], [ -65.974091507556551, 17.949783817111665 ], [ -65.976171122150134, 17.94178903190523 ], [ -65.976756754625058, 17.940517056607355 ], [ -65.977087694491473, 17.940259875936931 ], [ -65.977131132596355, 17.941037093612046 ], [ -65.97667947250882, 17.943537909342492 ], [ -65.976789329200741, 17.943234310665705 ], [ -65.976827051336372, 17.944133929727581 ], [ -65.977017498135154, 17.943811942645244 ], [ -65.976689867983737, 17.947071579178086 ], [ -65.976744053250883, 17.947277183849479 ], [ -65.976853909080617, 17.94697358940628 ], [ -65.976821785804233, 17.947319994020521 ], [ -65.976992227765692, 17.947426410541922 ], [ -65.977970187620159, 17.945265647288451 ], [ -65.979125107529782, 17.942047279236487 ], [ -65.979131391165254, 17.943620113142799 ], [ -65.979232673472211, 17.943500118662946 ], [ -65.980933331806, 17.938498160824423 ], [ -65.980916184641316, 17.938865363301346 ], [ -65.982180959637617, 17.935343402489544 ], [ -65.981256834225135, 17.941815049020136 ], [ -65.981310332991697, 17.941693851928509 ], [ -65.980098822303731, 17.947831470874895 ], [ -65.97987533201281, 17.950909914351296 ], [ -65.979902424215297, 17.951012718803788 ], [ -65.980137797000936, 17.950753132909817 ], [ -65.980191864176788, 17.952327169427903 ], [ -65.980515717421099, 17.951538779017888 ], [ -65.980502112705295, 17.952171590598194 ], [ -65.980968630070194, 17.951060006260487 ], [ -65.979991806410354, 17.956611235866518 ], [ -65.979948936833864, 17.957529249250889 ], [ -65.980127952437229, 17.957452063258717 ], [ -65.980349721250136, 17.957825287261688 ], [ -65.98020762405271, 17.959843718165821 ], [ -65.977047848925437, 17.972529301868004 ], [ -65.976064624401005, 17.977876125180828 ], [ -65.976163049035321, 17.97781733182779 ], [ -65.976187282822096, 17.977981339090455 ], [ -65.974437119469897, 17.986433761796579 ], [ -65.974220030905727, 17.9897166073326 ], [ -65.973806895940456, 17.992075417958201 ], [ -65.974205624065462, 17.991391038846043 ], [ -65.974166298543096, 17.992574655416846 ], [ -65.974433793862062, 17.991968666591998 ], [ -65.974565025925045, 17.991890277988048 ], [ -65.974622068745717, 17.992034684082856 ], [ -65.974526385298006, 17.993400702238823 ], [ -65.978907833735178, 17.980848018735109 ], [ -65.979131774463212, 17.980833238164884 ], [ -65.979606866213061, 17.979538049630239 ], [ -65.980803284422365, 17.974748056200685 ], [ -65.981530211227195, 17.97249927161517 ], [ -65.981277456818646, 17.975862915212275 ], [ -65.98048411142679, 17.979192516149691 ], [ -65.98007589030631, 17.982470545321664 ], [ -65.978335788358862, 17.990024551577687 ], [ -65.978293604420784, 17.991269370958669 ], [ -65.97715765362797, 17.997837806332655 ], [ -65.975607315189208, 18.004743011909422 ], [ -65.974575739458174, 18.008393397317395 ], [ -65.97457505295759, 18.008066595554375 ], [ -65.973921632104961, 18.009765771844215 ], [ -65.972793002273363, 18.014128564281808 ], [ -65.971438826721752, 18.020589378839254 ], [ -65.971068444103864, 18.023398603693586 ], [ -65.970609012617999, 18.025041399454249 ], [ -65.969409167583692, 18.028197362084267 ], [ -65.967375966739837, 18.035539734542535 ], [ -65.967300406101614, 18.035108919798297 ], [ -65.967157741237969, 18.035432115409357 ], [ -65.962561142436599, 18.053616493418748 ], [ -65.96046986218937, 18.064592934941547 ], [ -65.958582867914956, 18.071877722575501 ], [ -65.957052651542639, 18.076986096935428 ], [ -65.956606709148701, 18.079364502811941 ], [ -65.956004613542262, 18.0813304925003 ], [ -65.956039710858249, 18.079554463379729 ], [ -65.955926311717462, 18.079592452953136 ], [ -65.955925626822122, 18.079265645273164 ], [ -65.955660303418284, 18.07948362952482 ], [ -65.955745240565903, 18.078689220138983 ] ] ] } },
{ "type": "Feature", "properties": { "district": 34, "precinct_index": 2, "color": "#f7b6fc", "id": "d34_p02" }, "geometry": { "type": "Polygon", "coordinates": [ [ [ -65.953386649487072, 18.054753758207401 ], [ -65.952995007865056, 18.055969349609377 ], [ -65.953555837281741, 18.052838137672708 ], [ -65.953193460639511, 18.053768524720393 ], [ -65.953319779600761, 18.052770915886711 ], [ -65.953182830706368, 18.052971710111009 ], [ -65.953202837148922, 18.052543300590322 ], [ -65.953961318820859, 18.048252877780858 ], [ -65.951589405850072, 18.054994415173351 ], [ -65.951620843488072, 18.054321204562502 ], [ -65.95141256290492, 18.054683594908965 ], [ -65.951428339535838, 18.053662778755463 ], [ -65.951163702632584, 18.054207564770138 ], [ -65.95159341721542, 18.049786313824313 ], [ -65.951435776983118, 18.050088709889327 ], [ -65.951754031368196, 18.048054295803198 ], [ -65.950855175582106, 18.050911476120472 ], [ -65.950765325332753, 18.050786665276576 ], [ -65.950613401931875, 18.05096665572124 ], [ -65.950621289816254, 18.050456249761282 ], [ -65.95042798460176, 18.050839439653792 ], [ -65.950364541659553, 18.050490625582412 ], [ -65.950144828275725, 18.05109782293599 ], [ -65.950565167092208, 18.047901794436871 ], [ -65.95020919131457, 18.049036587777763 ], [ -65.949973818648033, 18.049296171121512 ], [ -65.949305422426761, 18.050974547865305 ], [ -65.949965478602209, 18.046742922642466 ], [ -65.949336290793283, 18.048606107878335 ], [ -65.949264959104525, 18.0487677040005 ], [ -65.949299940053564, 18.048360098259447 ], [ -65.948991062177896, 18.049169288215506 ], [ -65.948969685944661, 18.048944082376252 ], [ -65.948779238283706, 18.049266073692174 ], [ -65.948155766444032, 18.051006857541282 ], [ -65.94809026721056, 18.049677626346945 ], [ -65.946621556323549, 18.052785964125235 ], [ -65.946629445070101, 18.05227555393169 ], [ -65.946456830331329, 18.052557146217072 ], [ -65.946450428604564, 18.052352744157449 ], [ -65.945807636822906, 18.054848739290261 ], [ -65.944789665807676, 18.05786631311793 ], [ -65.94464060082251, 18.057985100752422 ], [ -65.944576471379733, 18.057309484918022 ], [ -65.944166311197122, 18.058238669353933 ], [ -65.944019418127084, 18.057969452415229 ], [ -65.944089380768233, 18.057154239249758 ], [ -65.943131994279497, 18.060581829958981 ], [ -65.943129253092891, 18.059274605156048 ], [ -65.942775450835626, 18.060021388006795 ], [ -65.94279191322407, 18.059327375299677 ], [ -65.942500868151498, 18.06009616877542 ], [ -65.942440282881932, 18.059686153577232 ], [ -65.942241261579085, 18.060191747406726 ], [ -65.94221702779231, 18.060027740144061 ], [ -65.942504645920778, 18.057624918419009 ], [ -65.94247915871027, 18.055438872416886 ], [ -65.943051420927631, 18.052062853473107 ], [ -65.942798214476724, 18.052362840080981 ], [ -65.94002528337451, 18.061545193005522 ], [ -65.938965930545663, 18.064765966281037 ], [ -65.938442370360079, 18.065733144523939 ], [ -65.938879857203418, 18.062169909314314 ], [ -65.938388420413347, 18.062790680392752 ], [ -65.938394136382584, 18.062668279005987 ], [ -65.939143357912045, 18.058234656947075 ], [ -65.938929478588761, 18.057351021067198 ], [ -65.939058772451773, 18.054923783493599 ], [ -65.940691073998565, 18.048653793037325 ], [ -65.940664666691418, 18.048877796264804 ], [ -65.942221289508709, 18.043545422910984 ], [ -65.942557944601305, 18.04316584253716 ], [ -65.942555772686177, 18.043553847110356 ], [ -65.942680603884568, 18.043271052213203 ], [ -65.942740503515722, 18.043354261414784 ], [ -65.942925235950497, 18.043154669802263 ], [ -65.942979420355471, 18.043360278707244 ], [ -65.943691371048587, 18.041090696259047 ], [ -65.943751957180311, 18.041500707223648 ], [ -65.944416810090544, 18.039556725610058 ], [ -65.947095661874854, 18.029657153525442 ], [ -65.952041149831757, 18.009806772435571 ], [ -65.952035434605577, 18.009929172138971 ], [ -65.952127456770057, 18.009665978409675 ], [ -65.95204034770731, 18.010848392368707 ], [ -65.952200845493138, 18.010484797727106 ], [ -65.952163006990574, 18.010953602044747 ], [ -65.952231481006677, 18.01085320704939 ], [ -65.951931060286867, 18.012847220421619 ], [ -65.952145056839257, 18.012362428688391 ], [ -65.952110075147161, 18.012770036112808 ], [ -65.952199240501173, 18.012568039276736 ], [ -65.954614023048435, 18.004908488499868 ], [ -65.960082953961802, 17.985459356780201 ], [ -65.959190949477403, 17.991584606296865 ], [ -65.959290059869232, 17.991852616390208 ], [ -65.960091860811687, 17.989707844785908 ], [ -65.960164563896356, 17.990199858106731 ], [ -65.960969908892935, 17.988320689688866 ], [ -65.960876281736475, 17.990667124967793 ], [ -65.961307132394822, 17.989636342924754 ], [ -65.961370576199187, 17.989985152762543 ], [ -65.96175147140201, 17.989341172680923 ], [ -65.961776390946298, 17.989831983389973 ], [ -65.961971066813661, 17.990102404623816 ], [ -65.962871978891002, 17.988225641429498 ], [ -65.962899070350417, 17.988328447565355 ], [ -65.962626543957541, 17.989383645456936 ], [ -65.961834335503369, 17.996103711063551 ], [ -65.960978800593054, 18.001106536669045 ], [ -65.961176334013942, 18.0013157593263 ], [ -65.961428854826423, 18.000688966721818 ], [ -65.961450231059658, 18.000914172561071 ], [ -65.959276871218336, 18.012623824893122 ], [ -65.958231005876172, 18.016580214201433 ], [ -65.957243553145361, 18.021334624964492 ], [ -65.95723634941325, 18.022171840287783 ], [ -65.957468864526248, 18.021973455520623 ], [ -65.957475951148339, 18.022504665260215 ], [ -65.957696348565335, 18.022224279820193 ], [ -65.957738416136465, 18.022347883818732 ], [ -65.95744085297018, 18.024280698614369 ], [ -65.95770834828916, 18.023674709789521 ], [ -65.95788164866633, 18.023719923500746 ], [ -65.957988646942539, 18.023477527634132 ], [ -65.959695822626955, 18.017311550159075 ], [ -65.960862174594197, 18.013848376783361 ], [ -65.96063159854333, 18.016395606286583 ], [ -65.959607677100621, 18.022272436727224 ], [ -65.960231148078122, 18.020531657111704 ], [ -65.960362263774158, 18.021821691887276 ], [ -65.958575064786899, 18.029701297294544 ], [ -65.95904729812105, 18.028467311570068 ], [ -65.958495610012477, 18.033110156286238 ], [ -65.957170699321551, 18.039285769039616 ], [ -65.95605463774217, 18.046794222506019 ], [ -65.955560226050338, 18.048844622324374 ], [ -65.954811923012272, 18.050868201070635 ], [ -65.954891144190654, 18.05019619307156 ], [ -65.954730646404812, 18.050559787713162 ], [ -65.953417285000612, 18.055122167529689 ], [ -65.953386649487072, 18.054753758207401 ] ] ] } },
{ "type": "Feature", "properties": { "district": 34, "precinct_index": 3, "color": "#fccbba", "id": "d34_p03" }, "geometry": { "type": "Polygon", "coordinates": [ [ [ -65.923368627233458, 18.16451343002905 ], [ -65.922200787503371, 18.168691417341293 ], [ -65.922197245054491, 18.16842580823791 ], [ -65.921968273133444, 18.168889800425092 ], [ -65.921050213772304, 18.171133768646555 ], [ -65.921127378659421, 18.169481343524524 ], [ -65.920679379974231, 18.170879332278073 ], [ -65.920633769954222, 18.170490119176154 ], [ -65.920126555671047, 18.172131710641679 ], [ -65.920255047409597, 18.170746093001217 ], [ -65.920016816208246, 18.171066881705364 ], [ -65.919864207912042, 18.170920064470057 ], [ -65.919727259017634, 18.171120858694355 ], [ -65.918320504053028, 18.175292822797186 ], [ -65.918700145951235, 18.172626801425885 ], [ -65.918565369715026, 18.172439589393626 ], [ -65.918600350664065, 18.172031983652573 ], [ -65.918392070080913, 18.172394373999037 ], [ -65.918468432843582, 18.171783568810138 ], [ -65.91813886363002, 18.172694360606911 ], [ -65.918706095516541, 18.169767549046501 ], [ -65.918521363943924, 18.169967136425438 ], [ -65.918520679048584, 18.169640328745469 ], [ -65.918250325313906, 18.170307520380494 ], [ -65.918189739182168, 18.16989750941589 ], [ -65.918043531750541, 18.169955098473793 ], [ -65.918060679777398, 18.169587891763282 ], [ -65.918956794495998, 18.165423484092852 ], [ -65.919005380903911, 18.164383065088128 ], [ -65.918301317352118, 18.166142243259731 ], [ -65.918164369200781, 18.166343035800665 ], [ -65.918145850640187, 18.1660566288346 ], [ -65.918074518951428, 18.166218224956765 ], [ -65.917590852816616, 18.167697017688351 ], [ -65.916724687973144, 18.171903028684458 ], [ -65.91511593692303, 18.17801021280648 ], [ -65.914824891969559, 18.178779003731997 ], [ -65.914613068075354, 18.178875789208668 ], [ -65.913997367753126, 18.181474590477332 ], [ -65.912640568987101, 18.18525975093538 ], [ -65.912551403633088, 18.185461747771452 ], [ -65.912541459457458, 18.184991736608449 ], [ -65.912175539504176, 18.185656518786342 ], [ -65.912331122583041, 18.184373709831956 ], [ -65.912190631239767, 18.184308894952871 ], [ -65.91223772902265, 18.18398329411826 ], [ -65.913013241492308, 18.180694092211386 ], [ -65.91300684062773, 18.180489685918179 ], [ -65.912367708524059, 18.181882862541269 ], [ -65.912775127520078, 18.179646453302428 ], [ -65.915636654704841, 18.168566874165695 ], [ -65.916834562282247, 18.163062060882663 ], [ -65.916831018971195, 18.16279645601287 ], [ -65.916604904722789, 18.163199247073237 ], [ -65.916511511162383, 18.162808831359541 ], [ -65.91617908427618, 18.16378082428313 ], [ -65.916421092384638, 18.160988789456155 ], [ -65.917171685310024, 18.157208776840235 ], [ -65.917090408702563, 18.156900363482762 ], [ -65.916926367605683, 18.156998353254568 ], [ -65.916256483621538, 18.159391543934888 ], [ -65.916225848107999, 18.159023134612603 ], [ -65.915883477046165, 18.159525116373189 ], [ -65.915710177412052, 18.159479900978599 ], [ -65.91566170897633, 18.159151890686854 ], [ -65.916358802392068, 18.155493076845918 ], [ -65.916451628286239, 18.15418825726654 ], [ -65.915918808820379, 18.155012232026408 ], [ -65.915354552578691, 18.156509413163541 ], [ -65.915648572314808, 18.154310996048331 ], [ -65.915249159294461, 18.15466856748052 ], [ -65.914699075434797, 18.15722817233042 ], [ -65.914103498665128, 18.158030139015519 ], [ -65.915473685305912, 18.147811653078364 ], [ -65.914930119539946, 18.149207236608365 ], [ -65.914878792688512, 18.148940429126796 ], [ -65.914753961490121, 18.149223224023952 ], [ -65.914397986574656, 18.150358013131257 ], [ -65.914393071867678, 18.149438798818473 ], [ -65.91413986702203, 18.149738779509399 ], [ -65.91324889986339, 18.152085552183355 ], [ -65.913298855318899, 18.151698750221936 ], [ -65.913206831549175, 18.151961949868181 ], [ -65.913209689964887, 18.151900747058008 ], [ -65.913850308969245, 18.149792760731977 ], [ -65.914725733093022, 18.1457299532189 ], [ -65.915514733049363, 18.143176367344822 ], [ -65.916223943418061, 18.139599555860109 ], [ -65.916758249903722, 18.138060768847076 ], [ -65.917800572677905, 18.133838772985605 ], [ -65.918311330272132, 18.132462786389873 ], [ -65.918287781380698, 18.13262558680718 ], [ -65.91837980428825, 18.132362391394519 ], [ -65.918326989673957, 18.132810397849475 ], [ -65.918505320381982, 18.132406404177335 ], [ -65.919237963275151, 18.130035215654836 ], [ -65.91899526940918, 18.132500447035426 ], [ -65.91906374428747, 18.132400047806481 ], [ -65.919037336980324, 18.132624051033961 ], [ -65.919370449504939, 18.13197886410698 ], [ -65.919085003291599, 18.13399368125884 ], [ -65.919316832766185, 18.133468490495073 ], [ -65.91916342234552, 18.134363293192902 ], [ -65.919321061715635, 18.134060901361476 ], [ -65.923592202280716, 18.118748155311732 ], [ -65.924233624271707, 18.11559854481898 ], [ -65.92428712378134, 18.115477346043992 ], [ -65.924308499152403, 18.115702556116833 ], [ -65.924368399645729, 18.115785761084826 ], [ -65.924439732077545, 18.1156241632793 ], [ -65.924481798786516, 18.115747771511423 ], [ -65.924312610991848, 18.117663392046115 ], [ -65.926110323426201, 18.111949027177975 ], [ -65.926464927807928, 18.110160624394091 ], [ -65.926488593928468, 18.108629396363682 ], [ -65.925289433789501, 18.112112166673668 ], [ -65.92893162249004, 18.095925747266861 ], [ -65.929052225482039, 18.09505053981994 ], [ -65.928850345020393, 18.095617338142976 ], [ -65.92886749304725, 18.095250131432461 ], [ -65.929588821111949, 18.091755320620607 ], [ -65.929673072502055, 18.090634107788389 ], [ -65.929583907148043, 18.090836104624458 ], [ -65.930023449539561, 18.088253288221154 ], [ -65.929916451263367, 18.088495684087768 ], [ -65.932489106895929, 18.077796887936628 ], [ -65.932786669943098, 18.075864075691214 ], [ -65.932750318460322, 18.075618067755691 ], [ -65.932581247032587, 18.076165264910866 ], [ -65.932666184180206, 18.07537085552503 ], [ -65.934079457357626, 18.070034867552078 ], [ -65.9344747594007, 18.067716455957015 ], [ -65.934493963718808, 18.068329666369465 ], [ -65.93490629581656, 18.067012477360358 ], [ -65.935484274003159, 18.063514057029817 ], [ -65.935648314356982, 18.063416068941375 ], [ -65.935671061123955, 18.064294888457205 ], [ -65.935802294049111, 18.064216495619672 ], [ -65.935928495781241, 18.064587314399091 ], [ -65.936106825746194, 18.064183322410312 ], [ -65.936170270293644, 18.064532130564739 ], [ -65.936672452640735, 18.063339752399532 ], [ -65.939109413545694, 18.054863787528785 ], [ -65.938929478588761, 18.057351021067198 ], [ -65.939143357912045, 18.058234656947075 ], [ -65.938394136382584, 18.062668279005987 ], [ -65.938388420413347, 18.062790680392752 ], [ -65.938879857203418, 18.062169909314314 ], [ -65.938442370360079, 18.065733144523939 ], [ -65.938965930545663, 18.064765966281037 ], [ -65.941205924952882, 18.05777601572947 ], [ -65.942148336072975, 18.054327625474205 ], [ -65.942798214476724, 18.052362840080981 ], [ -65.943051420927631, 18.052062853473107 ], [ -65.94247915871027, 18.055438872416886 ], [ -65.942504645920778, 18.057624918419009 ], [ -65.94221702779231, 18.060027740144061 ], [ -65.942241261579085, 18.060191747406726 ], [ -65.942440282881932, 18.059686153577232 ], [ -65.942500868151498, 18.06009616877542 ], [ -65.94279191322407, 18.059327375299677 ], [ -65.942775450835626, 18.060021388006795 ], [ -65.943129253092891, 18.059274605156048 ], [ -65.943131994279497, 18.060581829958981 ], [ -65.944089380768233, 18.057154239249758 ], [ -65.944019418127084, 18.057969452415229 ], [ -65.944166311197122, 18.058238669353933 ], [ -65.944576471379733, 18.057309484918022 ], [ -65.94464060082251, 18.057985100752422 ], [ -65.944789665807676, 18.05786631311793 ], [ -65.945807636822906, 18.054848739290261 ], [ -65.946450428604564, 18.052352744157449 ], [ -65.946456830331329, 18.052557146217072 ], [ -65.946629445070101, 18.05227555393169 ], [ -65.946621556323549, 18.052785964125235 ], [ -65.94809026721056, 18.049677626346945 ], [ -65.948155766444032, 18.051006857541282 ], [ -65.948779238283706, 18.049266073692174 ], [ -65.948969685944661, 18.048944082376252 ], [ -65.948991062177896, 18.049169288215506 ], [ -65.949299940053564, 18.048360098259447 ], [ -65.949264959104525, 18.0487677040005 ], [ -65.949336290793283, 18.048606107878335 ], [ -65.949965478602209, 18.046742922642466 ], [ -65.949305422426761, 18.050974547865305 ], [ -65.949973818648033, 18.049296171121512 ], [ -65.95020919131457, 18.049036587777763 ], [ -65.950565167092208, 18.047901794436871 ], [ -65.950144828275725, 18.05109782293599 ], [ -65.950364541659553, 18.050490625582412 ], [ -65.95042798460176, 18.050839439653792 ], [ -65.950621289816254, 18.050456249761282 ], [ -65.950613401931875, 18.05096665572124 ], [ -65.950765325332753, 18.050786665276576 ], [ -65.950855175582106, 18.050911476120472 ], [ -65.951754031368196, 18.048054295803198 ], [ -65.951435776983118, 18.050088709889327 ], [ -65.95159341721542, 18.049786313824313 ], [ -65.951163702632584, 18.054207564770138 ], [ -65.951428339535838, 18.053662778755463 ], [ -65.95141256290492, 18.054683594908965 ], [ -65.951620843488072, 18.054321204562502 ], [ -65.951589405850072, 18.054994415173351 ], [ -65.953961318820859, 18.048252877780858 ], [ -65.953202837148922, 18.052543300590322 ], [ -65.953182830706368, 18.052971710111009 ], [ -65.953319779600761, 18.052770915886711 ], [ -65.953193460639511, 18.053768524720393 ], [ -65.953555837281741, 18.052838137672708 ], [ -65.952995007865056, 18.055969349609377 ], [ -65.953452265087478, 18.05471456602222 ], [ -65.953417285000612, 18.055122167529689 ], [ -65.953491474985967, 18.05489937114757 ], [ -65.954822669312364, 18.050296592300501 ], [ -65.954891144190654, 18.05019619307156 ], [ -65.954811923012272, 18.050868201070635 ], [ -65.955672939552713, 18.04847982675436 ], [ -65.955741414431003, 18.048379427525418 ], [ -65.955744956879883, 18.048645036628802 ], [ -65.95600959538838, 18.048100244697174 ], [ -65.955875387680578, 18.049608263724402 ], [ -65.95655098763396, 18.047092671657317 ], [ -65.957742944783888, 18.044447114987257 ], [ -65.957810615932488, 18.045388341608401 ], [ -65.957956824107171, 18.045330750867137 ], [ -65.957783975772344, 18.048349194145139 ], [ -65.957808209559118, 18.048513201407804 ], [ -65.957930182341798, 18.048291609320824 ], [ -65.958065643473333, 18.048805629033055 ], [ -65.956995426253101, 18.053966442925393 ], [ -65.956183563905896, 18.057009630979792 ], [ -65.956308395104273, 18.056726836082639 ], [ -65.956064330704564, 18.058538453786653 ], [ -65.955664114697583, 18.059937649385564 ], [ -65.955488642405271, 18.060280440247531 ], [ -65.955365983865079, 18.060175228888131 ], [ -65.954778178731956, 18.061835210442567 ], [ -65.951406578105235, 18.074617585538366 ], [ -65.950643985456026, 18.076947168184962 ], [ -65.949066554814792, 18.083749569309237 ], [ -65.948374608959, 18.085590748153699 ], [ -65.948429595488435, 18.084754737125547 ], [ -65.948325455627938, 18.084935930181985 ], [ -65.947568578204923, 18.087143113125183 ], [ -65.947590757305676, 18.086326697347939 ], [ -65.947498733535951, 18.086589896994184 ], [ -65.945511142712107, 18.094321482554371 ], [ -65.945439810280277, 18.0944830803599 ], [ -65.945406316351026, 18.094175873847789 ], [ -65.944461048420479, 18.097685460996281 ], [ -65.944463221078678, 18.097297454739724 ], [ -65.944335531464574, 18.097641452447053 ], [ -65.94432627218427, 18.097498248964019 ], [ -65.944665902059512, 18.095689042400505 ], [ -65.944636755171018, 18.094605814908107 ], [ -65.944024714526776, 18.09610179766705 ], [ -65.944195273717355, 18.094839786575346 ], [ -65.943916346459901, 18.095690578173723 ], [ -65.943962758604357, 18.095038171342509 ], [ -65.943588265009197, 18.095886556033971 ], [ -65.943733904774604, 18.094133731682994 ], [ -65.943303738149424, 18.095491325639593 ], [ -65.943397248938936, 18.094513313740183 ], [ -65.942464097842219, 18.098104905795118 ], [ -65.939863096583437, 18.106678858754311 ], [ -65.939755412668831, 18.106594448624314 ], [ -65.939363771046814, 18.10781004002629 ], [ -65.939434417840232, 18.107321636224153 ], [ -65.939333135533275, 18.107441630704006 ], [ -65.939344567590879, 18.107196825380257 ], [ -65.939171952852107, 18.107478417665636 ], [ -65.939075700875989, 18.107149204762116 ], [ -65.938941610397308, 18.107288796176238 ], [ -65.938910289988428, 18.106593579173982 ], [ -65.938562202957343, 18.107217962321332 ], [ -65.937492787861558, 18.111337156280534 ], [ -65.936934932484462, 18.113038743710874 ], [ -65.936847940650821, 18.112852730056801 ], [ -65.936699559698823, 18.113298329604845 ], [ -65.936223666686686, 18.115635133839039 ], [ -65.936009670134297, 18.116119925572267 ], [ -65.935958343282863, 18.115853118090698 ], [ -65.935851345006654, 18.116095513957308 ], [ -65.935467474902069, 18.118169122778845 ], [ -65.93403854083671, 18.12315750265892 ], [ -65.933653183712337, 18.125945923733621 ], [ -65.932623779896431, 18.129208304568401 ], [ -65.931804713698014, 18.133088710496317 ], [ -65.930611955285798, 18.136775882865923 ], [ -65.930257349298842, 18.138564291566755 ], [ -65.930584745854205, 18.138041506026536 ], [ -65.930579029884953, 18.138163907413301 ], [ -65.927631645455932, 18.152447945165473 ], [ -65.926529540160601, 18.155218306762482 ], [ -65.926236322429816, 18.156375106494782 ], [ -65.926015925012834, 18.156655491934799 ], [ -65.924031308228564, 18.162957452988657 ], [ -65.923368627233458, 18.16451343002905 ] ] ] } },
{ "type": "Feature", "properties": { "district": 35, "precinct_index": 0, "color": "#fab2fc", "id": "d35_p00" }, "geometry": { "type": "Polygon", "coordinates": [ [ [ -65.794072681159648, 18.194605283380422 ], [ -65.782343920509561, 18.200063787165465 ], [ -65.781965672244169, 18.200224939985809 ], [ -65.784125167755548, 18.199062229160628 ], [ -65.781161041955656, 18.20040077257925 ], [ -65.781322188682736, 18.200280294185976 ], [ -65.780625154046888, 18.200453881471827 ], [ -65.822500095304051, 18.179138524706872 ], [ -65.826129885434057, 18.176920015032334 ], [ -65.831101784723487, 18.174280228317024 ], [ -65.850150740723294, 18.164782500795937 ], [ -65.857665530770802, 18.161371066220294 ], [ -65.837897800451259, 18.171128141804225 ], [ -65.845107874763755, 18.167788129583194 ], [ -65.845635771782085, 18.167723618812104 ], [ -65.847365874095431, 18.167038329508891 ], [ -65.856108934868786, 18.163082202955341 ], [ -65.861563008702916, 18.160429465641119 ], [ -65.861955330174908, 18.160327299511621 ], [ -65.8604367413338, 18.161158549881335 ], [ -65.863588239010113, 18.159853690613932 ], [ -65.82090226662369, 18.18114114285925 ], [ -65.817357512140532, 18.18305279922901 ], [ -65.800485795890793, 18.191296354208671 ], [ -65.794072681159648, 18.194605283380422 ] ] ] } },
{ "type": "Feature", "properties": { "district": 35, "precinct_index": 1, "color": "#bdfcbf", "id": "d35_p01" }, "geometry": { "type": "Polygon", "coordinates": [ [ [ -65.792737496922626, 18.192623364542172 ], [ -65.771345622615954, 18.202282744817232 ], [ -65.784424928630528, 18.195675512514843 ], [ -65.775158136120993, 18.199779921738291 ], [ -65.761857237214087, 18.206187908100663 ], [ -65.772155464304532, 18.200791055479026 ], [ -65.804905798839457, 18.184872649502392 ], [ -65.827644992793211, 18.173476135761987 ], [ -65.834625317715876, 18.169847402686546 ], [ -65.83325972001677, 18.170468699428405 ], [ -65.834272803667162, 18.169928495989346 ], [ -65.834039875836609, 18.170024444725996 ], [ -65.850055490793338, 18.162116842573123 ], [ -65.857477693729649, 18.158262009023055 ], [ -65.857224777642145, 18.15832945841434 ], [ -65.867890083666822, 18.15314472068491 ], [ -65.871383201538421, 18.151315111512616 ], [ -65.870252451275007, 18.15180427123309 ], [ -65.872597240251594, 18.150633356533394 ], [ -65.870781936684338, 18.151547426105505 ], [ -65.874657629480694, 18.149718511123883 ], [ -65.871405105916949, 18.151307424091694 ], [ -65.873417692602487, 18.150402251706698 ], [ -65.873969079072921, 18.150137720914334 ], [ -65.872991641793519, 18.150573077551559 ], [ -65.87789033039455, 18.148179171846586 ], [ -65.872897790704457, 18.150478162279974 ], [ -65.877539404736837, 18.148067930792887 ], [ -65.886885486021058, 18.143765227447766 ], [ -65.887056706279651, 18.143698036882409 ], [ -65.886083756124407, 18.144373315963044 ], [ -65.88656368590452, 18.144240404860401 ], [ -65.885811346942432, 18.14464648599467 ], [ -65.896909271882606, 18.139572731691274 ], [ -65.897343317811874, 18.139413305648599 ], [ -65.895745116695366, 18.140286700473453 ], [ -65.902921463329619, 18.137015347089715 ], [ -65.903343517034642, 18.13683882118367 ], [ -65.901653709593646, 18.13773726124067 ], [ -65.902197429586792, 18.137617477916141 ], [ -65.905553713822755, 18.136098694133882 ], [ -65.892753056453643, 18.142558418405514 ], [ -65.895661387160828, 18.141218147010964 ], [ -65.893430106316117, 18.142356330255851 ], [ -65.894349830556365, 18.141955433049361 ], [ -65.894166785339323, 18.14208359590916 ], [ -65.894272298350899, 18.142039464652168 ], [ -65.906070597744858, 18.136485528584064 ], [ -65.915113392878993, 18.13198383692659 ], [ -65.919441036308072, 18.129982109618446 ], [ -65.919892987853231, 18.129809296971736 ], [ -65.91738705380827, 18.131100689186635 ], [ -65.92137050272207, 18.129347604329823 ], [ -65.911070029954615, 18.134624496767913 ], [ -65.893744612391501, 18.143155123638572 ], [ -65.86523978271326, 18.157810913289818 ], [ -65.850150740723294, 18.164782500795937 ], [ -65.831101784723487, 18.174280228317024 ], [ -65.826129885434057, 18.176920015032334 ], [ -65.817405384991446, 18.181175050720142 ], [ -65.792737496922626, 18.192623364542172 ] ] ] } },
{ "type": "Feature", "properties": { "district": 35, "precinct_index": 2, "color": "#ffffbe", "id": "d35_p02" }, "geometry": { "type": "Polygon", "coordinates": [ [ [ -65.740885074113919, 18.22026002931235 ], [ -65.734825408766341, 18.222983234208442 ], [ -65.735096066521379, 18.222824324299172 ], [ -65.734703745049387, 18.222926490428669 ], [ -65.73531667771455, 18.222555126352805 ], [ -65.732879626039903, 18.223438791424421 ], [ -65.726529322393773, 18.226292403289641 ], [ -65.728559159067899, 18.225061548882501 ], [ -65.724065719497943, 18.226865757348484 ], [ -65.714281595180523, 18.231322186675094 ], [ -65.714414925049851, 18.231239881849962 ], [ -65.714177999202946, 18.231330130845613 ], [ -65.714430749683373, 18.231184608418449 ], [ -65.711317142396325, 18.23250458194563 ], [ -65.712276511023916, 18.232004537678304 ], [ -65.711705139780094, 18.232240567606855 ], [ -65.68321784236916, 18.245753747646731 ], [ -65.679053097094098, 18.247520736439242 ], [ -65.68026713580727, 18.246838981460019 ], [ -65.680022213181346, 18.246917831531558 ], [ -65.67051723084704, 18.251460973453501 ], [ -65.669551620184791, 18.251835356918214 ], [ -65.686697826598859, 18.243360518734402 ], [ -65.686914766759955, 18.243241769195123 ], [ -65.684543751887773, 18.244258521908208 ], [ -65.686906282531879, 18.242996146690523 ], [ -65.676614084592288, 18.247467512539828 ], [ -65.664572944301057, 18.253142184949059 ], [ -65.676050052841475, 18.247402646852457 ], [ -65.676471945169297, 18.247148045834205 ], [ -65.675528235568152, 18.247514743634135 ], [ -65.6779764591451, 18.246257809651716 ], [ -65.71039075732098, 18.230677520162732 ], [ -65.718533812988255, 18.226605226575558 ], [ -65.718693041022618, 18.22652093614683 ], [ -65.718364509763646, 18.226636230054439 ], [ -65.720008594731013, 18.225789350169617 ], [ -65.718776324330094, 18.226328343284596 ], [ -65.7200718932651, 18.225568256443569 ], [ -65.72257399490077, 18.224349237523551 ], [ -65.724548854232964, 18.223507025112919 ], [ -65.722536594531718, 18.224568345646006 ], [ -65.733178406874444, 18.219583630014178 ], [ -65.733375525298086, 18.219514453845228 ], [ -65.732905834656549, 18.219778725811668 ], [ -65.734050496749333, 18.219270477669831 ], [ -65.732615520771134, 18.220065282127145 ], [ -65.737279692238204, 18.217959659835504 ], [ -65.765364101307995, 18.204261137471121 ], [ -65.761857237214087, 18.206187908100663 ], [ -65.775158136120993, 18.199779921738291 ], [ -65.784424928630528, 18.195675512514843 ], [ -65.771345622615954, 18.202282744817232 ], [ -65.793446196052145, 18.192310729529485 ], [ -65.792886978409783, 18.192641934433613 ], [ -65.79299648852529, 18.192603503237805 ], [ -65.801983814638561, 18.188256232072682 ], [ -65.817405384991446, 18.181175050720142 ], [ -65.826129885434057, 18.176920015032334 ], [ -65.822699130761691, 18.179033161451443 ], [ -65.813230774838814, 18.183939901336004 ], [ -65.780625154046888, 18.200453881471827 ], [ -65.781322188682736, 18.200280294185976 ], [ -65.781161041955656, 18.20040077257925 ], [ -65.784125167755548, 18.199062229160628 ], [ -65.781965672244169, 18.200224939985809 ], [ -65.76097191521707, 18.210646668609261 ], [ -65.748363235178871, 18.216484997972348 ], [ -65.740885074113919, 18.22026002931235 ] ] ] } },
{ "type": "Feature", "properties": { "district": 36, "precinct_index": 0, "color": "#f1b2fc", "id": "d36_p00" }, "geometry": { "type": "MultiPolygon", "coordinates": [ [ [ [ -65.442353717812779, 18.088699527084305 ], [ -65.442710103118017, 18.089587006333758 ], [ -65.442031711346601, 18.089285843202202 ], [ -65.441428655910713, 18.08850057695842 ], [ -65.440750264139297, 18.088199413826867 ], [ -65.440003303488595, 18.087279690738281 ], [ -65.439749687381195, 18.086155531776267 ], [ -65.440332082835909, 18.085590711998975 ], [ -65.440290941394053, 18.085219574993761 ], [ -65.44056503896212, 18.085364784939909 ], [ -65.440797999941779, 18.085138853173728 ], [ -65.441318767069063, 18.085181844959237 ], [ -65.441921822504952, 18.085967111203018 ], [ -65.44300450362627, 18.086424232227099 ], [ -65.443031931063686, 18.086671655178918 ], [ -65.443463653275899, 18.087075036471113 ], [ -65.443532222155184, 18.087693596428142 ], [ -65.443326694037836, 18.08816695159399 ], [ -65.442353717812779, 18.088699527084305 ] ] ], [ [ [ -65.401372031442662, 18.106522636732311 ], [ -65.40135831800967, 18.106398927833887 ], [ -65.401228126227849, 18.10638817988751 ], [ -65.401200698218986, 18.106140751780725 ], [ -65.401330890000807, 18.106151499727101 ], [ -65.401118415906708, 18.105398482925267 ], [ -65.401365085465912, 18.105296264764629 ], [ -65.401769380240694, 18.105452223105004 ], [ -65.401680329329295, 18.105812607008872 ], [ -65.401851662552971, 18.106194491960458 ], [ -65.401995568339217, 18.106328953960229 ], [ -65.402112046116613, 18.106215987853215 ], [ -65.402009282343656, 18.106452668013624 ], [ -65.402255951902859, 18.106350449852982 ], [ -65.402543768328812, 18.106619369145406 ], [ -65.402571195766242, 18.106866792097225 ], [ -65.386557487254791, 18.105544784840124 ], [ -65.386776735372891, 18.105195149330484 ], [ -65.386735593931036, 18.104824012325274 ], [ -65.38644777693365, 18.104555087877884 ], [ -65.385913296373374, 18.104388387193946 ], [ -65.385337668374902, 18.103850543901984 ], [ -65.384823669275306, 18.102704894202184 ], [ -65.38400136629275, 18.102269268623012 ], [ -65.383425743719172, 18.101731425778897 ], [ -65.382939166632127, 18.100833198583064 ], [ -65.383158414178794, 18.100483557918459 ], [ -65.383898428852746, 18.100176909039359 ], [ -65.384117670974533, 18.099827267926901 ], [ -65.384768635308518, 18.099881008106639 ], [ -65.385899225327933, 18.099606603066672 ], [ -65.387070962214096, 18.099703335479767 ], [ -65.387303918340308, 18.099477408420704 ], [ -65.387516393005839, 18.100230430377504 ], [ -65.387283436879628, 18.100456357436567 ], [ -65.387310864317058, 18.100703780388386 ], [ -65.388057825539192, 18.101623508631938 ], [ -65.390325956979652, 18.102301070967542 ], [ -65.390558913105878, 18.102075143908475 ], [ -65.390579394566558, 18.101096194892612 ], [ -65.39069587776882, 18.100983229233446 ], [ -65.391662081112756, 18.101553316364541 ], [ -65.392504860131098, 18.101009992480002 ], [ -65.392491146126659, 18.100886278426607 ], [ -65.39312839645622, 18.10081630455295 ], [ -65.393491544364267, 18.100601125440264 ], [ -65.393930034032707, 18.099901843663201 ], [ -65.393080309037614, 18.099218795580057 ], [ -65.393183073382005, 18.098982120574615 ], [ -65.393676418496753, 18.098777689856156 ], [ -65.393450229826783, 18.097900953845961 ], [ -65.393292610607531, 18.097642782947766 ], [ -65.392052304842096, 18.096927490577642 ], [ -65.391839830176551, 18.096174468620841 ], [ -65.392593558854941, 18.095991533795136 ], [ -65.39282651440972, 18.095765601581103 ], [ -65.393347286961884, 18.095808593814461 ], [ -65.393566529655104, 18.095458957856973 ], [ -65.39353910164624, 18.095211529750188 ], [ -65.393785777201771, 18.095109317192364 ], [ -65.394388826641332, 18.095894577833331 ], [ -65.39488217175608, 18.095690147114869 ], [ -65.395663327871887, 18.095754635240983 ], [ -65.39619781442849, 18.095921341527735 ], [ -65.396485625429563, 18.09619026037231 ], [ -65.39681457787249, 18.096830316222093 ], [ -65.396869433318784, 18.097325167280697 ], [ -65.397431347312803, 18.097739296519268 ], [ -65.397678016872021, 18.09763707835863 ], [ -65.397952119864982, 18.097782288752629 ], [ -65.398192021967944, 18.098782733661245 ], [ -65.398623738755262, 18.099186114505592 ], [ -65.398808790836824, 18.099691708803455 ], [ -65.398938982618645, 18.099702456749831 ], [ -65.399267935061573, 18.100342512599617 ], [ -65.399829849055592, 18.100756641838188 ], [ -65.400014896283707, 18.10126224084317 ], [ -65.40030270728478, 18.101531159687742 ], [ -65.400343848726635, 18.101902296692955 ], [ -65.401179859717303, 18.102461630722704 ], [ -65.401221001159158, 18.102832767727918 ], [ -65.400645379157027, 18.10229493003877 ], [ -65.40038499016849, 18.102273433698166 ], [ -65.400083465162993, 18.101880800800199 ], [ -65.399706597825642, 18.101972265411643 ], [ -65.400015074804216, 18.10359127588011 ], [ -65.399823254694965, 18.104188339496538 ], [ -65.399891823574251, 18.104806899453568 ], [ -65.400193354004642, 18.105199532799382 ], [ -65.400275636888352, 18.105941806809806 ], [ -65.401084220441589, 18.106253717887739 ], [ -65.401228126227849, 18.10638817988751 ], [ -65.401372031442662, 18.106522636732311 ] ] ], [ [ [ -65.40372921379452, 18.106839815164044 ], [ -65.404106080560439, 18.106748345397634 ], [ -65.40426369977969, 18.107006516295829 ], [ -65.402831579329884, 18.106888287989982 ], [ -65.403064535456096, 18.106662360930915 ], [ -65.402790438459462, 18.106517156139734 ], [ -65.402763010450599, 18.106269728032949 ], [ -65.402502626886957, 18.106248232140196 ], [ -65.402461485445102, 18.105877095134982 ], [ -65.402591677226923, 18.105887843081362 ], [ -65.402420344574679, 18.105505963284738 ], [ -65.403187786686061, 18.105446737357461 ], [ -65.403174072681622, 18.105323023304067 ], [ -65.403550934594094, 18.105231558244771 ], [ -65.404243040369948, 18.105656435429722 ], [ -65.404085420579264, 18.105398259376557 ], [ -65.404332090709914, 18.105296046370885 ], [ -65.404215612361085, 18.105409007322933 ], [ -65.404489709929152, 18.105554217269081 ], [ -65.404517137366582, 18.1058016402209 ], [ -65.404386945584761, 18.105790892274523 ], [ -65.404544564804013, 18.106049063172719 ], [ -65.404195130900405, 18.1063879563388 ], [ -65.403688072352665, 18.106468678158834 ], [ -65.40372921379452, 18.106839815164044 ] ] ], [ [ [ -65.476234606558847, 18.135993098814389 ], [ -65.476248320563272, 18.136116812867783 ], [ -65.475857745217809, 18.13608456902865 ], [ -65.47584403121337, 18.135960854975256 ], [ -65.474775064096491, 18.13562744800457 ], [ -65.474425624768003, 18.135966340722799 ], [ -65.47221234820239, 18.135783624290838 ], [ -65.471109185620406, 18.13630545228262 ], [ -65.470197832297885, 18.136230215762282 ], [ -65.469978590176112, 18.136579856874739 ], [ -65.469471531056925, 18.136660573539807 ], [ -65.469485245061364, 18.136784287593198 ], [ -65.46714177671393, 18.136590823214856 ], [ -65.467155490718369, 18.136714537268251 ], [ -65.280966194188167, 18.121221149724299 ], [ -65.281226583176689, 18.121242646064903 ], [ -65.281445825298476, 18.120893004952446 ], [ -65.283268521093746, 18.121043477097427 ], [ -65.284501880882431, 18.120532397499872 ], [ -65.285097989770136, 18.120091286621001 ], [ -65.285303518458932, 18.119617936610119 ], [ -65.285988678258022, 18.118816441827384 ], [ -65.286064020018443, 18.118332339163008 ], [ -65.285933822811742, 18.11832159076878 ], [ -65.285892681369873, 18.117950453763566 ], [ -65.285591156364376, 18.117557820865603 ], [ -65.285851539928018, 18.117579316758356 ], [ -65.286139356353971, 18.117848236050779 ], [ -65.286749179817548, 18.117530844380269 ], [ -65.286728519836359, 18.116180758359192 ], [ -65.285782797953118, 18.114631722212234 ], [ -65.285220883959084, 18.114217592973663 ], [ -65.284179344279636, 18.114131608954796 ], [ -65.283596948824936, 18.114696428732088 ], [ -65.283555807383067, 18.114325291726878 ], [ -65.282706082387975, 18.113642243643735 ], [ -65.283041802858591, 18.113179641579229 ], [ -65.283781817532542, 18.11287299270013 ], [ -65.283843445859958, 18.112265181137328 ], [ -65.284439549322769, 18.111824069810609 ], [ -65.2844669767602, 18.112071492762428 ], [ -65.284884985539421, 18.112351165156195 ], [ -65.28581004687004, 18.112550110127113 ], [ -65.286186914207391, 18.112458645515666 ], [ -65.286741876228348, 18.111646397183737 ], [ -65.287694370992725, 18.112092770709289 ], [ -65.288187710682578, 18.111888339542979 ], [ -65.288886583914675, 18.111210553658669 ], [ -65.289146972903211, 18.111232049999273 ], [ -65.289434783904269, 18.111500968843849 ], [ -65.290606520790433, 18.111597701256944 ], [ -65.290750426576693, 18.111732163256715 ], [ -65.291127287917718, 18.111640693042453 ], [ -65.291695969939425, 18.110952164366733 ], [ -65.291586259618285, 18.10996246740449 ], [ -65.291935698946773, 18.10962357468626 ], [ -65.291949412379765, 18.109747283584685 ], [ -65.292209795943407, 18.109768779477442 ], [ -65.292525034953343, 18.110285126428799 ], [ -65.29275122847676, 18.111161857731876 ], [ -65.293182945264078, 18.111565238576219 ], [ -65.293833909598078, 18.111618978755956 ], [ -65.294162862041006, 18.112259034605742 ], [ -65.295300404033483, 18.113211007136275 ], [ -65.296369371150362, 18.113544414106961 ], [ -65.297499966594671, 18.113270009514846 ], [ -65.298150925503776, 18.113323749246732 ], [ -65.298137211499338, 18.113200035193337 ], [ -65.298918367615144, 18.113264523319451 ], [ -65.29915132916625, 18.113038596708236 ], [ -65.300165441408282, 18.112877157775287 ], [ -65.300138013970852, 18.112629734823468 ], [ -65.300398402959374, 18.112651231164072 ], [ -65.301357659755112, 18.111994941172515 ], [ -65.301981196651681, 18.111801258400433 ], [ -65.303289892775908, 18.11080607569065 ], [ -65.303714663586476, 18.109983084567308 ], [ -65.3035433303628, 18.109601199615721 ], [ -65.303125327008473, 18.109321527669803 ], [ -65.303303428259838, 18.108600754707101 ], [ -65.303090953594293, 18.107847732750301 ], [ -65.303221145376114, 18.107858480696677 ], [ -65.30356381182348, 18.108622250599854 ], [ -65.305009645706278, 18.10886418780413 ], [ -65.305729178919549, 18.109536487940897 ], [ -65.305784034365843, 18.110031338999502 ], [ -65.305605933685911, 18.110752117117169 ], [ -65.306195269692481, 18.111413668859711 ], [ -65.306510513555864, 18.111930011103951 ], [ -65.306551654997719, 18.112301148109164 ], [ -65.306997085789476, 18.112828243006899 ], [ -65.308991120233301, 18.113360600551321 ], [ -65.310224479450554, 18.112849515798796 ], [ -65.310676677698552, 18.112273947627273 ], [ -65.310697159159233, 18.11129499861141 ], [ -65.309388289939392, 18.109961146732104 ], [ -65.309436198837503, 18.109229620668057 ], [ -65.309628013521859, 18.10863255660378 ], [ -65.310278977855845, 18.108686296783517 ], [ -65.310888800747975, 18.108368899958041 ], [ -65.311108042869762, 18.108019258845584 ], [ -65.311053187994915, 18.107524412941949 ], [ -65.3108681407668, 18.107018813936964 ], [ -65.310265090755792, 18.106233548141034 ], [ -65.308709546551853, 18.105001913974515 ], [ -65.30868211854299, 18.10475448586773 ], [ -65.309058980455461, 18.104663020808434 ], [ -65.309792227673171, 18.105459034998596 ], [ -65.31086119479005, 18.105792441969282 ], [ -65.311505391667794, 18.106948845218277 ], [ -65.31206730509038, 18.107362969301878 ], [ -65.312094733099244, 18.107610397408667 ], [ -65.312382544100316, 18.107879316253239 ], [ -65.31280055230809, 18.108158983492039 ], [ -65.313698186772726, 18.108110510666105 ], [ -65.314150389874172, 18.107534937787467 ], [ -65.314184585339277, 18.106679702824994 ], [ -65.312903138131986, 18.105593273449657 ], [ -65.31256047168462, 18.10482950354648 ], [ -65.312300088120978, 18.104808007653723 ], [ -65.311957416248731, 18.104044237302698 ], [ -65.312395906488632, 18.103344960680598 ], [ -65.312368478479755, 18.103097532573813 ], [ -65.311833992494599, 18.102930831442031 ], [ -65.311546180922093, 18.102661907442489 ], [ -65.311518753484663, 18.102414484490669 ], [ -65.312272482163053, 18.102231549664964 ], [ -65.312505438289264, 18.102005622605901 ], [ -65.312375246507443, 18.101994874659521 ], [ -65.31234781849858, 18.101747446552736 ], [ -65.312752113273362, 18.101903404893111 ], [ -65.31310154717697, 18.10156451172703 ], [ -65.313999181641606, 18.101516038901096 ], [ -65.314156800860857, 18.101774209799292 ], [ -65.31383479439468, 18.102360525917192 ], [ -65.313903363273951, 18.102979085874221 ], [ -65.314204888279463, 18.103371718772188 ], [ -65.315171097048264, 18.103941806351134 ], [ -65.316082444945906, 18.104017042423624 ], [ -65.316534642622457, 18.103441469097135 ], [ -65.31679503161098, 18.103462965437739 ], [ -65.31698684629535, 18.102865901373463 ], [ -65.316842941080537, 18.102731444528661 ], [ -65.316993614323025, 18.101763243459175 ], [ -65.316260367105329, 18.100967229269013 ], [ -65.316520756093851, 18.100988725609618 ], [ -65.316507042089412, 18.100865011556227 ], [ -65.317116864981543, 18.10054761473075 ], [ -65.317103151548551, 18.100423905832326 ], [ -65.316842762560029, 18.100402409491721 ], [ -65.316589146452628, 18.099278250529707 ], [ -65.316705624230025, 18.099165284422693 ], [ -65.317240110786628, 18.099331990709445 ], [ -65.317527921787686, 18.099600909554017 ], [ -65.318048694339865, 18.099643901787378 ], [ -65.317973358004323, 18.100128004899602 ], [ -65.318521552569038, 18.100418419636931 ], [ -65.318507838564599, 18.10029470558354 ], [ -65.31926157266787, 18.100111771205682 ], [ -65.320385395231042, 18.100940029234973 ], [ -65.321022645560603, 18.100870055361316 ], [ -65.320940362676879, 18.100127781350896 ], [ -65.32065254625094, 18.099858862058472 ], [ -65.320467499594258, 18.099353268208457 ], [ -65.321063608481964, 18.098912157329586 ], [ -65.321625522475983, 18.099326286568157 ], [ -65.322002383817022, 18.099234816353896 ], [ -65.322290200814408, 18.099503740801289 ], [ -65.322331342256263, 18.099874877806499 ], [ -65.322920678262832, 18.100536429549038 ], [ -65.324421367591924, 18.101273217811919 ], [ -65.325072331925909, 18.101326957991656 ], [ -65.325366915808104, 18.100493214214822 ], [ -65.325757491153567, 18.100525458053951 ], [ -65.326175499932788, 18.100805130447718 ], [ -65.326134358490933, 18.100433993442508 ], [ -65.326004161284217, 18.10042324504828 ], [ -65.326120644486494, 18.100310279389117 ], [ -65.327402086268918, 18.101396708316603 ], [ -65.328046283146662, 18.102553111565594 ], [ -65.328101138021509, 18.103047957469233 ], [ -65.327840754457867, 18.10302646157648 ], [ -65.326949882596026, 18.101972276040275 ], [ -65.326689499032383, 18.101950780147519 ], [ -65.326340065128775, 18.102289673313599 ], [ -65.326381206570645, 18.10266081031881 ], [ -65.325682333338548, 18.10333859620312 ], [ -65.32530546657263, 18.103430065969533 ], [ -65.323729440336578, 18.103177375663911 ], [ -65.321989027425033, 18.103769177529355 ], [ -65.321523109747716, 18.104221031199632 ], [ -65.321550537756579, 18.104468459306418 ], [ -65.321043478637407, 18.104549175971485 ], [ -65.320392514303407, 18.104495435791748 ], [ -65.319960797516089, 18.104092054947404 ], [ -65.319008308176592, 18.103645681869704 ], [ -65.317692666075629, 18.103414492611805 ], [ -65.317589901731225, 18.103651167617247 ], [ -65.317747520950476, 18.103909338515443 ], [ -65.317994191081127, 18.103807125509771 ], [ -65.318425913293339, 18.104210506801966 ], [ -65.318323148948934, 18.104447181807405 ], [ -65.318624673954432, 18.104839814705372 ], [ -65.318665815396301, 18.105210951710582 ], [ -65.318432859270075, 18.105436878769648 ], [ -65.317548933384984, 18.105609065201126 ], [ -65.316966543355164, 18.106173885426269 ], [ -65.316706154366642, 18.106152389085665 ], [ -65.316719868371081, 18.106276103139059 ], [ -65.315808520473439, 18.106200867066569 ], [ -65.315445372565407, 18.106416046179255 ], [ -65.315370030804985, 18.106900148843632 ], [ -65.315698988672807, 18.107540205141266 ], [ -65.315753843547654, 18.108035051044904 ], [ -65.315198876101817, 18.108847298928985 ], [ -65.315294872418519, 18.109713281837834 ], [ -65.315678680307741, 18.110848188746221 ], [ -65.315288104962278, 18.110815944907092 ], [ -65.314870096754504, 18.110536277668292 ], [ -65.314171222950975, 18.111214058397632 ], [ -65.313739506735089, 18.110810682708255 ], [ -65.313348925964746, 18.110778438421274 ], [ -65.312595197286356, 18.11096137324698 ], [ -65.312245763382748, 18.11130026641306 ], [ -65.313040632931546, 18.111488463437599 ], [ -65.314280933272116, 18.112203755359875 ], [ -65.315192281169743, 18.112278991432365 ], [ -65.315308759518572, 18.112166030480317 ], [ -65.315843245503729, 18.112332731612103 ], [ -65.315959723852558, 18.112219770660055 ], [ -65.315658198847061, 18.111827137762088 ], [ -65.31538410127898, 18.11168192781594 ], [ -65.3150209485175, 18.111897111635745 ], [ -65.314472747956472, 18.111606691295599 ], [ -65.314301414732796, 18.111224806344012 ], [ -65.315014001969317, 18.110670734513093 ], [ -65.315459438185954, 18.111197829858678 ], [ -65.315836299526993, 18.11110635964442 ], [ -65.315685447763983, 18.109745525676963 ], [ -65.315788217533267, 18.109508851119372 ], [ -65.31556202400985, 18.108632119816296 ], [ -65.315794984989509, 18.108406188050115 ], [ -65.316720046891575, 18.108605138175999 ], [ -65.317295674318601, 18.109142976312995 ], [ -65.317932919794714, 18.109073007146456 ], [ -65.318254931685772, 18.108486691476408 ], [ -65.319961149132212, 18.108750124573437 ], [ -65.32063954147506, 18.109051292859959 ], [ -65.320824588131742, 18.109556886709974 ], [ -65.319899704750171, 18.111686971621033 ], [ -65.319015779436526, 18.111859163207477 ], [ -65.319043206873943, 18.112106586159296 ], [ -65.319577693430546, 18.112273292446048 ], [ -65.319680457203503, 18.112036612285639 ], [ -65.320756197772951, 18.111267361789885 ], [ -65.322106035339033, 18.110643316085312 ], [ -65.322222513116429, 18.110530349978294 ], [ -65.322140230804152, 18.10978808112284 ], [ -65.32293510035295, 18.109976278147379 ], [ -65.32310643357664, 18.110358163098969 ], [ -65.323024329213425, 18.111944924125485 ], [ -65.322483075200566, 18.112880880907991 ], [ -65.324011014018026, 18.111536062240717 ], [ -65.324230261564693, 18.111186421576107 ], [ -65.324291884467229, 18.110578609565454 ], [ -65.325518470803345, 18.11117018743434 ], [ -65.326443532705412, 18.111369137560221 ], [ -65.326717635698373, 18.11151434795422 ], [ -65.326758777140228, 18.11188548495943 ], [ -65.326409337240307, 18.112224372522693 ], [ -65.326244950564814, 18.113068864693755 ], [ -65.325648841105675, 18.113509970417656 ], [ -65.325703696551969, 18.114004821476261 ], [ -65.325498167863174, 18.114478171487143 ], [ -65.325683215091289, 18.114983770492127 ], [ -65.326361606862704, 18.115284933623681 ], [ -65.327334577662867, 18.114752357685518 ], [ -65.327999256001291, 18.11492981191865 ], [ -65.329088710003731, 18.11428427032132 ], [ -65.329307952125518, 18.113934629208863 ], [ -65.329266810683663, 18.113563492203649 ], [ -65.329828724677682, 18.113977621442221 ], [ -65.329794523787697, 18.114832855956845 ], [ -65.329952149003262, 18.115091032457858 ], [ -65.330472916130546, 18.115134024243364 ], [ -65.330986742134527, 18.113950639354073 ], [ -65.331116933916348, 18.113961387300453 ], [ -65.331432178351164, 18.114477734699662 ], [ -65.331528174667881, 18.115343717608511 ], [ -65.33167208045414, 18.115478179608278 ], [ -65.332425809132516, 18.115295244782573 ], [ -65.332494378011802, 18.115913804739606 ], [ -65.333186483787657, 18.116338681924553 ], [ -65.333563345128681, 18.116247211710292 ], [ -65.333768879242356, 18.115773862147257 ], [ -65.334159454587819, 18.11580610598639 ], [ -65.334262218360777, 18.115569425825981 ], [ -65.334666513135559, 18.115725384166357 ], [ -65.334899469261771, 18.11549945710729 ], [ -65.335070802485461, 18.115881342058881 ], [ -65.334954324136632, 18.115994303010929 ], [ -65.335125657360308, 18.116376187962519 ], [ -65.335022893015903, 18.116612862967958 ], [ -65.335413473786261, 18.116645107254943 ], [ -65.335399760353269, 18.116521398356515 ], [ -65.336873016820036, 18.117010763219728 ], [ -65.336496154907564, 18.11710222827902 ], [ -65.336996440574183, 18.118124169080396 ], [ -65.337702260354462, 18.118672760318734 ], [ -65.337962649342984, 18.118694256659339 ], [ -65.338003790784839, 18.119065393664552 ], [ -65.338551985349554, 18.119355808401881 ], [ -65.338764465439979, 18.120108830806529 ], [ -65.339196182227298, 18.120512211650873 ], [ -65.339703240775037, 18.120431489830839 ], [ -65.340155439023036, 18.119855921659319 ], [ -65.340950308571834, 18.120044118683857 ], [ -65.3419095713639, 18.119387834295118 ], [ -65.341882143355036, 18.119140406188333 ], [ -65.342012335136857, 18.119151154134709 ], [ -65.342101386048256, 18.118790770230842 ], [ -65.342046530601962, 18.118295919172237 ], [ -65.340682805935828, 18.116467216234327 ], [ -65.340614237056542, 18.115848656277297 ], [ -65.340977384964589, 18.115633477164611 ], [ -65.341758541080395, 18.115697965290725 ], [ -65.342512269187338, 18.115515025310053 ], [ -65.342861709087273, 18.11517613774679 ], [ -65.342950759427225, 18.114815748687956 ], [ -65.342779426203549, 18.114433863736366 ], [ -65.342998668325336, 18.114084222623909 ], [ -65.343060291227872, 18.113476410613256 ], [ -65.342758766222374, 18.113083777715289 ], [ -65.341258076893283, 18.112346989452409 ], [ -65.340956551887786, 18.111954356554442 ], [ -65.340730363217816, 18.111077620544251 ], [ -65.34090846446918, 18.110356847581549 ], [ -65.341155134028384, 18.110254629420911 ], [ -65.34200485902349, 18.110937677504054 ], [ -65.342285902568307, 18.112309259417884 ], [ -65.343032863790441, 18.113228987661437 ], [ -65.343389249095679, 18.11411646691089 ], [ -65.344238974090771, 18.114799514994033 ], [ -65.345307941207651, 18.115132921964722 ], [ -65.346842826001861, 18.115014475265131 ], [ -65.347651409555084, 18.11532638634306 ], [ -65.348418852237913, 18.115267165570749 ], [ -65.349912595590254, 18.114777581865944 ], [ -65.350741660604157, 18.114110543928014 ], [ -65.351796919141492, 18.114320237293157 ], [ -65.351769491704061, 18.114072814341338 ], [ -65.35163929992224, 18.114062066394961 ], [ -65.35170092282479, 18.113454254384308 ], [ -65.3515295896011, 18.113072369432718 ], [ -65.351563785066219, 18.112217134470246 ], [ -65.35110463541659, 18.111566330226236 ], [ -65.351138830310248, 18.110711090108797 ], [ -65.350823591871759, 18.110194748312402 ], [ -65.349192710189413, 18.109447206948179 ], [ -65.349343383431915, 18.108479005878692 ], [ -65.348192133431311, 18.107403324897582 ], [ -65.348281183771277, 18.107042935838749 ], [ -65.348411375553098, 18.107053683785125 ], [ -65.348253756333847, 18.106795512886929 ], [ -65.348356520678252, 18.106558837881487 ], [ -65.348500431889391, 18.106693300329109 ], [ -65.349007485012237, 18.106612578061224 ], [ -65.349309015442628, 18.107005211407039 ], [ -65.349391298326339, 18.107747485417462 ], [ -65.349953206324045, 18.108161609053216 ], [ -65.351385326773851, 18.108279837359067 ], [ -65.351878671888585, 18.108075406640605 ], [ -65.352330875561478, 18.107499838916937 ], [ -65.352262306682192, 18.106881278959904 ], [ -65.351700392688159, 18.106467149721333 ], [ -65.351748301586269, 18.105735623657289 ], [ -65.352214219263587, 18.105283769987011 ], [ -65.352618508042042, 18.105439722724569 ], [ -65.352865183597572, 18.105337510166745 ], [ -65.352954233937538, 18.104977121107911 ], [ -65.35262527606973, 18.104337064810277 ], [ -65.352063367500577, 18.103922936019554 ], [ -65.352035940063161, 18.103675513067738 ], [ -65.352810149630784, 18.1025136240712 ], [ -65.352755294755923, 18.102018778167562 ], [ -65.351795858868243, 18.100346027967209 ], [ -65.351090039659411, 18.099797441883837 ], [ -65.350904992431296, 18.099291842878856 ], [ -65.35047327079053, 18.098888466741627 ], [ -65.349520781451034, 18.098442093663927 ], [ -65.349363161660349, 18.098183917610761 ], [ -65.349753737005813, 18.098216161449894 ], [ -65.349959271119488, 18.09774281188686 ], [ -65.349829079337667, 18.097732063940484 ], [ -65.349774223891373, 18.097237212881879 ], [ -65.350034607455015, 18.097258708774635 ], [ -65.350322419027535, 18.097527632774174 ], [ -65.351247485783034, 18.09772657819294 ], [ -65.35156272479297, 18.098242925144302 ], [ -65.352412449788062, 18.098925973227445 ], [ -65.352919508335802, 18.098845251407411 ], [ -65.352755116235429, 18.099689743130622 ], [ -65.35291273545468, 18.099947914028817 ], [ -65.352892253994, 18.10092686304468 ], [ -65.354303892983111, 18.102024040366398 ], [ -65.355879919219177, 18.102276730672017 ], [ -65.356167730220236, 18.102545649516589 ], [ -65.356366496306237, 18.103174957867846 ], [ -65.357058596657197, 18.103599834604946 ], [ -65.357579369209361, 18.103642826838303 ], [ -65.359319782120906, 18.103051024972864 ], [ -65.359970746454906, 18.103104765152597 ], [ -65.36252669489275, 18.104051251935591 ], [ -65.364870163240184, 18.104244716313929 ], [ -65.366638003589159, 18.103900337400308 ], [ -65.367131348703907, 18.103695906681846 ], [ -65.367467069174523, 18.103233304617341 ], [ -65.367556119514475, 18.102872915558507 ], [ -65.367110688722732, 18.102345820660769 ], [ -65.367199739062684, 18.101985431601936 ], [ -65.367939753736636, 18.101678782722839 ], [ -65.368289193636571, 18.101339895159576 ], [ -65.367795670001328, 18.099215290841094 ], [ -65.368199964204663, 18.0993712440265 ], [ -65.368775592203122, 18.099909087318466 ], [ -65.368988066868667, 18.100662109275266 ], [ -65.36946092509784, 18.101436627124819 ], [ -65.370516183635175, 18.101646320489962 ], [ -65.371221997990574, 18.102194911280456 ], [ -65.371825053426463, 18.102980177524238 ], [ -65.372345825978627, 18.103023169757595 ], [ -65.373024217750043, 18.103324332889152 ], [ -65.373401079091067, 18.10323286267489 ], [ -65.373750518419556, 18.102893969956661 ], [ -65.373873764224641, 18.101678345935355 ], [ -65.375079696575909, 18.100919843385977 ], [ -65.37520988835773, 18.100930591332354 ], [ -65.375120837446332, 18.101290975236221 ], [ -65.375723887457326, 18.102076241032155 ], [ -65.375717120001084, 18.103178904101412 ], [ -65.376292747428096, 18.103716742238408 ], [ -65.376827233984699, 18.10388344852516 ], [ -65.377580962663089, 18.103700513699454 ], [ -65.377539821221234, 18.103329376694244 ], [ -65.378382600239576, 18.102786052809702 ], [ -65.378718320138745, 18.10232344559023 ], [ -65.378505845473214, 18.101570423633429 ], [ -65.378608609817604, 18.10133374862799 ], [ -65.378855285373135, 18.101231536070166 ], [ -65.380068157704841, 18.101699399885657 ], [ -65.380287405822941, 18.101349764376018 ], [ -65.380924656152501, 18.10127979050236 ], [ -65.381123416813608, 18.101909098405766 ], [ -65.380732836043251, 18.101876854118785 ], [ -65.381130362790358, 18.103135470373452 ], [ -65.381055021029937, 18.103619573037829 ], [ -65.380924829248116, 18.103608825091452 ], [ -65.380979684122963, 18.104103670995087 ], [ -65.381219586225939, 18.105104115903707 ], [ -65.381891210541099, 18.106507942104521 ], [ -65.385173454795037, 18.107024070662138 ], [ -65.385550321560942, 18.106932600895725 ], [ -65.386249194793038, 18.106254815011418 ], [ -65.386584915263654, 18.105792212946909 ], [ -65.386557487254791, 18.105544784840124 ], [ -65.402831579329884, 18.106888287989982 ], [ -65.40426369977969, 18.107006516295829 ], [ -65.404393891561512, 18.107017264242206 ], [ -65.404524083343333, 18.107028012188586 ], [ -65.404613134254731, 18.106667628284718 ], [ -65.404743326036552, 18.106678376231095 ], [ -65.404558278808437, 18.106172777226114 ], [ -65.404804953792535, 18.106070559513324 ], [ -65.404777526355105, 18.105823136561504 ], [ -65.405037909918747, 18.105844632454261 ], [ -65.404750098917688, 18.105575713609685 ], [ -65.404852863262079, 18.105339038604246 ], [ -65.405257152040534, 18.105494991341804 ], [ -65.405373635814243, 18.105382030837603 ], [ -65.405675160819754, 18.10577466373557 ], [ -65.40557239647535, 18.106011338741013 ], [ -65.405832780038992, 18.106032834633766 ], [ -65.405949257816388, 18.105919868526751 ], [ -65.405894402941527, 18.105425022623113 ], [ -65.406127363921186, 18.105199090856932 ], [ -65.406319178605557, 18.104602026792655 ], [ -65.406579562169199, 18.104623522685412 ], [ -65.406881092599576, 18.105016156031226 ], [ -65.407141476163218, 18.105037651923983 ], [ -65.407024998385836, 18.105150618030997 ], [ -65.407443001168716, 18.105430284821946 ], [ -65.407518337504257, 18.104946181709721 ], [ -65.407388145722436, 18.104935433763345 ], [ -65.407490910066826, 18.104698758757902 ], [ -65.407347004852014, 18.104564301913097 ], [ -65.407477196633835, 18.104575049859477 ], [ -65.407552538394242, 18.104090947195097 ], [ -65.408505027733739, 18.104537320272801 ], [ -65.408669414980665, 18.103692833256705 ], [ -65.409347806752081, 18.103993996388262 ], [ -65.409423143087608, 18.103509893276033 ], [ -65.409930202206795, 18.103429176610966 ], [ -65.409758868983104, 18.103047291659379 ], [ -65.410382405308241, 18.102853603732328 ], [ -65.410211067231117, 18.102471723487856 ], [ -65.410327550433379, 18.102358757828689 ], [ -65.410718125778843, 18.102391001667822 ], [ -65.410731839783281, 18.102514715721217 ], [ -65.411499281894663, 18.102455489793936 ], [ -65.411512995899088, 18.102579203847331 ], [ -65.411862435227576, 18.102240311129098 ], [ -65.411807579781282, 18.101745460070493 ], [ -65.411142902014305, 18.101568010992331 ], [ -65.411115474005442, 18.101320582885545 ], [ -65.410724893235098, 18.101288338598565 ], [ -65.410019074026252, 18.100739752515192 ], [ -65.40975869046261, 18.100718256622436 ], [ -65.409655926118219, 18.100954931627879 ], [ -65.409135153566041, 18.100911939394518 ], [ -65.409121439561616, 18.100788225341127 ], [ -65.408874770002399, 18.100890443501765 ], [ -65.408861055997974, 18.10076672944837 ], [ -65.40783322489807, 18.100804459035047 ], [ -65.407271316328917, 18.100390330244327 ], [ -65.40634625442685, 18.100191380118442 ], [ -65.406044724567906, 18.099798751927594 ], [ -65.405989869121626, 18.099303900868989 ], [ -65.406353022454539, 18.099088722204151 ], [ -65.406325595017123, 18.098841299252332 ], [ -65.404879760562878, 18.098599356893089 ], [ -65.404372702015152, 18.098680078713123 ], [ -65.404084890442633, 18.098411154713585 ], [ -65.403564117890468, 18.098368162480224 ], [ -65.403303734326826, 18.098346666587471 ], [ -65.402954294998338, 18.0986855593057 ], [ -65.40215942544954, 18.098497362281162 ], [ -65.402131997440662, 18.098249934174376 ], [ -65.401556375438531, 18.097712096485228 ], [ -65.401672853215914, 18.097599130378214 ], [ -65.401617998341067, 18.097104284474575 ], [ -65.401083511784464, 18.096937578187823 ], [ -65.400795700783405, 18.096668659343251 ], [ -65.400596940122298, 18.096039351439842 ], [ -65.400309123124899, 18.095770426992452 ], [ -65.399253870012458, 18.095560734075161 ], [ -65.39865081457657, 18.094775467831376 ], [ -65.397869658460763, 18.094710979705262 ], [ -65.396588216678339, 18.093624550777776 ], [ -65.396821172804565, 18.093398623718713 ], [ -65.397485850571542, 18.093576072796875 ], [ -65.397170606708158, 18.093059730552632 ], [ -65.397129465266303, 18.092688593547422 ], [ -65.397362426817409, 18.092462666936207 ], [ -65.398479302832385, 18.092064547842845 ], [ -65.398225686724984, 18.090940388880835 ], [ -65.398081781510172, 18.09080593203603 ], [ -65.397444530609178, 18.090875900754721 ], [ -65.397677486735404, 18.090649973695658 ], [ -65.397492440078722, 18.090144379845643 ], [ -65.397608917856118, 18.090031413738625 ], [ -65.398273596194542, 18.090208867971757 ], [ -65.39834893253007, 18.089724764859529 ], [ -65.398986182859616, 18.089654790985872 ], [ -65.399321908755113, 18.089192189369218 ], [ -65.399726197533568, 18.089348142106775 ], [ -65.400363448434575, 18.089278173388085 ], [ -65.400466212778966, 18.089041498382642 ], [ -65.400281165550851, 18.088535899377661 ], [ -65.40015097376903, 18.088525151431284 ], [ -65.400253738113435, 18.088288476425841 ], [ -65.400774510665599, 18.088331468659202 ], [ -65.40093212988485, 18.088589639557398 ], [ -65.400829365540446, 18.088826314562837 ], [ -65.401350138092624, 18.088869306796198 ], [ -65.401377566101488, 18.089116734902984 ], [ -65.401651663098122, 18.089261939694165 ], [ -65.40200109700173, 18.088923046528084 ], [ -65.401727000005096, 18.088777841736903 ], [ -65.401699571996218, 18.088530413630117 ], [ -65.401918814689452, 18.088180777672626 ], [ -65.402672542796395, 18.087997837691955 ], [ -65.402843881444952, 18.088379723091393 ], [ -65.403234456790415, 18.088411966930526 ], [ -65.403337221134819, 18.088175291925083 ], [ -65.403207029352998, 18.088164543978706 ], [ -65.403179601915568, 18.087917121026887 ], [ -65.403583896118903, 18.088073074212296 ], [ -65.403686660463308, 18.087836399206854 ], [ -65.403974471464366, 18.088105318051429 ], [ -65.404365052234724, 18.08813756233841 ], [ -65.404652863807229, 18.088406486337949 ], [ -65.404694004677651, 18.088777618188193 ], [ -65.404954388241293, 18.088799114080949 ], [ -65.405242205238679, 18.089068038528339 ], [ -65.405605352575279, 18.088852854260686 ], [ -65.405536783695993, 18.088234294303653 ], [ -65.405653262044822, 18.088121333351605 ], [ -65.405468214816707, 18.087615734346624 ], [ -65.405831368149634, 18.087400555681786 ], [ -65.406091751713276, 18.087422051574542 ], [ -65.406249370932528, 18.087680222472738 ], [ -65.407016813043896, 18.087620996545457 ], [ -65.407044241052759, 18.087868424652243 ], [ -65.407318343474287, 18.088013629891275 ], [ -65.407366252943831, 18.087282108982194 ], [ -65.407873311491571, 18.08720138716216 ], [ -65.408017217277816, 18.087335849161931 ], [ -65.409031328948402, 18.087174405074013 ], [ -65.40901761551541, 18.087050696175588 ], [ -65.409812485064222, 18.087238893200126 ], [ -65.40979877163123, 18.087115184301702 ], [ -65.410579927747037, 18.087179672427816 ], [ -65.411450134202809, 18.086883771495096 ], [ -65.412231290318616, 18.086948259621206 ], [ -65.412505392740144, 18.087093464860239 ], [ -65.412573962190862, 18.087712029972234 ], [ -65.413177011630424, 18.088497290613201 ], [ -65.414520081740264, 18.088975907977883 ], [ -65.414458458837728, 18.089583719988539 ], [ -65.41422550328295, 18.089809652202568 ], [ -65.414150160951095, 18.090293749711979 ], [ -65.414019969169274, 18.090283001765602 ], [ -65.414074824615568, 18.090777852824207 ], [ -65.413841868489357, 18.09100377988327 ], [ -65.413766532153815, 18.091487882995498 ], [ -65.414211962374139, 18.092014972738266 ], [ -65.414376528141574, 18.093499520759114 ], [ -65.414691772004943, 18.094015863003357 ], [ -65.414732913446812, 18.094387000008567 ], [ -65.414863105228633, 18.094397747954943 ], [ -65.415349676890798, 18.095295974702925 ], [ -65.415623779883759, 18.095441185096924 ], [ -65.415808827111874, 18.095946784101905 ], [ -65.416644838102542, 18.096506118131657 ], [ -65.416137779554802, 18.096586839951691 ], [ -65.415993873768542, 18.09645237795192 ], [ -65.415212717652736, 18.096387889825806 ], [ -65.414924906651663, 18.096118970981234 ], [ -65.414774227984282, 18.097087171602869 ], [ -65.414986702649827, 18.097840193559669 ], [ -65.414911365742853, 18.098324291516931 ], [ -65.415199182168806, 18.098593210809355 ], [ -65.415425370838776, 18.099469946819546 ], [ -65.415740609277265, 18.099986288615938 ], [ -65.41775512518177, 18.099539697144493 ], [ -65.418159414531672, 18.099695655037021 ], [ -65.41846094496205, 18.100088288382835 ], [ -65.419440861738977, 18.100782084412355 ], [ -65.420859268184344, 18.100776598664812 ], [ -65.422044713650052, 18.100997044683453 ], [ -65.422538058764786, 18.100792613964991 ], [ -65.423579598444249, 18.100878597983861 ], [ -65.424984290885178, 18.100749398182923 ], [ -65.425450208562495, 18.100297544512646 ], [ -65.426203937240885, 18.100114609686941 ], [ -65.427019288250364, 18.099323857695616 ], [ -65.426806813584832, 18.098570835738816 ], [ -65.426937005366653, 18.098581583685192 ], [ -65.426649194365581, 18.098312664840616 ], [ -65.426710817268116, 18.097704852829963 ], [ -65.426148903274097, 18.097290723591396 ], [ -65.425518425825658, 18.096258034843643 ], [ -65.425607476165624, 18.09589764578481 ], [ -65.426244727066617, 18.095827677066119 ], [ -65.426477682621396, 18.09560174485209 ], [ -65.425347092601982, 18.095876149892053 ], [ -65.425244322832697, 18.096112824449644 ], [ -65.424737269709851, 18.096193546717529 ], [ -65.42475098371429, 18.096317260770924 ], [ -65.423305149260045, 18.096075318411678 ], [ -65.422277318160141, 18.096113047998355 ], [ -65.420516245267422, 18.095354763842721 ], [ -65.420269575136771, 18.095456976848393 ], [ -65.420255861703779, 18.095333267949965 ], [ -65.419721375147176, 18.095166561663213 ], [ -65.418535929681468, 18.094946115644575 ], [ -65.417713632123792, 18.094510490513251 ], [ -65.416918762574994, 18.094322293488712 ], [ -65.41622665679914, 18.093897416303765 ], [ -65.415575692465154, 18.093843676124028 ], [ -65.415233020592908, 18.093079905772999 ], [ -65.415363217799609, 18.093090654167227 ], [ -65.415322076357754, 18.092719517162017 ], [ -65.41565779682837, 18.092256915097508 ], [ -65.415589227949084, 18.091638355140478 ], [ -65.415781047486888, 18.091041286369087 ], [ -65.416246959739325, 18.090589432250958 ], [ -65.41662382650523, 18.090497962484548 ], [ -65.417028115855132, 18.090653920377072 ], [ -65.417507746965441, 18.090325775605219 ], [ -65.417308986304334, 18.08969646770181 ], [ -65.416849836654706, 18.089045663457799 ], [ -65.416938886994672, 18.088685274398966 ], [ -65.416753839766557, 18.088179675393985 ], [ -65.417103279095045, 18.087840782675752 ], [ -65.417493854440508, 18.087873026514885 ], [ -65.417665187664184, 18.088254911466475 ], [ -65.417939290657145, 18.08840012186047 ], [ -65.417925576652706, 18.088276407807079 ], [ -65.418185960216363, 18.088297903699832 ], [ -65.418172246783357, 18.088174194801407 ], [ -65.419131509003989, 18.087517905257702 ], [ -65.419220559343941, 18.087157516198868 ], [ -65.41894645635098, 18.087012305804869 ], [ -65.419179417902086, 18.086786379193654 ], [ -65.419021798682834, 18.086528208295459 ], [ -65.419124563027239, 18.086291533290019 ], [ -65.418994371245418, 18.086280785343639 ], [ -65.418809318592423, 18.08577518589081 ], [ -65.418939515799124, 18.085785934285035 ], [ -65.4188572329154, 18.085043660274614 ], [ -65.418987424697221, 18.085054408220991 ], [ -65.419076475037187, 18.084694019162157 ], [ -65.419336858600829, 18.08471551505491 ], [ -65.419508191824519, 18.0850974000065 ], [ -65.41975486738005, 18.084995187448676 ], [ -65.419782294817466, 18.085242610400496 ], [ -65.419912486599287, 18.085253358346872 ], [ -65.419885059161871, 18.085005935395056 ], [ -65.420289347940326, 18.085161888132614 ], [ -65.420392117709596, 18.084925213575019 ], [ -65.421173273825417, 18.084989701701133 ], [ -65.42097450773943, 18.084360393349876 ], [ -65.421090990941693, 18.084247427690713 ], [ -65.421022422062407, 18.08362886773368 ], [ -65.422543592852179, 18.083386706980697 ], [ -65.422845117857676, 18.083779339878664 ], [ -65.422886259299531, 18.084150476883874 ], [ -65.422667017177758, 18.084500117996331 ], [ -65.422852063834426, 18.085005711846346 ], [ -65.422632816287759, 18.085355352510952 ], [ -65.422660243725176, 18.085602775462771 ], [ -65.422530051943355, 18.085592027516395 ], [ -65.422557479952232, 18.08583945562318 ], [ -65.42298920216443, 18.086242836915375 ], [ -65.423174248821113, 18.08674843076539 ], [ -65.424010260383213, 18.087307769950105 ], [ -65.425051800062661, 18.087393753968975 ], [ -65.425675336387783, 18.087200066041923 ], [ -65.426024776287719, 18.08686117847866 ], [ -65.425969920841425, 18.086366327420055 ], [ -65.425565626066643, 18.086210369079684 ], [ -65.425538198629212, 18.085962946127864 ], [ -65.425408006847391, 18.085952198181488 ], [ -65.425428488308071, 18.084973249165621 ], [ -65.425126963302574, 18.084580616267655 ], [ -65.425017252981434, 18.083590919305415 ], [ -65.424297719768163, 18.082918619168648 ], [ -65.424270292330732, 18.082671196216829 ], [ -65.424804778315888, 18.082837897348615 ], [ -65.425037734442114, 18.082611970289548 ], [ -65.425298118005756, 18.082633466182305 ], [ -65.425284404001317, 18.08250975212891 ], [ -65.425544792989839, 18.082531248469515 ], [ -65.425572220998717, 18.0827786765763 ], [ -65.425976509777172, 18.082934629313858 ], [ -65.426134129567856, 18.083192805367023 ], [ -65.426367090547515, 18.082966873600839 ], [ -65.426627474111157, 18.082988369493595 ], [ -65.426613760678165, 18.08286466059517 ], [ -65.426901577104118, 18.083133579887591 ], [ -65.426942718545973, 18.083504716892804 ], [ -65.427984258225422, 18.083590700911671 ], [ -65.428100736002818, 18.083477734804656 ], [ -65.428114450007243, 18.083601448858047 ], [ -65.428765414341242, 18.083655189037785 ], [ -65.429587711898904, 18.084090814169109 ], [ -65.429978287244367, 18.084123058008242 ], [ -65.429992000677359, 18.084246766906666 ], [ -65.430238676232904, 18.084144554348846 ], [ -65.430526487233962, 18.084413473193418 ], [ -65.430889640566889, 18.084198294528584 ], [ -65.431129542669851, 18.085198739437203 ], [ -65.43099935088803, 18.085187991490823 ], [ -65.430793816774354, 18.085661341053857 ], [ -65.430183993882224, 18.085978737879334 ], [ -65.429923610318582, 18.085957241986577 ], [ -65.429437211752031, 18.087388049827688 ], [ -65.429793597057269, 18.088275529077141 ], [ -65.429183774165139, 18.088592925902617 ], [ -65.42864252015228, 18.089528882685123 ], [ -65.42868366159415, 18.089900019690337 ], [ -65.430006244818415, 18.091357585623033 ], [ -65.433322867911414, 18.093347509548003 ], [ -65.435851382915516, 18.09404656777636 ], [ -65.437543886928964, 18.094186291974964 ], [ -65.437660365277793, 18.094073331022916 ], [ -65.439208963504981, 18.094078593221749 ], [ -65.440846618068448, 18.093723471964566 ], [ -65.440832904064024, 18.093599757911171 ], [ -65.44144272153126, 18.093282360637847 ], [ -65.442025116985974, 18.092717540860551 ], [ -65.442401983751893, 18.092626071094141 ], [ -65.442867896004316, 18.092174216976012 ], [ -65.443278958235339, 18.09122751224713 ], [ -65.443128106472344, 18.089866678279677 ], [ -65.443731161336785, 18.090651939368492 ], [ -65.44511537288848, 18.091501693738387 ], [ -65.44780150768328, 18.092458928019905 ], [ -65.448925330246453, 18.093287186049196 ], [ -65.451063269905092, 18.093954000438419 ], [ -65.452091096151548, 18.093916275558861 ], [ -65.452509104359322, 18.094195942797661 ], [ -65.454475711365731, 18.094480877390264 ], [ -65.454660758022399, 18.094986471240279 ], [ -65.455195239154122, 18.09515317707918 ], [ -65.456627359603928, 18.095271405385031 ], [ -65.456613645599489, 18.095147691331636 ], [ -65.457004226369833, 18.095179935618617 ], [ -65.457237182496058, 18.094954008559554 ], [ -65.458367777940353, 18.094679603967439 ], [ -65.459381890182385, 18.094518165034486 ], [ -65.45978618438572, 18.094674118219896 ], [ -65.460163046298192, 18.0945826531606 ], [ -65.461643075646094, 18.093969355402404 ], [ -65.463698732992469, 18.09389390093617 ], [ -65.464568939448242, 18.09359800000345 ], [ -65.465103425433398, 18.093764701135235 ], [ -65.465144566875253, 18.094135838140446 ], [ -65.465822959218116, 18.094437006426968 ], [ -65.465864100088524, 18.094808138277212 ], [ -65.466282103442865, 18.095087810223131 ], [ -65.467858129107469, 18.095340495373783 ], [ -65.468858532769957, 18.095055342835291 ], [ -65.469207967244998, 18.094716454824177 ], [ -65.469584834010917, 18.094624985057767 ], [ -65.469571120006478, 18.094501271004372 ], [ -65.470194656903047, 18.09430758823229 ], [ -65.471469152708721, 18.094167645192094 ], [ -65.471702114259813, 18.093941718580879 ], [ -65.472496983808625, 18.094129915605418 ], [ -65.472846417712219, 18.093791022439341 ], [ -65.473600146390609, 18.093608087613635 ], [ -65.47358643238617, 18.093484373560241 ], [ -65.474641691494952, 18.093694072080353 ], [ -65.474627977490513, 18.093570358026959 ], [ -65.476176576289149, 18.093575625380762 ], [ -65.476409531843927, 18.093349693166729 ], [ -65.477190687959734, 18.093414181292843 ], [ -65.477334593745979, 18.093548643292614 ], [ -65.479534156307167, 18.093607645671185 ], [ -65.481898106115281, 18.092822161033659 ], [ -65.48379614424239, 18.092488535669229 ], [ -65.484782828475559, 18.092079668629495 ], [ -65.485303601027724, 18.092122660862852 ], [ -65.485653040927659, 18.091783773299589 ], [ -65.487393453839204, 18.091191971434146 ], [ -65.487379739834765, 18.091068257380755 ], [ -65.487640123398407, 18.091089753273508 ], [ -65.487873084949513, 18.090863826662297 ], [ -65.487831943507658, 18.090492689657083 ], [ -65.488263660294976, 18.090896070501426 ], [ -65.489277777961888, 18.090734632016325 ], [ -65.489497020083675, 18.090384990903868 ], [ -65.490004078631415, 18.090304269083834 ], [ -65.490586468661235, 18.08973944885869 ], [ -65.4921829812114, 18.089013185441328 ], [ -65.492285745555805, 18.088776510435888 ], [ -65.492779090670552, 18.088572079717427 ], [ -65.492881855014943, 18.088335404711987 ], [ -65.494307028916552, 18.087227255895186 ], [ -65.49480036860642, 18.087022824728876 ], [ -65.494772941168989, 18.086775401777057 ], [ -65.495149807934908, 18.086683932010644 ], [ -65.49548552840551, 18.086221329946138 ], [ -65.497808342196649, 18.085064708751254 ], [ -65.498884076769784, 18.084295452652682 ], [ -65.499144465758306, 18.084316948993287 ], [ -65.498973127109736, 18.083935063593849 ], [ -65.499391135888956, 18.084214735987615 ], [ -65.49963780544816, 18.084112517826977 ], [ -65.499781711234419, 18.084246979826748 ], [ -65.500172292004763, 18.084279224113729 ], [ -65.500158578000338, 18.084155510060338 ], [ -65.500562872775106, 18.08431146840071 ], [ -65.500665636548064, 18.084074788240301 ], [ -65.500939734116145, 18.084219998186448 ], [ -65.501172690242356, 18.083994071127385 ], [ -65.501186403675348, 18.08411778002581 ], [ -65.501563271012714, 18.084026315414366 ], [ -65.501707176227526, 18.084160772259171 ], [ -65.501693462794535, 18.084037063360743 ], [ -65.50209775699787, 18.084193016546152 ], [ -65.502084043564878, 18.084069307647727 ], [ -65.502591096687723, 18.083988585379842 ], [ -65.502693861032128, 18.083751910374399 ], [ -65.502824058238829, 18.083762658768627 ], [ -65.50285148567626, 18.084010081720447 ], [ -65.503242061021723, 18.084042325559579 ], [ -65.503084441802471, 18.083784154661384 ], [ -65.503214633584292, 18.08379490260776 ], [ -65.503372252803544, 18.084053073505956 ], [ -65.503776547578326, 18.084209031846331 ], [ -65.504687895475953, 18.084284267918822 ], [ -65.504975706477026, 18.084553186763394 ], [ -65.505366287247369, 18.084585431050375 ], [ -65.506195352261287, 18.083918393112445 ], [ -65.506284402601239, 18.083558004053611 ], [ -65.506750320278556, 18.08310615038333 ], [ -65.507243665393304, 18.082901719664871 ], [ -65.507908337735401, 18.083079168295182 ], [ -65.508497679166851, 18.083740720485572 ], [ -65.509751698936739, 18.084579726909091 ], [ -65.511314011168352, 18.084708703161319 ], [ -65.51130029773536, 18.08458499426289 ], [ -65.512067739846742, 18.084525768335613 ], [ -65.51225278650341, 18.085031362185628 ], [ -65.512526884071491, 18.085176572131775 ], [ -65.513815098735037, 18.085160338437856 ], [ -65.513801385302045, 18.085036629539427 ], [ -65.514061768865687, 18.085058125432184 ], [ -65.514048054861249, 18.084934411378789 ], [ -65.5144249221986, 18.084842946767345 ], [ -65.514774356102208, 18.084504053601265 ], [ -65.515164936872566, 18.084536297888249 ], [ -65.515322556091803, 18.084794468786445 ], [ -65.516103712207624, 18.084858956912559 ], [ -65.516089998203185, 18.084735242859164 ], [ -65.516597057322358, 18.084654526194097 ], [ -65.516830012877136, 18.084428593980064 ], [ -65.516973918663396, 18.084563055979835 ], [ -65.516871154318991, 18.084799730985278 ], [ -65.518447180555057, 18.085052421290897 ], [ -65.518748710985435, 18.085445054636715 ], [ -65.519139286330898, 18.085477298475844 ], [ -65.51942709733197, 18.08574621732042 ], [ -65.519413383327532, 18.085622503267025 ], [ -65.520208253447777, 18.085810705446534 ], [ -65.520653689664414, 18.086337800792119 ], [ -65.521448559213226, 18.086525997816658 ], [ -65.521825426550578, 18.086434533205214 ], [ -65.522935535109312, 18.08713907718111 ], [ -65.524511560773931, 18.087391762331766 ], [ -65.525087188772389, 18.087929605623728 ], [ -65.525114616209819, 18.088177028575547 ], [ -65.52580672198566, 18.088601905760495 ], [ -65.526992167451368, 18.088822351779132 ], [ -65.527499225999108, 18.088741629959099 ], [ -65.528047420563823, 18.089032044696427 ], [ -65.531329670242627, 18.089548173701893 ], [ -65.531343383675619, 18.089671882600317 ], [ -65.532426064796937, 18.090129003624398 ], [ -65.533727993464922, 18.090236483983873 ], [ -65.534406385236338, 18.090537647115426 ], [ -65.535057349570323, 18.090591387295163 ], [ -65.535112205016617, 18.091086238353768 ], [ -65.535400016017675, 18.09135515719834 ], [ -65.535934502574278, 18.091521863485092 ], [ -65.535920788569854, 18.091398149431701 ], [ -65.536311363915317, 18.09143039327083 ], [ -65.53619488613792, 18.091543359377848 ], [ -65.536249741012782, 18.092038205281483 ], [ -65.536606121464573, 18.092925689238054 ], [ -65.537154321454167, 18.093216104423231 ], [ -65.538065669351795, 18.093291340495725 ], [ -65.538483677559569, 18.093571007734525 ], [ -65.539004444686853, 18.093613999520031 ], [ -65.539826742244529, 18.094049624651358 ], [ -65.540347514796693, 18.094092616884716 ], [ -65.540361228801132, 18.09421633093811 ], [ -65.54140276848058, 18.094302314956977 ], [ -65.541519251682857, 18.09418934929781 ], [ -65.541937254465736, 18.094469016088762 ], [ -65.541923541032745, 18.094345307190338 ], [ -65.542238784896128, 18.094861649434577 ], [ -65.542108587689427, 18.094850901040353 ], [ -65.542149729131282, 18.095222038045563 ], [ -65.542423832124243, 18.095367248439558 ], [ -65.542464973566098, 18.095738385444772 ], [ -65.54275278456717, 18.096007304289344 ], [ -65.543664132464798, 18.096082540361834 ], [ -65.54378061024218, 18.09596957425482 ], [ -65.543951948890751, 18.096351459654258 ], [ -65.544342524236214, 18.096383703493391 ], [ -65.545582830001649, 18.097098995863515 ], [ -65.546247508340073, 18.097276450096643 ], [ -65.54644626900118, 18.097905758000053 ], [ -65.546124257110122, 18.098492073670101 ], [ -65.546871218332257, 18.099411801913654 ], [ -65.546953501215981, 18.100154075924078 ], [ -65.547097406430794, 18.100288532768879 ], [ -65.546994642086403, 18.100525207774322 ], [ -65.548406281075515, 18.101622385096036 ], [ -65.548577614299205, 18.102004270047626 ], [ -65.548659897182915, 18.10274654405805 ], [ -65.548296743849988, 18.102961722722885 ], [ -65.548221407514461, 18.103445825835113 ], [ -65.548707984601521, 18.104344053030943 ], [ -65.54926989317066, 18.104758181821666 ], [ -65.549804379727263, 18.104924888108417 ], [ -65.550955629727866, 18.106000569089527 ], [ -65.551777932710422, 18.106436194668699 ], [ -65.552524887936229, 18.107355917309437 ], [ -65.553607574482427, 18.107813038781366 ], [ -65.553621288486866, 18.10793675283476 ], [ -65.555498839156982, 18.108582070883379 ], [ -65.555930561369181, 18.10898545217557 ], [ -65.555957988806611, 18.10923287512739 ], [ -65.555608549478123, 18.109571767845619 ], [ -65.555649690919978, 18.109942904850833 ], [ -65.55515634580523, 18.110147335569291 ], [ -65.55471786156167, 18.110846617794206 ], [ -65.55495099620839, 18.112949725772083 ], [ -65.554745462666148, 18.113423080490083 ], [ -65.555156702846233, 18.114805405643175 ], [ -65.554690785740362, 18.115257264468418 ], [ -65.554485257623014, 18.11573061963427 ], [ -65.55441686126791, 18.117441089111363 ], [ -65.555218677364891, 18.118855663258554 ], [ -65.55523239136933, 18.118979377311945 ], [ -65.554972007805688, 18.118957881419192 ], [ -65.555054290689398, 18.119700155429616 ], [ -65.555568289789008, 18.120845805129413 ], [ -65.555636859239726, 18.121464370241412 ], [ -65.555547808328328, 18.12182475414528 ], [ -65.55530113876911, 18.121926972305918 ], [ -65.555383421652834, 18.122669246316342 ], [ -65.555856279882008, 18.123443764165895 ], [ -65.557596876738941, 18.125180997785243 ], [ -65.557665445618227, 18.125799557742276 ], [ -65.558357545969201, 18.126224434479372 ], [ -65.558124589842976, 18.126450361538438 ], [ -65.557357147731608, 18.126509587465716 ], [ -65.556925425519395, 18.126106206173525 ], [ -65.553848715379132, 18.125116728052873 ], [ -65.550840568693275, 18.124745809441404 ], [ -65.550258173810022, 18.125310634373665 ], [ -65.549634636913453, 18.125504317145747 ], [ -65.549298911017956, 18.125966918762405 ], [ -65.54857261034843, 18.126397281694896 ], [ -65.546619722771354, 18.126236061603535 ], [ -65.544844930449301, 18.125354062946659 ], [ -65.543919869118682, 18.125155117975741 ], [ -65.543933582551674, 18.125278826874169 ], [ -65.543022234654046, 18.125203590801675 ], [ -65.543035948658471, 18.12532730485507 ], [ -65.541514777868713, 18.125569465608056 ], [ -65.541425727528747, 18.125929854666889 ], [ -65.540281418080014, 18.126080545205614 ], [ -65.540267704075589, 18.125956831152219 ], [ -65.539616739741589, 18.125903090972482 ], [ -65.538636822964676, 18.125209294942962 ], [ -65.537698047629618, 18.124886635918653 ], [ -65.535094195718543, 18.124671675647559 ], [ -65.535107909151534, 18.124795384545983 ], [ -65.534470658821974, 18.12486535841964 ], [ -65.534484372826412, 18.124989072473031 ], [ -65.533963600274248, 18.124946080239674 ], [ -65.531811946611171, 18.12415555179706 ], [ -65.529831631025218, 18.123746903598914 ], [ -65.525041925132513, 18.123596654554792 ], [ -65.524432101668936, 18.123914046225298 ], [ -65.523664659557554, 18.123973272152579 ], [ -65.52280816710622, 18.124392887138693 ], [ -65.520910134403977, 18.124726512950971 ], [ -65.519923444745942, 18.125135379542858 ], [ -65.51815560382552, 18.125479753301516 ], [ -65.517504639491534, 18.125426013121778 ], [ -65.516764624817583, 18.125732662000875 ], [ -65.51637404404724, 18.125700417713894 ], [ -65.516387758051664, 18.125824131767288 ], [ -65.515997182706201, 18.125791887928155 ], [ -65.516010896139193, 18.12591559682658 ], [ -65.515387359814071, 18.126109284753632 ], [ -65.514702200014966, 18.126910779536367 ], [ -65.514441816451324, 18.126889283643614 ], [ -65.514455530455763, 18.127012997697005 ], [ -65.514195141467241, 18.1269915013564 ], [ -65.513585324, 18.127308898629725 ], [ -65.512310822769436, 18.127448841222073 ], [ -65.511961383440948, 18.127787733940302 ], [ -65.511817477654688, 18.127653271940531 ], [ -65.511310419106948, 18.127733993760565 ], [ -65.511324132539954, 18.127857702658993 ], [ -65.510700601639712, 18.128051391033893 ], [ -65.510714315072704, 18.128175099932317 ], [ -65.510207256524964, 18.128255821752351 ], [ -65.509624861070265, 18.128820641529646 ], [ -65.508062548838637, 18.128691665277419 ], [ -65.507103292042899, 18.129347955268972 ], [ -65.505828790812345, 18.129487897861321 ], [ -65.505842504816783, 18.129611611914711 ], [ -65.505116203575824, 18.130041969692236 ], [ -65.50514363101324, 18.130289392644055 ], [ -65.504910670033581, 18.130515324410236 ], [ -65.502711112325855, 18.130456317324551 ], [ -65.502231481215532, 18.130784462096404 ], [ -65.500655455550927, 18.130531776945748 ], [ -65.499237048534113, 18.130537257538325 ], [ -65.499250762538551, 18.13066097159172 ], [ -65.496701760077443, 18.130940856776412 ], [ -65.496091942610192, 18.131258254049737 ], [ -65.494810673923396, 18.132500859711339 ], [ -65.494618853814146, 18.133097923327767 ], [ -65.494269419910552, 18.133436816493845 ], [ -65.493008632684422, 18.133700473139587 ], [ -65.492282332014909, 18.134130836072078 ], [ -65.492426237229722, 18.134265292916879 ], [ -65.492775849653825, 18.136255434787742 ], [ -65.493145948963488, 18.137266628090586 ], [ -65.49404393504426, 18.141876224890684 ], [ -65.494825269680561, 18.144269748053738 ], [ -65.49484592966175, 18.145619834074814 ], [ -65.49529135988206, 18.146146923817586 ], [ -65.495174882104678, 18.1462598899246 ], [ -65.495298306430243, 18.147373300940234 ], [ -65.495051636299593, 18.147475513945906 ], [ -65.494921444517772, 18.14746476599953 ], [ -65.494811734196631, 18.146475069037287 ], [ -65.494667823556938, 18.146340611744634 ], [ -65.493982312141711, 18.142484036901337 ], [ -65.493838406355465, 18.142349574901569 ], [ -65.493714982601333, 18.141236169040901 ], [ -65.493317460707672, 18.139977548079116 ], [ -65.492460611215336, 18.135739092991351 ], [ -65.491247738312197, 18.135271224020894 ], [ -65.488123108424077, 18.135013271068587 ], [ -65.485690589736677, 18.135180195749083 ], [ -65.483950176825132, 18.135771997614523 ], [ -65.483717215274027, 18.135997924225737 ], [ -65.483929695364452, 18.136750946630389 ], [ -65.479763525796869, 18.136407009659216 ], [ -65.477885974555306, 18.135761686455631 ], [ -65.477365202003142, 18.135718694222273 ], [ -65.476234606558847, 18.135993098814389 ] ] ], [ [ [ -65.380908231839413, 18.15582654133722 ], [ -65.3802709863633, 18.155896510503762 ], [ -65.379736500378129, 18.155729809371977 ], [ -65.379291064161492, 18.155202714026391 ], [ -65.378133046704647, 18.155229696114539 ], [ -65.377989140918402, 18.155095234114768 ], [ -65.378002854922826, 18.155218948168159 ], [ -65.377495795803654, 18.155299664833226 ], [ -65.377207984802581, 18.155030745988654 ], [ -65.37722169880702, 18.155154460042048 ], [ -65.376700926254856, 18.155111467808688 ], [ -65.376413115253783, 18.154842548964115 ], [ -65.375789578357214, 18.155036231736197 ], [ -65.374980994803977, 18.154724320658264 ], [ -65.374487649689243, 18.154928751376726 ], [ -65.374261461019273, 18.154052015366531 ], [ -65.374001077455631, 18.154030519473778 ], [ -65.373535160349746, 18.154482378299022 ], [ -65.373274771361224, 18.154460881958418 ], [ -65.372986960360151, 18.154191963113846 ], [ -65.372335996026166, 18.154138222934108 ], [ -65.372219517677337, 18.154251183886156 ], [ -65.37191799267184, 18.15385855098819 ], [ -65.372034471020669, 18.153745590036142 ], [ -65.371979615574375, 18.153250738977537 ], [ -65.37128750979852, 18.152825861792589 ], [ -65.370376161900893, 18.152750625720099 ], [ -65.37008835089982, 18.152481706875527 ], [ -65.368711085896308, 18.15285832962828 ], [ -65.368162885335281, 18.152567909288138 ], [ -65.368046407557884, 18.152680875395152 ], [ -65.368101262432745, 18.153175721298791 ], [ -65.367566776447575, 18.153009020167005 ], [ -65.367121345655818, 18.152481925269267 ], [ -65.366860956667296, 18.152460428928663 ], [ -65.366251133775165, 18.152777825754139 ], [ -65.365353499881962, 18.15282630373504 ], [ -65.364921783094644, 18.152422922890697 ], [ -65.365024547439035, 18.152186247885258 ], [ -65.364633966668691, 18.152154003598273 ], [ -65.36366776332477, 18.151583916467178 ], [ -65.363146990772606, 18.151540924233821 ], [ -65.362941462655243, 18.152014279399669 ], [ -65.362523459300917, 18.151734607453754 ], [ -65.362317925758688, 18.152207962171754 ], [ -65.362174019972429, 18.152073500171984 ], [ -65.362091737660151, 18.151331231316526 ], [ -65.361803926087646, 18.151062307316987 ], [ -65.360591047759627, 18.150594437898679 ], [ -65.359583703545283, 18.14965321891734 ], [ -65.35617126265609, 18.149126347120461 ], [ -65.354684292184885, 18.148513268203857 ], [ -65.353498841865729, 18.148292826892337 ], [ -65.352471015619273, 18.148330551771895 ], [ -65.3516556591849, 18.149121303315372 ], [ -65.350079632948848, 18.14886861300975 ], [ -65.347256538915985, 18.149003293851113 ], [ -65.346187566374226, 18.148669886432575 ], [ -65.345221363030305, 18.14809979930148 ], [ -65.344433260937748, 18.146808939207684 ], [ -65.344042685592285, 18.146776695368551 ], [ -65.343754869166332, 18.146507776076131 ], [ -65.343542394500787, 18.145754754119327 ], [ -65.343069536271614, 18.144980236269774 ], [ -65.341931994850555, 18.144028268894207 ], [ -65.340314827172648, 18.143404441583375 ], [ -65.339273287493199, 18.143318457564508 ], [ -65.338053641708925, 18.143953251215457 ], [ -65.337156007244289, 18.144001724041395 ], [ -65.336662662700988, 18.14420615991482 ], [ -65.336429706574776, 18.144432086973886 ], [ -65.336484561449623, 18.144926932877521 ], [ -65.336306460769691, 18.145647710995192 ], [ -65.33617626356299, 18.145636962600964 ], [ -65.335470444354158, 18.145088376517588 ], [ -65.333709371461424, 18.144330092361955 ], [ -65.333318796115961, 18.144297848522822 ], [ -65.331818106215437, 18.143561055104975 ], [ -65.330235134002635, 18.142081992831674 ], [ -65.328432919668046, 18.140952571670827 ], [ -65.328131389809101, 18.140559943479978 ], [ -65.327610622681817, 18.140516951694469 ], [ -65.326918516905963, 18.140092074509521 ], [ -65.326452599228645, 18.140543928179799 ], [ -65.325671443112839, 18.140479440053685 ], [ -65.32531506323248, 18.139591961252084 ], [ -65.324636670889632, 18.139290792965561 ], [ -65.324054276006365, 18.139855617897823 ], [ -65.323663700660902, 18.13982337405869 ], [ -65.323149695564979, 18.138677718756075 ], [ -65.322224633662913, 18.13847876863019 ], [ -65.321875194334424, 18.138817661348419 ], [ -65.3214983329934, 18.138909131562681 ], [ -65.321066610781187, 18.138505750270486 ], [ -65.321169375125578, 18.138269075265047 ], [ -65.321011755334894, 18.138010899211881 ], [ -65.319408302232858, 18.13751079110941 ], [ -65.318784765336289, 18.137704473881495 ], [ -65.31895610398486, 18.138086359280933 ], [ -65.318565523214502, 18.138054114993952 ], [ -65.318133801002304, 18.137650733701758 ], [ -65.31746912808876, 18.137473279916478 ], [ -65.317311503444628, 18.137215108570434 ], [ -65.314228020423243, 18.137328293071189 ], [ -65.313940209422171, 18.137059374226617 ], [ -65.313899067980316, 18.136688237221406 ], [ -65.31358382897038, 18.136171890270045 ], [ -65.313152106758182, 18.135768508977854 ], [ -65.312343523204945, 18.135456597899921 ], [ -65.311994089301336, 18.135795491066002 ], [ -65.310952544196994, 18.135709506599284 ], [ -65.310664733195935, 18.135440587754708 ], [ -65.310753783535887, 18.135080198695874 ], [ -65.310438544525965, 18.134563851744517 ], [ -65.308951569201312, 18.133950777535031 ], [ -65.308835090852483, 18.134063738487079 ], [ -65.308184126518483, 18.134009998307342 ], [ -65.307588017630792, 18.134451109186209 ], [ -65.307498967290826, 18.134811498245043 ], [ -65.307971824948567, 18.135586010939633 ], [ -65.307896488613039, 18.136070114051858 ], [ -65.306882376371007, 18.13623155298481 ], [ -65.306478082167672, 18.136075599799401 ], [ -65.306491795600664, 18.136199308697829 ], [ -65.305840831266678, 18.136145568518092 ], [ -65.305738067493721, 18.136382248678501 ], [ -65.305347492148258, 18.136350004839368 ], [ -65.305361205581249, 18.136473713737796 ], [ -65.304867860466501, 18.136678144456255 ], [ -65.304347087914337, 18.136635152222897 ], [ -65.304244324141379, 18.136871832383303 ], [ -65.304086704350695, 18.136613656330141 ], [ -65.303319262239313, 18.136672882257422 ], [ -65.302729920807863, 18.136011330067031 ], [ -65.301777431468366, 18.135564956989327 ], [ -65.30160609824469, 18.135183072037741 ], [ -65.301331995251729, 18.135037861643742 ], [ -65.301304567814313, 18.134790438691923 ], [ -65.300900279035844, 18.134634485954365 ], [ -65.300701517803304, 18.134005172895993 ], [ -65.300441128814782, 18.133983676555388 ], [ -65.299735315030816, 18.133435090919864 ], [ -65.299070636692392, 18.133257636686736 ], [ -65.298837675712733, 18.133483568452917 ], [ -65.29844710036727, 18.133451324613784 ], [ -65.29788518637325, 18.133037195375213 ], [ -65.296802505251932, 18.132580074351132 ], [ -65.294390468025213, 18.131768050015761 ], [ -65.293540742458674, 18.131084996777652 ], [ -65.29301996990651, 18.131042004544295 ], [ -65.292930919566544, 18.131402393603128 ], [ -65.292554052800639, 18.131493863369538 ], [ -65.292149763450738, 18.131337905477015 ], [ -65.292108622008882, 18.130966768471801 ], [ -65.291546708586296, 18.130552644388199 ], [ -65.290388690558004, 18.130579621321381 ], [ -65.290560023781694, 18.130961506272968 ], [ -65.290183157015775, 18.131052976039381 ], [ -65.290011823792099, 18.130671091087791 ], [ -65.2893608594581, 18.130617350908054 ], [ -65.288668753682259, 18.130192473723106 ], [ -65.288017789348274, 18.130138733543369 ], [ -65.287784833222048, 18.130364660602435 ], [ -65.287161296325493, 18.130558343374517 ], [ -65.286839290430748, 18.131144664647383 ], [ -65.28682557642631, 18.131020950593989 ], [ -65.286448709660405, 18.131112420360402 ], [ -65.286462423093397, 18.131236129258827 ], [ -65.286071847747934, 18.131203885419694 ], [ -65.285640125535721, 18.130800504127503 ], [ -65.285612698098291, 18.130553081175684 ], [ -65.284392879218416, 18.128858840237541 ], [ -65.283097718006687, 18.127648696808812 ], [ -65.281713511879872, 18.126798942886769 ], [ -65.28038415577447, 18.126444039575475 ], [ -65.279356324674566, 18.126481769162151 ], [ -65.278191539190033, 18.12761140916459 ], [ -65.278260108069318, 18.12822996912162 ], [ -65.278993355287028, 18.129025983311777 ], [ -65.278876872084751, 18.129138948970944 ], [ -65.278225913175646, 18.129085209239058 ], [ -65.277807904396425, 18.128805536845292 ], [ -65.276608740072845, 18.128461381480378 ], [ -65.276320929071773, 18.128192462635806 ], [ -65.275800156519608, 18.128149470402445 ], [ -65.27536843973229, 18.127746089558102 ], [ -65.274429664397232, 18.127423430533792 ], [ -65.273257927511068, 18.127326698120697 ], [ -65.272257529273475, 18.127611851107041 ], [ -65.271675133818775, 18.128176670884333 ], [ -65.271599796911801, 18.128660768841595 ], [ -65.271915035921737, 18.129177115792952 ], [ -65.271983604801022, 18.129795675749985 ], [ -65.271750648674796, 18.130021602809048 ], [ -65.270578911788647, 18.129924870395953 ], [ -65.270435006573834, 18.129790413551149 ], [ -65.268941263221492, 18.130279997255954 ], [ -65.268708307095281, 18.130505924315017 ], [ -65.268804303411983, 18.131371907223865 ], [ -65.268701534214145, 18.131608586936427 ], [ -65.267454465845901, 18.131995952928442 ], [ -65.266625400831984, 18.132662990866372 ], [ -65.265974436497999, 18.132609250686638 ], [ -65.266385493304142, 18.131662545509904 ], [ -65.266344351862273, 18.131291408504694 ], [ -65.265796157297572, 18.131000993767366 ], [ -65.265145192963573, 18.130947253587628 ], [ -65.264439373183293, 18.130398662349286 ], [ -65.264528423523259, 18.130038273290452 ], [ -65.264398231741438, 18.130027525344076 ], [ -65.264370804304008, 18.129780102392257 ], [ -65.264617473863225, 18.129677884231619 ], [ -65.264000710419225, 18.128768909537261 ], [ -65.263308604643385, 18.128344032352313 ], [ -65.261979248537969, 18.127989129041023 ], [ -65.26081445762857, 18.12911876859561 ], [ -65.260094924415284, 18.128446468458844 ], [ -65.260026355535999, 18.127827908501814 ], [ -65.259711116526077, 18.127311561550453 ], [ -65.25816928575513, 18.126203636282362 ], [ -65.257888242210299, 18.124832054368532 ], [ -65.256497090106748, 18.122755928478803 ], [ -65.255010114782095, 18.122142854269313 ], [ -65.253995997115183, 18.122304292754414 ], [ -65.253721899547102, 18.122159082808267 ], [ -65.25368075867668, 18.121787950958023 ], [ -65.254290581568824, 18.12147055413255 ], [ -65.254153443238806, 18.120233429063521 ], [ -65.253694293589177, 18.119582624819508 ], [ -65.252399137802328, 18.118372481838627 ], [ -65.251850937812733, 18.11808206665345 ], [ -65.251131404599462, 18.117409766516683 ], [ -65.250322821046225, 18.11709785543875 ], [ -65.250336534479217, 18.117221564337179 ], [ -65.249205944459803, 18.117495969377146 ], [ -65.248424788343982, 18.117431481251032 ], [ -65.247671060237039, 18.117614421231703 ], [ -65.246944753571199, 18.118044778561377 ], [ -65.245540065983704, 18.118173973655196 ], [ -65.244800051309753, 18.118480622534296 ], [ -65.24465614067006, 18.11834616524164 ], [ -65.244279278757588, 18.118437630300935 ], [ -65.243443267766921, 18.117878296271183 ], [ -65.243559745544317, 18.117765330164168 ], [ -65.243429553762496, 18.117754582217792 ], [ -65.243402126325066, 18.117507159265973 ], [ -65.243635082451277, 18.11728123220691 ], [ -65.24323079310139, 18.117125274314382 ], [ -65.24308688189025, 18.116990811866764 ], [ -65.243203365663959, 18.116877851362567 ], [ -65.242929262670998, 18.116732640968568 ], [ -65.243395180348315, 18.11628078729829 ], [ -65.243902238896055, 18.116200065478257 ], [ -65.244135195022267, 18.11597413841919 ], [ -65.24427910023708, 18.116108595263995 ], [ -65.244409292018901, 18.116119343210372 ], [ -65.244265386804088, 18.115984886365567 ], [ -65.245841412468707, 18.116237571516223 ], [ -65.246307330146024, 18.115785717845942 ], [ -65.246567713709666, 18.115807213738698 ], [ -65.246786961256333, 18.115457573074089 ], [ -65.246759533818903, 18.11521015012227 ], [ -65.246992489373682, 18.114984217908241 ], [ -65.247054112276217, 18.114376405897588 ], [ -65.247430979613569, 18.114284941286144 ], [ -65.247403551604705, 18.114037513179358 ], [ -65.247883177290134, 18.113709367959654 ], [ -65.24808871140381, 18.11323601839662 ], [ -65.247903664175695, 18.112730419391639 ], [ -65.248684820291516, 18.112794907517753 ], [ -65.249363207209484, 18.113096075356424 ], [ -65.249794929421682, 18.113499456648618 ], [ -65.249836070292105, 18.113870588498862 ], [ -65.250815987640465, 18.114564389683352 ], [ -65.251062657199668, 18.114462171522714 ], [ -65.251638284626694, 18.11500000965971 ], [ -65.253344502644566, 18.115263447911705 ], [ -65.253577464195672, 18.115037521300493 ], [ -65.254098231322956, 18.115080513085999 ], [ -65.255441301432796, 18.115559130450684 ], [ -65.256743230100767, 18.115666610810159 ], [ -65.25786705266394, 18.11649486883945 ], [ -65.259052502983096, 18.116715310150969 ], [ -65.259559562102268, 18.116634593485902 ], [ -65.260272148767356, 18.11608051650002 ], [ -65.26090939424347, 18.116010547333481 ], [ -65.261711037244837, 18.11509608689158 ], [ -65.262334568145079, 18.11490239851668 ], [ -65.263896885801586, 18.115031375216756 ], [ -65.26399965014599, 18.114794700211313 ], [ -65.264897284610626, 18.114746227385378 ], [ -65.265246718514234, 18.114407334219297 ], [ -65.267213324949196, 18.114692263656934 ], [ -65.267172183507327, 18.114321126651721 ], [ -65.268227437191214, 18.114530824723982 ], [ -65.268590590524141, 18.114315646059147 ], [ -65.268446684737881, 18.114181184059376 ], [ -65.268912596990319, 18.113729329941247 ], [ -65.269172985978855, 18.113750826281851 ], [ -65.269145557969978, 18.113503398175066 ], [ -65.269494991873586, 18.113164505008985 ], [ -65.269584042784984, 18.112804121105118 ], [ -65.269947195546465, 18.112588937285313 ], [ -65.269919768109048, 18.112341514333494 ], [ -65.270049959890869, 18.112352262279874 ], [ -65.270139010230835, 18.11199187322104 ], [ -65.271153127897747, 18.111830434735939 ], [ -65.271715036466887, 18.112244563526659 ], [ -65.271900088548435, 18.112750157824522 ], [ -65.271667127568776, 18.112976089590703 ], [ -65.271708268439198, 18.11334722144095 ], [ -65.271345121102598, 18.113562405708603 ], [ -65.271256065337752, 18.113922794319588 ], [ -65.271701500982957, 18.114449884510208 ], [ -65.272523798540618, 18.114885509641532 ], [ -65.272708845768733, 18.115391108646513 ], [ -65.273558570763825, 18.116074156729656 ], [ -65.273873814627208, 18.116590498973899 ], [ -65.273825900304217, 18.117322024590095 ], [ -65.274052093827635, 18.118198755893172 ], [ -65.274497524619392, 18.118725850790909 ], [ -65.276224402047006, 18.120339369909015 ], [ -65.27688908038543, 18.120516824142143 ], [ -65.277916906060454, 18.120479094107619 ], [ -65.277964820954878, 18.119747573646389 ], [ -65.278471874077738, 18.119666851378504 ], [ -65.278574638422128, 18.119430176373065 ], [ -65.278835027410651, 18.119451672713669 ], [ -65.279438077421659, 18.120236938509599 ], [ -65.280102755188636, 18.120414387587761 ], [ -65.280116469193075, 18.120538101641156 ], [ -65.280363144177159, 18.120435883928366 ], [ -65.280692096620086, 18.121075939778152 ], [ -65.280966194188167, 18.121221149724299 ], [ -65.467155490718369, 18.136714537268251 ], [ -65.466518239817361, 18.136784505986942 ], [ -65.466442903481834, 18.137268609099166 ], [ -65.465791939147849, 18.137214868919433 ], [ -65.465558983021623, 18.137440795978495 ], [ -65.465600124463492, 18.137811932983709 ], [ -65.465120493353183, 18.138140077755562 ], [ -65.46472991800772, 18.138107833916429 ], [ -65.464188663994861, 18.139043790698935 ], [ -65.463407507879054, 18.138979302572821 ], [ -65.462914162764307, 18.139183733291279 ], [ -65.462393395637022, 18.13914074150577 ], [ -65.46166709496751, 18.139571104438261 ], [ -65.460365166299525, 18.13946362407879 ], [ -65.460015726971037, 18.139802516797019 ], [ -65.459926676059638, 18.140162900700886 ], [ -65.459029042166435, 18.140211378681791 ], [ -65.458926277822044, 18.14044805368723 ], [ -65.458275313488045, 18.140394313507496 ], [ -65.457466729934808, 18.140082402429563 ], [ -65.456569096041619, 18.140130880410464 ], [ -65.456349848494952, 18.140480521075073 ], [ -65.456548609156059, 18.141109828978479 ], [ -65.455883936242515, 18.140932375193199 ], [ -65.454335338015326, 18.140927112994365 ], [ -65.453855706905017, 18.141255257766218 ], [ -65.453910561779864, 18.141750103669857 ], [ -65.453794084002482, 18.141863069776871 ], [ -65.453650178216222, 18.1417286077771 ], [ -65.452361963552676, 18.141744841471024 ], [ -65.451436901650609, 18.141545891345139 ], [ -65.450827078758479, 18.141863288170615 ], [ -65.450840792762918, 18.141987002224006 ], [ -65.449943158298268, 18.142035475049941 ], [ -65.449449813754967, 18.142239910923369 ], [ -65.449463527187959, 18.142363619821793 ], [ -65.448812562853973, 18.14230987964206 ], [ -65.448654943634722, 18.142051708743864 ], [ -65.448120457078119, 18.141885002457112 ], [ -65.447613398530393, 18.141965724277146 ], [ -65.447510634185988, 18.142202399282585 ], [ -65.446441667069109, 18.141868992311899 ], [ -65.445544033175921, 18.141917470292803 ], [ -65.445454982835955, 18.142277859351637 ], [ -65.444790304497531, 18.142100405118509 ], [ -65.444221623047255, 18.142788938949195 ], [ -65.442905980374846, 18.14255774453633 ], [ -65.442556546471238, 18.14289663770241 ], [ -65.442268730045285, 18.142627718409987 ], [ -65.440576226031837, 18.142487994211383 ], [ -65.440343269905625, 18.142713921270445 ], [ -65.440082880917103, 18.142692424929841 ], [ -65.440110308354519, 18.14293984788166 ], [ -65.439706019576064, 18.142783895144103 ], [ -65.439486771457965, 18.143133530653742 ], [ -65.439342866243152, 18.142999073808941 ], [ -65.43896600433068, 18.143090538868233 ], [ -65.438678187904728, 18.142821619575809 ], [ -65.438417804341086, 18.142800123683056 ], [ -65.43843151834551, 18.142923837736447 ], [ -65.438171134781868, 18.142902341843694 ], [ -65.437938173230776, 18.143128268454909 ], [ -65.43784912289081, 18.143488657513743 ], [ -65.437040539337573, 18.14317674643581 ], [ -65.43664996399211, 18.14314450259668 ], [ -65.436417002441004, 18.143370429207891 ], [ -65.435882521309296, 18.143203723368991 ], [ -65.435868807876304, 18.143080014470566 ], [ -65.434683356985701, 18.142859568004077 ], [ -65.434669642981277, 18.142735853950683 ], [ -65.432963425534837, 18.142472420853654 ], [ -65.432456366415664, 18.142553137518721 ], [ -65.432483794424527, 18.142800565625507 ], [ -65.432223410860885, 18.142779069732754 ], [ -65.432237124293877, 18.142902778631179 ], [ -65.43132577639625, 18.142827542558688 ], [ -65.431339490400674, 18.142951256612079 ], [ -65.430948909630331, 18.142919012325098 ], [ -65.43096262363477, 18.143042726378493 ], [ -65.430167753514525, 18.142854524198984 ], [ -65.429023444065791, 18.143005214737709 ], [ -65.428674010162183, 18.14334410790379 ], [ -65.427413222936053, 18.143607764549529 ], [ -65.427063789032459, 18.143946657715606 ], [ -65.426673208262102, 18.143914413428625 ], [ -65.426323774358508, 18.144253306594706 ], [ -65.425700237461939, 18.144446989366788 ], [ -65.425350798133451, 18.144785882085017 ], [ -65.425378225570881, 18.145033305036836 ], [ -65.42524803378906, 18.14502255709046 ], [ -65.42547422245903, 18.145899293100655 ], [ -65.425385172119064, 18.146259682159489 ], [ -65.424439628756318, 18.147039681049471 ], [ -65.424364291849344, 18.147523779006729 ], [ -65.424234094642642, 18.147513030612501 ], [ -65.424501430179362, 18.148760904075758 ], [ -65.425193530530322, 18.149185780812854 ], [ -65.424384946405638, 18.148873864579954 ], [ -65.424439801851932, 18.149368715638559 ], [ -65.425344382293318, 18.150546614780307 ], [ -65.426022774064734, 18.150847777911864 ], [ -65.42577610450553, 18.150949996072502 ], [ -65.425714481602995, 18.151557808083155 ], [ -65.425365042274507, 18.151896700801384 ], [ -65.424117973906263, 18.152284066793399 ], [ -65.424131687910688, 18.152407780846794 ], [ -65.423117570243775, 18.152569219331895 ], [ -65.422535174789076, 18.153134039109187 ], [ -65.421390870765222, 18.153284730095763 ], [ -65.420349325660894, 18.153198745629044 ], [ -65.420335612227902, 18.153075036730616 ], [ -65.420088942097252, 18.153177249736288 ], [ -65.419999891757286, 18.153537638795122 ], [ -65.419301018525189, 18.154215424679432 ], [ -65.41915711273893, 18.154080962679664 ], [ -65.419040634961547, 18.154193928786679 ], [ -65.417999089857204, 18.154107944319961 ], [ -65.418012803861643, 18.154231658373355 ], [ -65.41747831730504, 18.154064952086603 ], [ -65.417361839527658, 18.154177918193618 ], [ -65.41733441151878, 18.153930490086832 ], [ -65.416813644391496, 18.153887498301323 ], [ -65.416073629717545, 18.154194147180419 ], [ -65.416059916284553, 18.154070438281995 ], [ -65.414771701049574, 18.154086666820948 ], [ -65.414757987616582, 18.153962957922523 ], [ -65.413976831500761, 18.15389846979641 ], [ -65.413963117496337, 18.153774755743015 ], [ -65.41384663971894, 18.153887721850033 ], [ -65.412530997046531, 18.153656527437168 ], [ -65.412558424483962, 18.153903950388987 ], [ -65.412208985155473, 18.154242843107216 ], [ -65.411050967698628, 18.154269825195364 ], [ -65.41106468113162, 18.154393534093789 ], [ -65.41005056403614, 18.154554977733856 ], [ -65.409529796908856, 18.154511985948346 ], [ -65.409646274686253, 18.154399019841332 ], [ -65.409502368899993, 18.154264557841561 ], [ -65.40860473500679, 18.154313035822465 ], [ -65.40794005666838, 18.154135581589333 ], [ -65.40715890055256, 18.154071093463219 ], [ -65.407042422775177, 18.154184059570238 ], [ -65.406377744436753, 18.154006605337109 ], [ -65.405754208111631, 18.154200293264157 ], [ -65.404829146209565, 18.154001343138273 ], [ -65.404582471225467, 18.154103560851063 ], [ -65.403760173667806, 18.153667935719739 ], [ -65.403239406540521, 18.153624943934229 ], [ -65.403253119973513, 18.153748652832654 ], [ -65.401252318073432, 18.154318958357493 ], [ -65.398518268955655, 18.154093249692171 ], [ -65.397881018626094, 18.154163223565824 ], [ -65.397141003952143, 18.154469872444924 ], [ -65.396346133831898, 18.154281670265419 ], [ -65.396229656054516, 18.154394636372434 ], [ -65.3955512642831, 18.154093473240877 ], [ -65.394276768477425, 18.154233416281073 ], [ -65.393913615144498, 18.154448594945912 ], [ -65.392351302912886, 18.154319618693684 ], [ -65.392132060791099, 18.154669259806141 ], [ -65.391741480020755, 18.15463701551916 ], [ -65.391378332112708, 18.154852194631847 ], [ -65.390974037909373, 18.154696241446441 ], [ -65.390802704685697, 18.154314356494851 ], [ -65.390542321122055, 18.154292860602094 ], [ -65.390254504124655, 18.154023936154704 ], [ -65.390281932133519, 18.154271364261493 ], [ -65.389946211662917, 18.154733966325999 ], [ -65.389802301023209, 18.154599509033343 ], [ -65.388774474776753, 18.154637233912901 ], [ -65.388788188781191, 18.154760947966295 ], [ -65.388527805217535, 18.154739452073542 ], [ -65.388178365889047, 18.155078344791772 ], [ -65.387774076539159, 18.154922386899244 ], [ -65.387801503976576, 18.155169809851063 ], [ -65.387280731424411, 18.155126817617706 ], [ -65.386992920423339, 18.154857898773134 ], [ -65.386341956089353, 18.154804158593397 ], [ -65.386444720433758, 18.154567483587954 ], [ -65.386300814647498, 18.154433021588183 ], [ -65.386170622865677, 18.154422273641806 ], [ -65.386198050303108, 18.154669696593626 ], [ -65.38584861097462, 18.155008589311855 ], [ -65.384663166080344, 18.154788148448183 ], [ -65.384300012747417, 18.155003327113022 ], [ -65.382751414520229, 18.154998064914189 ], [ -65.381798925180746, 18.154551691836485 ], [ -65.381853780055593, 18.155046537740123 ], [ -65.381607105071495, 18.155148755452913 ], [ -65.381648246513365, 18.155519892458123 ], [ -65.381257671167901, 18.15548764861899 ], [ -65.380908231839413, 18.15582654133722 ] ] ], [ [ [ -65.495298306430243, 18.147373300940234 ], [ -65.495846684940346, 18.149992751162355 ], [ -65.496148209945844, 18.150385384060321 ], [ -65.495915253819632, 18.150611311119384 ], [ -65.496278580248173, 18.152725167043638 ], [ -65.496134674461914, 18.152590705043867 ], [ -65.496011250136334, 18.151477294028233 ], [ -65.495202488062603, 18.14883634791336 ], [ -65.495051636299593, 18.147475513945906 ], [ -65.495298306430243, 18.147373300940234 ] ] ] ] } },
{ "type": "Feature", "properties": { "district": 36, "precinct_index": 1, "color": "#fafcc5", "id": "d36_p01" }, "geometry": { "type": "Polygon", "coordinates": [ [ [ -65.341515294412815, 18.341592848047245 ], [ -65.340836902069967, 18.341291679760722 ], [ -65.340795761199544, 18.340920547910478 ], [ -65.340336610978468, 18.340269738511498 ], [ -65.340439375322873, 18.340033063506056 ], [ -65.340137850317362, 18.339640430608092 ], [ -65.339733556114027, 18.339484477422683 ], [ -65.339562222890351, 18.339102592471093 ], [ -65.339301839326708, 18.33908109657834 ], [ -65.339418317104091, 18.338968130471326 ], [ -65.339260697884839, 18.33870995957313 ], [ -65.33939088966666, 18.338720707519506 ], [ -65.339103078665602, 18.338451788674931 ], [ -65.339048223219308, 18.337956937616326 ], [ -65.3387192653515, 18.337316881318692 ], [ -65.338054592437956, 18.337139427533415 ], [ -65.3378832537894, 18.336757542133974 ], [ -65.337465251006506, 18.336477875343025 ], [ -65.337382968122782, 18.335735601332601 ], [ -65.337095157121723, 18.335466682488029 ], [ -65.33714306601982, 18.334735156423982 ], [ -65.336827822156451, 18.334218814179739 ], [ -65.335834191375099, 18.333401304096824 ], [ -65.334902183496283, 18.331975982003257 ], [ -65.334340269502263, 18.33156185276469 ], [ -65.333853697840084, 18.330663626016708 ], [ -65.33329178384605, 18.330249496778137 ], [ -65.333380834186016, 18.329889107719303 ], [ -65.332167961282892, 18.329421238748846 ], [ -65.331791094516973, 18.329512708515256 ], [ -65.331564905847003, 18.328635972505065 ], [ -65.330482224725685, 18.328178851480985 ], [ -65.330468511292693, 18.328055142582556 ], [ -65.329022676838463, 18.327813200223314 ], [ -65.328645810072544, 18.327904669989728 ], [ -65.328200379280787, 18.32737757509199 ], [ -65.326261200283255, 18.327340068606176 ], [ -65.324966044496406, 18.326129925625295 ], [ -65.324780997839724, 18.32562433177528 ], [ -65.324191655836842, 18.324962774429924 ], [ -65.322965064075831, 18.324371196113191 ], [ -65.322594970191048, 18.323360003258195 ], [ -65.322307159189975, 18.323091084413623 ], [ -65.321765726656622, 18.321698006159185 ], [ -65.321292868427449, 18.320923488309631 ], [ -65.320141613001965, 18.31984780688067 ], [ -65.319812660559037, 18.319207751030884 ], [ -65.318325684662952, 18.318594671666432 ], [ -65.315838311100691, 18.318266750443289 ], [ -65.315084582422315, 18.318449685268995 ], [ -65.314433618088316, 18.318395945089257 ], [ -65.313940272973582, 18.318600375807716 ], [ -65.313385304956299, 18.31941261853683 ], [ -65.312994729610836, 18.319380374697698 ], [ -65.312912620394172, 18.320967140431332 ], [ -65.312796142045343, 18.32108010138338 ], [ -65.313049758152744, 18.322204260345394 ], [ -65.312844229463948, 18.322677610356276 ], [ -65.313001849254647, 18.322935786409438 ], [ -65.312871657472826, 18.322925038463062 ], [ -65.312693556792894, 18.323645816580733 ], [ -65.312241353120015, 18.324221384304401 ], [ -65.312398972339253, 18.324479555202597 ], [ -65.312124874771186, 18.32433434525645 ], [ -65.311878205211968, 18.324436563417091 ], [ -65.311295809757269, 18.325001383194383 ], [ -65.311336951199124, 18.325372520199597 ], [ -65.311467142980945, 18.325383268145973 ], [ -65.311234186854733, 18.325609195205036 ], [ -65.311289042301027, 18.326104046263641 ], [ -65.311158845094312, 18.326093297869413 ], [ -65.311330183742882, 18.326475183268855 ], [ -65.311227413973597, 18.326711857826446 ], [ -65.310720360850752, 18.326792580094327 ], [ -65.310864266065565, 18.326927036939132 ], [ -65.310473685295221, 18.326894792652151 ], [ -65.309637674304554, 18.326335458622399 ], [ -65.309425199639008, 18.325582436665599 ], [ -65.309151102070942, 18.325437226719451 ], [ -65.309123674633511, 18.325189803767632 ], [ -65.308616616085772, 18.325270525587666 ], [ -65.308705666425737, 18.324910136528832 ], [ -65.307451652080744, 18.324071130553165 ], [ -65.307108980208497, 18.323307360202136 ], [ -65.306704691430042, 18.323151407464579 ], [ -65.306163258896703, 18.321758329210144 ], [ -65.30235329611385, 18.319972836451484 ], [ -65.298193899427403, 18.318526236858904 ], [ -65.296357490199142, 18.318252055815496 ], [ -65.296110814643612, 18.318354268373319 ], [ -65.294808891400507, 18.318246788461696 ], [ -65.294706127627563, 18.318483468622105 ], [ -65.294082590730994, 18.318677151394187 ], [ -65.29350019527628, 18.319241971171479 ], [ -65.293520855257469, 18.320592057192556 ], [ -65.293390658050768, 18.320581308798332 ], [ -65.293431799492623, 18.320952445803542 ], [ -65.293198843366397, 18.321178372862605 ], [ -65.292959119783944, 18.322506962990929 ], [ -65.292582253018026, 18.322598432757339 ], [ -65.29249320267806, 18.322958821816172 ], [ -65.292061480465861, 18.322555440523981 ], [ -65.291828524339635, 18.322781367583044 ], [ -65.291855951777066, 18.323028790534863 ], [ -65.29132146579191, 18.322862089403078 ], [ -65.291204987443081, 18.322975050355126 ], [ -65.291280324350041, 18.322490952397867 ], [ -65.290718415780901, 18.322076823607144 ], [ -65.290793752116429, 18.32159272049492 ], [ -65.289991936019447, 18.320178146347729 ], [ -65.289272402806162, 18.319505846210962 ], [ -65.288594011034746, 18.319204683079406 ], [ -65.287470188471588, 18.318376425050115 ], [ -65.285695401574415, 18.317494426841087 ], [ -65.282214391805937, 18.316348995087182 ], [ -65.280768557351706, 18.31610705272794 ], [ -65.280083398124049, 18.316908552665641 ], [ -65.279288528003804, 18.316720350486136 ], [ -65.279213191668276, 18.317204453598361 ], [ -65.279199477663838, 18.31708073954497 ], [ -65.278562227334277, 18.317150713418627 ], [ -65.277767357214032, 18.316962511239119 ], [ -65.277904494972603, 18.318199631153181 ], [ -65.277671539417824, 18.31842556336721 ], [ -65.277164480298651, 18.318506280032278 ], [ -65.277335813522328, 18.318888164983868 ], [ -65.277075429958686, 18.318866669091111 ], [ -65.276890383302018, 18.318361075241096 ], [ -65.276773904953188, 18.318474036193148 ], [ -65.276109227186211, 18.318296587114986 ], [ -65.276095513181772, 18.318172873061592 ], [ -65.275286929628535, 18.317860961983659 ], [ -65.27499911263115, 18.317592037536269 ], [ -65.274608537285687, 18.317559793697139 ], [ -65.274594823852695, 18.317436084798711 ], [ -65.27379995373245, 18.317247882619206 ], [ -65.273683475955053, 18.317360848726221 ], [ -65.27314898939845, 18.317194142439469 ], [ -65.272991370179213, 18.316935971541273 ], [ -65.272744695195115, 18.317038189254063 ], [ -65.272285550398919, 18.316387380302931 ], [ -65.271490680850121, 18.316199183278393 ], [ -65.271579731190087, 18.315838794219559 ], [ -65.271422111970836, 18.315580623321363 ], [ -65.269962563512166, 18.315214966908727 ], [ -65.269804944292929, 18.314956796010531 ], [ -65.269818658297353, 18.315080510063925 ], [ -65.269530846724848, 18.314811586064383 ], [ -65.268996360739692, 18.314644884932598 ], [ -65.268825027516002, 18.314262999981011 ], [ -65.267845105314208, 18.31356920350364 ], [ -65.267207859838095, 18.313639172670179 ], [ -65.266645945844061, 18.313225043431608 ], [ -65.265618120169052, 18.313262773466132 ], [ -65.265474208957912, 18.313128311018513 ], [ -65.265590692731621, 18.313015350514313 ], [ -65.264569629087958, 18.311950417031731 ], [ -65.263514375404071, 18.31174071895947 ], [ -65.26276741475337, 18.310820995870884 ], [ -65.262089022410521, 18.310519827584365 ], [ -65.261842352851303, 18.310622045745003 ], [ -65.261568255283237, 18.310476835798855 ], [ -65.261266725424292, 18.310084207608007 ], [ -65.26086243607439, 18.30992824971548 ], [ -65.260677388846275, 18.309422650710498 ], [ -65.260389572420323, 18.309153731418075 ], [ -65.25834068852653, 18.308126528417869 ], [ -65.257621155313259, 18.307454228281102 ], [ -65.257216860538477, 18.307298269940727 ], [ -65.254263396203299, 18.30509316779877 ], [ -65.252906612089021, 18.304490836380694 ], [ -65.251940409316546, 18.303920754404565 ], [ -65.251220876103261, 18.303248454267798 ], [ -65.249864091988997, 18.302646122849723 ], [ -65.249603708425354, 18.302624626956966 ], [ -65.249370746874249, 18.302850553568181 ], [ -65.249281696534283, 18.303210942627015 ], [ -65.248623791648441, 18.301930830927446 ], [ -65.248493594441726, 18.301920082533218 ], [ -65.24842502556244, 18.301301522576189 ], [ -65.248294833780619, 18.301290774629813 ], [ -65.248109786552519, 18.300785175624831 ], [ -65.247705497774049, 18.300629222887274 ], [ -65.247403967343672, 18.300236589541456 ], [ -65.247493017683638, 18.299876200482622 ], [ -65.247335398464386, 18.299618029584426 ], [ -65.245608520465325, 18.298004505311351 ], [ -65.24500546502945, 18.297219239067569 ], [ -65.243477353687823, 18.296235028300721 ], [ -65.241736756830889, 18.294497794681373 ], [ -65.241037709931732, 18.292846540821625 ], [ -65.241071905396851, 18.291991305859153 ], [ -65.240249429318666, 18.289226645690885 ], [ -65.240084864122679, 18.287742102825007 ], [ -65.239639433330922, 18.287215007927269 ], [ -65.239598291889067, 18.286843870922059 ], [ -65.240105345583359, 18.28676315380914 ], [ -65.240639831568515, 18.286929854940926 ], [ -65.240626118135523, 18.286806146042501 ], [ -65.241119462678824, 18.286601710169073 ], [ -65.241379846242467, 18.286623206061829 ], [ -65.241366132809475, 18.286499497163401 ], [ -65.242030810576466, 18.286676946241563 ], [ -65.242044524580891, 18.286800660294958 ], [ -65.242304908144533, 18.286822156187711 ], [ -65.242332335581963, 18.28706957913953 ], [ -65.242620152007916, 18.287338498431954 ], [ -65.243661691687365, 18.28742448245082 ], [ -65.244237319685823, 18.287962325742786 ], [ -65.244758086813107, 18.288005317528295 ], [ -65.244744372808682, 18.287881603474901 ], [ -65.24582705935488, 18.288338724946829 ], [ -65.247149642579146, 18.289796290879529 ], [ -65.24781432091757, 18.289973745112658 ], [ -65.248506426693424, 18.290398622297605 ], [ -65.249287582809231, 18.290463110423719 ], [ -65.25041817825354, 18.290188705831603 ], [ -65.251589909714809, 18.29028543779685 ], [ -65.251918867582617, 18.290925494094484 ], [ -65.252754878573285, 18.291484828124233 ], [ -65.253214023369466, 18.292135637075365 ], [ -65.253227736802458, 18.29225934597379 ], [ -65.252693250817302, 18.292092644842004 ], [ -65.253152400466931, 18.292743449086018 ], [ -65.252775533129579, 18.292834913697462 ], [ -65.252789247134004, 18.292958627750853 ], [ -65.252659055352183, 18.292947879804476 ], [ -65.252398671788541, 18.292926383911723 ], [ -65.253179827904361, 18.292990872037834 ], [ -65.253323733690607, 18.293125334037605 ], [ -65.253090777564395, 18.293351261096671 ], [ -65.253378588565468, 18.293620179941243 ], [ -65.254015839466462, 18.293550211222552 ], [ -65.254002125462023, 18.293426497169161 ], [ -65.254495470576771, 18.293222066450699 ], [ -65.255297108153258, 18.29230760556095 ], [ -65.254968155138897, 18.291667544556198 ], [ -65.255228538702539, 18.291689040448951 ], [ -65.255790452696559, 18.292103169687522 ], [ -65.255057206050296, 18.29130716065233 ], [ -65.25543406739132, 18.291215690438069 ], [ -65.255392925949465, 18.290844553432859 ], [ -65.254125198171479, 18.289881838558763 ], [ -65.253796239732239, 18.289241777106163 ], [ -65.253713957419961, 18.288499508250705 ], [ -65.253426145847442, 18.288230584251163 ], [ -65.253501482754416, 18.287746486293905 ], [ -65.253734438880642, 18.287520559234839 ], [ -65.25467321964058, 18.287843218707 ], [ -65.254618364194286, 18.287348367648395 ], [ -65.254186641982074, 18.2869449863562 ], [ -65.253535677648088, 18.286891246176467 ], [ -65.253083479971522, 18.287466819502953 ], [ -65.252185840082007, 18.287515291881039 ], [ -65.251898029080934, 18.287246373036467 ], [ -65.251856887639079, 18.286875236031253 ], [ -65.252336518749388, 18.286547091259401 ], [ -65.251226404765774, 18.285842546835653 ], [ -65.250362965766243, 18.285035784699115 ], [ -65.250191632542553, 18.284653899747529 ], [ -65.250170972561378, 18.283303813726452 ], [ -65.250301169768079, 18.28331456212068 ], [ -65.250390220679492, 18.282954178216812 ], [ -65.250650604243134, 18.282975674109565 ], [ -65.250821936895363, 18.283357553906189 ], [ -65.251486615233787, 18.283535008139317 ], [ -65.252377481670749, 18.284589193227671 ], [ -65.252911968227352, 18.284755899514423 ], [ -65.252466532010715, 18.284228804168837 ], [ -65.252041583251071, 18.282722765410202 ], [ -65.251376904912647, 18.282545311177074 ], [ -65.251335763470792, 18.282174174171864 ], [ -65.252205969926564, 18.28187827323914 ], [ -65.252281306833538, 18.281394175281882 ], [ -65.252671887603881, 18.281426419568863 ], [ -65.252658173599443, 18.281302705515472 ], [ -65.252226451387244, 18.280899324223277 ], [ -65.252013976721699, 18.280146302266477 ], [ -65.250992918502931, 18.279081369231744 ], [ -65.250766730404393, 18.278204638376518 ], [ -65.250204816410374, 18.277790509137947 ], [ -65.249971860284148, 18.27801643619701 ], [ -65.249711476720506, 18.277994940304257 ], [ -65.249423660294553, 18.277726021011834 ], [ -65.249238613637885, 18.277220427161819 ], [ -65.249731958181187, 18.27701599128839 ], [ -65.250252725308471, 18.2770589830739 ], [ -65.251102450303563, 18.277742031157047 ], [ -65.252404378971548, 18.277849511516518 ], [ -65.252637335097759, 18.277623584457451 ], [ -65.252897724086296, 18.277645080798056 ], [ -65.253480119540995, 18.277080261020764 ], [ -65.254473571801853, 18.275568736066738 ], [ -65.254535194704388, 18.274960924056082 ], [ -65.254363861480698, 18.274579039104495 ], [ -65.254727014242178, 18.27436385528469 ], [ -65.254699586804762, 18.274116432332871 ], [ -65.255467029487576, 18.27405721156056 ], [ -65.255830176824176, 18.273842027292904 ], [ -65.256261899036375, 18.274245408585099 ], [ -65.256782671588553, 18.274288400818456 ], [ -65.257145819496586, 18.27407322170577 ], [ -65.257707733490619, 18.274487350944341 ], [ -65.258098308836082, 18.274519594783474 ], [ -65.25825592805532, 18.274777765681669 ], [ -65.258180591719793, 18.275261868793898 ], [ -65.257248762361485, 18.276165581737271 ], [ -65.257474950460022, 18.277042312592496 ], [ -65.2583932443344, 18.278343920632672 ], [ -65.258461813785118, 18.278962485744668 ], [ -65.258283712533753, 18.279683258707369 ], [ -65.258153520751932, 18.279672510760992 ], [ -65.258194662193787, 18.280043647766202 ], [ -65.259921540192849, 18.281657172039278 ], [ -65.262059474426607, 18.28232398598065 ], [ -65.26310101953095, 18.282409970447368 ], [ -65.263114733535375, 18.282533684500763 ], [ -65.263231211312771, 18.282420718393745 ], [ -65.264012367428577, 18.282485206519858 ], [ -65.264738668669537, 18.282054848742337 ], [ -65.264957910791324, 18.28170520762988 ], [ -65.265855550109407, 18.281656730096827 ], [ -65.266725756565179, 18.281360829164104 ], [ -65.267130045915081, 18.281516787056631 ], [ -65.267116331910643, 18.281393073003237 ], [ -65.267376720899165, 18.281414569343841 ], [ -65.26819207248009, 18.280623822507483 ], [ -65.269350089936935, 18.280596840419335 ], [ -65.270227242940891, 18.281527316609264 ], [ -65.271412693260046, 18.281747757920787 ], [ -65.271899265493659, 18.282645989823735 ], [ -65.272591371269513, 18.283070867008682 ], [ -65.27289290169989, 18.283463500354497 ], [ -65.273016325454023, 18.284576906215165 ], [ -65.272495552901859, 18.284533913981807 ], [ -65.27229002478451, 18.285007269147656 ], [ -65.272358593663796, 18.285625829104688 ], [ -65.272817737888545, 18.286276632900851 ], [ -65.272872593334839, 18.286771483959456 ], [ -65.272913734776694, 18.287142620964666 ], [ -65.272783542994873, 18.287131873018289 ], [ -65.272810970432289, 18.287379295970108 ], [ -65.272680778650468, 18.287368548023728 ], [ -65.272591728310516, 18.287728937082566 ], [ -65.272646583185363, 18.288223782986201 ], [ -65.272906966749005, 18.288245278878957 ], [ -65.273461934766289, 18.287433036149842 ], [ -65.273434507328858, 18.287185613198023 ], [ -65.274016902212125, 18.286620788265765 ], [ -65.274523955906417, 18.286540071152846 ], [ -65.274380050120158, 18.286405609153075 ], [ -65.274496527897554, 18.28629264304606 ], [ -65.275956076356223, 18.286658299458697 ], [ -65.27598350379364, 18.286905722410516 ], [ -65.275168152212714, 18.287696469246875 ], [ -65.275312057998974, 18.287830931246642 ], [ -65.275195580221592, 18.28794389735366 ], [ -65.275277862533869, 18.288686166209114 ], [ -65.275565674106375, 18.288955090208656 ], [ -65.275826063094897, 18.288976586549261 ], [ -65.276059018649676, 18.288750654335228 ], [ -65.276319402213318, 18.288772150227985 ], [ -65.276538650331432, 18.288422514718341 ], [ -65.276799033895074, 18.288444010611098 ], [ -65.277765236667548, 18.289014092587227 ], [ -65.277792664104979, 18.289261515539046 ], [ -65.277532280541337, 18.289240019646289 ], [ -65.277545994545761, 18.289363733699684 ], [ -65.277169127779857, 18.289455203466094 ], [ -65.276819693876249, 18.289794096632175 ], [ -65.275517765208264, 18.2896866162727 ], [ -65.275531478641255, 18.289810325171128 ], [ -65.275271095077613, 18.289788829278372 ], [ -65.274832605409173, 18.290488111055438 ], [ -65.273544390745613, 18.290504344749358 ], [ -65.27368830138532, 18.290638802042011 ], [ -65.27393497151597, 18.290536589036339 ], [ -65.274250209954459, 18.291052930832731 ], [ -65.274120018172638, 18.291042182886354 ], [ -65.274030967832672, 18.291402571945188 ], [ -65.273496481276069, 18.291235865658436 ], [ -65.273407430936118, 18.29159625471727 ], [ -65.273147047372476, 18.291574758824517 ], [ -65.272557705941011, 18.290913206634126 ], [ -65.271502452257124, 18.290703508561865 ], [ -65.271516166261563, 18.29082722261526 ], [ -65.272585133378442, 18.291160629585946 ], [ -65.273030569595079, 18.291687724931531 ], [ -65.272914086392817, 18.291800690590698 ], [ -65.273318380596152, 18.291956643776107 ], [ -65.273619905601649, 18.29234927667407 ], [ -65.274414775721894, 18.292537478853578 ], [ -65.274716306152285, 18.292930112199393 ], [ -65.275106881497749, 18.292962356038526 ], [ -65.275456320826237, 18.292623463320297 ], [ -65.276162140035069, 18.293172049403669 ], [ -65.276422523598711, 18.293193545296425 ], [ -65.276655479724937, 18.292967618237359 ], [ -65.276724048604223, 18.293586178194388 ], [ -65.277375012938208, 18.293639918374126 ], [ -65.27749149071559, 18.293526952267111 ], [ -65.278197310495884, 18.29407554350545 ], [ -65.278211024500308, 18.294199257558844 ], [ -65.278238451937739, 18.294446680510664 ], [ -65.278396071156976, 18.294704851408859 ], [ -65.278341216282129, 18.294210005505221 ], [ -65.278039691276632, 18.293817372607254 ], [ -65.277477777282598, 18.293403243368687 ], [ -65.276840526381605, 18.293473212087374 ], [ -65.27690215470902, 18.292865400524573 ], [ -65.276771957502319, 18.292854652130345 ], [ -65.276586910845651, 18.29234905828033 ], [ -65.277354352957033, 18.292289832353049 ], [ -65.278019031295443, 18.292467286586181 ], [ -65.279451151745249, 18.292585514892028 ], [ -65.279567629522646, 18.292472548785014 ], [ -65.279711535308891, 18.292607010784785 ], [ -65.279697821304467, 18.29248329673139 ], [ -65.28008840207481, 18.292515541018371 ], [ -65.28067774350626, 18.293177093208762 ], [ -65.280938127069902, 18.293198589101515 ], [ -65.28092441363691, 18.29307488020309 ], [ -65.281225938642407, 18.293467513101056 ], [ -65.281040891414293, 18.292961914096075 ], [ -65.281171083196114, 18.292972662042452 ], [ -65.281342416419804, 18.293354546994042 ], [ -65.281239652075399, 18.293591221999481 ], [ -65.28134936239654, 18.294580918961724 ], [ -65.281849653488038, 18.295602860210948 ], [ -65.281966131836867, 18.2954898992589 ], [ -65.281911276390574, 18.294995048200295 ], [ -65.282260710294182, 18.294656155034215 ], [ -65.282281197179742, 18.293677206466199 ], [ -65.282760822865171, 18.293349061246499 ], [ -65.283528265547986, 18.293289840474184 ], [ -65.284912476528248, 18.294139589689113 ], [ -65.286221351744416, 18.295473447171236 ], [ -65.286769546309117, 18.295763861908565 ], [ -65.287557648401673, 18.297054722002361 ], [ -65.28775640906278, 18.297684029905771 ], [ -65.288893951055272, 18.298636002436304 ], [ -65.288818614148298, 18.299120100393562 ], [ -65.288962519934557, 18.299254562393333 ], [ -65.289024142837093, 18.29864675038268 ], [ -65.289373576740701, 18.298307857216599 ], [ -65.289147388642164, 18.297431126361374 ], [ -65.289524255408082, 18.297339656594964 ], [ -65.289585878310618, 18.296731844584311 ], [ -65.288578533524841, 18.295790620448003 ], [ -65.287900141753425, 18.295489457316449 ], [ -65.287701381092319, 18.29486014941304 ], [ -65.288194720782172, 18.29465571824673 ], [ -65.288585301552516, 18.294687962533711 ], [ -65.289003304335409, 18.294967629324663 ], [ -65.288989590330985, 18.294843915271269 ], [ -65.289291120761362, 18.295236548617087 ], [ -65.289681696106825, 18.295268792456216 ], [ -65.289784460451216, 18.295032117450777 ], [ -65.29110010312364, 18.295263311863643 ], [ -65.291662017117659, 18.29567744110221 ], [ -65.292148588779838, 18.296575667850192 ], [ -65.292408977768361, 18.296597164190796 ], [ -65.292422691772799, 18.296720878244191 ], [ -65.29291603089122, 18.296516441922915 ], [ -65.293306611661563, 18.296548686209896 ], [ -65.293464231452248, 18.296806862263058 ], [ -65.294375579349875, 18.296882098335548 ], [ -65.294663395775828, 18.297151017627971 ], [ -65.295184162903112, 18.297194009413481 ], [ -65.295197876336104, 18.297317718311906 ], [ -65.295588457106462, 18.29734996259889 ], [ -65.295602171110886, 18.297473676652281 ], [ -65.295992746456349, 18.297505920491414 ], [ -65.296410754664123, 18.297785587730214 ], [ -65.297294675124334, 18.297613400850885 ], [ -65.297685255894677, 18.297645645137866 ], [ -65.297698969899116, 18.29776935919126 ], [ -65.298075831240141, 18.297677888976999 ], [ -65.298089545244579, 18.297801603030393 ], [ -65.299172226365897, 18.29825872405447 ], [ -65.300083579688405, 18.298333960574812 ], [ -65.299809476695444, 18.298188750180817 ], [ -65.299912241039848, 18.297952075175374 ], [ -65.299638143471768, 18.297806865229227 ], [ -65.299583288596921, 18.297312019325588 ], [ -65.299713480378742, 18.297322767271964 ], [ -65.299459864271341, 18.296198608309954 ], [ -65.299014433479584, 18.295671513412216 ], [ -65.29910348381955, 18.295311124353383 ], [ -65.298918437162882, 18.294805530503368 ], [ -65.299048628944703, 18.294816278449744 ], [ -65.298822440846166, 18.293939547594519 ], [ -65.299055396400945, 18.293713615380486 ], [ -65.298973113517221, 18.292971341370066 ], [ -65.298856635739838, 18.293084307477081 ], [ -65.298397486090209, 18.292433503233067 ], [ -65.297246236089606, 18.291357822251957 ], [ -65.296985852525964, 18.291336326359204 ], [ -65.296896796761118, 18.29169671497019 ], [ -65.296506221415655, 18.291664471131057 ], [ -65.296074499203456, 18.291261089838862 ], [ -65.295951074877877, 18.290147678823228 ], [ -65.295807169663064, 18.290013221978427 ], [ -65.296170322424544, 18.289798038158622 ], [ -65.296026417209731, 18.289663581313818 ], [ -65.296040130642723, 18.289787290212242 ], [ -65.295533072094983, 18.289868012032279 ], [ -65.295519358090559, 18.289744297978885 ], [ -65.294738201974738, 18.289679809852771 ], [ -65.294854680323567, 18.289566848900723 ], [ -65.294347621204395, 18.28964756556579 ], [ -65.294450385548785, 18.289410890560347 ], [ -65.294059810203322, 18.289378646721218 ], [ -65.294073524207761, 18.289502360774609 ], [ -65.293552751655596, 18.289459368541252 ], [ -65.293175889743125, 18.289550833600543 ], [ -65.29318960374755, 18.289674547653938 ], [ -65.292278255849922, 18.289599311581448 ], [ -65.292264541845483, 18.289475597528053 ], [ -65.29187396107514, 18.289443353241072 ], [ -65.291181855299286, 18.289018476056125 ], [ -65.290517177532308, 18.288841026977963 ], [ -65.28994155495873, 18.288303184133849 ], [ -65.288783532077005, 18.288330165774145 ], [ -65.288365529294111, 18.288050498983196 ], [ -65.287728278393118, 18.288120467701887 ], [ -65.287193792407962, 18.287953766570102 ], [ -65.286213875059602, 18.287259965385612 ], [ -65.28500099730303, 18.286792101122273 ], [ -65.28426775008532, 18.285996086932112 ], [ -65.284007366521678, 18.285974591039359 ], [ -65.283836033298002, 18.285592706087769 ], [ -65.282349057401902, 18.284979626723317 ], [ -65.281862480314842, 18.284081399527484 ], [ -65.281732288533021, 18.284070651581107 ], [ -65.281622578211881, 18.283080954618864 ], [ -65.282088495317751, 18.28262909579362 ], [ -65.282986129782401, 18.282580622967686 ], [ -65.283219091333493, 18.282354696356471 ], [ -65.283006611243081, 18.281601673951819 ], [ -65.283136808449783, 18.281612422346047 ], [ -65.283109380440919, 18.281364994239262 ], [ -65.283342336567131, 18.281139067180199 ], [ -65.283040811561634, 18.280746434282232 ], [ -65.282794136577536, 18.280848651995019 ], [ -65.28265023079129, 18.280714189995251 ], [ -65.282766709140105, 18.280601229043199 ], [ -65.282362419790218, 18.280445271150676 ], [ -65.282293850910932, 18.279826711193646 ], [ -65.28264328481454, 18.279487818027565 ], [ -65.283020151580445, 18.279396348261155 ], [ -65.283006438147453, 18.279272639362731 ], [ -65.283890358036231, 18.279100447328435 ], [ -65.284239792511272, 18.278761559317321 ], [ -65.284328848276118, 18.278401170706335 ], [ -65.284198651069417, 18.278390422312111 ], [ -65.284143795623123, 18.277895571253506 ], [ -65.283088542510669, 18.277685878336211 ], [ -65.28310225594366, 18.277809587234636 ], [ -65.282581483391496, 18.277766595001278 ], [ -65.28085478448439, 18.278482110920113 ], [ -65.279306185685755, 18.278476843566313 ], [ -65.279333613123185, 18.278724266518129 ], [ -65.279086943563968, 18.27882648467877 ], [ -65.279128085005823, 18.279197621683981 ], [ -65.278997887799122, 18.279186873289753 ], [ -65.279039029240977, 18.279558010294966 ], [ -65.278634739891089, 18.279402052402439 ], [ -65.277661769090912, 18.279934628340602 ], [ -65.277675483095351, 18.280058342393996 ], [ -65.27740138010239, 18.279913132 ], [ -65.277463003004925, 18.279305319989344 ], [ -65.277682250551592, 18.278955679324739 ], [ -65.277531398788597, 18.277594845357285 ], [ -65.275777093923551, 18.27573390328736 ], [ -65.275016419268425, 18.27469046614538 ], [ -65.274975277826556, 18.27431932914017 ], [ -65.275310997725725, 18.273856721920698 ], [ -65.276051012399691, 18.273550073041598 ], [ -65.277496846853921, 18.27379201540084 ], [ -65.277483132849483, 18.273668301347449 ], [ -65.277860000186834, 18.273576836736005 ], [ -65.278024386862327, 18.272732344564943 ], [ -65.276324936872143, 18.271366248398653 ], [ -65.275564262217003, 18.270322811256676 ], [ -65.275523120775148, 18.269951674251466 ], [ -65.275392928993327, 18.269940926305086 ], [ -65.275207881765212, 18.269435327300105 ], [ -65.276770193996839, 18.269564303552333 ], [ -65.277188197351165, 18.269843975498251 ], [ -65.278894420222485, 18.270107409043131 ], [ -65.279504237689736, 18.269790011769803 ], [ -65.279593294026029, 18.269429628313787 ], [ -65.27972348580785, 18.269440376260164 ], [ -65.279668630361556, 18.268945525201559 ], [ -65.279785108138938, 18.268832559094545 ], [ -65.27960006148227, 18.26832696524453 ], [ -65.278894241701991, 18.267778374006188 ], [ -65.277955466366933, 18.267455714981878 ], [ -65.277092027367402, 18.266648952845344 ], [ -65.276619163713335, 18.265874434547939 ], [ -65.276749355495156, 18.265885182494316 ], [ -65.276708214624733, 18.265514050644072 ], [ -65.277359178958733, 18.265567790823805 ], [ -65.277345464954294, 18.265444076770414 ], [ -65.278112907065676, 18.265384850843134 ], [ -65.278476060398589, 18.265169672178299 ], [ -65.278551397305563, 18.264685574221037 ], [ -65.278681589087384, 18.264696322167413 ], [ -65.278640447645529, 18.264325185162203 ], [ -65.278887117204732, 18.264222967001565 ], [ -65.278804834321022, 18.263480692991141 ], [ -65.279051509876552, 18.263378480433321 ], [ -65.279024081867689, 18.263131052326536 ], [ -65.27929817943577, 18.263276262272683 ], [ -65.279325606873186, 18.263523685224499 ], [ -65.279976571207172, 18.263577425404236 ], [ -65.280264382208244, 18.263846344248808 ], [ -65.280524771196767, 18.263867840589413 ], [ -65.280607054080491, 18.264610114599837 ], [ -65.28047686229867, 18.26459936665346 ], [ -65.280401520538263, 18.265083469317837 ], [ -65.280271328756442, 18.26507272137146 ], [ -65.27997674972768, 18.265906460441176 ], [ -65.279743788176575, 18.266132387052391 ], [ -65.279853499069162, 18.2671220891696 ], [ -65.280168742932545, 18.267638431413843 ], [ -65.281724287707917, 18.268870070735328 ], [ -65.282923446606617, 18.269214225652391 ], [ -65.283026210951007, 18.268977550646948 ], [ -65.283560696936178, 18.269144251778734 ], [ -65.283471646596212, 18.269504640837567 ], [ -65.284191179809483, 18.270176940974334 ], [ -65.284616129140559, 18.271682984887935 ], [ -65.284903940141632, 18.271951903732511 ], [ -65.285164329130154, 18.271973400073115 ], [ -65.285465854135651, 18.272366032971082 ], [ -65.285726237699308, 18.272387528863835 ], [ -65.286171673915945, 18.27291462420942 ], [ -65.286445770912579, 18.273059829000601 ], [ -65.28682263824993, 18.272968364389158 ], [ -65.287398260252061, 18.273506202078305 ], [ -65.287425687689492, 18.273753625030121 ], [ -65.287295495907671, 18.273742877083745 ], [ -65.287453115698355, 18.274001053136907 ], [ -65.288501606779448, 18.275313409571311 ], [ -65.288453692456457, 18.276044935187507 ], [ -65.288796364328704, 18.276808705538535 ], [ -65.288926556110525, 18.276819453484912 ], [ -65.288967696980933, 18.277190585335156 ], [ -65.289097888762754, 18.277201333281532 ], [ -65.289324077432724, 18.278078069291727 ], [ -65.290331427071962, 18.279019288720917 ], [ -65.290996099985492, 18.279196742506194 ], [ -65.291900680426878, 18.280374641647942 ], [ -65.292304974630227, 18.280530594833351 ], [ -65.293600130417076, 18.281740737814232 ], [ -65.294134616973679, 18.281907444100984 ], [ -65.294888345080622, 18.281724504120312 ], [ -65.295669501196429, 18.281788992246423 ], [ -65.295902462747534, 18.281563065635211 ], [ -65.295875035310104, 18.281315642683392 ], [ -65.296032654529355, 18.281573813581588 ], [ -65.296711046300771, 18.281874976713141 ], [ -65.296738474309635, 18.282122404819926 ], [ -65.296608277102933, 18.282111656425702 ], [ -65.29663570454035, 18.282359079377517 ], [ -65.29619722029679, 18.283058361602432 ], [ -65.296279502609067, 18.28380063045789 ], [ -65.296149310827246, 18.283789882511513 ], [ -65.296073969066825, 18.28427398517589 ], [ -65.295943777285004, 18.284263237229514 ], [ -65.296169965383541, 18.285139968084739 ], [ -65.296587974162748, 18.285419640478505 ], [ -65.296759307386438, 18.285801525430095 ], [ -65.297437699157854, 18.286102688561652 ], [ -65.298465524832864, 18.286064958527124 ], [ -65.298828678165791, 18.285849779862289 ], [ -65.299232967515692, 18.286005737754813 ], [ -65.298883533040637, 18.286344625765924 ], [ -65.298623144052115, 18.28632312942532 ], [ -65.298636858056554, 18.286446843478714 ], [ -65.298376474492912, 18.286425347585961 ], [ -65.298390188497336, 18.286549061639352 ], [ -65.297766651600767, 18.286742744411434 ], [ -65.297794079038198, 18.286990167363253 ], [ -65.297663887256377, 18.286979419416877 ], [ -65.297931216796769, 18.288227287277316 ], [ -65.298321797567112, 18.288259531564297 ], [ -65.298335511571551, 18.288383245617688 ], [ -65.298075122583029, 18.288361749277083 ], [ -65.297725688679421, 18.288700642443164 ], [ -65.296958246568039, 18.288759868370445 ], [ -65.296752717879244, 18.289233218381327 ], [ -65.29633470967147, 18.288953551142527 ], [ -65.296622520672543, 18.289222469987099 ], [ -65.296156608991552, 18.289674329260194 ], [ -65.297054242884755, 18.289625851279293 ], [ -65.297342053885814, 18.289894770123865 ], [ -65.297328340452822, 18.289771061225441 ], [ -65.29818483290417, 18.289351446239326 ], [ -65.297883307898658, 18.28895881334136 ], [ -65.297650352343894, 18.289184745555392 ], [ -65.297492732553195, 18.28892656950223 ], [ -65.298739800921439, 18.288539203510215 ], [ -65.298637036577048, 18.288775878515654 ], [ -65.298493130790789, 18.288641416515887 ], [ -65.298376653013406, 18.288754382622901 ], [ -65.298822083805163, 18.289281477520635 ], [ -65.298938561582546, 18.289168511413621 ], [ -65.299082472793685, 18.28930297386124 ], [ -65.298835797238155, 18.289405186419064 ], [ -65.299555330451426, 18.29007748655583 ], [ -65.300507819790923, 18.290523859633531 ], [ -65.301028592343087, 18.290566851866892 ], [ -65.301131356687478, 18.290330176861449 ], [ -65.301638415235217, 18.290249455041415 ], [ -65.301624701802226, 18.290125746142991 ], [ -65.302481194253573, 18.289706131156876 ], [ -65.303769409488552, 18.289689902617923 ], [ -65.303783122921544, 18.289813611516347 ], [ -65.304721898256602, 18.290136270540657 ], [ -65.304776753702896, 18.290631121599262 ], [ -65.3052221893481, 18.291158211789881 ], [ -65.306147251250167, 18.291357161915766 ], [ -65.306133537245728, 18.291233447862371 ], [ -65.30639392080937, 18.291254943755128 ], [ -65.306859838486687, 18.290803090084847 ], [ -65.306921461389223, 18.290195278074194 ], [ -65.307051653171044, 18.290206026020574 ], [ -65.307346237053238, 18.289372282243736 ], [ -65.307202331838425, 18.289237825398935 ], [ -65.307476428835059, 18.289383030190116 ], [ -65.30772309896571, 18.289280817184444 ], [ -65.30775052640314, 18.289528240136264 ], [ -65.307503856843937, 18.289630458296902 ], [ -65.307031171710364, 18.291184975036437 ], [ -65.307113454594088, 18.291927249046861 ], [ -65.307558890239278, 18.29245433923748 ], [ -65.30796317958918, 18.292610297130004 ], [ -65.308682712802451, 18.293282597266771 ], [ -65.30931319567577, 18.294315286462371 ], [ -65.309354337117625, 18.294686423467581 ], [ -65.310012242003481, 18.295966535167153 ], [ -65.310300058429434, 18.296235454459577 ], [ -65.310485105657548, 18.296741053464558 ], [ -65.311060728231126, 18.297278896308672 ], [ -65.312691614766905, 18.298026432965777 ], [ -65.314020965447426, 18.29838133582922 ], [ -65.314089534326712, 18.298999895786249 ], [ -65.313767527860534, 18.299586211904149 ], [ -65.313945807060961, 18.301194468823422 ], [ -65.314274760075335, 18.301834529828174 ], [ -65.314706481716101, 18.302237905965399 ], [ -65.314761337162395, 18.302732757024003 ], [ -65.315652203599342, 18.30378694211236 ], [ -65.315679631036772, 18.304034365064179 ], [ -65.315446670057113, 18.30426029683036 ], [ -65.315453616033849, 18.305486668798043 ], [ -65.315652376694956, 18.306115976701452 ], [ -65.315782568476777, 18.306126724647829 ], [ -65.315837423923071, 18.306621575706433 ], [ -65.316598098578211, 18.30766501284841 ], [ -65.317447823573303, 18.308348060931554 ], [ -65.319208901890917, 18.309106345535039 ], [ -65.320510825134008, 18.309213825446662 ], [ -65.320757500118106, 18.309111607733872 ], [ -65.321312462710495, 18.308299364556909 ], [ -65.321572851699017, 18.308320860897513 ], [ -65.321483801359065, 18.308681249956347 ], [ -65.321634653122061, 18.310042083923804 ], [ -65.321764844903882, 18.310052831870181 ], [ -65.321977319569427, 18.310805853826981 ], [ -65.322813330560081, 18.31136518785673 ], [ -65.323128569570017, 18.311881534808091 ], [ -65.325163744884264, 18.312785024202753 ], [ -65.325739372882722, 18.313322867494719 ], [ -65.326965959218853, 18.313914445363601 ], [ -65.328644749799309, 18.31393046066378 ], [ -65.328747518997147, 18.313693780951223 ], [ -65.32935733703583, 18.313376388832864 ], [ -65.329302481589536, 18.31288153777426 ], [ -65.329418964791813, 18.312768572115093 ], [ -65.329288767585098, 18.312757823720865 ], [ -65.329508015703212, 18.312408188211226 ], [ -65.329740971257991, 18.312182255997193 ], [ -65.32988487704425, 18.312316717996964 ], [ -65.329871163039812, 18.31219300394357 ], [ -65.330261743810155, 18.312225248230554 ], [ -65.330158980037197, 18.312461928390963 ], [ -65.330282403791344, 18.313575334251631 ], [ -65.330049442240238, 18.313801260862842 ], [ -65.329645153461783, 18.313645308125285 ], [ -65.329556103121817, 18.314005697184122 ], [ -65.329425905915116, 18.313994948789894 ], [ -65.329535616236257, 18.314984645752133 ], [ -65.329419137887427, 18.315097606704185 ], [ -65.329473993333721, 18.31559245776279 ], [ -65.3293438015519, 18.31558170981641 ], [ -65.329439797868602, 18.316447692725259 ], [ -65.329953802964525, 18.317593348027877 ], [ -65.330083994746346, 18.317604095974254 ], [ -65.330296469411891, 18.318357117931054 ], [ -65.331173621844414, 18.319287588966017 ], [ -65.331543715729197, 18.320298781821013 ], [ -65.331673912935898, 18.320309530215241 ], [ -65.332016579383264, 18.321073300118417 ], [ -65.33289373238722, 18.32200377630835 ], [ -65.333866881136458, 18.323800230252161 ], [ -65.335134609485877, 18.324762950281222 ], [ -65.335573277674825, 18.326392703541099 ], [ -65.336107764231429, 18.326559409827851 ], [ -65.336594335893608, 18.327457636575829 ], [ -65.336772615094034, 18.329065893495102 ], [ -65.337060426095107, 18.329334812339678 ], [ -65.33745100686545, 18.329367056626658 ], [ -65.337779959879811, 18.330007117631411 ], [ -65.338705021210444, 18.330206062602326 ], [ -65.34030170742767, 18.331808838929025 ], [ -65.340801998519169, 18.332830780178245 ], [ -65.341281802725092, 18.334831669995484 ], [ -65.341871144156542, 18.335493222185875 ], [ -65.34237142982316, 18.336515162987247 ], [ -65.342816866039797, 18.337042258332833 ], [ -65.343625449593034, 18.337354169410766 ], [ -65.344070879813344, 18.337881259153537 ], [ -65.344605366369947, 18.338047965440289 ], [ -65.344906891375445, 18.338440598338252 ], [ -65.345571569713869, 18.338618052571384 ], [ -65.345598997151299, 18.338865475523203 ], [ -65.346003291926081, 18.339021433863575 ], [ -65.346578919353092, 18.339559272000571 ], [ -65.34646243615083, 18.339672237659737 ], [ -65.346935299233451, 18.340446750802176 ], [ -65.346976440675306, 18.340817887807386 ], [ -65.346770912557957, 18.341291242973238 ], [ -65.346510523569435, 18.341269746632634 ], [ -65.344927551356633, 18.339790684359329 ], [ -65.344900123919203, 18.33954326140751 ], [ -65.344454693127446, 18.339016166509776 ], [ -65.343803728793461, 18.338962426330038 ], [ -65.343714678453495, 18.339322815388872 ], [ -65.343337811687576, 18.339414285155286 ], [ -65.343063714119509, 18.339269075209138 ], [ -65.3425840830092, 18.339597219980991 ], [ -65.342823985112162, 18.340597664889611 ], [ -65.342707507334765, 18.340710630996625 ], [ -65.342173026203056, 18.340543925157721 ], [ -65.34205654300078, 18.340656890816888 ], [ -65.342125111880065, 18.341275450773917 ], [ -65.341892155753854, 18.341501377832984 ], [ -65.341515294412815, 18.341592848047245 ] ] ] } },
{ "type": "Feature", "properties": { "district": 36, "precinct_index": 2, "color": "#dfcffc", "id": "d36_p02" }, "geometry": { "type": "Polygon", "coordinates": [ [ [ -65.748102370973498, 18.312274983112065 ], [ -65.74690997410616, 18.310828164677893 ], [ -65.745333947870108, 18.310575474372275 ], [ -65.744628128661262, 18.310026888288899 ], [ -65.743750975657306, 18.30909641209897 ], [ -65.74296287898963, 18.307805552453022 ], [ -65.74237353755818, 18.307144000262635 ], [ -65.741674485805589, 18.305492751110002 ], [ -65.741256483022696, 18.305213084319053 ], [ -65.740331421120629, 18.305014134193168 ], [ -65.739783221131034, 18.304723719007992 ], [ -65.739858557466562, 18.304239615895764 ], [ -65.740365616014302, 18.30415889407573 ], [ -65.740865729156724, 18.30285180544298 ], [ -65.742969289404869, 18.302044819309884 ], [ -65.740118589414081, 18.299603042162484 ], [ -65.739645731184908, 18.298828524312931 ], [ -65.740029360553621, 18.297634396184378 ], [ -65.739960791674335, 18.297015836227349 ], [ -65.739618125226983, 18.296252066324172 ], [ -65.739015069791094, 18.295466800080391 ], [ -65.738480583805938, 18.295300098948605 ], [ -65.738103721893467, 18.295391564007897 ], [ -65.737959816678654, 18.295257107163096 ], [ -65.737322565777646, 18.295327075881787 ], [ -65.737089610222867, 18.295553008095816 ], [ -65.736925217551061, 18.29639749466406 ], [ -65.736678547991843, 18.296499712824698 ], [ -65.734972329973971, 18.296236274572703 ], [ -65.734218601295581, 18.296419209398408 ], [ -65.730586739764107, 18.293912943677046 ], [ -65.729161386770542, 18.292692052301938 ], [ -65.728524141865876, 18.292762026623446 ], [ -65.725303515089593, 18.291638085607325 ], [ -65.723885114069105, 18.291643571802719 ], [ -65.722110321747067, 18.29076157314584 ], [ -65.72119897384944, 18.29068633707335 ], [ -65.720184862178854, 18.290847781161268 ], [ -65.719897045181455, 18.290578856713879 ], [ -65.719869617744024, 18.290331433762059 ], [ -65.720088865290691, 18.289981793097454 ], [ -65.719759907422883, 18.289341736799816 ], [ -65.718608657422294, 18.288266055818706 ], [ -65.717512262296552, 18.287685220741235 ], [ -65.716340525410388, 18.28758848832814 ], [ -65.715367555181658, 18.288121069421269 ], [ -65.714929064941771, 18.288820346043366 ], [ -65.715100398165447, 18.289202230994956 ], [ -65.714894870048099, 18.289675586160804 ], [ -65.714010949587887, 18.289847773040133 ], [ -65.713154451711659, 18.290267387578396 ], [ -65.712359581591414, 18.290079185398891 ], [ -65.711393378247493, 18.289509098267796 ], [ -65.709872207457735, 18.289751259020779 ], [ -65.709132192783784, 18.290057907899879 ], [ -65.708782758880176, 18.29039680106596 ], [ -65.707302729532273, 18.291010098824156 ], [ -65.70674776151499, 18.291822341553267 ], [ -65.705473260855882, 18.291962289300582 ], [ -65.704664676731198, 18.291650373067682 ], [ -65.704267155408985, 18.290391757260867 ], [ -65.703561335628706, 18.289843166022525 ], [ -65.703170754858363, 18.289810921735544 ], [ -65.702704843177358, 18.290262781008639 ], [ -65.702444454188836, 18.290241284668035 ], [ -65.702341689844445, 18.290477959673478 ], [ -65.701964828503407, 18.290569429887739 ], [ -65.700683559816611, 18.291812035549341 ], [ -65.701286609827619, 18.292597301345275 ], [ -65.70236929580237, 18.293054417662237 ], [ -65.703273876243756, 18.294232316803985 ], [ -65.703500064913726, 18.29510905281418 ], [ -65.703383586564897, 18.295222013766228 ], [ -65.702849100579741, 18.295055312634442 ], [ -65.70201308901764, 18.294495973449724 ], [ -65.70137583868808, 18.294565947323381 ], [ -65.701458121000357, 18.295308216178839 ], [ -65.702047463003254, 18.295969773524192 ], [ -65.702088604445109, 18.296340910529405 ], [ -65.703191944976155, 18.298148112419593 ], [ -65.702883652514416, 18.298858142590884 ], [ -65.701609151283861, 18.298998085183232 ], [ -65.700567784700027, 18.301241135753454 ], [ -65.699464622689476, 18.301762968900206 ], [ -65.699128896793979, 18.302225570516864 ], [ -65.698964509547039, 18.303070057532956 ], [ -65.697484480199137, 18.303683355291152 ], [ -65.697135040870648, 18.304022248009385 ], [ -65.697162468308079, 18.304269670961201 ], [ -65.695127292993831, 18.303366181566538 ], [ -65.692029922872393, 18.30102661742481 ], [ -65.691557059218326, 18.300252099127405 ], [ -65.691447348897185, 18.299262402165166 ], [ -65.691289729677933, 18.29900423126697 ], [ -65.690741529688339, 18.29871381608179 ], [ -65.689878090688822, 18.297907053945256 ], [ -65.688363687355292, 18.297046551628981 ], [ -65.687198723350264, 18.29584715659448 ], [ -65.685567842239365, 18.295099620385223 ], [ -65.684375450796907, 18.293652802398899 ], [ -65.683683345021052, 18.293227925213952 ], [ -65.68308029015661, 18.292442664125137 ], [ -65.681997609035307, 18.291985543101056 ], [ -65.680839585582135, 18.292012519586386 ], [ -65.679770618465255, 18.2916791126157 ], [ -65.677653511311973, 18.294691413681679 ], [ -65.676509207859567, 18.294842109823218 ], [ -65.676187195968495, 18.295428425493267 ], [ -65.675906330944173, 18.296385878616377 ], [ -65.676475364010571, 18.300355414411722 ], [ -65.675810685672147, 18.300177960178594 ], [ -65.675173435342586, 18.300247934052251 ], [ -65.674549903870911, 18.300441617272181 ], [ -65.673953794983206, 18.300882728151052 ], [ -65.672953391320732, 18.301167880689544 ], [ -65.672302426986747, 18.30111414050981 ], [ -65.67134993764725, 18.300667767432106 ], [ -65.670349539409656, 18.30095292041845 ], [ -65.669623238168697, 18.301383278195974 ], [ -65.669054556718422, 18.302071812026661 ], [ -65.669020361253317, 18.302927046989133 ], [ -65.66832148802122, 18.303604832873443 ], [ -65.668259865118685, 18.304212644884096 ], [ -65.668026904139026, 18.304438576650277 ], [ -65.665834109034094, 18.303276911202449 ], [ -65.664086749574352, 18.30264233594524 ], [ -65.6639291303551, 18.302384165047044 ], [ -65.66399075325765, 18.301776353036391 ], [ -65.66264768857269, 18.301297736119558 ], [ -65.662202252356053, 18.300770640773973 ], [ -65.661551288022054, 18.300716900594235 ], [ -65.661188140685468, 18.300932084861888 ], [ -65.660612512686996, 18.300394241569926 ], [ -65.660509748342605, 18.300630916575368 ], [ -65.659701164789368, 18.300319005497435 ], [ -65.658803530896165, 18.300367483478336 ], [ -65.658241616902146, 18.299953354239765 ], [ -65.657638561466257, 18.299168087995984 ], [ -65.656322918793848, 18.298936893583118 ], [ -65.655185382797683, 18.297984926655403 ], [ -65.653390114439844, 18.298081877462238 ], [ -65.652321141898085, 18.297748470043704 ], [ -65.651814088775225, 18.297829192311585 ], [ -65.651396079996019, 18.297549519917819 ], [ -65.651354938554149, 18.297178382912605 ], [ -65.651080841557516, 18.297033178121428 ], [ -65.65026548997659, 18.297823924957786 ], [ -65.649731003991434, 18.297657223826 ], [ -65.64957338420075, 18.297399047772839 ], [ -65.648922419866764, 18.297345307593101 ], [ -65.648751086643074, 18.296963422641511 ], [ -65.647668400096876, 18.296506301169583 ], [ -65.647044863771754, 18.296699989096631 ], [ -65.646599432979997, 18.296172894198897 ], [ -65.645078262190239, 18.296415054951879 ], [ -65.644975497845849, 18.296651729957322 ], [ -65.644715108857312, 18.296630233616717 ], [ -65.644427297856254, 18.296361314772145 ], [ -65.644208055734467, 18.296710955884603 ], [ -65.643947666745945, 18.296689459543998 ], [ -65.643920239308514, 18.296442036592179 ], [ -65.643659855744872, 18.296420540699422 ], [ -65.643269274974529, 18.296388296412442 ], [ -65.642789649289099, 18.296716441632146 ], [ -65.641604198398511, 18.296495995165657 ], [ -65.641371242272285, 18.296721922224719 ], [ -65.642049634615148, 18.297023090511242 ], [ -65.642090775485556, 18.297394222361486 ], [ -65.641844100501473, 18.297496440074276 ], [ -65.641412383714155, 18.297093059229933 ], [ -65.641151994725618, 18.297071562889329 ], [ -65.641035516948236, 18.297184528996343 ], [ -65.641193136167487, 18.297442699894539 ], [ -65.641090371823083, 18.297679374899982 ], [ -65.640829988259441, 18.297657879007225 ], [ -65.640233879371749, 18.298098989886096 ], [ -65.639582915037749, 18.298045249706359 ], [ -65.638986805578611, 18.29848635543026 ], [ -65.638726422014969, 18.298464859537507 ], [ -65.638568802795731, 18.298206688639308 ], [ -65.638048030243553, 18.29816369640595 ], [ -65.637308015569602, 18.29847034528505 ], [ -65.636773529012999, 18.298303638998298 ], [ -65.636280189894578, 18.298508075319575 ], [ -65.635533228672443, 18.297588347076022 ], [ -65.634882264338458, 18.297534606896285 ], [ -65.634943887240993, 18.296926794885632 ], [ -65.634745126579887, 18.296297486982223 ], [ -65.634100929702143, 18.295141083733231 ], [ -65.632545385498204, 18.293909449566712 ], [ -65.631750515377959, 18.293721247387207 ], [ -65.631647751033569, 18.293957922392647 ], [ -65.631503845818756, 18.293823465547845 ], [ -65.63127088969253, 18.294049392606908 ], [ -65.630866594917748, 18.293893434266536 ], [ -65.630880308922187, 18.294017148319927 ], [ -65.630489733576724, 18.293984904480794 ], [ -65.630503447009716, 18.294108613379223 ], [ -65.629893624117585, 18.294426010204695 ], [ -65.629503043347242, 18.294393765917714 ], [ -65.629516757351666, 18.294517479971109 ], [ -65.629139896010642, 18.294608950185371 ], [ -65.628852079013242, 18.294340025737981 ], [ -65.6285916954496, 18.294318529845224 ], [ -65.628564268012184, 18.294071106893405 ], [ -65.628434076230363, 18.294060358947029 ], [ -65.628536840574753, 18.293823683941586 ], [ -65.628276457011111, 18.293802188048833 ], [ -65.628249029573681, 18.293554765097014 ], [ -65.627858448803337, 18.293522520810033 ], [ -65.627885876240768, 18.293769943761852 ], [ -65.627419963988331, 18.294221797879977 ], [ -65.627344622227923, 18.294705900544358 ], [ -65.627084238664281, 18.294684404651601 ], [ -65.626748518193665, 18.295147006716107 ], [ -65.626460701767712, 18.294878087423683 ], [ -65.62620031820407, 18.29485659153093 ], [ -65.626316795981452, 18.294743625423916 ], [ -65.625179259985288, 18.293791658496197 ], [ -65.625254596892262, 18.293307560538938 ], [ -65.625110691106002, 18.293173098539167 ], [ -65.625240882887823, 18.293183846485544 ], [ -65.624953071886765, 18.292914927640972 ], [ -65.625042122226731, 18.292554538582138 ], [ -65.624754305229331, 18.292285614134748 ], [ -65.624528117130794, 18.291408883279519 ], [ -65.625035175678534, 18.291328161459486 ], [ -65.625384610153588, 18.290989273448375 ], [ -65.625919096138745, 18.291155974580157 ], [ -65.626638629352016, 18.291828274716924 ], [ -65.627131974466764, 18.291623843998465 ], [ -65.627118260462325, 18.291500129945071 ], [ -65.627639027589609, 18.29154312173058 ], [ -65.627755505938438, 18.291430160778532 ], [ -65.627625314156617, 18.291419412832155 ], [ -65.627597886719201, 18.291171989880336 ], [ -65.627858275707723, 18.291193486220941 ], [ -65.627871989140715, 18.291317195119365 ], [ -65.627858275707723, 18.291193486220941 ], [ -65.627844561703284, 18.29106977216755 ], [ -65.627974753485105, 18.291080520113926 ], [ -65.627803420261429, 18.290698635162336 ], [ -65.62807751782951, 18.290843845108483 ], [ -65.628063803825071, 18.290720131055092 ], [ -65.628570862372811, 18.290639409235055 ], [ -65.628529721502389, 18.290268277384811 ], [ -65.62865991328421, 18.290279025331191 ], [ -65.62851600749795, 18.29014456333142 ], [ -65.628605057837916, 18.289784174272587 ], [ -65.628735249619737, 18.289794922218963 ], [ -65.628707822182307, 18.289547499267144 ], [ -65.628461152051671, 18.289649712272816 ], [ -65.6282898134031, 18.289267826873377 ], [ -65.628392583172385, 18.289031152315786 ], [ -65.628652966736027, 18.289052648208539 ], [ -65.628598111861166, 18.288557802304901 ], [ -65.628467920079345, 18.288547054358524 ], [ -65.62842677863749, 18.288175917353314 ], [ -65.628138962211537, 18.28790699806089 ], [ -65.627631908517245, 18.287987715173806 ], [ -65.626898661299535, 18.287191700983648 ], [ -65.626364175314379, 18.287024999851862 ], [ -65.626206555523694, 18.2867668237987 ], [ -65.624616815854637, 18.286390424594654 ], [ -65.62458938841722, 18.286143001642834 ], [ -65.624979969187564, 18.286175245929815 ], [ -65.625432167435562, 18.285599677758295 ], [ -65.625692556424099, 18.2856211740989 ], [ -65.625795320768489, 18.285384499093457 ], [ -65.62643257109805, 18.2853145252198 ], [ -65.626535335442441, 18.28507785021436 ], [ -65.626795719006083, 18.285099346107113 ], [ -65.626884769346049, 18.28473895704828 ], [ -65.627522019675595, 18.284668983174623 ], [ -65.627549447113026, 18.284916406126442 ], [ -65.627898886441514, 18.284577513408212 ], [ -65.628563564779938, 18.284754967641341 ], [ -65.629145954809758, 18.284190147416197 ], [ -65.629207583137187, 18.283582335853392 ], [ -65.629673494818178, 18.283130476580297 ], [ -65.629646067380747, 18.282883053628481 ], [ -65.629968079271819, 18.282296737958433 ], [ -65.62986513640692, 18.280204377926932 ], [ -65.629995328188741, 18.280215125873308 ], [ -65.629851422973928, 18.280080669028507 ], [ -65.629529237987242, 18.278337950109464 ], [ -65.628357328005464, 18.275912183107277 ], [ -65.627911891788827, 18.275385087761691 ], [ -65.627377405803671, 18.275218386629906 ], [ -65.626740154902663, 18.275288355348597 ], [ -65.626986830458208, 18.275186142790773 ], [ -65.626705786913377, 18.273814560876943 ], [ -65.624547186702117, 18.271797655311676 ], [ -65.624519759264686, 18.271550232359857 ], [ -65.623813939484407, 18.271001641121515 ], [ -65.623210890044845, 18.270216380480552 ], [ -65.622100775489784, 18.269511830901838 ], [ -65.62179925105572, 18.269119203158837 ], [ -65.620558944718837, 18.268403905633743 ], [ -65.6204013254996, 18.268145734735548 ], [ -65.617831669053629, 18.267075539501981 ], [ -65.617194418152636, 18.267145508220672 ], [ -65.617180704719644, 18.267021799322244 ], [ -65.616920321156002, 18.267000303429491 ], [ -65.616426976041254, 18.267204734147949 ], [ -65.61603639527091, 18.267172489860968 ], [ -65.616022681266472, 18.267048775807577 ], [ -65.615214097713235, 18.266736864729644 ], [ -65.614494569924844, 18.266064565040729 ], [ -65.614234180936322, 18.266043068700125 ], [ -65.61405608025639, 18.266763846817792 ], [ -65.613795691267867, 18.266742350477188 ], [ -65.613781977263443, 18.266618636423793 ], [ -65.613288637573575, 18.266823067590103 ], [ -65.613302351578014, 18.266946781643497 ], [ -65.613028248585053, 18.266801571249498 ], [ -65.61213061469185, 18.266850049230403 ], [ -65.611986708905604, 18.266715587230632 ], [ -65.611363172580468, 18.26690927515768 ], [ -65.610314864873331, 18.267925949053105 ], [ -65.609705041981201, 18.268243345878577 ], [ -65.609444652992678, 18.268221849537976 ], [ -65.609019882753543, 18.269044845816282 ], [ -65.608423773294405, 18.269485951540183 ], [ -65.608375864396294, 18.270217477604231 ], [ -65.608519769611107, 18.270351934449032 ], [ -65.608170330282618, 18.270690827167261 ], [ -65.608327955498197, 18.270949003668274 ], [ -65.608225185728912, 18.271185678225866 ], [ -65.608321182045628, 18.272051661134714 ], [ -65.607814128922769, 18.272132383402599 ], [ -65.607800414918344, 18.272008669349205 ], [ -65.607279642366166, 18.271965677115848 ], [ -65.607293356370604, 18.272089391169242 ], [ -65.606238102686717, 18.271879693096981 ], [ -65.605381604810489, 18.272299307635244 ], [ -65.605395318243481, 18.272423016533669 ], [ -65.604874551116197, 18.272380024748159 ], [ -65.604394920005888, 18.272708169520012 ], [ -65.603339666893447, 18.272498476602721 ], [ -65.602373463549526, 18.271928389471626 ], [ -65.60227746723281, 18.271062406562773 ], [ -65.60213355602167, 18.270927944115154 ], [ -65.602263753228385, 18.270938692509382 ], [ -65.602236325790955, 18.270691269557563 ], [ -65.602832429253766, 18.270250158230844 ], [ -65.603339488372939, 18.270169441565777 ], [ -65.603921883827653, 18.269604621788485 ], [ -65.60402464760061, 18.269367941628076 ], [ -65.603928651283894, 18.268501958719227 ], [ -65.604045129061276, 18.268388992612209 ], [ -65.604161607410106, 18.268276031660161 ], [ -65.605580013855473, 18.268270545912618 ], [ -65.605566299851048, 18.268146831859227 ], [ -65.606203550752042, 18.268076863140536 ], [ -65.606306315096433, 18.267840188135096 ], [ -65.606566704084969, 18.267861684475701 ], [ -65.606731090760462, 18.267017192304639 ], [ -65.606388424313096, 18.266253422401459 ], [ -65.606635094443746, 18.26615120939579 ], [ -65.60656652556446, 18.265532649438757 ], [ -65.605853759807431, 18.263757686232733 ], [ -65.605422043020113, 18.26335430538839 ], [ -65.605511093360079, 18.262993916329556 ], [ -65.604579085481262, 18.261568594235989 ], [ -65.603194873929567, 18.260718839866094 ], [ -65.602818012588529, 18.260810310080355 ], [ -65.602598765041861, 18.261159950744961 ], [ -65.602194475691974, 18.261003992852437 ], [ -65.602413717813761, 18.26065435173998 ], [ -65.602674106802283, 18.260675848080584 ], [ -65.602632965360428, 18.260304711075374 ], [ -65.601817435830441, 18.258766428029759 ], [ -65.600755236169803, 18.257330357989812 ], [ -65.600049416389524, 18.256781766751473 ], [ -65.600008274947669, 18.256410629746259 ], [ -65.599720458521716, 18.256141710453836 ], [ -65.599871137189098, 18.255173509832201 ], [ -65.599220172855112, 18.255119769652463 ], [ -65.598863787549874, 18.25423229040301 ], [ -65.597986634545904, 18.253301814213081 ], [ -65.597918065666619, 18.252683254256048 ], [ -65.598253791562115, 18.252220652639394 ], [ -65.598226363553252, 18.251973224532609 ], [ -65.598473033683902, 18.251871011526937 ], [ -65.598185222111397, 18.251602087527395 ], [ -65.598274272451363, 18.251241698468561 ], [ -65.59725321423258, 18.250176765433828 ], [ -65.597081881580351, 18.249794885637208 ], [ -65.597027026134057, 18.249300034578603 ], [ -65.597232554251406, 18.248826679412755 ], [ -65.59716398537212, 18.248208119455722 ], [ -65.597006366152868, 18.247949948557526 ], [ -65.596314260377028, 18.247525071372579 ], [ -65.5959853079341, 18.246885015522793 ], [ -65.595567299726326, 18.246605348283992 ], [ -65.595306916162684, 18.24658385239124 ], [ -65.594745002168651, 18.246169723152668 ], [ -65.593703462489202, 18.246083739133802 ], [ -65.593545843269951, 18.245825568235606 ], [ -65.592881164931526, 18.245648114002474 ], [ -65.592134204280825, 18.244728390913892 ], [ -65.590880184510951, 18.243889384490373 ], [ -65.590208565620671, 18.24248555873741 ], [ -65.588954545850797, 18.241646552313892 ], [ -65.588337776981916, 18.240737577171682 ], [ -65.58726880929359, 18.24040416504603 ], [ -65.586919375389996, 18.240743058212107 ], [ -65.58665898640146, 18.240721561871503 ], [ -65.586556222628502, 18.240958242031912 ], [ -65.58629583906486, 18.240936746139159 ], [ -65.585864116852662, 18.240533364846964 ], [ -65.585953167192628, 18.240172975788131 ], [ -65.585768119964513, 18.239667376783149 ], [ -65.58548030896344, 18.239398457938577 ], [ -65.584438763859112, 18.239312473471859 ], [ -65.583013416290427, 18.238091582544602 ], [ -65.583061325188538, 18.237360056480554 ], [ -65.58407543743057, 18.237198617547605 ], [ -65.584856593546377, 18.237263105673716 ], [ -65.585192319441873, 18.236800504057062 ], [ -65.585452703005515, 18.236821999949814 ], [ -65.585685658560294, 18.236596067735785 ], [ -65.585617089681008, 18.235977507778752 ], [ -65.585130518018829, 18.235079281030774 ], [ -65.585610149129138, 18.234751136258922 ], [ -65.585541580249853, 18.234132576301889 ], [ -65.586178830579414, 18.234062602428235 ], [ -65.58651455105003, 18.23360000036373 ], [ -65.586528264483022, 18.233723709262154 ], [ -65.587323134603267, 18.233911911441659 ], [ -65.587898762030292, 18.234449749578655 ], [ -65.588673150689857, 18.235616900774026 ], [ -65.589324109598962, 18.235670640505916 ], [ -65.589982019909698, 18.236950752653332 ], [ -65.590413742121896, 18.237354133945527 ], [ -65.591482709810222, 18.237687546071182 ], [ -65.592640732691947, 18.237660564430882 ], [ -65.594093507698048, 18.239128878309959 ], [ -65.594998088139434, 18.240306777451707 ], [ -65.595416096347208, 18.240586444690507 ], [ -65.596327444244835, 18.240661680762997 ], [ -65.597211364705046, 18.240489493883672 ], [ -65.597300415044998, 18.240129104824835 ], [ -65.597780046155322, 18.239800960052982 ], [ -65.597752618717891, 18.239553537101166 ], [ -65.59762242693607, 18.239542789154786 ], [ -65.597958146835239, 18.239080181935314 ], [ -65.600479899807979, 18.240881903680776 ], [ -65.600870475153442, 18.240914147519909 ], [ -65.600829333711587, 18.240543010514699 ], [ -65.598177394381906, 18.238730541270709 ], [ -65.598382923070702, 18.238257191259823 ], [ -65.598108825502621, 18.238111981313676 ], [ -65.598211589847025, 18.237875306308236 ], [ -65.598643312059224, 18.238278687600427 ], [ -65.599006459395824, 18.238063503332775 ], [ -65.599287329845026, 18.237106050657516 ], [ -65.599533999975677, 18.237003837651844 ], [ -65.599958775639692, 18.236180841821387 ], [ -65.600020398542227, 18.235573029810734 ], [ -65.59971886811185, 18.235180396464916 ], [ -65.600068307440338, 18.234841503746686 ], [ -65.600705558341332, 18.234771535027999 ], [ -65.60080832211429, 18.23453485486759 ], [ -65.600493083675801, 18.234018513071195 ], [ -65.599465252575897, 18.234056242657871 ], [ -65.598841715679328, 18.234249925429953 ], [ -65.598958198881604, 18.23413695977079 ], [ -65.598834774556025, 18.233023548755153 ], [ -65.598190578249714, 18.231867150661127 ], [ -65.597484758469434, 18.231318559422785 ], [ -65.59696398591727, 18.231275567189428 ], [ -65.596909131042423, 18.23078072128579 ], [ -65.597039322824244, 18.230791469232166 ], [ -65.59712837858909, 18.230431080621184 ], [ -65.596943325936095, 18.229925481168351 ], [ -65.597190001491626, 18.229823268610531 ], [ -65.597279051831592, 18.229462879551694 ], [ -65.597196768947867, 18.228720605541273 ], [ -65.596621140949409, 18.228182762249308 ], [ -65.596566286074562, 18.227687916345673 ], [ -65.597217250408548, 18.227741656525406 ], [ -65.597936783621819, 18.228413956662173 ], [ -65.598471270178422, 18.228580662948925 ], [ -65.598848131519446, 18.228489192734664 ], [ -65.599211284852373, 18.228274014069829 ], [ -65.599649769095947, 18.227574731844914 ], [ -65.599512631337376, 18.226337611930852 ], [ -65.598176334108672, 18.224756331944761 ], [ -65.596778409123971, 18.223782868676437 ], [ -65.596428975220377, 18.224121761842518 ], [ -65.595270951767205, 18.224148738327848 ], [ -65.594592559995789, 18.223847575196295 ], [ -65.593845599345087, 18.222927852107709 ], [ -65.593311118213364, 18.222761146268809 ], [ -65.592804059665639, 18.222841868088842 ], [ -65.592975392317868, 18.223223747885463 ], [ -65.591529558435084, 18.222981810681187 ], [ -65.591022504740792, 18.223062527794106 ], [ -65.591036218745217, 18.223186241847497 ], [ -65.590474304751197, 18.222772112608926 ], [ -65.590604496533018, 18.222782860555306 ], [ -65.590577069095588, 18.222535437603486 ], [ -65.590330399536384, 18.222637655764125 ], [ -65.59041944987635, 18.222277266705291 ], [ -65.590131638303831, 18.222008342705749 ], [ -65.590494786211877, 18.221793163593063 ], [ -65.590426217332592, 18.221174603636033 ], [ -65.590556409114413, 18.22118535158241 ], [ -65.590398789895161, 18.220927180684214 ], [ -65.590761943228088, 18.220712002019376 ], [ -65.591426615570185, 18.22088945064969 ], [ -65.592392824338987, 18.221459538228633 ], [ -65.593448077451441, 18.221669231145928 ], [ -65.594030472906141, 18.221104411368632 ], [ -65.594290856469783, 18.221125907261388 ], [ -65.594393620814188, 18.220889232255946 ], [ -65.594537532025313, 18.221023694703565 ], [ -65.594523818020889, 18.220899980650174 ], [ -65.594914393366352, 18.220932224489307 ], [ -65.594941820803783, 18.221179647441122 ], [ -65.595215918371849, 18.22132485738727 ], [ -65.595435165918516, 18.220975216722664 ], [ -65.595812027259555, 18.220883746508402 ], [ -65.596230036038762, 18.221163418902169 ], [ -65.596833090903203, 18.221948679990984 ], [ -65.596881172896929, 18.223546188516032 ], [ -65.598984917661895, 18.225068243022694 ], [ -65.599142537452593, 18.225326419075856 ], [ -65.599663310004757, 18.225369411309213 ], [ -65.59995112100583, 18.225638330153789 ], [ -65.600732277121637, 18.225702818279903 ], [ -65.601746394788549, 18.225541379794802 ], [ -65.60173268078411, 18.225417665741407 ], [ -65.602602887239883, 18.225121764808687 ], [ -65.602273929372075, 18.224481708511053 ], [ -65.602239560811356, 18.223007908884433 ], [ -65.602081936167224, 18.222749737538386 ], [ -65.602212133373925, 18.222760485932614 ], [ -65.602102423052784, 18.221770788970371 ], [ -65.602232614834605, 18.221781536916748 ], [ -65.602205187397175, 18.221534113964932 ], [ -65.602465570960817, 18.221555609857685 ], [ -65.60275338196189, 18.221824528702257 ], [ -65.603096053834136, 18.222588299053285 ], [ -65.603370151402203, 18.222733508999433 ], [ -65.603239959620382, 18.222722761053056 ], [ -65.60345243371448, 18.22347577785489 ], [ -65.603870442493701, 18.223755450248657 ], [ -65.603623766938156, 18.223857662806477 ], [ -65.603651194375587, 18.224105085758296 ], [ -65.603925297368548, 18.224250296152295 ], [ -65.603966438810403, 18.224621433157505 ], [ -65.604096630592224, 18.224632181103882 ], [ -65.604048721694127, 18.225363707167929 ], [ -65.604692912575544, 18.226520104814107 ], [ -65.604370906680799, 18.227106426086973 ], [ -65.604590327323095, 18.229085820011456 ], [ -65.604514990416121, 18.229569917968718 ], [ -65.604282029436462, 18.229795849734899 ], [ -65.604323170306884, 18.230166981585143 ], [ -65.605878715082255, 18.231398620906628 ], [ -65.606050048305931, 18.231780505858215 ], [ -65.606755868086211, 18.232329097096557 ], [ -65.607153394833304, 18.23358771335122 ], [ -65.608722647616801, 18.234943061123282 ], [ -65.608983036605323, 18.234964557463886 ], [ -65.609085800949714, 18.234727882458444 ], [ -65.610737342041801, 18.236825504688777 ], [ -65.609641120011673, 18.238573704200398 ], [ -65.612306773345793, 18.24050988749778 ], [ -65.612539734896899, 18.240283960886565 ], [ -65.612930310242362, 18.240316204725698 ], [ -65.612971451684217, 18.240687341730908 ], [ -65.612724782124999, 18.240789559891546 ], [ -65.61468461567884, 18.242177151950589 ], [ -65.615397202915361, 18.241623080119673 ], [ -65.615554827559492, 18.24188125146572 ], [ -65.615205388231004, 18.24222014418395 ], [ -65.615232815668435, 18.242467567135769 ], [ -65.615595969001362, 18.242252388470931 ], [ -65.615534340673932, 18.242860200033732 ], [ -65.615794729662454, 18.242881696374337 ], [ -65.61602768578868, 18.242655769315274 ], [ -65.616055113226096, 18.242903192267093 ], [ -65.615561768111363, 18.243107622985551 ], [ -65.615575482115787, 18.243231337038946 ], [ -65.616007204328, 18.243634718331137 ], [ -65.616397779673463, 18.24366696217027 ], [ -65.616425207110893, 18.243914385122089 ], [ -65.616973407100488, 18.244204800307266 ], [ -65.61687064332753, 18.244441480467675 ], [ -65.61782313209558, 18.244887848390412 ], [ -65.618720766560216, 18.244839375564474 ], [ -65.618981155548738, 18.244860871905079 ], [ -65.61899486898173, 18.244984580803507 ], [ -65.620283078791843, 18.244968351816702 ], [ -65.620296792224835, 18.245092060715127 ], [ -65.620413275998544, 18.24497910021093 ], [ -65.620426989431536, 18.245102809109355 ], [ -65.620687372995178, 18.245124305002111 ], [ -65.620803851344007, 18.245011344050063 ], [ -65.620728514437033, 18.245495442007321 ], [ -65.6210711808844, 18.246259211910498 ], [ -65.620995844548872, 18.246743315022727 ], [ -65.620982130544434, 18.246619600969336 ], [ -65.620865652767051, 18.24673256707635 ], [ -65.621256228112514, 18.246764810915483 ], [ -65.621167177772548, 18.247125199974317 ], [ -65.621900424418811, 18.247921209009508 ], [ -65.622941964098274, 18.248007193028375 ], [ -65.623291403426762, 18.247668300310146 ], [ -65.623298171454451, 18.246565642395854 ], [ -65.623544841013654, 18.246463424235216 ], [ -65.623489986138807, 18.245968578331581 ], [ -65.623866852904712, 18.245877108565168 ], [ -65.624051900132827, 18.246382707570149 ], [ -65.624339716558779, 18.246651626862572 ], [ -65.625278491893837, 18.246974285886882 ], [ -65.625627925797446, 18.246635392720805 ], [ -65.626004793134797, 18.246543928109357 ], [ -65.626107556907755, 18.246307247948952 ], [ -65.625237350451982, 18.246603148881672 ], [ -65.625004388900877, 18.246829075492887 ], [ -65.624874197119055, 18.246818327546507 ], [ -65.624846769681639, 18.246570904594691 ], [ -65.625963651692942, 18.246172791104147 ], [ -65.626648810920599, 18.245371291166446 ], [ -65.627155864614892, 18.245290574053527 ], [ -65.627244920379738, 18.244930185442545 ], [ -65.627710832060728, 18.24447832616945 ], [ -65.628348082961736, 18.244408357450759 ], [ -65.628581043941395, 18.244182425684578 ], [ -65.628971619286858, 18.244214669523707 ], [ -65.629334772619771, 18.243999490858872 ], [ -65.629889735212174, 18.243187247681909 ], [ -65.630150124200696, 18.243208744022514 ], [ -65.63153415666045, 18.241729458200499 ], [ -65.632143979552581, 18.241412061375026 ], [ -65.632534554898044, 18.241444305214156 ], [ -65.632507127460627, 18.24119688226234 ], [ -65.63276751644915, 18.241218378602941 ], [ -65.632479700023197, 18.240949459310521 ], [ -65.632609891805018, 18.240960207256897 ], [ -65.632411131143911, 18.240330899353488 ], [ -65.632801711914254, 18.240363143640472 ], [ -65.632746856467975, 18.239868292581868 ], [ -65.632602951253162, 18.239733835737063 ], [ -65.632226083915796, 18.239825300348507 ], [ -65.631664169921777, 18.239411171109936 ], [ -65.631581887609499, 18.238668902254481 ], [ -65.631712084816201, 18.238679650648706 ], [ -65.631485890721351, 18.237802914190663 ], [ -65.630793784945496, 18.237378037005715 ], [ -65.629060139490193, 18.236867175801901 ], [ -65.629032712052776, 18.236619752850082 ], [ -65.629265673603868, 18.236393826238867 ], [ -65.629656248949331, 18.236426070078 ], [ -65.629957773954843, 18.236818702975967 ], [ -65.630218162943365, 18.236840199316571 ], [ -65.630505973944423, 18.237109118161143 ], [ -65.630492259939999, 18.236985404107749 ], [ -65.630780071512504, 18.237254328107291 ], [ -65.631300844064668, 18.237297320340648 ], [ -65.630334640720747, 18.236727233209553 ], [ -65.630485313963248, 18.235759032140066 ], [ -65.630862180729167, 18.235667562373656 ], [ -65.630807325854306, 18.235172716470018 ], [ -65.630546936865784, 18.235151220129413 ], [ -65.630375603642108, 18.234769335177823 ], [ -65.631040281980532, 18.234946789410955 ], [ -65.631273242960191, 18.234720857644774 ], [ -65.632026971638581, 18.234537922819069 ], [ -65.632129735982971, 18.234301247813626 ], [ -65.632636789105817, 18.234220525545741 ], [ -65.632725844870663, 18.233860136934759 ], [ -65.632595647663962, 18.233849388540531 ], [ -65.632568220226545, 18.233601965588711 ], [ -65.633075278774271, 18.233521243768678 ], [ -65.633411004669767, 18.23305864215202 ], [ -65.633904344359635, 18.232854210985714 ], [ -65.634137305339294, 18.232628279219529 ], [ -65.63419892824183, 18.232020467208876 ], [ -65.634431884368041, 18.231794540149814 ], [ -65.634795037700968, 18.231579361484975 ], [ -65.63480875113396, 18.231703070383404 ], [ -65.635069134697602, 18.231724566276156 ], [ -65.634767609692105, 18.23133193337819 ], [ -65.633595872805941, 18.231235200965095 ], [ -65.633308061804868, 18.230966282120523 ], [ -65.633280634367452, 18.230718859168704 ], [ -65.633191584027486, 18.231079248227537 ], [ -65.633520536470414, 18.231719304077323 ], [ -65.633369863227912, 18.23268750514681 ], [ -65.632876518113164, 18.232891935865268 ], [ -65.632890232117603, 18.233015649918663 ], [ -65.632629848553961, 18.23299415402591 ], [ -65.632184412337324, 18.232467058680321 ], [ -65.631492307132916, 18.232042186650343 ], [ -65.63042333944459, 18.231708774524687 ], [ -65.62973123366875, 18.23128389733974 ], [ -65.628141493999692, 18.230907498135693 ], [ -65.625414212338157, 18.229579126401113 ], [ -65.625242879685928, 18.229197246604492 ], [ -65.625578605009977, 18.228734639832869 ], [ -65.625201565148444, 18.22649707501019 ], [ -65.624571082275139, 18.22546438581459 ], [ -65.623289635067835, 18.224377956439252 ], [ -65.623310121953395, 18.223399007871237 ], [ -65.623645841852564, 18.222936400651765 ], [ -65.624426997968371, 18.223000888777879 ], [ -65.624776437296873, 18.222661996059646 ], [ -65.625427401630859, 18.222715736239383 ], [ -65.625975596195573, 18.223006150976712 ], [ -65.626277126625951, 18.223398784322526 ], [ -65.626201784865543, 18.223882886986907 ], [ -65.626448459849627, 18.223780669274117 ], [ -65.626736270850699, 18.224049588118689 ], [ -65.626852749199529, 18.223936627166641 ], [ -65.626722557417708, 18.223925879220264 ], [ -65.626695129980277, 18.223678456268445 ], [ -65.626825321762098, 18.223689204214821 ], [ -65.627113138188051, 18.223958123507245 ], [ -65.627332380309838, 18.223608482394788 ], [ -65.627044569308765, 18.223339563550216 ], [ -65.627017141299902, 18.22309213544343 ], [ -65.627469339547901, 18.222516567271906 ], [ -65.627661159657151, 18.221919503655482 ], [ -65.628010593560745, 18.221580610489401 ], [ -65.628099643900711, 18.221220221430567 ], [ -65.628085930467719, 18.221096512532142 ], [ -65.627825546904077, 18.221075016639389 ], [ -65.627654213680401, 18.220693131687799 ], [ -65.62788716923518, 18.220467199473767 ], [ -65.627948792137715, 18.219859387463114 ], [ -65.627777458914039, 18.219477502511527 ], [ -65.626756400695257, 18.218412569476794 ], [ -65.626036867481986, 18.217740269340027 ], [ -65.625646292136523, 18.217708025500894 ], [ -65.625351708254328, 18.218541769277728 ], [ -65.62410463446119, 18.218929134821895 ], [ -65.623289283451712, 18.21971988681322 ], [ -65.621960105295372, 18.221694013383903 ], [ -65.621453046747632, 18.221774735203937 ], [ -65.62121314464467, 18.220774290295317 ], [ -65.620754000419922, 18.220123486499155 ], [ -65.620479897426961, 18.219978276105156 ], [ -65.6198426470974, 18.220048249978813 ], [ -65.619280738528261, 18.219634121188093 ], [ -65.61992475688551, 18.218461489400145 ], [ -65.620000093221037, 18.21797738628792 ], [ -65.619787618555492, 18.21722436433112 ], [ -65.619917810337313, 18.217235112277496 ], [ -65.619890382899897, 18.216987689325677 ], [ -65.620513919796451, 18.216794006553595 ], [ -65.620678306471945, 18.215949514382533 ], [ -65.621027745800433, 18.215610621664304 ], [ -65.621000318363016, 18.215363198712485 ], [ -65.621377179704041, 18.215271728498223 ], [ -65.62134975226661, 18.215024305546404 ], [ -65.62200071660061, 18.215078045726141 ], [ -65.622336442496106, 18.214615444109484 ], [ -65.622713303837131, 18.214523973895222 ], [ -65.62274749930225, 18.213668738932753 ], [ -65.62245968772973, 18.213399814933211 ], [ -65.622432260292314, 18.213152391981392 ], [ -65.622171876728672, 18.213130896088639 ], [ -65.622521310632266, 18.212792002922559 ], [ -65.622535024636704, 18.212915716975949 ], [ -65.622795408200346, 18.212937212868706 ], [ -65.622781694195908, 18.212813498815311 ], [ -65.623549136878736, 18.212754278043001 ], [ -65.623535422874298, 18.212630563989606 ], [ -65.624330298419423, 18.212818766616962 ], [ -65.62454954054121, 18.212469125504505 ], [ -65.624693445756023, 18.21260358234931 ], [ -65.624679732323031, 18.212479873450885 ], [ -65.62454954054121, 18.212469125504505 ], [ -65.624898974444818, 18.212130232338428 ], [ -65.62515936343334, 18.212151728679032 ], [ -65.625200504875195, 18.212522865684242 ], [ -65.625474601871844, 18.212668070475424 ], [ -65.625865182642187, 18.212700314762404 ], [ -65.625967946986577, 18.212463639756962 ], [ -65.625981660991016, 18.212587353810356 ], [ -65.626111852772837, 18.212598101756733 ], [ -65.625967946986577, 18.212463639756962 ], [ -65.626228330550219, 18.212485135649718 ], [ -65.626543569560155, 18.213001482601076 ], [ -65.62656422954133, 18.214351568622153 ], [ -65.626852045967283, 18.214620487914576 ], [ -65.62697546972143, 18.215733893775244 ], [ -65.627722425518684, 18.216653621570948 ], [ -65.628085578851596, 18.21643844290611 ], [ -65.62835967584823, 18.216583647697291 ], [ -65.628859966939729, 18.217605588946515 ], [ -65.628798344037193, 18.218213400957168 ], [ -65.62909986904269, 18.218606033855131 ], [ -65.629168438493423, 18.219224598967131 ], [ -65.630004449484076, 18.219783932996883 ], [ -65.630525222036241, 18.21982692523024 ], [ -65.631265236710206, 18.219520276351144 ], [ -65.631498192836418, 18.219294349292078 ], [ -65.631470765398987, 18.219046926340258 ], [ -65.631600957180808, 18.219057674286638 ], [ -65.631573529171945, 18.218810246179849 ], [ -65.631285718170872, 18.218541327335277 ], [ -65.631203435287162, 18.217799053324853 ], [ -65.63155286919077, 18.217460160158776 ], [ -65.631456872874054, 18.216594177249924 ], [ -65.631676120420721, 18.216244536585318 ], [ -65.631648692983305, 18.215997113633499 ], [ -65.63229965731729, 18.216050853813236 ], [ -65.63288205277199, 18.215486034035941 ], [ -65.632840911330135, 18.21511489703073 ], [ -65.632265283331677, 18.214577053738765 ], [ -65.632183001019399, 18.213834784883311 ], [ -65.631292134011005, 18.212780594639987 ], [ -65.631250993140583, 18.212409462789743 ], [ -65.631641568486046, 18.212441706628876 ], [ -65.632361101699317, 18.21311400676564 ], [ -65.633950841368375, 18.213490405969686 ], [ -65.634403045041253, 18.212914838246014 ], [ -65.634361903599398, 18.212543701240804 ], [ -65.634231711817577, 18.212532953294428 ], [ -65.634814107272277, 18.211968133517132 ], [ -65.635074490835919, 18.211989629409889 ], [ -65.636026980175416, 18.212436002487589 ], [ -65.636184599394667, 18.212694173385785 ], [ -65.636431274378751, 18.212591955672998 ], [ -65.637006896952329, 18.213129798517112 ], [ -65.637411191155678, 18.213285751702518 ], [ -65.639364078732754, 18.213446971793879 ], [ -65.639693037172009, 18.214087033246479 ], [ -65.640254945741148, 18.214501162037198 ], [ -65.641933741175052, 18.214517172630259 ], [ -65.642557278071607, 18.214323489858177 ], [ -65.642906711975215, 18.213984596692097 ], [ -65.64331100617855, 18.214140549877506 ], [ -65.643756436970307, 18.214667644775243 ], [ -65.643777096951496, 18.216017730796317 ], [ -65.644119763398848, 18.216781500699497 ], [ -65.64550397437911, 18.217631249914426 ], [ -65.645819213389046, 18.218147596865784 ], [ -65.646339985941211, 18.218190589099144 ], [ -65.647463808504384, 18.219018847128435 ], [ -65.647751624930336, 18.219287766420859 ], [ -65.647820193809622, 18.219906326377888 ], [ -65.648210769155085, 18.219938570217018 ], [ -65.648443730706177, 18.219712643605806 ], [ -65.648745255711688, 18.220105276503769 ], [ -65.648786397153543, 18.220476413508983 ], [ -65.649074208154616, 18.220745332353555 ], [ -65.649841650265984, 18.220686106426278 ], [ -65.649999275481562, 18.220944282927288 ], [ -65.650650234390667, 18.220998022659177 ], [ -65.650718803269953, 18.221616582616207 ], [ -65.650979192258475, 18.221638078956811 ], [ -65.651212147813254, 18.221412146742779 ], [ -65.652397598703843, 18.221632593209268 ], [ -65.652630554830054, 18.221406666150202 ], [ -65.652890938393696, 18.221428162042958 ], [ -65.65286351095628, 18.221180739091139 ], [ -65.653295232597046, 18.221584115228364 ], [ -65.653672094509517, 18.221492650169072 ], [ -65.653946196931031, 18.221637855408101 ], [ -65.653857146591065, 18.221998244466935 ], [ -65.653493993829585, 18.222213428286739 ], [ -65.653199409375944, 18.223047166908607 ], [ -65.653233783361557, 18.224520966983075 ], [ -65.653494172350094, 18.224542463323679 ], [ -65.6534393169038, 18.224047612265075 ], [ -65.653555794681182, 18.22393464615806 ], [ -65.653781983351152, 18.224811382168255 ], [ -65.653912175132973, 18.224822130114632 ], [ -65.654556372010717, 18.225978533363627 ], [ -65.65680402199051, 18.22763504471509 ], [ -65.657434499438935, 18.228667733462842 ], [ -65.657633260100042, 18.229297041366248 ], [ -65.657311253633864, 18.229883357484148 ], [ -65.655543413284889, 18.230227736397772 ], [ -65.654159374828808, 18.231707016616966 ], [ -65.653529070475997, 18.233003362458305 ], [ -65.653583925922291, 18.23349821351691 ], [ -65.653255151428425, 18.235187187549101 ], [ -65.65268646997815, 18.235875721379788 ], [ -65.651843690959808, 18.236419045264327 ], [ -65.651795782061697, 18.237150571328375 ], [ -65.652426259510136, 18.238183260076124 ], [ -65.65256339784014, 18.239420385145152 ], [ -65.653097883825296, 18.239587086276938 ], [ -65.65373513472629, 18.239517117558247 ], [ -65.656393841512227, 18.24022692373298 ], [ -65.657901298868993, 18.239861054081569 ], [ -65.658860561089611, 18.239204764537863 ], [ -65.660717451778552, 18.238499996565405 ], [ -65.662019380446537, 18.23860747692488 ], [ -65.662827964571207, 18.238919393157779 ], [ -65.663554265240734, 18.238489030225288 ], [ -65.665260483258606, 18.238752468477283 ], [ -65.666123922258137, 18.239559230613821 ], [ -65.666932505811374, 18.239871141691754 ], [ -65.667275177683607, 18.240634912042779 ], [ -65.667357459995884, 18.241377180898237 ], [ -65.667658985001395, 18.241769813796203 ], [ -65.66820718499099, 18.24206022898138 ], [ -65.669248724670439, 18.24214621300025 ], [ -65.669947598473968, 18.241468432270906 ], [ -65.670701326580911, 18.241285492290235 ], [ -65.67155105214745, 18.241968545528344 ], [ -65.672729735010364, 18.243291649909121 ], [ -65.673524605130609, 18.24347985208863 ], [ -65.674525003368203, 18.243194699102286 ], [ -65.675319872917001, 18.243382896126825 ], [ -65.675607684489506, 18.243651820126367 ], [ -65.675991497232175, 18.244786722327639 ], [ -65.676395786582063, 18.244942680220163 ], [ -65.676902845129803, 18.244861958400129 ], [ -65.677361989354551, 18.245512762196292 ], [ -65.677923903348585, 18.245926891434863 ], [ -65.678396767002639, 18.246701409732268 ], [ -65.679246491997745, 18.247384457815411 ], [ -65.681158238132966, 18.247174540901558 ], [ -65.68324826946494, 18.248572886509795 ], [ -65.684200758804437, 18.249019259587495 ], [ -65.684050085561935, 18.249987460656982 ], [ -65.683933601788226, 18.250100421161182 ], [ -65.683138732239428, 18.249912224136644 ], [ -65.683035967895023, 18.250148899142083 ], [ -65.685345240777352, 18.251197598482896 ], [ -65.68592781475256, 18.252961813742544 ], [ -65.685030175434477, 18.253010291275597 ], [ -65.684927411090072, 18.253246966281036 ], [ -65.685098744313763, 18.253628851232627 ], [ -65.687784884533428, 18.254586085961993 ], [ -65.689354142741806, 18.255941434181903 ], [ -65.689669381180295, 18.256457775978298 ], [ -65.689580330840329, 18.256818165037132 ], [ -65.688956794515207, 18.25701185296418 ], [ -65.68862107404459, 18.257474455028685 ], [ -65.688086588059434, 18.2573077538969 ], [ -65.687798776486929, 18.257038829897361 ], [ -65.687175240161807, 18.257232517824409 ], [ -65.686736749921906, 18.257931794446506 ], [ -65.686791605368199, 18.258426645505111 ], [ -65.68667512701937, 18.258539606457163 ], [ -65.686969884568626, 18.260034902424383 ], [ -65.685428232318188, 18.261256012193233 ], [ -65.685167843329666, 18.261234515852628 ], [ -65.684948601207878, 18.261584156965085 ], [ -65.684976028645309, 18.261831579916905 ], [ -65.684743072519083, 18.262057506975971 ], [ -65.684119536193961, 18.262251194903019 ], [ -65.683879807186614, 18.263579784583492 ], [ -65.682893122382012, 18.26398864646826 ], [ -65.68212568027063, 18.26404787239554 ], [ -65.6815158573785, 18.264365269221017 ], [ -65.681255473814858, 18.26434377332826 ], [ -65.68076907467686, 18.265774576014405 ], [ -65.680522405117657, 18.265876794175043 ], [ -65.68033058500842, 18.266473857791468 ], [ -65.680399153887706, 18.267092417748501 ], [ -65.680090861425953, 18.267802447919792 ], [ -65.680070379965272, 18.268781396935655 ], [ -65.680961246402234, 18.269835582024012 ], [ -65.681639632748755, 18.270136744707717 ], [ -65.682777174741247, 18.27108871723825 ], [ -65.683311655301523, 18.271255417922184 ], [ -65.68375014554141, 18.270556141300087 ], [ -65.685853711785882, 18.269749160769809 ], [ -65.685956475558839, 18.2695124806094 ], [ -65.686696490232791, 18.269205831730304 ], [ -65.690287032373362, 18.269011930564478 ], [ -65.691417627817657, 18.268737525972362 ], [ -65.691979536386796, 18.269151654763082 ], [ -65.692726497037498, 18.270071377851668 ], [ -65.692849921363077, 18.271184788867302 ], [ -65.693322785017145, 18.271959307164707 ], [ -65.693405067900855, 18.272701581175131 ], [ -65.693720306339344, 18.273217922971522 ], [ -65.694412412115199, 18.27364280015647 ], [ -65.695851478541741, 18.274987400430003 ], [ -65.696399673677902, 18.275277820322298 ], [ -65.6992639145775, 18.275514276933997 ], [ -65.700182208451878, 18.27681588497417 ], [ -65.701018219442545, 18.277375219003922 ], [ -65.701634988882859, 18.278284199301098 ], [ -65.701909085879493, 18.278429404092279 ], [ -65.702388716989802, 18.278101259320426 ], [ -65.702580531674158, 18.277504195256149 ], [ -65.702813493225264, 18.277278268644935 ], [ -65.703800178029866, 18.276869406760166 ], [ -65.704314004033847, 18.275686021870875 ], [ -65.705574791259963, 18.275422365225136 ], [ -65.706184608727213, 18.275104967951808 ], [ -65.707226153831556, 18.275190952418527 ], [ -65.708596651950259, 18.275916997889997 ], [ -65.709117419077543, 18.275959989675506 ], [ -65.709830005742631, 18.275405912689621 ], [ -65.710337064861804, 18.275325196024554 ], [ -65.710802981967689, 18.27487333719931 ], [ -65.711063365531331, 18.274894833092063 ], [ -65.711899377093431, 18.275454172276781 ], [ -65.712790243530378, 18.276508357365138 ], [ -65.714092172198363, 18.276615837724609 ], [ -65.715215994761536, 18.2774440957539 ], [ -65.716024578314773, 18.277756006831833 ], [ -65.716517923429507, 18.277551576113375 ], [ -65.71741555732271, 18.27750309813247 ], [ -65.718354332657768, 18.27782575715678 ], [ -65.719265680555409, 18.27790099322927 ], [ -65.720252370784891, 18.277492131792354 ], [ -65.720526467781525, 18.277637336583531 ], [ -65.720889621114452, 18.277422157918696 ], [ -65.720910102575118, 18.27644320890283 ], [ -65.720320761143668, 18.275781656712443 ], [ -65.720135713915553, 18.275276057707458 ], [ -65.720676967928412, 18.274340100924952 ], [ -65.720060199059532, 18.273431125782746 ], [ -65.720005343613238, 18.272936274724142 ], [ -65.720224591731338, 18.272586639214502 ], [ -65.720601453072376, 18.272495169000241 ], [ -65.723013490299095, 18.273307193335611 ], [ -65.724055029978544, 18.273393177354478 ], [ -65.725199339427277, 18.273242486815754 ], [ -65.726138114762335, 18.273565145840063 ], [ -65.727426329425882, 18.273548912146143 ], [ -65.728741972098291, 18.273780106559009 ], [ -65.731325342548686, 18.27497401584597 ], [ -65.731482961767938, 18.275232186744166 ], [ -65.731489908316121, 18.276458563866814 ], [ -65.731674954972803, 18.276964157716829 ], [ -65.73194905254087, 18.277109367662977 ], [ -65.732819264421536, 18.276813467178105 ], [ -65.733209839766999, 18.276845711017238 ], [ -65.734045850757653, 18.27740504504699 ], [ -65.73455290987684, 18.277324328381923 ], [ -65.734970912659719, 18.277603995172871 ], [ -65.735471203751217, 18.278625936422095 ], [ -65.735759014752276, 18.278894855266671 ], [ -65.735957775984829, 18.279524168325043 ], [ -65.736807500979921, 18.28020721640819 ], [ -65.737746281739859, 18.280529875880347 ], [ -65.738232853402039, 18.281428102628329 ], [ -65.738952387186757, 18.282100407920062 ], [ -65.738979814624173, 18.282347830871881 ], [ -65.739267625625246, 18.282616749716453 ], [ -65.739918589959231, 18.282670489896191 ], [ -65.741535757637152, 18.283294317207023 ], [ -65.743200839066617, 18.28318661374669 ], [ -65.745612876293336, 18.28399863808206 ], [ -65.746318696073615, 18.284547229320403 ], [ -65.747949577184514, 18.28529476552966 ], [ -65.750162853750126, 18.285477481961621 ], [ -65.752862702549351, 18.286558430296534 ], [ -65.753136799545985, 18.286703635087715 ], [ -65.753753568986312, 18.287612615384887 ], [ -65.754836250107616, 18.288069736408968 ], [ -65.755398163530202, 18.288483860492573 ], [ -65.756316457976027, 18.289785473687711 ], [ -65.757323802190371, 18.290726692669054 ], [ -65.757885716184404, 18.291140821907625 ], [ -65.758913541859414, 18.291103091873097 ], [ -65.759461742420456, 18.291393512213244 ], [ -65.761044714633258, 18.292872574486548 ], [ -65.762312442411243, 18.29383528936064 ], [ -65.763408842961866, 18.294416124885963 ], [ -65.764272281389964, 18.295222881867534 ], [ -65.764313422831819, 18.295594018872745 ], [ -65.764107894714471, 18.296067374038596 ], [ -65.765382568469192, 18.298256460880374 ], [ -65.765649898581032, 18.299504333895779 ], [ -65.76742468547819, 18.300386332104804 ], [ -65.767479540353037, 18.300881178008442 ], [ -65.767041056109477, 18.301580460233357 ], [ -65.767068483546893, 18.301827883185176 ], [ -65.76800049142571, 18.303253205278743 ], [ -65.769802705760299, 18.30438262643959 ], [ -65.769556036201081, 18.304484844600228 ], [ -65.769583463638511, 18.304732267552048 ], [ -65.769364216091844, 18.305081908216653 ], [ -65.769384876073019, 18.30643199423773 ], [ -65.76888476350203, 18.307739088025446 ], [ -65.767740632573805, 18.310218813601111 ], [ -65.767288434325806, 18.310794381772634 ], [ -65.76644564988257, 18.311337705209322 ], [ -65.766342886109612, 18.311574385369731 ], [ -65.766438882426328, 18.31244036827858 ], [ -65.76623335430898, 18.312913723444431 ], [ -65.765767436631663, 18.313365577114709 ], [ -65.765390575290624, 18.313457047328971 ], [ -65.764465507963678, 18.313258096755238 ], [ -65.764218838404474, 18.313360314915876 ], [ -65.762937569717664, 18.314602920577478 ], [ -65.762677186154022, 18.314581424684725 ], [ -65.761964598917501, 18.315135496515641 ], [ -65.76173164279129, 18.315361423574707 ], [ -65.761724869910154, 18.316464086196113 ], [ -65.761402863443976, 18.317050402314013 ], [ -65.760690276207441, 18.317604474144929 ], [ -65.760498456098205, 18.318201537761354 ], [ -65.759032140754741, 18.318938549572945 ], [ -65.758518319604192, 18.320121929755118 ], [ -65.758285358053101, 18.320347856366332 ], [ -65.757038111735795, 18.318406192476374 ], [ -65.756489911174754, 18.318115772136228 ], [ -65.755030363287531, 18.317750120878561 ], [ -65.753385768172194, 18.316878870615909 ], [ -65.752899196510015, 18.315980643867928 ], [ -65.749191998071566, 18.313958476103828 ], [ -65.748102370973498, 18.312274983112065 ] ] ] } },
{ "type": "Feature", "properties": { "district": 36, "precinct_index": 3, "color": "#c1fce7", "id": "d36_p03" }, "geometry": { "type": "Polygon", "coordinates": [ [ [ -65.63124481937237, 18.402040232103072 ], [ -65.630292330032873, 18.401593859025372 ], [ -65.6303676663684, 18.401109755913144 ], [ -65.630497858150221, 18.40112050385952 ], [ -65.630107277379878, 18.401088259572539 ], [ -65.629949658160626, 18.400830088674343 ], [ -65.630429289270936, 18.400501943902491 ], [ -65.63036072039165, 18.399883383945461 ], [ -65.629483567959127, 18.398952912910499 ], [ -65.628256975626684, 18.398361329438799 ], [ -65.628243261622245, 18.398237615385405 ], [ -65.627722494494961, 18.398194623599895 ], [ -65.627160581072374, 18.397780499516294 ], [ -65.626379424956568, 18.39771601139018 ], [ -65.626146468830356, 18.397941938449243 ], [ -65.62588607984182, 18.397920442108639 ], [ -65.625714746618144, 18.397538557157052 ], [ -65.625844938399965, 18.397549305103428 ], [ -65.625817510962534, 18.397301882151609 ], [ -65.626283428068419, 18.396850023326362 ], [ -65.626543811632061, 18.396871519219118 ], [ -65.626776773183167, 18.396645592607904 ], [ -65.626379246436073, 18.39538697635324 ], [ -65.62628324954791, 18.394520988289422 ], [ -65.626153057766089, 18.394510240343045 ], [ -65.626618975443407, 18.394058386672768 ], [ -65.627126028566266, 18.393977664404883 ], [ -65.628099004791324, 18.393445088914572 ], [ -65.628448438694917, 18.393106195748491 ], [ -65.628962265270346, 18.391922816014166 ], [ -65.628365982715593, 18.390034887148975 ], [ -65.628372750171835, 18.388932224079717 ], [ -65.628215130952583, 18.388674053181521 ], [ -65.628331609301412, 18.388561092229473 ], [ -65.628235612413263, 18.387695104165658 ], [ -65.628461622562739, 18.38624280513891 ], [ -65.628769920449358, 18.38553277541547 ], [ -65.628735546463744, 18.384058975340999 ], [ -65.629119181257352, 18.382864847660297 ], [ -65.629153376151024, 18.382009607542859 ], [ -65.62948909662164, 18.381547005478353 ], [ -65.629653489293446, 18.380702518910109 ], [ -65.630585318651768, 18.379798805966733 ], [ -65.631469238540532, 18.379626613932437 ], [ -65.63145552510754, 18.379502905034013 ], [ -65.632079061432663, 18.379309217106965 ], [ -65.632730025766648, 18.379362957286698 ], [ -65.632716312333656, 18.379239248388274 ], [ -65.632976695897298, 18.37926074428103 ], [ -65.633209656876957, 18.379034812514845 ], [ -65.63374413800868, 18.379201518353749 ], [ -65.634607582433091, 18.380008280938135 ], [ -65.634813110550439, 18.379534925772287 ], [ -65.635176258458472, 18.379319746659597 ], [ -65.635470842912113, 18.378486008037733 ], [ -65.635402274032828, 18.3778674480807 ], [ -65.634826646034369, 18.377329604788738 ], [ -65.634579976475166, 18.377431822949376 ], [ -65.633976921039277, 18.376646556705595 ], [ -65.634155027144089, 18.375925779035775 ], [ -65.63403160281851, 18.374812368020141 ], [ -65.633531311727026, 18.373790426770917 ], [ -65.633380459964016, 18.372429592803464 ], [ -65.633702471855088, 18.371843277133415 ], [ -65.633832663636909, 18.371854025079791 ], [ -65.633805236199478, 18.371606602127972 ], [ -65.633935427981299, 18.371617350074349 ], [ -65.633736667320193, 18.370988042170943 ], [ -65.634024478321265, 18.371256961015515 ], [ -65.634257434447477, 18.371031033956452 ], [ -65.634113528661217, 18.370896571956681 ], [ -65.634243720443038, 18.370907319903058 ], [ -65.634216293005622, 18.370659896951238 ], [ -65.634346490212323, 18.370670645345466 ], [ -65.634771261022905, 18.369847654222127 ], [ -65.634901452804726, 18.369858402168504 ], [ -65.635572898027945, 18.368933188177408 ], [ -65.635833287016467, 18.368954684518012 ], [ -65.636765116374789, 18.36805097157464 ], [ -65.636840453281749, 18.367566873617378 ], [ -65.63697064506357, 18.367577621563754 ], [ -65.637292656954642, 18.366991305893706 ], [ -65.638944019526221, 18.366759893087099 ], [ -65.639512700976496, 18.366071359256413 ], [ -65.640485671776673, 18.36553878331825 ], [ -65.640691205318902, 18.36506542860025 ], [ -65.641417506559861, 18.364635070822725 ], [ -65.64162303467721, 18.364161715656877 ], [ -65.642130093796382, 18.36408099899181 ], [ -65.641225334834502, 18.360574064813118 ], [ -65.641513151260455, 18.360842984105542 ], [ -65.64155429270231, 18.361214121110756 ], [ -65.641684484484131, 18.361224869057132 ], [ -65.641595434144165, 18.361585258115966 ], [ -65.641739339930425, 18.361719720115737 ], [ -65.641622861581595, 18.361832681067785 ], [ -65.642020383475241, 18.363091302029567 ], [ -65.643253742692494, 18.362580217277042 ], [ -65.643541554265013, 18.362849141276584 ], [ -65.643801937828655, 18.362870637169337 ], [ -65.643890988168607, 18.362510248110503 ], [ -65.644021185375323, 18.362520996504731 ], [ -65.643993757937892, 18.362273573552912 ], [ -65.643562035725694, 18.361870192260717 ], [ -65.643938902491598, 18.361778722494307 ], [ -65.644219767515921, 18.360821269371197 ], [ -65.644349959297742, 18.360832017317573 ], [ -65.644123771199219, 18.359955286462348 ], [ -65.64425396298104, 18.359966034408725 ], [ -65.643794818184844, 18.359315225457596 ], [ -65.644404641648421, 18.358997833787086 ], [ -65.644479977983949, 18.358513730674858 ], [ -65.644507405421379, 18.358761153626677 ], [ -65.6446375972032, 18.358771901573057 ], [ -65.645089800876079, 18.358196333849385 ], [ -65.64607648568068, 18.357787471964613 ], [ -65.646179249453638, 18.357550791804204 ], [ -65.64702202847198, 18.357007467919665 ], [ -65.646878123257167, 18.356873011074864 ], [ -65.647111084236826, 18.356647079308683 ], [ -65.647254990023086, 18.35678154130845 ], [ -65.647487946149297, 18.356555614249388 ], [ -65.646898604717848, 18.355894062058997 ], [ -65.646172303476888, 18.356324419836522 ], [ -65.645911919913246, 18.356302923943769 ], [ -65.644966376550499, 18.357082922833747 ], [ -65.644459318002774, 18.357163644653784 ], [ -65.644109878674271, 18.357502537372014 ], [ -65.64413053865546, 18.358852623393091 ], [ -65.643767390747414, 18.359067802505777 ], [ -65.643335668535215, 18.358664421213582 ], [ -65.642163937073946, 18.358567689248339 ], [ -65.64217765107837, 18.35869140330173 ], [ -65.641992603850255, 18.358185804296749 ], [ -65.641704787424302, 18.357916885004325 ], [ -65.641197734301457, 18.35799760727221 ], [ -65.640402864181212, 18.357809405092702 ], [ -65.639779327284643, 18.358003087864784 ], [ -65.639793041289082, 18.358126801918178 ], [ -65.639169504392513, 18.35832048469026 ], [ -65.639183218396951, 18.358444198743655 ], [ -65.638792637626608, 18.358411954456674 ], [ -65.638648731840348, 18.358277492456903 ], [ -65.638552735523632, 18.357411509548054 ], [ -65.638422543741811, 18.357400761601674 ], [ -65.638552735523632, 18.357411509548054 ], [ -65.638484166644361, 18.356792949591021 ], [ -65.639415996002668, 18.355889236647648 ], [ -65.639374854560799, 18.355518099642438 ], [ -65.638901996331626, 18.354743581792881 ], [ -65.639888680564781, 18.354334714753147 ], [ -65.640656123247609, 18.354275493980833 ], [ -65.641252232135301, 18.353834383101965 ], [ -65.641156235818599, 18.352968400193117 ], [ -65.640868424817526, 18.352699481348541 ], [ -65.640786141933802, 18.351957207338121 ], [ -65.640655950151981, 18.351946459391741 ], [ -65.640326992284173, 18.351306403094107 ], [ -65.640052894716106, 18.351161193147959 ], [ -65.639566323053927, 18.350262966399978 ], [ -65.639004409059908, 18.349848837161407 ], [ -65.638401353624019, 18.349063570917625 ], [ -65.637592770070782, 18.348751659839692 ], [ -65.636873236857511, 18.348079359702925 ], [ -65.635516458168112, 18.347477028732701 ], [ -65.635084735955914, 18.347073647440507 ], [ -65.634406344184498, 18.346772484308953 ], [ -65.634248724965246, 18.346514313410754 ], [ -65.633714238408643, 18.346347607124002 ], [ -65.632823371971696, 18.345293422035649 ], [ -65.632782230529827, 18.344922285030435 ], [ -65.632912422311648, 18.344933032976815 ], [ -65.632987764643502, 18.344448935467405 ], [ -65.632720429106797, 18.343201062004148 ], [ -65.632809484871643, 18.342840673393166 ], [ -65.632939676653464, 18.342851421339542 ], [ -65.633001299556, 18.342243609328889 ], [ -65.633364447464032, 18.342028430216203 ], [ -65.632548922787493, 18.340490142463469 ], [ -65.632418725580791, 18.340479394069241 ], [ -65.632322729264075, 18.339613411160393 ], [ -65.632452926470791, 18.339624159554621 ], [ -65.632617313146284, 18.338779667383559 ], [ -65.632480175387713, 18.337542547469496 ], [ -65.632596653736542, 18.337429586517448 ], [ -65.632137330419852, 18.33444974252938 ], [ -65.632260576224922, 18.333234118508074 ], [ -65.632568874111556, 18.332524088784631 ], [ -65.632527732669701, 18.33215295177942 ], [ -65.632808597694023, 18.33119549865631 ], [ -65.632698887372868, 18.330205801694067 ], [ -65.632342507492524, 18.329318322892462 ], [ -65.632164228292098, 18.327710065973189 ], [ -65.632397183846876, 18.32748413375916 ], [ -65.632369756409446, 18.327236710807341 ], [ -65.632589003956113, 18.326887070142732 ], [ -65.632472347658222, 18.324671001212806 ], [ -65.632143389790414, 18.324030944915172 ], [ -65.631005853222803, 18.323078972832491 ], [ -65.630210983674004, 18.322890775807949 ], [ -65.629052965645727, 18.32291775274113 ], [ -65.628909055006019, 18.322783295448478 ], [ -65.628710294344913, 18.322153987545068 ], [ -65.628730775805593, 18.321175038529205 ], [ -65.629368026135154, 18.321105064655548 ], [ -65.62960098768626, 18.320879138044333 ], [ -65.629607755142501, 18.319776474975075 ], [ -65.62947756336068, 18.319765727028699 ], [ -65.629265083270255, 18.319012704624051 ], [ -65.628648319826269, 18.318103729929689 ], [ -65.628072691827796, 18.317565886637727 ], [ -65.62753820584264, 18.317399185505941 ], [ -65.627366872618964, 18.317017300554355 ], [ -65.628106887292915, 18.316710651675255 ], [ -65.628312420835144, 18.316237296957254 ], [ -65.628922238302394, 18.31591989968393 ], [ -65.629025008071679, 18.315683225126339 ], [ -65.628517771003445, 18.313434911909432 ], [ -65.628757500010778, 18.31210632222896 ], [ -65.629394750340339, 18.312036348355303 ], [ -65.629381036907347, 18.311912639456878 ], [ -65.629641420470989, 18.311934135349631 ], [ -65.629874376025768, 18.311708203135598 ], [ -65.629846948588337, 18.311460780183783 ], [ -65.630079910139443, 18.311234853572568 ], [ -65.630477252941148, 18.31016443434244 ], [ -65.631087075833278, 18.309847037516967 ], [ -65.631189840177683, 18.309610362511524 ], [ -65.631450229166205, 18.309631858852129 ], [ -65.631683185292417, 18.309405931793066 ], [ -65.632217671277587, 18.309572632924848 ], [ -65.632450627403799, 18.309346705865785 ], [ -65.633218069515181, 18.309287479938504 ], [ -65.633567509415101, 18.308948592375241 ], [ -65.633587990304349, 18.307969638204412 ], [ -65.634170385759049, 18.307404818427116 ], [ -65.634560961104512, 18.307437062266249 ], [ -65.634636298011486, 18.306952964308987 ], [ -65.634972023335536, 18.306490357537363 ], [ -65.635739466018364, 18.306431136765053 ], [ -65.636595958469698, 18.306011521778938 ], [ -65.636685008809664, 18.305651132720104 ], [ -65.637294831701794, 18.305333735894628 ], [ -65.637253690259939, 18.304962598889418 ], [ -65.637575702150997, 18.304376283219369 ], [ -65.637267225743869, 18.302757277905869 ], [ -65.636472355623624, 18.302569075726364 ], [ -65.636458642190632, 18.302445366827936 ], [ -65.637356281508715, 18.302396889294887 ], [ -65.637088946543443, 18.301149020986596 ], [ -65.636958754761622, 18.30113827304022 ], [ -65.636759994100515, 18.300508965136814 ], [ -65.636629802318694, 18.300498217190434 ], [ -65.636677711216791, 18.29976669112639 ], [ -65.636403613648724, 18.299621481180242 ], [ -65.636204852987618, 18.298992173276833 ], [ -65.635773130775405, 18.298588791984642 ], [ -65.634964547222168, 18.298276880906709 ], [ -65.633806529765323, 18.298303862994857 ], [ -65.633833957202754, 18.298551285946676 ], [ -65.634094340766396, 18.298572781839429 ], [ -65.634121768203826, 18.298820204791248 ], [ -65.633731187433469, 18.298787960504267 ], [ -65.63344337643241, 18.298519041659691 ], [ -65.632922603880246, 18.298476049426334 ], [ -65.632429264190378, 18.298680480592644 ], [ -65.632401836752948, 18.298433057640825 ], [ -65.633169278864329, 18.298373831713544 ], [ -65.633518712767938, 18.298034938547467 ], [ -65.634258727441889, 18.297728289668367 ], [ -65.635170075339516, 18.297803525740857 ], [ -65.635012456120279, 18.297545354842661 ], [ -65.635533228672443, 18.297588347076022 ], [ -65.636280189894578, 18.298508075319575 ], [ -65.636773529012999, 18.298303638998298 ], [ -65.637308015569602, 18.29847034528505 ], [ -65.638048030243553, 18.29816369640595 ], [ -65.638568802795731, 18.298206688639308 ], [ -65.638726422014969, 18.298464859537507 ], [ -65.638986805578611, 18.29848635543026 ], [ -65.639582915037749, 18.298045249706359 ], [ -65.640233879371749, 18.298098989886096 ], [ -65.640829988259441, 18.297657879007225 ], [ -65.641090371823083, 18.297679374899982 ], [ -65.641193136167487, 18.297442699894539 ], [ -65.641035516948236, 18.297184528996343 ], [ -65.641151994725618, 18.297071562889329 ], [ -65.641412383714155, 18.297093059229933 ], [ -65.641844100501473, 18.297496440074276 ], [ -65.642090775485556, 18.297394222361486 ], [ -65.642049634615148, 18.297023090511242 ], [ -65.641371242272285, 18.296721922224719 ], [ -65.641604198398511, 18.296495995165657 ], [ -65.642789649289099, 18.296716441632146 ], [ -65.643269274974529, 18.296388296412442 ], [ -65.643659855744872, 18.296420540699422 ], [ -65.643920239308514, 18.296442036592179 ], [ -65.643947666745945, 18.296689459543998 ], [ -65.644208055734467, 18.296710955884603 ], [ -65.644427297856254, 18.296361314772145 ], [ -65.644715108857312, 18.296630233616717 ], [ -65.644975497845849, 18.296651729957322 ], [ -65.645078262190239, 18.296415054951879 ], [ -65.646599432979997, 18.296172894198897 ], [ -65.647044863771754, 18.296699989096631 ], [ -65.647668400096876, 18.296506301169583 ], [ -65.648751086643074, 18.296963422641511 ], [ -65.648922419866764, 18.297345307593101 ], [ -65.64957338420075, 18.297399047772839 ], [ -65.649731003991434, 18.297657223826 ], [ -65.650135292769889, 18.297813176563558 ], [ -65.651080841557516, 18.297033178121428 ], [ -65.651354938554149, 18.297178382912605 ], [ -65.651396079996019, 18.297549519917819 ], [ -65.651814088775225, 18.297829192311585 ], [ -65.652321141898085, 18.297748470043704 ], [ -65.653390114439844, 18.298081877462238 ], [ -65.655185382797683, 18.297984926655403 ], [ -65.656322918793848, 18.298936893583118 ], [ -65.657638561466257, 18.299168087995984 ], [ -65.658241616902146, 18.299953354239765 ], [ -65.658803530896165, 18.300367483478336 ], [ -65.659701164789368, 18.300319005497435 ], [ -65.660509748342605, 18.300630916575368 ], [ -65.660612512686996, 18.300394241569926 ], [ -65.661188140685468, 18.300932084861888 ], [ -65.661551288022054, 18.300716900594235 ], [ -65.662202252356053, 18.300770640773973 ], [ -65.66264768857269, 18.301297736119558 ], [ -65.66399075325765, 18.301776353036391 ], [ -65.6639291303551, 18.302384165047044 ], [ -65.664086749574352, 18.30264233594524 ], [ -65.665834109034094, 18.303276911202449 ], [ -65.668026904139026, 18.304438576650277 ], [ -65.668259865118685, 18.304212644884096 ], [ -65.66832148802122, 18.303604832873443 ], [ -65.669020361253317, 18.302927046989133 ], [ -65.669054556718422, 18.302071812026661 ], [ -65.669623238168697, 18.301383278195974 ], [ -65.670349539409656, 18.30095292041845 ], [ -65.67134993764725, 18.300667767432106 ], [ -65.672302426986747, 18.30111414050981 ], [ -65.672953391320732, 18.301167880689544 ], [ -65.673953794983206, 18.300882728151052 ], [ -65.674549903870911, 18.300441617272181 ], [ -65.675173435342586, 18.300247934052251 ], [ -65.675810685672147, 18.300177960178594 ], [ -65.676475364010571, 18.300355414411722 ], [ -65.675906330944173, 18.296385878616377 ], [ -65.676187195968495, 18.295428425493267 ], [ -65.676509207859567, 18.294842109823218 ], [ -65.677653511311973, 18.294691413681679 ], [ -65.679770618465255, 18.2916791126157 ], [ -65.680839585582135, 18.292012519586386 ], [ -65.681997609035307, 18.291985543101056 ], [ -65.68308029015661, 18.292442664125137 ], [ -65.683683345021052, 18.293227925213952 ], [ -65.684375450796907, 18.293652802398899 ], [ -65.685567842239365, 18.295099620385223 ], [ -65.687198723350264, 18.29584715659448 ], [ -65.688363687355292, 18.297046551628981 ], [ -65.689878090688822, 18.297907053945256 ], [ -65.690741529688339, 18.29871381608179 ], [ -65.691289729677933, 18.29900423126697 ], [ -65.691447348897185, 18.299262402165166 ], [ -65.691557059218326, 18.300252099127405 ], [ -65.692029922872393, 18.30102661742481 ], [ -65.695127292993831, 18.303366181566538 ], [ -65.697162468308079, 18.304269670961201 ], [ -65.697135040870648, 18.304022248009385 ], [ -65.697484480199137, 18.303683355291152 ], [ -65.698964509547039, 18.303070057532956 ], [ -65.699128896793979, 18.302225570516864 ], [ -65.699464622689476, 18.301762968900206 ], [ -65.700567784700027, 18.301241135753454 ], [ -65.701609151283861, 18.298998085183232 ], [ -65.702883652514416, 18.298858142590884 ], [ -65.703191944976155, 18.298148112419593 ], [ -65.702088604445109, 18.296340910529405 ], [ -65.702047463003254, 18.295969773524192 ], [ -65.701458121000357, 18.295308216178839 ], [ -65.70137583868808, 18.294565947323381 ], [ -65.70201308901764, 18.294495973449724 ], [ -65.702849100579741, 18.295055312634442 ], [ -65.703383586564897, 18.295222013766228 ], [ -65.703500064913726, 18.29510905281418 ], [ -65.703273876243756, 18.294232316803985 ], [ -65.70236929580237, 18.293054417662237 ], [ -65.701286609827619, 18.292597301345275 ], [ -65.700683559816611, 18.291812035549341 ], [ -65.701964828503407, 18.290569429887739 ], [ -65.702341689844445, 18.290477959673478 ], [ -65.702444454188836, 18.290241284668035 ], [ -65.702704843177358, 18.290262781008639 ], [ -65.703170754858363, 18.289810921735544 ], [ -65.703561335628706, 18.289843166022525 ], [ -65.704267155408985, 18.290391757260867 ], [ -65.704664676731198, 18.291650373067682 ], [ -65.705473260855882, 18.291962289300582 ], [ -65.70674776151499, 18.291822341553267 ], [ -65.707302729532273, 18.291010098824156 ], [ -65.708782758880176, 18.29039680106596 ], [ -65.709132192783784, 18.290057907899879 ], [ -65.709872207457735, 18.289751259020779 ], [ -65.711393378247493, 18.289509098267796 ], [ -65.712359581591414, 18.290079185398891 ], [ -65.713154451711659, 18.290267387578396 ], [ -65.714010949587887, 18.289847773040133 ], [ -65.714894870048099, 18.289675586160804 ], [ -65.715100398165447, 18.289202230994956 ], [ -65.714929064941771, 18.288820346043366 ], [ -65.715251076832828, 18.288234030373317 ], [ -65.716340525410388, 18.28758848832814 ], [ -65.717512262296552, 18.287685220741235 ], [ -65.718608657422294, 18.288266055818706 ], [ -65.719917532067015, 18.289599908145863 ], [ -65.720088865290691, 18.289981793097454 ], [ -65.719869617744024, 18.290331433762059 ], [ -65.719897045181455, 18.290578856713879 ], [ -65.720184862178854, 18.290847781161268 ], [ -65.72119897384944, 18.29068633707335 ], [ -65.722110321747067, 18.29076157314584 ], [ -65.723885114069105, 18.291643571802719 ], [ -65.725303515089593, 18.291638085607325 ], [ -65.728524141865876, 18.292762026623446 ], [ -65.729161386770542, 18.292692052301938 ], [ -65.730586739764107, 18.293912943677046 ], [ -65.734218601295581, 18.296419209398408 ], [ -65.734972329973971, 18.296236274572703 ], [ -65.736678547991843, 18.296499712824698 ], [ -65.736925217551061, 18.29639749466406 ], [ -65.737089610222867, 18.295553008095816 ], [ -65.737322565777646, 18.295327075881787 ], [ -65.738610781012639, 18.295310847342833 ], [ -65.739302886788479, 18.295735724527781 ], [ -65.739960791674335, 18.297015836227349 ], [ -65.740001933116204, 18.297386973232559 ], [ -65.739645731184908, 18.298828524312931 ], [ -65.740118589414081, 18.299603042162484 ], [ -65.742969289404869, 18.302044819309884 ], [ -65.740865729156724, 18.30285180544298 ], [ -65.740365616014302, 18.30415889407573 ], [ -65.739858557466562, 18.304239615895764 ], [ -65.739783221131034, 18.304723719007992 ], [ -65.740331421120629, 18.305014134193168 ], [ -65.741256483022696, 18.305213084319053 ], [ -65.741674485805589, 18.305492751110002 ], [ -65.74237353755818, 18.307144000262635 ], [ -65.74296287898963, 18.307805552453022 ], [ -65.743750975657306, 18.30909641209897 ], [ -65.745059850873474, 18.310430269581094 ], [ -65.74690997410616, 18.310828164677893 ], [ -65.74840389597901, 18.312667616010032 ], [ -65.749191998071566, 18.313958476103828 ], [ -65.752899196510015, 18.315980643867928 ], [ -65.753385768172194, 18.316878870615909 ], [ -65.755030363287531, 18.317750120878561 ], [ -65.756489911174754, 18.318115772136228 ], [ -65.757038111735795, 18.318406192476374 ], [ -65.757798786390921, 18.319449629618351 ], [ -65.758285358053101, 18.320347856366332 ], [ -65.756524463680876, 18.321918607247639 ], [ -65.756202451789804, 18.322504922917688 ], [ -65.756154542891707, 18.323236448981735 ], [ -65.755263854975254, 18.324511298930318 ], [ -65.754756796427515, 18.324592020750352 ], [ -65.753660395876892, 18.324011185225032 ], [ -65.752879239761072, 18.323946697098918 ], [ -65.752029514765979, 18.323263649015775 ], [ -65.751077025426483, 18.322817275938071 ], [ -65.74937080740861, 18.322553837686073 ], [ -65.748432032073552, 18.322231178661763 ], [ -65.74758230707846, 18.32154813057862 ], [ -65.745958193423803, 18.319697931300105 ], [ -65.744717887658354, 18.318982638929981 ], [ -65.743292540089683, 18.317761748002724 ], [ -65.742785481541944, 18.317842469822757 ], [ -65.742723858639408, 18.31845028183341 ], [ -65.742086608309847, 18.318520255707067 ], [ -65.741339647087713, 18.317600527463515 ], [ -65.7409421257655, 18.3163419116567 ], [ -65.740140309668504, 18.314927337509509 ], [ -65.739420776455233, 18.314255037372742 ], [ -65.738947912801166, 18.313480519075338 ], [ -65.737666471018755, 18.312394090147851 ], [ -65.737296377133973, 18.311382897292855 ], [ -65.736892082359191, 18.31122693895248 ], [ -65.736734463139939, 18.310968768054284 ], [ -65.736597325381368, 18.309731648140222 ], [ -65.73543930192821, 18.309758624625555 ], [ -65.735206346373431, 18.309984556839584 ], [ -65.735103582029041, 18.310221231845027 ], [ -65.735240719787598, 18.311458351759086 ], [ -65.734904994463548, 18.31192095853071 ], [ -65.732445047767285, 18.311840455104416 ], [ -65.731821511442163, 18.312034143031468 ], [ -65.731540646417841, 18.312991596154578 ], [ -65.731293970862311, 18.313093808712399 ], [ -65.730279859191725, 18.313255252800317 ], [ -65.730266145187286, 18.313131538746923 ], [ -65.729601466848862, 18.312954084513795 ], [ -65.72897793052374, 18.313147772440846 ], [ -65.728635437172002, 18.314713037126758 ], [ -65.728902772137275, 18.315960905435045 ], [ -65.72880000236799, 18.316197579992636 ], [ -65.728073701698477, 18.31662794292513 ], [ -65.727552934571193, 18.316584951139621 ], [ -65.726552530908705, 18.316870103678113 ], [ -65.724846312890833, 18.316606665426118 ], [ -65.724352967776085, 18.316811096144576 ], [ -65.724668212210901, 18.317327443543785 ], [ -65.724777922532056, 18.318317140506029 ], [ -65.724586102422805, 18.318914204122454 ], [ -65.725216585296124, 18.319946893318054 ], [ -65.725298868179834, 18.320689167328478 ], [ -65.724798755608845, 18.321996261116194 ], [ -65.724881038492569, 18.322738535126618 ], [ -65.725566376240735, 18.324266070225857 ], [ -65.725401989565242, 18.325110562396919 ], [ -65.724805880106103, 18.32555166812082 ], [ -65.724367390437649, 18.326250949897883 ], [ -65.72447710075879, 18.327240646860126 ], [ -65.723737086084839, 18.327547295739222 ], [ -65.723216313532674, 18.327504303505865 ], [ -65.722003440629535, 18.327036434535408 ], [ -65.721756765645438, 18.327138652248195 ], [ -65.72135247629555, 18.326982694355671 ], [ -65.719934069850183, 18.326988180103214 ], [ -65.719385869289141, 18.326697759763071 ], [ -65.718529376837807, 18.327117374749182 ], [ -65.71772079328457, 18.326805463671253 ], [ -65.717241162174247, 18.327133608443106 ], [ -65.715884383484862, 18.326531277472878 ], [ -65.714582454816892, 18.326423797113407 ], [ -65.71384244014294, 18.326730445992503 ], [ -65.713493000814438, 18.327069338710732 ], [ -65.713301186130082, 18.327666402775009 ], [ -65.711636109554064, 18.327774101528224 ], [ -65.710848185982016, 18.328812276471368 ], [ -65.70992311865507, 18.328613325897635 ], [ -65.709690163100291, 18.328839258111664 ], [ -65.709587398755886, 18.329075933117107 ], [ -65.709813586854423, 18.329952663972332 ], [ -65.710430356294736, 18.330861644269508 ], [ -65.710300164512915, 18.330850896323131 ], [ -65.710211108748069, 18.331211284934117 ], [ -65.710334532502202, 18.332324690794785 ], [ -65.709964617137928, 18.333642532976729 ], [ -65.710464902804532, 18.334664473778101 ], [ -65.710670610013821, 18.336520158804159 ], [ -65.711095564198345, 18.338026198010645 ], [ -65.71103393587093, 18.338634009573447 ], [ -65.710465259845535, 18.339322543851985 ], [ -65.710520115291828, 18.33981739491059 ], [ -65.710225530838187, 18.340651133532457 ], [ -65.708649505173568, 18.340398448381801 ], [ -65.708156160058834, 18.340602879100263 ], [ -65.707573770029015, 18.341167699325407 ], [ -65.706963947136884, 18.341485096150883 ], [ -65.70694346025131, 18.342464044718898 ], [ -65.705723819891944, 18.343098838817699 ], [ -65.705504572345276, 18.343448479482305 ], [ -65.704332840883993, 18.343351747517062 ], [ -65.703839495769245, 18.34355617823552 ], [ -65.703736731424854, 18.343792853240963 ], [ -65.702619849984984, 18.344190971886469 ], [ -65.701722215520348, 18.344239444712407 ], [ -65.699844664850232, 18.343594126663788 ], [ -65.697878057843823, 18.343309192071185 ], [ -65.692841508724854, 18.340932121443643 ], [ -65.692204258395293, 18.3410020953173 ], [ -65.691868537924691, 18.341464697381806 ], [ -65.691806909597261, 18.342072508944607 ], [ -65.690504986354171, 18.341965029032988 ], [ -65.691608500552277, 18.346101270667234 ], [ -65.692944803205876, 18.347682551101176 ], [ -65.693027085518153, 18.34842481995663 ], [ -65.69016302313905, 18.350517398381875 ], [ -65.689429955013281, 18.352050424383624 ], [ -65.689656143111819, 18.352927155238849 ], [ -65.689553378767414, 18.353163830244291 ], [ -65.689087461661543, 18.353615689069535 ], [ -65.688594116546795, 18.353820119787994 ], [ -65.688374874425023, 18.354169760900451 ], [ -65.688697059411695, 18.355912479819494 ], [ -65.688416194387372, 18.356869932942605 ], [ -65.68829971118511, 18.356982898601771 ], [ -65.687648752276004, 18.356929158869885 ], [ -65.687155407161256, 18.357133589588344 ], [ -65.687052642816866, 18.357370264593786 ], [ -65.687162353138007, 18.358359961556026 ], [ -65.686737577473991, 18.359182957386484 ], [ -65.686675954571442, 18.359790769397137 ], [ -65.686312801238529, 18.360005948061975 ], [ -65.686538994761946, 18.360882679365051 ], [ -65.687388720328471, 18.361565732603161 ], [ -65.688163102991723, 18.362732878195715 ], [ -65.688416724524004, 18.363857037605577 ], [ -65.688320900731469, 18.365320084130854 ], [ -65.687080773486528, 18.36693382679767 ], [ -65.686368186249993, 18.367487898628585 ], [ -65.685998270885719, 18.368805740810529 ], [ -65.685587208654695, 18.369752445539415 ], [ -65.685135005553249, 18.370328018418054 ], [ -65.685141951529985, 18.371554390385736 ], [ -65.684936422841204, 18.372027740396618 ], [ -65.684079930389856, 18.372447355382732 ], [ -65.683524962372573, 18.373259598111844 ], [ -65.683566103814442, 18.373630735117057 ], [ -65.682949513466056, 18.375050795011791 ], [ -65.683031796349781, 18.375793069022212 ], [ -65.682723497891715, 18.376503093590689 ], [ -65.682099961566578, 18.376696781517737 ], [ -65.682010911226627, 18.37705717057657 ], [ -65.681750527662984, 18.377035674683817 ], [ -65.681154418203846, 18.377476780407719 ], [ -65.680757069977247, 18.378547199189995 ], [ -65.680914689196499, 18.378805370088191 ], [ -65.680825638856533, 18.379165759147025 ], [ -65.680215815964402, 18.379483155972501 ], [ -65.680126765624436, 18.379843545031335 ], [ -65.679996573842615, 18.379832797084958 ], [ -65.680024001280046, 18.380080220036778 ], [ -65.679722476274534, 18.379687587138811 ], [ -65.678016252831782, 18.379424148438964 ], [ -65.677002141161196, 18.37958559252688 ], [ -65.675830409699913, 18.379488860561636 ], [ -65.675193158798919, 18.379558829280324 ], [ -65.675206872803358, 18.379682543333718 ], [ -65.673658274576169, 18.379677281134885 ], [ -65.671773950453485, 18.380134620552706 ], [ -65.671787663886477, 18.380258329451131 ], [ -65.671397088541013, 18.380226085612001 ], [ -65.671410802545438, 18.380349799665392 ], [ -65.66986219889337, 18.380344537018708 ], [ -65.668471225310313, 18.380597446165922 ], [ -65.668108071977386, 18.380812624830757 ], [ -65.667093959735354, 18.380974063763709 ], [ -65.665134299277142, 18.381915506293758 ], [ -65.664682095604263, 18.38249107401743 ], [ -65.664188755914395, 18.38269550518374 ], [ -65.663489882682313, 18.383373291068047 ], [ -65.662832145467192, 18.384422213509719 ], [ -65.662681472224691, 18.385390414579206 ], [ -65.66300365663993, 18.387133128343283 ], [ -65.662160878193021, 18.387676457382788 ], [ -65.661509913859035, 18.387622717203055 ], [ -65.660811040055492, 18.388300497932395 ], [ -65.660687794821868, 18.389516127108671 ], [ -65.660441124691218, 18.389618340114339 ], [ -65.660263018586406, 18.390339117784158 ], [ -65.659708051140569, 18.391151365668239 ], [ -65.658776221782247, 18.392055078611612 ], [ -65.657398956207302, 18.3924316962094 ], [ -65.656816560752603, 18.392996515986695 ], [ -65.656727510412637, 18.393356905045529 ], [ -65.656158828962361, 18.394045438876216 ], [ -65.655562719503223, 18.394486544600117 ], [ -65.655473669163257, 18.394846933658954 ], [ -65.655603860945078, 18.39485768160533 ], [ -65.656261771827261, 18.396137798907716 ], [ -65.656391963609082, 18.396148546854093 ], [ -65.656433105050937, 18.396519683859307 ], [ -65.656563296832758, 18.396530431805683 ], [ -65.656590724270188, 18.396777854757502 ], [ -65.65657701026575, 18.396654140704108 ], [ -65.656460532488367, 18.396767106811126 ], [ -65.655926045931764, 18.396600400524374 ], [ -65.655898618494334, 18.396352977572555 ], [ -65.65565194893513, 18.396455195733193 ], [ -65.655494329144446, 18.396197019680027 ], [ -65.655521757153309, 18.396444447786816 ], [ -65.655391565371488, 18.396433699840436 ], [ -65.655322995920756, 18.395815134728441 ], [ -65.655062606932233, 18.395793638387836 ], [ -65.655090034941097, 18.396041066494622 ], [ -65.654959843159276, 18.396030318548245 ], [ -65.654761082498169, 18.395401010644836 ], [ -65.654199168504149, 18.394986881406265 ], [ -65.654130599053417, 18.394368316294269 ], [ -65.653986693838604, 18.394233859449464 ], [ -65.654103171616001, 18.39412089334245 ], [ -65.653959266401188, 18.393986436497645 ], [ -65.654336133167092, 18.393894966731235 ], [ -65.654151085938992, 18.393389367726254 ], [ -65.653417839292715, 18.392593358691062 ], [ -65.653013544517933, 18.392437400350687 ], [ -65.651855527061102, 18.392464382438835 ], [ -65.651622565509996, 18.39269030905005 ], [ -65.651046942936418, 18.392152466205935 ], [ -65.651163421285247, 18.392039505253887 ], [ -65.651094852405961, 18.391420945296858 ], [ -65.651588191524382, 18.391216508975578 ], [ -65.651622392414382, 18.390361274460957 ], [ -65.651869061973585, 18.390259056300319 ], [ -65.651923738899384, 18.388424872321984 ], [ -65.65173869167127, 18.387919273316999 ], [ -65.651293261450945, 18.387392183574232 ], [ -65.650601155675105, 18.386967306389284 ], [ -65.650374967005135, 18.386090570379089 ], [ -65.649641720358858, 18.385294561343898 ], [ -65.648010839247959, 18.384547025134641 ], [ -65.647490066695781, 18.384504032901283 ], [ -65.645824990119763, 18.384611731654495 ], [ -65.643851615657127, 18.385429460131153 ], [ -65.643591232093485, 18.385407964238397 ], [ -65.641830332296365, 18.386978714671855 ], [ -65.641624803607584, 18.387452064682737 ], [ -65.640782024589228, 18.387995388567276 ], [ -65.639439127575017, 18.389845805791683 ], [ -65.639192458015799, 18.389948023952321 ], [ -65.638651204002954, 18.390883980734827 ], [ -65.638240147196811, 18.391830685911561 ], [ -65.63819223287382, 18.392562211527757 ], [ -65.638356798641254, 18.394046759548605 ], [ -65.638672042504638, 18.394563101792844 ], [ -65.638754325388348, 18.395305375803268 ], [ -65.638637847039519, 18.395418336755316 ], [ -65.638822894267634, 18.395923935760301 ], [ -65.638473454939145, 18.39626282847853 ], [ -65.638384404599179, 18.396623217537364 ], [ -65.637582767022693, 18.397537678427113 ], [ -65.636294551787714, 18.397553906966067 ], [ -65.636061596232935, 18.3977798391801 ], [ -65.635438059336366, 18.397973521952181 ], [ -65.635335294991975, 18.398210196957624 ], [ -65.635362723000839, 18.39845762506441 ], [ -65.635650534001911, 18.398726543908982 ], [ -65.63549986075941, 18.399694744978468 ], [ -65.635801385764907, 18.400087377876435 ], [ -65.636884072311105, 18.400544499348367 ], [ -65.637315789098423, 18.40094788019271 ], [ -65.637343216535854, 18.401195303144529 ], [ -65.637082832972212, 18.401173807251773 ], [ -65.637096546405203, 18.401297516150198 ], [ -65.636822443983689, 18.401152310911169 ], [ -65.636891012862961, 18.401770870868198 ], [ -65.636774535085578, 18.401883836975216 ], [ -65.636383959740115, 18.401851593136083 ], [ -65.636150998189009, 18.402077519747298 ], [ -65.635890614625367, 18.402056023854541 ], [ -65.635904328058359, 18.40217973275297 ], [ -65.635760422843546, 18.402045275908165 ], [ -65.635513747288016, 18.402147488465989 ], [ -65.635616517057301, 18.401910813908394 ], [ -65.635486319850585, 18.40190006551417 ], [ -65.635513747288016, 18.402147488465989 ], [ -65.635123171942553, 18.402115244626856 ], [ -65.634561258519966, 18.401701120543251 ], [ -65.634177450630744, 18.400566213634864 ], [ -65.633382580510499, 18.400378011455356 ], [ -65.633396294514938, 18.40050172550875 ], [ -65.633252388728678, 18.400367263508979 ], [ -65.632745330180953, 18.400447985329013 ], [ -65.632512374054727, 18.400673912388076 ], [ -65.632423318289881, 18.401034300999061 ], [ -65.631943692604452, 18.401362446218766 ], [ -65.632073884386273, 18.401373194165142 ], [ -65.631971120041882, 18.401609869170581 ], [ -65.632115025828142, 18.401744331170352 ], [ -65.631765586499654, 18.402083223888582 ], [ -65.63124481937237, 18.402040232103072 ] ] ] } },
{ "type": "Feature", "properties": { "district": 36, "precinct_index": 4, "color": "#fcc1bf", "id": "d36_p04" }, "geometry": { "type": "Polygon", "coordinates": [ [ [ -65.735926706567341, 18.411908014761362 ], [ -65.735090695576673, 18.41134868073161 ], [ -65.734891934344134, 18.410719367673234 ], [ -65.734761737137418, 18.41070861927901 ], [ -65.734693168258147, 18.410090059321977 ], [ -65.734809652031856, 18.40997709881778 ], [ -65.734665740820716, 18.409842636370161 ], [ -65.734528603062145, 18.408605516456099 ], [ -65.734658800268846, 18.408616264850327 ], [ -65.734734136604388, 18.408132161738099 ], [ -65.734864328386209, 18.408142909684475 ], [ -65.734836900948778, 18.407895486732656 ], [ -65.734967092730599, 18.407906234679036 ], [ -65.735275390617232, 18.407196204955593 ], [ -65.735220535742371, 18.406701359051954 ], [ -65.734617480306497, 18.405916092808173 ], [ -65.734562624860203, 18.405421241749568 ], [ -65.734432433078382, 18.405410493803192 ], [ -65.734391291636527, 18.405039356797978 ], [ -65.734103475210574, 18.404770437505558 ], [ -65.734076047773144, 18.404523014553739 ], [ -65.733500425199566, 18.403985171709625 ], [ -65.732561649864508, 18.403662512685315 ], [ -65.732547935860069, 18.403538798631921 ], [ -65.73024560352961, 18.403716470810945 ], [ -65.730101698314797, 18.40358201396614 ], [ -65.73013589320847, 18.402726773848702 ], [ -65.729560271206338, 18.402188936159554 ], [ -65.729532843197475, 18.401941508052769 ], [ -65.729663034979296, 18.401952255999145 ], [ -65.729539611225164, 18.400838850138477 ], [ -65.729656089002546, 18.400725884031463 ], [ -65.729525897220725, 18.400715136085086 ], [ -65.729471042345878, 18.400220290181448 ], [ -65.729340850564057, 18.400209542235071 ], [ -65.72899817869181, 18.399445771884043 ], [ -65.727141108910928, 18.397821499664591 ], [ -65.726538058899934, 18.397036233868661 ], [ -65.726161192134015, 18.397127703635071 ], [ -65.725976145477347, 18.396622109785056 ], [ -65.725544423265134, 18.396218728492862 ], [ -65.719980155045803, 18.39257228850931 ], [ -65.717670887588369, 18.391523589616348 ], [ -65.717239165376157, 18.391120208324157 ], [ -65.716300390041098, 18.390797549299847 ], [ -65.715176562053045, 18.389969290822705 ], [ -65.714107594936166, 18.389635883852019 ], [ -65.712853580591172, 18.388796877876349 ], [ -65.712072419050486, 18.388732389302387 ], [ -65.711380318699511, 18.388307512565287 ], [ -65.709790579030468, 18.387931113361244 ], [ -65.709372570251261, 18.387651440967474 ], [ -65.703911245468262, 18.386097366170389 ], [ -65.701307393557187, 18.385882405899295 ], [ -65.701163482346047, 18.385747943451676 ], [ -65.699066689554158, 18.385452266515514 ], [ -65.698559630434971, 18.385532983180582 ], [ -65.696250536073151, 18.386813318876708 ], [ -65.695339182750644, 18.38673808235637 ], [ -65.693475345513519, 18.386216473206176 ], [ -65.692762758276984, 18.386770545037091 ], [ -65.692022743603033, 18.387077193916191 ], [ -65.690994917356576, 18.387114918795749 ], [ -65.690158906365909, 18.386555584765997 ], [ -65.690076623482199, 18.385813310755573 ], [ -65.689733951609952, 18.385049540404548 ], [ -65.68913090217039, 18.384264279763581 ], [ -65.688425082390111, 18.383715688525243 ], [ -65.688164693401589, 18.383694192184638 ], [ -65.688178407406014, 18.383817906238029 ], [ -65.687404018746449, 18.382650755042658 ], [ -65.685704568756265, 18.381284658876371 ], [ -65.684334076633874, 18.380558619007719 ], [ -65.683265103520682, 18.380225206434215 ], [ -65.680126765624436, 18.379843545031335 ], [ -65.680215815964402, 18.379483155972501 ], [ -65.680825638856533, 18.379165759147025 ], [ -65.680914689196499, 18.378805370088191 ], [ -65.680757069977247, 18.378547199189995 ], [ -65.681154418203846, 18.377476780407719 ], [ -65.681750527662984, 18.377035674683817 ], [ -65.682010911226627, 18.37705717057657 ], [ -65.682099961566578, 18.376696781517737 ], [ -65.682723497891715, 18.376503093590689 ], [ -65.683031796349781, 18.375793069022212 ], [ -65.682949513466056, 18.375050795011791 ], [ -65.683566103814442, 18.373630735117057 ], [ -65.683524962372573, 18.373259598111844 ], [ -65.684079930389856, 18.372447355382732 ], [ -65.684936422841204, 18.372027740396618 ], [ -65.685141951529985, 18.371554390385736 ], [ -65.685135005553249, 18.370328018418054 ], [ -65.685587208654695, 18.369752445539415 ], [ -65.685998270885719, 18.368805740810529 ], [ -65.686368186249993, 18.367487898628585 ], [ -65.687080773486528, 18.36693382679767 ], [ -65.688320900731469, 18.365320084130854 ], [ -65.688416724524004, 18.363857037605577 ], [ -65.688163102991723, 18.362732878195715 ], [ -65.687388720328471, 18.361565732603161 ], [ -65.686538994761946, 18.360882679365051 ], [ -65.686312801238529, 18.360005948061975 ], [ -65.686675954571442, 18.359790769397137 ], [ -65.686737577473991, 18.359182957386484 ], [ -65.687162353138007, 18.358359961556026 ], [ -65.687052642816866, 18.357370264593786 ], [ -65.687155407161256, 18.357133589588344 ], [ -65.687648752276004, 18.356929158869885 ], [ -65.68829971118511, 18.356982898601771 ], [ -65.688416194387372, 18.356869932942605 ], [ -65.688697059411695, 18.355912479819494 ], [ -65.688374874425023, 18.354169760900451 ], [ -65.688594116546795, 18.353820119787994 ], [ -65.689087461661543, 18.353615689069535 ], [ -65.689553378767414, 18.353163830244291 ], [ -65.689656143111819, 18.352927155238849 ], [ -65.689429955013281, 18.352050424383624 ], [ -65.69016302313905, 18.350517398381875 ], [ -65.693027085518153, 18.34842481995663 ], [ -65.692944803205876, 18.347682551101176 ], [ -65.691608500552277, 18.346101270667234 ], [ -65.690504986354171, 18.341965029032988 ], [ -65.691806909597261, 18.342072508944607 ], [ -65.691868537924691, 18.341464697381806 ], [ -65.692204258395293, 18.3410020953173 ], [ -65.692841508724854, 18.340932121443643 ], [ -65.697878057843823, 18.343309192071185 ], [ -65.699844664850232, 18.343594126663788 ], [ -65.701722215520348, 18.344239444712407 ], [ -65.702619849984984, 18.344190971886469 ], [ -65.703736731424854, 18.343792853240963 ], [ -65.703839495769245, 18.34355617823552 ], [ -65.704332840883993, 18.343351747517062 ], [ -65.705504572345276, 18.343448479482305 ], [ -65.705723819891944, 18.343098838817699 ], [ -65.70694346025131, 18.342464044718898 ], [ -65.706963947136884, 18.341485096150883 ], [ -65.707573770029015, 18.341167699325407 ], [ -65.708156160058834, 18.340602879100263 ], [ -65.708649505173568, 18.340398448381801 ], [ -65.710225530838187, 18.340651133532457 ], [ -65.710520115291828, 18.33981739491059 ], [ -65.710465259845535, 18.339322543851985 ], [ -65.71103393587093, 18.338634009573447 ], [ -65.711095564198345, 18.338026198010645 ], [ -65.710670610013821, 18.336520158804159 ], [ -65.710464902804532, 18.334664473778101 ], [ -65.709964617137928, 18.333642532976729 ], [ -65.710334532502202, 18.332324690794785 ], [ -65.710211108748069, 18.331211284934117 ], [ -65.710300164512915, 18.330850896323131 ], [ -65.710430356294736, 18.330861644269508 ], [ -65.709813586854423, 18.329952663972332 ], [ -65.709587398755886, 18.329075933117107 ], [ -65.709690163100291, 18.328839258111664 ], [ -65.70992311865507, 18.328613325897635 ], [ -65.710848185982016, 18.328812276471368 ], [ -65.711636109554064, 18.327774101528224 ], [ -65.713301186130082, 18.327666402775009 ], [ -65.713493000814438, 18.327069338710732 ], [ -65.71384244014294, 18.326730445992503 ], [ -65.714582454816892, 18.326423797113407 ], [ -65.715884383484862, 18.326531277472878 ], [ -65.717241162174247, 18.327133608443106 ], [ -65.71772079328457, 18.326805463671253 ], [ -65.718529376837807, 18.327117374749182 ], [ -65.719385869289141, 18.326697759763071 ], [ -65.719934069850183, 18.326988180103214 ], [ -65.72135247629555, 18.326982694355671 ], [ -65.721756765645438, 18.327138652248195 ], [ -65.722003440629535, 18.327036434535408 ], [ -65.723216313532674, 18.327504303505865 ], [ -65.723737086084839, 18.327547295739222 ], [ -65.72447710075879, 18.327240646860126 ], [ -65.724367390437649, 18.326250949897883 ], [ -65.724805880106103, 18.32555166812082 ], [ -65.725401989565242, 18.325110562396919 ], [ -65.725566376240735, 18.324266070225857 ], [ -65.724881038492569, 18.322738535126618 ], [ -65.724798755608845, 18.321996261116194 ], [ -65.725298868179834, 18.320689167328478 ], [ -65.725216585296124, 18.319946893318054 ], [ -65.724586102422805, 18.318914204122454 ], [ -65.724777922532056, 18.318317140506029 ], [ -65.724668212210901, 18.317327443543785 ], [ -65.724352967776085, 18.316811096144576 ], [ -65.724846312890833, 18.316606665426118 ], [ -65.726552530908705, 18.316870103678113 ], [ -65.728320376682561, 18.31652572521234 ], [ -65.728902772137275, 18.315960905435045 ], [ -65.728635437172002, 18.314713037126758 ], [ -65.72897793052374, 18.313147772440846 ], [ -65.729601466848862, 18.312954084513795 ], [ -65.730266145187286, 18.313131538746923 ], [ -65.730279859191725, 18.313255252800317 ], [ -65.731293970862311, 18.313093808712399 ], [ -65.731540646417841, 18.312991596154578 ], [ -65.731821511442163, 18.312034143031468 ], [ -65.732445047767285, 18.311840455104416 ], [ -65.734904994463548, 18.31192095853071 ], [ -65.735240719787598, 18.311458351759086 ], [ -65.735103582029041, 18.310221231845027 ], [ -65.735206346373431, 18.309984556839584 ], [ -65.73543930192821, 18.309758624625555 ], [ -65.736467133599547, 18.309720900193845 ], [ -65.736597325381368, 18.309731648140222 ], [ -65.736734463139939, 18.310968768054284 ], [ -65.736892082359191, 18.31122693895248 ], [ -65.737296377133973, 18.311382897292855 ], [ -65.737666471018755, 18.312394090147851 ], [ -65.738947912801166, 18.313480519075338 ], [ -65.739420776455233, 18.314255037372742 ], [ -65.740140309668504, 18.314927337509509 ], [ -65.7409421257655, 18.3163419116567 ], [ -65.741339647087713, 18.317600527463515 ], [ -65.742086608309847, 18.318520255707067 ], [ -65.742723858639408, 18.31845028183341 ], [ -65.742785481541944, 18.317842469822757 ], [ -65.743292540089683, 18.317761748002724 ], [ -65.744717887658354, 18.318982638929981 ], [ -65.745958193423803, 18.319697931300105 ], [ -65.74758230707846, 18.32154813057862 ], [ -65.748432032073552, 18.322231178661763 ], [ -65.74937080740861, 18.322553837686073 ], [ -65.751077025426483, 18.322817275938071 ], [ -65.752029514765979, 18.323263649015775 ], [ -65.752879239761072, 18.323946697098918 ], [ -65.753660395876892, 18.324011185225032 ], [ -65.754756796427515, 18.324592020750352 ], [ -65.755263854975254, 18.324511298930318 ], [ -65.755716053223253, 18.323935730758798 ], [ -65.756154542891707, 18.323236448981735 ], [ -65.756202451789804, 18.322504922917688 ], [ -65.756524463680876, 18.321918607247639 ], [ -65.758518319604192, 18.320121929755118 ], [ -65.759032140754741, 18.318938549572945 ], [ -65.760498456098205, 18.318201537761354 ], [ -65.760690276207441, 18.317604474144929 ], [ -65.761402863443976, 18.317050402314013 ], [ -65.761724869910154, 18.316464086196113 ], [ -65.76173164279129, 18.315361423574707 ], [ -65.762677186154022, 18.314581424684725 ], [ -65.762937569717664, 18.314602920577478 ], [ -65.763108902941354, 18.314984805529068 ], [ -65.76303356603438, 18.315468903486327 ], [ -65.763321555555947, 18.318066857367842 ], [ -65.762773534086861, 18.320105477219606 ], [ -65.762944867310537, 18.320487362171196 ], [ -65.762924385849857, 18.321466311187059 ], [ -65.763828966291243, 18.322644210328807 ], [ -65.764171637592042, 18.323407975524869 ], [ -65.764301829373863, 18.323418723471246 ], [ -65.764582872918695, 18.324790305385076 ], [ -65.765274978694535, 18.325215182570023 ], [ -65.766583848485823, 18.326549039604298 ], [ -65.768071002330984, 18.329491148850725 ], [ -65.768310904433946, 18.330491593759344 ], [ -65.767522980861884, 18.331529768702488 ], [ -65.767776596969284, 18.332653927664502 ], [ -65.767468298511218, 18.333363952232975 ], [ -65.767420389613108, 18.334095478297023 ], [ -65.766255604128574, 18.335225118299459 ], [ -65.766488738775294, 18.337328226277336 ], [ -65.766317578647232, 18.339275375914838 ], [ -65.766153191971739, 18.3401198680859 ], [ -65.765659846857005, 18.340324298804362 ], [ -65.765193929179688, 18.340776152474639 ], [ -65.764871923284943, 18.341362473747505 ], [ -65.765228303165301, 18.342249952549107 ], [ -65.765022775047953, 18.342723307714959 ], [ -65.764179996029597, 18.343266631599498 ], [ -65.76315216435826, 18.343304356031208 ], [ -65.762357294809448, 18.343116159006666 ], [ -65.762110624678797, 18.343218372012338 ], [ -65.761644707572927, 18.343670230837585 ], [ -65.76145289288857, 18.344267294901858 ], [ -65.761076026122652, 18.344358764668272 ], [ -65.759630191668421, 18.344116822309029 ], [ -65.759136851978553, 18.344321253475339 ], [ -65.75882855409192, 18.345031283198779 ], [ -65.758869695533789, 18.345402420203992 ], [ -65.758999887315611, 18.345413168150369 ], [ -65.759184939397159, 18.345918762448232 ], [ -65.759123311641176, 18.346526579166003 ], [ -65.756848412173028, 18.346951674744695 ], [ -65.75645106879989, 18.348022088819853 ], [ -65.756341531574364, 18.349361426446702 ], [ -65.756540292806903, 18.349990739505078 ], [ -65.756828109232856, 18.350259658797498 ], [ -65.758013554127118, 18.350480099661169 ], [ -65.759569098902503, 18.351711738982655 ], [ -65.760898455007904, 18.352066642293945 ], [ -65.763385829141598, 18.352394568672057 ], [ -65.764064220913014, 18.35269573180361 ], [ -65.764653562344463, 18.353357283994001 ], [ -65.764811182135148, 18.353615460047163 ], [ -65.76493460588928, 18.35472886590783 ], [ -65.764715363767507, 18.355078507020288 ], [ -65.764564685100112, 18.356046707641926 ], [ -65.765188400517189, 18.358182059906785 ], [ -65.764475813280654, 18.3587361317377 ], [ -65.763084834272718, 18.358989040437063 ], [ -65.763482355594931, 18.360247656243878 ], [ -65.764085589551314, 18.363361957524603 ], [ -65.763907483446502, 18.364082735194422 ], [ -65.763277179093691, 18.365379081035762 ], [ -65.763345747972977, 18.365997640992791 ], [ -65.763791184189614, 18.366524736338377 ], [ -65.764339378754329, 18.366815151075706 ], [ -65.764990343088314, 18.366868891255443 ], [ -65.766360840635585, 18.367594931571944 ], [ -65.767087319825606, 18.369493603676396 ], [ -65.76708054694447, 18.370596266297802 ], [ -65.767238171588602, 18.37085443764385 ], [ -65.768464758496165, 18.371446020667697 ], [ -65.770637072140431, 18.373586635131392 ], [ -65.771329177916272, 18.37401151231634 ], [ -65.771918513922841, 18.374673064058879 ], [ -65.77302862790647, 18.375377608482626 ], [ -65.774035972692246, 18.376318832618932 ], [ -65.775214650130266, 18.377641936551861 ], [ -65.775481979670658, 18.378889804412299 ], [ -65.776085035106547, 18.379675070656081 ], [ -65.777729630221884, 18.380546320918732 ], [ -65.778435449430731, 18.381094907002105 ], [ -65.779620900321319, 18.381315353468594 ], [ -65.780169094886034, 18.381605768205922 ], [ -65.78048433932085, 18.382122115605132 ], [ -65.780395283556004, 18.382482504216114 ], [ -65.780607763074983, 18.383235521465799 ], [ -65.781094335308595, 18.384133753368747 ], [ -65.780971089503524, 18.385349377390053 ], [ -65.781135655270958, 18.386833925410897 ], [ -65.781450893709447, 18.387350267207292 ], [ -65.781889556473516, 18.388980020019318 ], [ -65.783452047225637, 18.391438031308486 ], [ -65.783479475234515, 18.391685459415271 ], [ -65.783273946545719, 18.392158809426157 ], [ -65.781807631202241, 18.392895821237744 ], [ -65.781170380301248, 18.392965789956435 ], [ -65.780635894316092, 18.392799088824649 ], [ -65.780389224185441, 18.392901301830321 ], [ -65.779772633837055, 18.394321361725055 ], [ -65.779827488711916, 18.39481620762869 ], [ -65.779519190825283, 18.395526237352133 ], [ -65.778155639254763, 18.396026569003315 ], [ -65.777326574240846, 18.396693606941245 ], [ -65.777018281779107, 18.397403637112536 ], [ -65.777258183882068, 18.398404082021155 ], [ -65.776429118868151, 18.399071119959089 ], [ -65.775805581971582, 18.399264802731171 ], [ -65.775120422172492, 18.400066297513906 ], [ -65.77494231606768, 18.400787075183725 ], [ -65.775086400374434, 18.403250572220436 ], [ -65.774983636030043, 18.403487247225879 ], [ -65.774620488121997, 18.403702426338565 ], [ -65.773462465240272, 18.403729407978865 ], [ -65.772201678014156, 18.403993064624604 ], [ -65.770488692540027, 18.404832289441863 ], [ -65.768343984853701, 18.405268132966931 ], [ -65.767823212301536, 18.40522514073357 ], [ -65.767590256175311, 18.405451067792637 ], [ -65.767439582932823, 18.406419268862123 ], [ -65.766679081373297, 18.407704866309235 ], [ -65.766747650252583, 18.408323426266268 ], [ -65.766542122135235, 18.408796781432116 ], [ -65.765959726680535, 18.409361601209412 ], [ -65.765767911996178, 18.409958665273688 ], [ -65.765055324759643, 18.410512737104604 ], [ -65.765185516541464, 18.41052348505098 ], [ -65.765199230545903, 18.410647199104375 ], [ -65.7640479805453, 18.409571518123265 ], [ -65.762437580895082, 18.407845032898141 ], [ -65.760882036119696, 18.406613393576656 ], [ -65.76020364434828, 18.406312230445103 ], [ -65.760046025129043, 18.406054059546907 ], [ -65.758010849243348, 18.405150564997275 ], [ -65.757723038242275, 18.404881646152703 ], [ -65.755311000444124, 18.404069616662362 ], [ -65.75296753209669, 18.403876152284024 ], [ -65.752083612207926, 18.404048344318319 ], [ -65.75185065065682, 18.404274270929534 ], [ -65.751460075311357, 18.404242027090401 ], [ -65.751357310966966, 18.40447870209584 ], [ -65.750603576863696, 18.404661636473698 ], [ -65.75063100487256, 18.404909064580483 ], [ -65.750356907304479, 18.404763854634336 ], [ -65.750315765862624, 18.404392717629126 ], [ -65.750055382298981, 18.404371221736369 ], [ -65.750384334741909, 18.405011277586155 ], [ -65.750644718305551, 18.405032773478908 ], [ -65.75065843230999, 18.405156487532302 ], [ -65.750110237745275, 18.404866072794974 ], [ -65.750123951178267, 18.404989781693398 ], [ -65.749733370407924, 18.404957537406418 ], [ -65.749747084412348, 18.405081251459812 ], [ -65.748965928296542, 18.405016763333698 ], [ -65.748979642300981, 18.405140477387089 ], [ -65.748589066955518, 18.40510823354796 ], [ -65.748602780388509, 18.405231942446385 ], [ -65.747705146495306, 18.405280420427285 ], [ -65.747081609598737, 18.405474103199371 ], [ -65.746499214144038, 18.406038922976663 ], [ -65.746122347378119, 18.406130392743076 ], [ -65.746019583033728, 18.406367067748516 ], [ -65.745279568359777, 18.406673716627616 ], [ -65.744231261224073, 18.407690395678003 ], [ -65.744142205459227, 18.408050784288989 ], [ -65.744012013677406, 18.408040036342612 ], [ -65.744053155119261, 18.408411173347822 ], [ -65.743450278203881, 18.409954942140981 ], [ -65.743395601278095, 18.411789126119317 ], [ -65.743162640298436, 18.412015057885501 ], [ -65.742717209506679, 18.411487962987763 ], [ -65.741024705493231, 18.411348238789159 ], [ -65.740880799706972, 18.411213776789388 ], [ -65.740099643591165, 18.411149288663275 ], [ -65.739811827165212, 18.410880369370851 ], [ -65.739681635383391, 18.410869621424474 ], [ -65.73955144360157, 18.410858873478098 ], [ -65.739955732951472, 18.411014831370622 ], [ -65.739894110048937, 18.411622643381275 ], [ -65.739373337496758, 18.411579651147918 ], [ -65.739387051501197, 18.411703365201308 ], [ -65.738139983132953, 18.412090731193324 ], [ -65.735926706567341, 18.411908014761362 ] ] ] } },
{ "type": "Feature", "properties": { "district": 36, "precinct_index": 5, "color": "#b2ddfc", "id": "d36_p05" }, "geometry": { "type": "Polygon", "coordinates": [ [ [ -65.78765594469418, 18.437507430921059 ], [ -65.787635284713005, 18.436157344899982 ], [ -65.788135397283995, 18.434850251112266 ], [ -65.78809425584214, 18.434479114107052 ], [ -65.788327211968351, 18.43425318704799 ], [ -65.788402553728758, 18.433769084383613 ], [ -65.78853274551058, 18.433779832329989 ], [ -65.788608082417554, 18.433295734372731 ], [ -65.789348097091505, 18.432989085493631 ], [ -65.789437147431471, 18.432628696434797 ], [ -65.78947134289659, 18.431773461472325 ], [ -65.78932743711033, 18.431638999472554 ], [ -65.789176585347334, 18.430278165505101 ], [ -65.789306777129156, 18.430288913451477 ], [ -65.789354686027252, 18.429557387387433 ], [ -65.789484883233953, 18.429568135781658 ], [ -65.789347745475382, 18.428331015867599 ], [ -65.789217548268681, 18.428320267473371 ], [ -65.788730976035069, 18.427422035570423 ], [ -65.786613517837111, 18.425776272165336 ], [ -65.786353134273469, 18.42575477627258 ], [ -65.78524302571472, 18.425050232296684 ], [ -65.784852444944377, 18.425017988009699 ], [ -65.784016433382277, 18.424458648824984 ], [ -65.783625858036814, 18.424426404985851 ], [ -65.783612144603822, 18.424302696087427 ], [ -65.783091372051658, 18.424259703854066 ], [ -65.782673363272437, 18.4239800314603 ], [ -65.780850667477168, 18.423829559315319 ], [ -65.779836555806583, 18.423991003403234 ], [ -65.778781296697815, 18.423781304883125 ], [ -65.778397488808594, 18.422646397974734 ], [ -65.777253006835693, 18.420468059079333 ], [ -65.775601465172159, 18.418370431694033 ], [ -65.771483031978505, 18.414965939224693 ], [ -65.768858520086241, 18.413400892932522 ], [ -65.767398971627586, 18.413035236519885 ], [ -65.767385258194594, 18.412911527621461 ], [ -65.766042188084754, 18.412432910256776 ], [ -65.765829713419208, 18.411679888299975 ], [ -65.765185516541464, 18.41052348505098 ], [ -65.765055324759643, 18.410512737104604 ], [ -65.765767911996178, 18.409958665273688 ], [ -65.765959726680535, 18.409361601209412 ], [ -65.766542122135235, 18.408796781432116 ], [ -65.766747650252583, 18.408323426266268 ], [ -65.766679081373297, 18.407704866309235 ], [ -65.767439582932823, 18.406419268862123 ], [ -65.767590256175311, 18.405451067792637 ], [ -65.767823212301536, 18.40522514073357 ], [ -65.768343984853701, 18.405268132966931 ], [ -65.770488692540027, 18.404832289441863 ], [ -65.772201678014156, 18.403993064624604 ], [ -65.773462465240272, 18.403729407978865 ], [ -65.774620488121997, 18.403702426338565 ], [ -65.774983636030043, 18.403487247225879 ], [ -65.775086400374434, 18.403250572220436 ], [ -65.77494231606768, 18.400787075183725 ], [ -65.775120422172492, 18.400066297513906 ], [ -65.775805581971582, 18.399264802731171 ], [ -65.776429118868151, 18.399071119959089 ], [ -65.777258183882068, 18.398404082021155 ], [ -65.777018281779107, 18.397403637112536 ], [ -65.777326574240846, 18.396693606941245 ], [ -65.778155639254763, 18.396026569003315 ], [ -65.779519190825283, 18.395526237352133 ], [ -65.779827488711916, 18.39481620762869 ], [ -65.779772633837055, 18.394321361725055 ], [ -65.780389224185441, 18.392901301830321 ], [ -65.780766086097913, 18.392809836771026 ], [ -65.78143076386489, 18.392987285849188 ], [ -65.782300970320662, 18.392691384916468 ], [ -65.78228725688767, 18.392567676018043 ], [ -65.783273946545719, 18.392158809426157 ], [ -65.783452047225637, 18.391438031308486 ], [ -65.781889556473516, 18.388980020019318 ], [ -65.781450893709447, 18.387350267207292 ], [ -65.781135655270958, 18.386833925410897 ], [ -65.780971089503524, 18.385349377390053 ], [ -65.781094335308595, 18.384133753368747 ], [ -65.780607763074983, 18.383235521465799 ], [ -65.780395283556004, 18.382482504216114 ], [ -65.78048433932085, 18.382122115605132 ], [ -65.780169094886034, 18.381605768205922 ], [ -65.779620900321319, 18.381315353468594 ], [ -65.778435449430731, 18.381094907002105 ], [ -65.777729630221884, 18.380546320918732 ], [ -65.776085035106547, 18.379675070656081 ], [ -65.775481979670658, 18.378889804412299 ], [ -65.775214650130266, 18.377641936551861 ], [ -65.774035972692246, 18.376318832618932 ], [ -65.77302862790647, 18.375377608482626 ], [ -65.771918513922841, 18.374673064058879 ], [ -65.771329177916272, 18.37401151231634 ], [ -65.770637072140431, 18.373586635131392 ], [ -65.768464758496165, 18.371446020667697 ], [ -65.767238171588602, 18.37085443764385 ], [ -65.76708054694447, 18.370596266297802 ], [ -65.767087319825606, 18.369493603676396 ], [ -65.766360840635585, 18.367594931571944 ], [ -65.764990343088314, 18.366868891255443 ], [ -65.764339378754329, 18.366815151075706 ], [ -65.763791184189614, 18.366524736338377 ], [ -65.763345747972977, 18.365997640992791 ], [ -65.763277179093691, 18.365379081035762 ], [ -65.763907483446502, 18.364082735194422 ], [ -65.764085589551314, 18.363361957524603 ], [ -65.763482355594931, 18.360247656243878 ], [ -65.763084834272718, 18.358989040437063 ], [ -65.764475813280654, 18.3587361317377 ], [ -65.765188400517189, 18.358182059906785 ], [ -65.764564685100112, 18.356046707641926 ], [ -65.764715363767507, 18.355078507020288 ], [ -65.76493460588928, 18.35472886590783 ], [ -65.764811182135148, 18.353615460047163 ], [ -65.764653562344463, 18.353357283994001 ], [ -65.764064220913014, 18.35269573180361 ], [ -65.763385829141598, 18.352394568672057 ], [ -65.760898455007904, 18.352066642293945 ], [ -65.759569098902503, 18.351711738982655 ], [ -65.758013554127118, 18.350480099661169 ], [ -65.756828109232856, 18.350259658797498 ], [ -65.756540292806903, 18.349990739505078 ], [ -65.756341531574364, 18.349361426446702 ], [ -65.75645106879989, 18.348022088819853 ], [ -65.756848412173028, 18.346951674744695 ], [ -65.759123311641176, 18.346526579166003 ], [ -65.759184939397159, 18.345918762448232 ], [ -65.758999887315611, 18.345413168150369 ], [ -65.758869695533789, 18.345402420203992 ], [ -65.75882855409192, 18.345031283198779 ], [ -65.759136851978553, 18.344321253475339 ], [ -65.759630191668421, 18.344116822309029 ], [ -65.761076026122652, 18.344358764668272 ], [ -65.76145289288857, 18.344267294901858 ], [ -65.761644707572927, 18.343670230837585 ], [ -65.762357294809448, 18.343116159006666 ], [ -65.763542745128603, 18.343336600318189 ], [ -65.764673335148018, 18.343062195278222 ], [ -65.765228303165301, 18.342249952549107 ], [ -65.764871923284943, 18.341362473747505 ], [ -65.765077451402291, 18.340889118581654 ], [ -65.765659846857005, 18.340324298804362 ], [ -65.766153191971739, 18.3401198680859 ], [ -65.766488738775294, 18.337328226277336 ], [ -65.766255604128574, 18.335225118299459 ], [ -65.767523153957498, 18.33385880329158 ], [ -65.767468298511218, 18.333363952232975 ], [ -65.767776596969284, 18.332653927664502 ], [ -65.767522980861884, 18.331529768702488 ], [ -65.768310904433946, 18.330491593759344 ], [ -65.768256049559085, 18.329996747855706 ], [ -65.766583848485823, 18.326549039604298 ], [ -65.765274978694535, 18.325215182570023 ], [ -65.764582872918695, 18.324790305385076 ], [ -65.764301829373863, 18.323418723471246 ], [ -65.764171637592042, 18.323407975524869 ], [ -65.763828966291243, 18.322644210328807 ], [ -65.762924385849857, 18.321466311187059 ], [ -65.762944867310537, 18.320487362171196 ], [ -65.762773534086861, 18.320105477219606 ], [ -65.763321555555947, 18.318066857367842 ], [ -65.76303356603438, 18.315468903486327 ], [ -65.763108902941354, 18.314984805529068 ], [ -65.762937569717664, 18.314602920577478 ], [ -65.764218838404474, 18.313360314915876 ], [ -65.764465507963678, 18.313258096755238 ], [ -65.765390575290624, 18.313457047328971 ], [ -65.765767436631663, 18.313365577114709 ], [ -65.76623335430898, 18.312913723444431 ], [ -65.766438882426328, 18.31244036827858 ], [ -65.766342886109612, 18.311574385369731 ], [ -65.76644564988257, 18.311337705209322 ], [ -65.767288434325806, 18.310794381772634 ], [ -65.767740632573805, 18.310218813601111 ], [ -65.76888476350203, 18.307739088025446 ], [ -65.769384876073019, 18.30643199423773 ], [ -65.769364216091844, 18.305081908216653 ], [ -65.769583463638511, 18.304732267552048 ], [ -65.769556036201081, 18.304484844600228 ], [ -65.769802705760299, 18.30438262643959 ], [ -65.770220708543192, 18.304662293230539 ], [ -65.77137873199635, 18.304635316745209 ], [ -65.772057123767766, 18.304936479876762 ], [ -65.772708088101751, 18.304990220056499 ], [ -65.773126090884645, 18.305269886847451 ], [ -65.774037438782273, 18.305345122919942 ], [ -65.775133839332909, 18.305925958445265 ], [ -65.775914995448716, 18.305990446571379 ], [ -65.776894912225629, 18.306684242600898 ], [ -65.777689782345874, 18.306872444780403 ], [ -65.780581623778531, 18.309685358933013 ], [ -65.782555176761676, 18.311196665493298 ], [ -65.783377474319352, 18.311632290624622 ], [ -65.784110720965614, 18.312428299659818 ], [ -65.784138148974478, 18.312675727766603 ], [ -65.785865026402092, 18.314289246884709 ], [ -65.78616655140759, 18.314681879782675 ], [ -65.786248834291314, 18.315424153793099 ], [ -65.786550364721691, 18.315816787138914 ], [ -65.78659150616356, 18.316187924144124 ], [ -65.787886661378963, 18.317398061970039 ], [ -65.78909276682586, 18.318968594009753 ], [ -65.789579343912905, 18.319866821205583 ], [ -65.789997347267246, 18.320146493151501 ], [ -65.79051811981941, 18.320189485384862 ], [ -65.792409389918845, 18.320958517934724 ], [ -65.793409788156438, 18.32067336494838 ], [ -65.795040669267337, 18.321420901157637 ], [ -65.795472391479549, 18.321824282449828 ], [ -65.796253547595356, 18.321888770575942 ], [ -65.797336228716674, 18.322345891600023 ], [ -65.797651467155163, 18.322862233396414 ], [ -65.798213381149196, 18.323276362634985 ], [ -65.79885063205019, 18.323206393916294 ], [ -65.799385118035346, 18.32337309504808 ], [ -65.799570165263461, 18.323878694053061 ], [ -65.799700357045282, 18.323889441999437 ], [ -65.79961130670533, 18.324249831058275 ], [ -65.800529600579708, 18.325551439098447 ], [ -65.800584456026002, 18.326046290157052 ], [ -65.800591402002738, 18.327272662124734 ], [ -65.800317299009777, 18.327127451730739 ], [ -65.800139198329859, 18.327848229848406 ], [ -65.80041329589794, 18.327993439794554 ], [ -65.80035167299539, 18.328601251805207 ], [ -65.80088615898056, 18.328767952936992 ], [ -65.801331589772317, 18.32929504783473 ], [ -65.801413872656028, 18.33003732184515 ], [ -65.801133007631705, 18.330994774968261 ], [ -65.802023874068666, 18.332048960056618 ], [ -65.801229003948421, 18.331860757877113 ], [ -65.801242717952846, 18.331984471930504 ], [ -65.801818339954991, 18.332522309619652 ], [ -65.801989678603547, 18.33290419501909 ], [ -65.801900622838701, 18.333264583630076 ], [ -65.802113102929127, 18.334017606034724 ], [ -65.802024047164281, 18.33437799464571 ], [ -65.801777377033631, 18.334480207651382 ], [ -65.801352601369615, 18.335303203481839 ], [ -65.801421170248901, 18.335921763438868 ], [ -65.800461913453162, 18.336578053430422 ], [ -65.799694470770348, 18.336637274202737 ], [ -65.799488942652985, 18.337110629368585 ], [ -65.799242267668902, 18.337212847081375 ], [ -65.798707786537179, 18.337046141242471 ], [ -65.798125391082479, 18.337610961019767 ], [ -65.797590905097309, 18.337444259887981 ], [ -65.794370462266414, 18.338649354356651 ], [ -65.792362892910106, 18.340322322950747 ], [ -65.791335239759263, 18.342689082419398 ], [ -65.790773682806233, 18.346933023254707 ], [ -65.791315461530814, 18.352984170687325 ], [ -65.791877554045342, 18.355727334962836 ], [ -65.79172705389847, 18.359024570621415 ], [ -65.790891573044419, 18.365452341254638 ], [ -65.790816409233074, 18.368265473800989 ], [ -65.790556204189926, 18.370573012945176 ], [ -65.789535319066772, 18.371837114499534 ], [ -65.788315678707391, 18.372471908598335 ], [ -65.789240740038025, 18.372670853569254 ], [ -65.792194031277589, 18.372546921122119 ], [ -65.796003815539933, 18.372003378843836 ], [ -65.798826914997676, 18.371868698450324 ], [ -65.799998646458945, 18.371965430415568 ], [ -65.800951135798442, 18.372411803493272 ], [ -65.80200639490721, 18.372621502013381 ], [ -65.80446634103204, 18.372702000284708 ], [ -65.805521594715927, 18.372911698356969 ], [ -65.806878378258745, 18.373514024620079 ], [ -65.807919917938207, 18.373600008638945 ], [ -65.80820773436416, 18.373868927931369 ], [ -65.80829001724787, 18.374611201941793 ], [ -65.809297362033661, 18.375552426078098 ], [ -65.809420785787793, 18.376665831938766 ], [ -65.810126605568072, 18.377214423177108 ], [ -65.810208888451797, 18.377956697187532 ], [ -65.810496699452855, 18.378225616032104 ], [ -65.81046250398775, 18.379080850994576 ], [ -65.811092986861055, 18.380113540190177 ], [ -65.811956425860586, 18.380920302326714 ], [ -65.812141473088701, 18.381425901331696 ], [ -65.812223755972411, 18.38216817534212 ], [ -65.811668787955142, 18.382980418071231 ], [ -65.811737356834428, 18.38359897802826 ], [ -65.81149068727521, 18.383701196188898 ], [ -65.811586683591926, 18.384567179097751 ], [ -65.812737933592516, 18.38564286007886 ], [ -65.813080600039882, 18.386406629982037 ], [ -65.813217737798439, 18.387643749896096 ], [ -65.815088526437194, 18.389391731461824 ], [ -65.81565738155453, 18.391032237375196 ], [ -65.815945197980483, 18.39130115666762 ], [ -65.816760722657023, 18.39283944442035 ], [ -65.816781382066765, 18.39418952528646 ], [ -65.816548426511986, 18.394415457500493 ], [ -65.815479458823674, 18.394082045374837 ], [ -65.814513250626305, 18.393511962950861 ], [ -65.812443885271833, 18.393463708966518 ], [ -65.811094047134304, 18.394087749516125 ], [ -65.810785749247671, 18.394797779239564 ], [ -65.81063507600517, 18.395765980309051 ], [ -65.810772213763741, 18.397003100223113 ], [ -65.810607821663368, 18.397847591946324 ], [ -65.809765042645012, 18.398390915830866 ], [ -65.811635825858886, 18.400138896948743 ], [ -65.81230050419731, 18.400316351181871 ], [ -65.812458128841442, 18.400574522527915 ], [ -65.813814907530826, 18.401176853498143 ], [ -65.813958812745639, 18.401311310342948 ], [ -65.813842334968257, 18.401424276449962 ], [ -65.81413015139421, 18.401693195742386 ], [ -65.814171292836065, 18.402064332747596 ], [ -65.814979876389302, 18.402376243825529 ], [ -65.81555549896288, 18.402914086669643 ], [ -65.815219778492263, 18.403376688734149 ], [ -65.815781687061403, 18.403790817524868 ], [ -65.815678923288459, 18.404027497685277 ], [ -65.815315775380412, 18.404242676797963 ], [ -65.814678524479419, 18.404312645516654 ], [ -65.814863571707534, 18.404818244521636 ], [ -65.815699583269634, 18.405377583706354 ], [ -65.812280374352753, 18.405953369823767 ], [ -65.809601185534703, 18.406222507509934 ], [ -65.807662006537171, 18.406185001024117 ], [ -65.806085980301106, 18.405932310718498 ], [ -65.804064523844744, 18.405152530670108 ], [ -65.801844301302381, 18.403743442270461 ], [ -65.802776309181198, 18.405168764364028 ], [ -65.802844878060483, 18.405787324321057 ], [ -65.802303624047639, 18.406723281103563 ], [ -65.802399620935788, 18.407589269167381 ], [ -65.803263059363871, 18.408396026148949 ], [ -65.803578298373807, 18.408912373100311 ], [ -65.803824973357905, 18.408810155387521 ], [ -65.804112784358963, 18.409079074232096 ], [ -65.804311545591517, 18.409708387290468 ], [ -65.805133843149179, 18.410144012421796 ], [ -65.805366804128838, 18.409918080655611 ], [ -65.805757379474301, 18.409950324494744 ], [ -65.806476912687586, 18.410622624631511 ], [ -65.806415290356483, 18.41123044179713 ], [ -65.807655590697038, 18.411945733719406 ], [ -65.808176363249217, 18.411988725952767 ], [ -65.808361409905885, 18.412494319802782 ], [ -65.80864922690327, 18.412763244250172 ], [ -65.808587598575855, 18.413371055812974 ], [ -65.809636089656934, 18.414683412247374 ], [ -65.809752745954825, 18.4168994811773 ], [ -65.809896651741084, 18.417033943177071 ], [ -65.808464704386907, 18.419244749460312 ], [ -65.807299918902373, 18.420374389462751 ], [ -65.807252010004262, 18.421105915526798 ], [ -65.807656477874673, 18.423590908456262 ], [ -65.807087795852951, 18.424279437131982 ], [ -65.806217589397178, 18.424575338064702 ], [ -65.804545566844411, 18.423456664850235 ], [ -65.802256775422777, 18.421429016493558 ], [ -65.798405671198068, 18.419272386729688 ], [ -65.796665079766015, 18.417535153558187 ], [ -65.794527140107377, 18.416868339168964 ], [ -65.793355408646093, 18.416771607203717 ], [ -65.793108733090563, 18.416873819761541 ], [ -65.792759299186955, 18.417212712927618 ], [ -65.792916918406206, 18.417470883825818 ], [ -65.792663475965867, 18.418675764607862 ], [ -65.791663077728273, 18.418960917594205 ], [ -65.791676791161265, 18.41908462649263 ], [ -65.791142305176109, 18.418917925360848 ], [ -65.790710588388777, 18.418514544516505 ], [ -65.789655334704889, 18.418304846444244 ], [ -65.789497710060772, 18.418046675098196 ], [ -65.788963228929049, 18.417879969259296 ], [ -65.788702839940527, 18.417858472918692 ], [ -65.788469883814301, 18.418084399977754 ], [ -65.787846347489179, 18.418278087904802 ], [ -65.787455772143716, 18.418245844065673 ], [ -65.786996622494087, 18.417595039821659 ], [ -65.786633474586054, 18.417810218934346 ], [ -65.786325176699421, 18.418520248657789 ], [ -65.786599273696055, 18.41866545344897 ], [ -65.788421974916204, 18.418815926041802 ], [ -65.789388178260126, 18.419386013172897 ], [ -65.791821053988528, 18.423877158566285 ], [ -65.793033926891653, 18.424345027536742 ], [ -65.793636982327541, 18.425130293780523 ], [ -65.795034907312228, 18.426103757048846 ], [ -65.797248356973469, 18.4286155080699 ], [ -65.798173418875535, 18.428814458195781 ], [ -65.798461235301474, 18.429083377488205 ], [ -65.799948210626127, 18.429696451697694 ], [ -65.801627001206583, 18.42971246699787 ], [ -65.803360646661886, 18.430223328201688 ], [ -65.804128088773268, 18.430164102274407 ], [ -65.805745256451175, 18.430787929585239 ], [ -65.806800509563629, 18.430997622502534 ], [ -65.807581671104316, 18.431062111076496 ], [ -65.808191488571566, 18.430744713803172 ], [ -65.809274175117764, 18.4312018352751 ], [ -65.810247145917927, 18.430669259336938 ], [ -65.811028302033748, 18.430733747463051 ], [ -65.812672897149085, 18.431604997725703 ], [ -65.813104619361283, 18.432008379017894 ], [ -65.813604905027901, 18.43303031981927 ], [ -65.813344521464259, 18.433008823926514 ], [ -65.812762126009545, 18.433573643703809 ], [ -65.811645249423123, 18.433971757642201 ], [ -65.808404141757606, 18.433826770796912 ], [ -65.808040993849573, 18.434041949909599 ], [ -65.806752779186027, 18.434058183603518 ], [ -65.805259035833686, 18.434547767308324 ], [ -65.803984534603131, 18.434687709900668 ], [ -65.802586788138939, 18.436043281669289 ], [ -65.802209926797914, 18.43613475188355 ], [ -65.801744009120597, 18.436586605553828 ], [ -65.801250664005849, 18.43679103627229 ], [ -65.800860088660386, 18.436758792433157 ], [ -65.800873802664825, 18.436882506486551 ], [ -65.799873399002337, 18.437167659025043 ], [ -65.799770634657946, 18.437404334030486 ], [ -65.799366345879491, 18.437248381292928 ], [ -65.798742808982922, 18.43744206406501 ], [ -65.798756522415914, 18.437565772963435 ], [ -65.798365941645571, 18.437533528676454 ], [ -65.798146699523784, 18.437883169788911 ], [ -65.797509449194223, 18.437953143662568 ], [ -65.797523163198662, 18.438076857715959 ], [ -65.797016104079489, 18.438157574381027 ], [ -65.796796861957702, 18.438507215493484 ], [ -65.795549788736011, 18.438894586192617 ], [ -65.794748151159524, 18.439809047082367 ], [ -65.793206498909086, 18.441030156851216 ], [ -65.792295151011444, 18.440954920778726 ], [ -65.791472853453783, 18.440519295647402 ], [ -65.790561500131261, 18.44044405912706 ], [ -65.78962272422477, 18.440121394947784 ], [ -65.788916905015924, 18.439572808864412 ], [ -65.788313855004915, 18.438787543068479 ], [ -65.78765594469418, 18.437507430921059 ] ] ] } },
{ "type": "Feature", "properties": { "district": 37, "precinct_index": 0, "color": "#f0b2fc", "id": "d37_p00" }, "geometry": { "type": "Polygon", "coordinates": [ [ [ -65.858676957922398, 18.432279479932241 ], [ -65.858548169485331, 18.43202698575741 ], [ -65.858060590447906, 18.432784925290758 ], [ -65.858975035255071, 18.429894404375695 ], [ -65.858418016727484, 18.430533594944574 ], [ -65.857253137101466, 18.432520099125782 ], [ -65.857354647251853, 18.432258257611871 ], [ -65.857263827756867, 18.43239323483186 ], [ -65.853622524137378, 18.439569500568744 ], [ -65.854315518522014, 18.437840417543587 ], [ -65.856932618710715, 18.43255255626174 ], [ -65.857181135302298, 18.431384184908861 ], [ -65.855436576244159, 18.433755022376079 ], [ -65.855526713556486, 18.432999597101407 ], [ -65.855450261172663, 18.43306883134861 ], [ -65.855846338111974, 18.431825421605488 ], [ -65.855563317757358, 18.432146172483137 ], [ -65.857159505123462, 18.429440970523995 ], [ -65.857246048980585, 18.429356737723779 ], [ -65.857191188254205, 18.429693516091806 ], [ -65.857385398025926, 18.429693414555679 ], [ -65.85736983339153, 18.429982887760456 ], [ -65.857601329502216, 18.429749810189378 ], [ -65.859614632533166, 18.425237248323455 ], [ -65.85984270878491, 18.424520962114514 ], [ -65.859748212413692, 18.424594818638276 ], [ -65.859861480695557, 18.42419342954944 ], [ -65.859693139569657, 18.424410327854584 ], [ -65.859761298160109, 18.424020493351726 ], [ -65.860332600377802, 18.422583246639384 ], [ -65.860776949429692, 18.422233579514707 ], [ -65.862070874510081, 18.420077481566683 ], [ -65.862481659419359, 18.419078553454895 ], [ -65.862410339337799, 18.418563088446213 ], [ -65.863322130310195, 18.416542119493734 ], [ -65.864145921999423, 18.415251203293575 ], [ -65.866348181022417, 18.40891525455913 ], [ -65.865375290138388, 18.41019471593096 ], [ -65.863676653001463, 18.412963399915888 ], [ -65.869179127662605, 18.400146773954251 ], [ -65.872151553693058, 18.394308627419726 ], [ -65.87358658739781, 18.390477936605976 ], [ -65.87500319047119, 18.387285002336505 ], [ -65.87559488682308, 18.38633902997698 ], [ -65.875534211191308, 18.386640060171128 ], [ -65.875766306063596, 18.386295117484057 ], [ -65.876476616467812, 18.384884322999493 ], [ -65.877063309258617, 18.384312005348256 ], [ -65.88139452914811, 18.375233670773987 ], [ -65.882594427457278, 18.373250609406252 ], [ -65.882708507503907, 18.37325862257466 ], [ -65.882701365448611, 18.373657650958851 ], [ -65.882825066438514, 18.373551487824848 ], [ -65.882778758338361, 18.373786774421294 ], [ -65.883087305594486, 18.37337259748702 ], [ -65.882868850330567, 18.373974706864903 ], [ -65.883405815582748, 18.37315446654733 ], [ -65.883030049821642, 18.374156836319035 ], [ -65.88339272941586, 18.373728792458802 ], [ -65.883490175160532, 18.374038966294858 ], [ -65.883601647578018, 18.373973171929091 ], [ -65.883501077933573, 18.374433371152652 ], [ -65.883638546852552, 18.374373330786781 ], [ -65.883352403018634, 18.375464454099127 ], [ -65.884060317911363, 18.374501121232111 ], [ -65.881925451454649, 18.379094474863251 ], [ -65.881104821301079, 18.38129069004631 ], [ -65.881730468439557, 18.380360844406173 ], [ -65.880676545845901, 18.383125733036938 ], [ -65.880070011476889, 18.384038270716118 ], [ -65.879033920708423, 18.386277268447241 ], [ -65.877932961626328, 18.389600355116528 ], [ -65.878306673199802, 18.389355670412932 ], [ -65.878275800527845, 18.389512529505762 ], [ -65.877401167197803, 18.391511566442254 ], [ -65.877369226164262, 18.391681110594561 ], [ -65.877581138599538, 18.391366163331309 ], [ -65.874669167933945, 18.399001041434325 ], [ -65.87203838281674, 18.404975093743637 ], [ -65.869244647288284, 18.410159253699891 ], [ -65.865192512974374, 18.4192778064204 ], [ -65.863440554378613, 18.422469761367012 ], [ -65.858676957922398, 18.432279479932241 ] ] ] } },
{ "type": "Feature", "properties": { "district": 37, "precinct_index": 1, "color": "#fcf3d7", "id": "d37_p01" }, "geometry": { "type": "Polygon", "coordinates": [ [ [ -65.87540842362553, 18.412750854174266 ], [ -65.874398118126393, 18.414474334975086 ], [ -65.874343045282359, 18.414289844191394 ], [ -65.874122709847526, 18.414495236900148 ], [ -65.873259365048995, 18.416255546205196 ], [ -65.873123434977103, 18.416402079789638 ], [ -65.873226741412324, 18.415804642927736 ], [ -65.872753317323856, 18.415975570865218 ], [ -65.868372423874717, 18.421243592458314 ], [ -65.867249705452167, 18.422834509915251 ], [ -65.865536102442476, 18.42578080198896 ], [ -65.86457813164607, 18.42782601414385 ], [ -65.864821856794194, 18.427552566650974 ], [ -65.864104192217027, 18.428841120368009 ], [ -65.864144086185135, 18.428681951867237 ], [ -65.86352545236079, 18.42942381367078 ], [ -65.863874281159042, 18.428217331660896 ], [ -65.863764476750262, 18.428158574072715 ], [ -65.863459735532018, 18.428422826530699 ], [ -65.863268861777726, 18.428173824158929 ], [ -65.862829259314196, 18.428571923988322 ], [ -65.863059344433466, 18.428041310429553 ], [ -65.861143366134826, 18.430456060389695 ], [ -65.860099709075769, 18.432051548201567 ], [ -65.85998990508746, 18.431992789988467 ], [ -65.859628763875278, 18.432507328220826 ], [ -65.859408557181609, 18.432501676381978 ], [ -65.858360623599197, 18.434147910392102 ], [ -65.858155254037129, 18.434175695012076 ], [ -65.85866579766703, 18.432307164169643 ], [ -65.863440554378613, 18.422469761367012 ], [ -65.865192512974374, 18.4192778064204 ], [ -65.869319560404563, 18.410003526859033 ], [ -65.870863283906303, 18.407187638718341 ], [ -65.872048686407695, 18.405481364342346 ], [ -65.866407544374297, 18.418581763208966 ], [ -65.869196701041972, 18.414813795110884 ], [ -65.869793484841054, 18.414226480060194 ], [ -65.873005746560722, 18.407532497338408 ], [ -65.872958581331119, 18.408301739924529 ], [ -65.87403858468825, 18.4062749172145 ], [ -65.872876268256746, 18.409278584869693 ], [ -65.873689240549425, 18.408325577511061 ], [ -65.873002789458468, 18.409767497268025 ], [ -65.872501268010225, 18.41163371692404 ], [ -65.871559075316398, 18.413910722093839 ], [ -65.87184376325925, 18.413465419887157 ], [ -65.8724850584086, 18.41297841474157 ], [ -65.873154959039098, 18.412570968198011 ], [ -65.873283276990705, 18.412724284094796 ], [ -65.874338951434581, 18.410567156055848 ], [ -65.875113227702855, 18.409549586341075 ], [ -65.875878739692268, 18.408112238092606 ], [ -65.875173728852872, 18.410402959037725 ], [ -65.876601059287481, 18.408758834823963 ], [ -65.875070460008985, 18.412676068470788 ], [ -65.875041725831224, 18.412807553887713 ], [ -65.875227512603374, 18.412697897797088 ], [ -65.875123265662211, 18.413096976949344 ], [ -65.87540842362553, 18.412750854174266 ] ] ] } },
{ "type": "Feature", "properties": { "district": 37, "precinct_index": 2, "color": "#b6fcb9", "id": "d37_p02" }, "geometry": { "type": "Polygon", "coordinates": [ [ [ -65.870863283906303, 18.407187638718341 ], [ -65.872391699370496, 18.404239136465701 ], [ -65.874669167933945, 18.399001041434325 ], [ -65.877581138599538, 18.391366163331309 ], [ -65.877369226164262, 18.391681110594561 ], [ -65.877401167197803, 18.391511566442254 ], [ -65.878275800527845, 18.389512529505762 ], [ -65.878306673199802, 18.389355670412932 ], [ -65.877932961626328, 18.389600355116528 ], [ -65.879033920708423, 18.386277268447241 ], [ -65.880070011476889, 18.384038270716118 ], [ -65.880676545845901, 18.383125733036938 ], [ -65.881730468439557, 18.380360844406173 ], [ -65.881104821301079, 18.38129069004631 ], [ -65.881925451454649, 18.379094474863251 ], [ -65.884060317911363, 18.374501121232111 ], [ -65.883352403018634, 18.375464454099127 ], [ -65.883638546852552, 18.374373330786781 ], [ -65.883501077933573, 18.374433371152652 ], [ -65.883601647578018, 18.373973171929091 ], [ -65.883490175160532, 18.374038966294858 ], [ -65.88339272941586, 18.373728792458802 ], [ -65.883030049821642, 18.374156836319035 ], [ -65.883405815582748, 18.37315446654733 ], [ -65.882868850330567, 18.373974706864903 ], [ -65.883087305594486, 18.37337259748702 ], [ -65.882778758338361, 18.373786774421294 ], [ -65.882825066438514, 18.373551487824848 ], [ -65.882705641506931, 18.373606905914162 ], [ -65.884686533948909, 18.369164707615383 ], [ -65.888055847797929, 18.362492555373453 ], [ -65.888931974654909, 18.36152336937381 ], [ -65.89121722209164, 18.357450052259846 ], [ -65.891430074567822, 18.357333463859803 ], [ -65.891358709166141, 18.357761356569398 ], [ -65.891810541132131, 18.357322885664651 ], [ -65.891652502711693, 18.358046056346982 ], [ -65.893031773660951, 18.356029456984295 ], [ -65.893549368240883, 18.355648614347793 ], [ -65.893495576761595, 18.355972705877868 ], [ -65.894406382328398, 18.354696736309101 ], [ -65.894414676586806, 18.355017335411198 ], [ -65.894582290209925, 18.355123346769648 ], [ -65.892754007506483, 18.358173492569421 ], [ -65.890989986626266, 18.362870444836467 ], [ -65.891189669979539, 18.362595868023657 ], [ -65.890379942599012, 18.365186488064509 ], [ -65.889891764334962, 18.366056293867409 ], [ -65.890123987948414, 18.365500306632736 ], [ -65.889915282368932, 18.365777195160607 ], [ -65.888563760191857, 18.368407308490081 ], [ -65.888514843577056, 18.36856878933083 ], [ -65.888820783204039, 18.368080804862377 ], [ -65.887748687040883, 18.371061361567136 ], [ -65.886509364319039, 18.373302772020807 ], [ -65.885905522306189, 18.37502142800145 ], [ -65.885151768868738, 18.376319228050079 ], [ -65.885374841979853, 18.375976595924506 ], [ -65.884535568612236, 18.378289299653677 ], [ -65.885016733562168, 18.377607477687366 ], [ -65.883252628840438, 18.381572117408652 ], [ -65.88166810934149, 18.386024487133149 ], [ -65.882919661100772, 18.38374270675768 ], [ -65.882789887258113, 18.384235211966566 ], [ -65.883108525942987, 18.383806037007918 ], [ -65.881973192304045, 18.386070457500811 ], [ -65.879388669966872, 18.392752580931955 ], [ -65.878032530407623, 18.395123215855559 ], [ -65.878100559791875, 18.394944427053858 ], [ -65.877128692414345, 18.397154559930932 ], [ -65.876452119749004, 18.398060214290282 ], [ -65.877444768369728, 18.395708220344748 ], [ -65.876558891407839, 18.397002627819326 ], [ -65.873827324528534, 18.402915610200477 ], [ -65.870863283906303, 18.407187638718341 ] ] ] } },
{ "type": "Feature", "properties": { "district": 38, "precinct_index": 0, "color": "#b8fcb6", "id": "d38_p00" }, "geometry": { "type": "Polygon", "coordinates": [ [ [ -65.906300568513259, 18.380956911713898 ], [ -65.859642382940052, 18.391013213329334 ], [ -65.889475212461164, 18.385000977057253 ], [ -65.92278682169173, 18.377854275876341 ], [ -65.909747872249241, 18.380498213119896 ], [ -65.9111345298722, 18.380199884286782 ], [ -65.907966775485022, 18.380831830680833 ], [ -65.912325804335126, 18.379782913588322 ], [ -65.906300568513259, 18.380956911713898 ] ] ] } },
{ "type": "Feature", "properties": { "district": 38, "precinct_index": 1, "color": "#bfb8fc", "id": "d38_p01" }, "geometry": { "type": "Polygon", "coordinates": [ [ [ -65.908596368981023, 18.38061727300218 ], [ -65.909090064977221, 18.380540735450211 ], [ -65.907966775485022, 18.380831830680833 ], [ -65.942977766595945, 18.37381386236267 ], [ -65.943130388316234, 18.373784890772708 ], [ -65.936851438923568, 18.375165395288601 ], [ -65.958295384824723, 18.37098441424709 ], [ -65.957098944441739, 18.3712415932299 ], [ -65.957433762928929, 18.371177102219615 ], [ -65.984304147368306, 18.365659807342325 ], [ -65.998246460421882, 18.362999931868277 ], [ -66.007451621712391, 18.360958080883719 ], [ -65.999821094228963, 18.362221508825627 ], [ -65.984431141095158, 18.365329094106787 ], [ -65.983763269504763, 18.365435520454032 ], [ -65.987708486292803, 18.364556278710914 ], [ -65.984559357569111, 18.365047258103278 ], [ -65.985969333217739, 18.364725456664342 ], [ -65.981521450745689, 18.365602272335021 ], [ -65.983259990157975, 18.365199054682005 ], [ -65.974636631411784, 18.366910686015203 ], [ -65.975555903257586, 18.366691742908039 ], [ -65.967118343788258, 18.368209012860344 ], [ -65.941422033218387, 18.373577194986705 ], [ -65.94129572171714, 18.373609014750649 ], [ -65.941716742312352, 18.373540857802777 ], [ -65.938797805395083, 18.374189993110758 ], [ -65.948173537305365, 18.372277095837124 ], [ -65.938402209238077, 18.374481878263214 ], [ -65.926595866398841, 18.376729568213982 ], [ -65.908596368981023, 18.38061727300218 ] ] ] } },
{ "type": "Feature", "properties": { "district": 38, "precinct_index": 2, "color": "#fce2d3", "id": "d38_p02" }, "geometry": { "type": "Polygon", "coordinates": [ [ [ -65.987039870276561, 18.363817717850196 ], [ -65.968851377666226, 18.367795449915782 ], [ -65.969089456002052, 18.367756231657534 ], [ -65.967118343788258, 18.368209012860344 ], [ -65.975555903257586, 18.366691742908039 ], [ -65.974636631411784, 18.366910686015203 ], [ -65.983259990157975, 18.365199054682005 ], [ -65.981521450745689, 18.365602272335021 ], [ -65.985969333217739, 18.364725456664342 ], [ -65.984559357569111, 18.365047258103278 ], [ -65.987708486292803, 18.364556278710914 ], [ -65.983763269504763, 18.365435520454032 ], [ -65.984431141095158, 18.365329094106787 ], [ -66.000215804605148, 18.362150503703774 ], [ -66.006522152320656, 18.360629981045065 ], [ -66.000542805658355, 18.361750453618416 ], [ -66.02845143396506, 18.355689133101222 ], [ -66.028564966716246, 18.355659178855841 ], [ -66.028263731131233, 18.355714307307757 ], [ -66.041325455613389, 18.352699127300387 ], [ -66.010055117477521, 18.35898143960539 ], [ -66.008757926090524, 18.359266706691635 ], [ -66.01120811719224, 18.358875540015482 ], [ -65.989881509923961, 18.363364941433137 ], [ -65.989682521789476, 18.36340514207399 ], [ -65.994559313151001, 18.362262794930999 ], [ -65.986933610741133, 18.363835461285472 ], [ -65.987039870276561, 18.363817717850196 ] ] ] } },
{ "type": "Feature", "properties": { "district": 39, "precinct_index": 0, "color": "#ecd2fc", "id": "d39_p00" }, "geometry": { "type": "Polygon", "coordinates": [ [ [ -65.990472890006913, 18.363570410544558 ], [ -65.918383097411919, 18.401126170691185 ], [ -66.001998057777257, 18.357566281260606 ], [ -65.990472890006913, 18.363570410544558 ] ] ] } },
{ "type": "Feature", "properties": { "district": 39, "precinct_index": 1, "color": "#b6fcc1", "id": "d39_p01" }, "geometry": { "type": "Polygon", "coordinates": [ [ [ -65.997211383800035, 18.360059937719722 ], [ -65.990472890006913, 18.363570410544558 ], [ -66.0409142806473, 18.337292560387692 ], [ -65.996859726442381, 18.360243136461222 ], [ -65.997211383800035, 18.360059937719722 ] ] ] } },
{ "type": "Feature", "properties": { "district": 40, "precinct_index": 0, "color": "#fcd8d2", "id": "d40_p00" }, "geometry": { "type": "Polygon", "coordinates": [ [ [ -65.95185356054688, 18.451122521959459 ], [ -65.951619193359377, 18.450676601351351 ], [ -65.950845783203135, 18.450717138513514 ], [ -65.949861441406256, 18.45039283277027 ], [ -65.949533328125, 18.449136148648648 ], [ -65.94908803125, 18.448325383445944 ], [ -65.947189659179685, 18.446906545608108 ], [ -65.946838108398438, 18.446095780405404 ], [ -65.946720924804694, 18.444068869932433 ], [ -65.945900640624998, 18.440420429054054 ], [ -65.946533431640631, 18.434745077702704 ], [ -65.946392811523438, 18.432596550675676 ], [ -65.945853767578129, 18.431299327702703 ], [ -65.944986610351563, 18.430650716216217 ], [ -65.94329916796876, 18.430042641891891 ], [ -65.940838315429687, 18.430204795608109 ], [ -65.939666481445315, 18.430042641891891 ], [ -65.938072786132821, 18.427975192567569 ], [ -65.937650925781256, 18.427772501689191 ], [ -65.936338470703134, 18.427934655405405 ], [ -65.935658806640632, 18.427772501689191 ], [ -65.935307256835941, 18.426799584459459 ], [ -65.934885396484376, 18.424205138513514 ], [ -65.932987024414061, 18.418610863175676 ], [ -65.932682346679698, 18.416989332770271 ], [ -65.931979246093761, 18.416746104729729 ], [ -65.93153394921876, 18.417029871621622 ], [ -65.93108865234376, 18.417678483108109 ], [ -65.93069022851563, 18.41917839695946 ], [ -65.929987127929692, 18.419624317567568 ], [ -65.929284026367199, 18.419056782094597 ], [ -65.928698109375006, 18.418854091216218 ], [ -65.92827624902344, 18.417435253378379 ], [ -65.927409091796875, 18.416543412162163 ], [ -65.926870047851565, 18.416056954391891 ], [ -65.925768523437512, 18.415651570945947 ], [ -65.92551071972656, 18.415408342905405 ], [ -65.923893587890632, 18.408962763513514 ], [ -65.921620228515636, 18.40442248310811 ], [ -65.922417076171882, 18.397449907094597 ], [ -65.922088962890626, 18.394814922297297 ], [ -65.923471727539066, 18.393152854729731 ], [ -65.923542037109385, 18.393801466216217 ], [ -65.925206042968753, 18.39189617060811 ], [ -65.925393536132816, 18.391855631756759 ], [ -65.925041985351569, 18.389058494932435 ], [ -65.925463845703135, 18.388855802364866 ], [ -65.931252708984374, 18.388572035472976 ], [ -65.931323018554693, 18.393598775337839 ], [ -65.931908936523442, 18.393720390202702 ], [ -65.931815189453133, 18.385937050675675 ], [ -65.932612037109379, 18.381680537162165 ], [ -65.932658910156249, 18.378721246621623 ], [ -65.9318855, 18.376694334459462 ], [ -65.931744879882814, 18.375640341216219 ], [ -65.931838625976567, 18.374343116554055 ], [ -65.928838729492199, 18.374545809121624 ], [ -65.928744983398445, 18.367857001689192 ], [ -65.926729427734386, 18.367938077702703 ], [ -65.926635680664063, 18.362141111486487 ], [ -65.933268264648447, 18.361735728040543 ], [ -65.934252605468757, 18.361735728040543 ], [ -65.934768212890631, 18.362019496621624 ], [ -65.937604052734386, 18.358614285472974 ], [ -65.938564957031261, 18.357195447635135 ], [ -65.938869633789068, 18.357033293918921 ], [ -65.939994594726571, 18.357925135135137 ], [ -65.940627385742189, 18.356708988175676 ], [ -65.940182087890634, 18.355979300675678 ], [ -65.940182087890634, 18.355736070945948 ], [ -65.940557075195315, 18.355209074324325 ], [ -65.94058051171875, 18.354438847972975 ], [ -65.94102580957032, 18.353992927364867 ], [ -65.940838315429687, 18.352614626689192 ], [ -65.94107268261719, 18.352249783783787 ], [ -65.941377359375011, 18.351966015202706 ], [ -65.941775783203127, 18.351884939189191 ], [ -65.942033586914064, 18.352330859797299 ], [ -65.942338263671886, 18.351925478040542 ], [ -65.942385137695311, 18.351398479729731 ], [ -65.942525757812504, 18.351317403716219 ], [ -65.942736687500002, 18.351722785472976 ], [ -65.943111674804697, 18.351357942567571 ], [ -65.943252294921876, 18.351439018581083 ], [ -65.944072579101572, 18.351114712837841 ], [ -65.944377255859379, 18.350709331081084 ], [ -65.944681932617186, 18.349776951013514 ], [ -65.945033483398447, 18.35038502533784 ], [ -65.945830331054694, 18.350222871621622 ], [ -65.945853767578129, 18.349371569256757 ], [ -65.946064698242196, 18.349817489864865 ], [ -65.946556868164066, 18.349249954391894 ], [ -65.946416248046873, 18.348844572635137 ], [ -65.946486558593747, 18.348479728040541 ], [ -65.946791235351569, 18.348682418918919 ], [ -65.947049039062506, 18.348277037162163 ], [ -65.947400588867197, 18.348317574324327 ], [ -65.947517772460941, 18.347223042229732 ], [ -65.947681829101569, 18.347304119932435 ], [ -65.947728703125009, 18.346696045608109 ], [ -65.948009943359381, 18.346817660472976 ], [ -65.948080252929685, 18.346047434121623 ], [ -65.948220873046878, 18.345763667229733 ], [ -65.948338056640623, 18.345966358108111 ], [ -65.948455240234381, 18.345763667229733 ], [ -65.948361493164072, 18.345479898648652 ], [ -65.94854898730469, 18.345358283783785 ], [ -65.94904115722656, 18.344142136824328 ], [ -65.948853664062497, 18.343574603040544 ], [ -65.948947411132821, 18.343371910472975 ], [ -65.950119245117193, 18.343371910472975 ], [ -65.950212992187502, 18.342398993243243 ], [ -65.951244207031252, 18.342561146959461 ], [ -65.951712940429687, 18.343007067567569 ], [ -65.951994180664059, 18.342601684121625 ], [ -65.952533224609383, 18.342601684121625 ], [ -65.953892552734374, 18.343209758445948 ], [ -65.954478469726567, 18.343817831081083 ], [ -65.955275317382814, 18.344263751689191 ], [ -65.955954981445316, 18.346290663851352 ], [ -65.957150252929694, 18.347547347972974 ], [ -65.957150252929694, 18.34819595945946 ], [ -65.957572113281259, 18.349412106418921 ], [ -65.957689296875003, 18.350263410472973 ], [ -65.959118934570313, 18.353263238175678 ], [ -65.959118934570313, 18.355168535472973 ], [ -65.959400174804685, 18.35581714695946 ], [ -65.959353301757815, 18.356465758445946 ], [ -65.959587668945318, 18.358006211148652 ], [ -65.95942361230469, 18.359343972972976 ], [ -65.959517358398443, 18.363884255067568 ], [ -65.959259554687506, 18.364573403716218 ], [ -65.959306428710946, 18.365911165540542 ], [ -65.959118934570313, 18.366721930743246 ], [ -65.958603328125008, 18.366519239864868 ], [ -65.957900226562501, 18.365627398648652 ], [ -65.957665860351568, 18.365708474662163 ], [ -65.957572113281259, 18.367248927364866 ], [ -65.957267436523438, 18.366519239864868 ], [ -65.957079942382819, 18.366397625 ], [ -65.956915885742191, 18.366478701013516 ], [ -65.956400278320316, 18.367613771959462 ], [ -65.956212785156254, 18.367694847972974 ], [ -65.955486248046881, 18.367127312500003 ], [ -65.955205007812509, 18.367492157094595 ], [ -65.955017513671876, 18.368992070945946 ], [ -65.95461908984376, 18.369275839527027 ], [ -65.952908211914064, 18.369762297297299 ], [ -65.952275420898445, 18.370248756756759 ], [ -65.951712940429687, 18.370248756756759 ], [ -65.951384827148445, 18.37081629222973 ], [ -65.950658289062503, 18.371018983108108 ], [ -65.950892656250005, 18.378153711148649 ], [ -65.951783250976561, 18.383018298986489 ], [ -65.952134800781252, 18.383545295608108 ], [ -65.953751932617195, 18.38451821283784 ], [ -65.956962759765631, 18.387193736486488 ], [ -65.958861130859376, 18.388288268581082 ], [ -65.959728289062497, 18.388572035472976 ], [ -65.96036107910156, 18.389301722972974 ], [ -65.960993870117193, 18.389747643581082 ], [ -65.96174384472657, 18.390720560810813 ], [ -65.96307973535157, 18.391571864864865 ], [ -65.963665653320319, 18.392301552364867 ], [ -65.965329658203132, 18.395787839527028 ], [ -65.965681208984378, 18.396193222972975 ], [ -65.965892138671876, 18.397530983108108 ], [ -65.96828268164063, 18.397449907094597 ], [ -65.970977900390622, 18.39927412837838 ], [ -65.972055988281255, 18.400328121621623 ], [ -65.973673120117184, 18.402598261824323 ], [ -65.97496213867187, 18.404787326013516 ], [ -65.977938597656248, 18.408233076013513 ], [ -65.978876065429688, 18.409976219594594 ], [ -65.980376013671872, 18.416381260135136 ], [ -65.981102551757814, 18.421975535472974 ], [ -65.981852525390622, 18.423799755067567 ], [ -65.983774333984371, 18.426191511824324 ], [ -65.984922732421879, 18.426799584459459 ], [ -65.985930509765623, 18.427772501689191 ], [ -65.988977279296876, 18.432272244932431 ], [ -65.987102344726566, 18.435474765202702 ], [ -65.985344592773444, 18.435231535472973 ], [ -65.985227409179686, 18.43762329054054 ], [ -65.984735238281246, 18.439123206081081 ], [ -65.984852421875004, 18.439366435810811 ], [ -65.984219631835941, 18.440460967905405 ], [ -65.984055574218758, 18.440501505067566 ], [ -65.984219631835941, 18.440420429054054 ], [ -65.984149321289067, 18.440055584459458 ], [ -65.983868081054695, 18.439893432432431 ], [ -65.98379777050782, 18.43932589695946 ], [ -65.983211853515627, 18.438677285472973 ], [ -65.98290717675782, 18.437907059121621 ], [ -65.981055677734375, 18.435880146959459 ], [ -65.978876065429688, 18.434258618243245 ], [ -65.978126091796881, 18.434055927364867 ], [ -65.975969916015629, 18.43300193412162 ], [ -65.975548055664063, 18.43300193412162 ], [ -65.974376220703121, 18.432596550675676 ], [ -65.972009115234371, 18.432839780405406 ], [ -65.970227926757815, 18.434096466216218 ], [ -65.969477952148438, 18.434826153716216 ], [ -65.9692201484375, 18.436123376689189 ], [ -65.968915471679693, 18.435880146959459 ], [ -65.968634231445321, 18.434826153716216 ], [ -65.968095187499998, 18.4339343125 ], [ -65.966595239257813, 18.433204625 ], [ -65.965587461914069, 18.432474935810809 ], [ -65.964696867187499, 18.432434398648649 ], [ -65.963712526367189, 18.432637089527027 ], [ -65.961814154296874, 18.433407315878377 ], [ -65.960384516601565, 18.434380233108108 ], [ -65.957876790039066, 18.436650373310812 ], [ -65.955837797851572, 18.439163743243242 ], [ -65.954923767578123, 18.440623119932432 ], [ -65.953517565429692, 18.443622949324325 ], [ -65.95279102832032, 18.445893089527026 ], [ -65.952626971679692, 18.449136148648648 ], [ -65.952322293945315, 18.450311756756758 ], [ -65.95185356054688, 18.451122521959459 ] ] ] } }
]
}
