{"type": "Topology", "objects": {"precincts": {"type": "GeometryCollection", "geometries": [{"type": "MultiPolygon", "arcs": [[[0]], [[1]]], "properties": {"district": 1, "precinct_index": 0, "color": "#ffeabe", "id": "d01_p00"}}, {"type": "Polygon", "arcs": [[2]], "properties": {"district": 2, "precinct_index": 0, "color": "#fcbfbd", "id": "d02_p00"}}, {"type": "Polygon", "arcs": [[3]], "properties": {"district": 3, "precinct_index": 0, "color": "#d1cafc", "id": "d03_p00"}}, {"type": "Polygon", "arcs": [[4]], "properties": {"district": 4, "precinct_index": 0, "color": "#ffeabe", "id": "d04_p00"}}, {"type": "Polygon", "arcs": [[5]], "properties": {"district": 5, "precinct_index": 0, "color": "#e3b2d1", "id": "d05_p00"}}, {"type": "Polygon", "arcs": [[6]], "properties": {"district": 5, "precinct_index": 1, "color": "#dfc19f", "id": "d05_p01"}}, {"type": "Polygon", "arcs": [[7]], "properties": {"district": 5, "precinct_index": 2, "color": "#ffffbe", "id": "d05_p02"}}, {"type": "Polygon", "arcs": [[8]], "properties": {"district": 6, "precinct_index": 0, "color": "#ecccab", "id": "d06_p00"}}, {"type": "Polygon", "arcs": [[9]], "properties": {"district": 6, "precinct_index": 1, "color": "#98a5d6", "id": "d06_p01"}}, {"type": "Polygon", "arcs": [[10]], "properties": {"district": 6, "precinct_index": 2, "color": "#f0b1e6", "id": "d06_p02"}}, {"type": "Polygon", "arcs": [[11]], "properties": {"district": 7, "precinct_index": 0, "color": "#cfbaab", "id": "d07_p00"}}, {"type": "Polygon", "arcs": [[12]], "properties": {"district": 8, "precinct_index": 0, "color": "#d89fa1", "id": "d08_p00"}}, {"type": "Polygon", "arcs": [[13]], "properties": {"district": 9, "precinct_index": 0, "color": "#d3b3c6", "id": "d09_p00"}}, {"type": "Polygon", "arcs": [[14]], "properties": {"district": 9, "precinct_index": 1, "color": "#9496cf", "id": "d09_p01"}}, {"type": "Polygon", "arcs": [[15]], "properties": {"district": 10, "precinct_index": 0, "color": "#c5b0d8", "id": "d10_p00"}}, {"type": "Polygon", "arcs": [[16]], "properties": {"district": 10, "precinct_index": 1, "color": "#e7cca9", "id": "d10_p01"}}, {"type": "Polygon", "arcs": [[17]], "properties": {"district": 11, "precinct_index": 0, "color": "#d3b496", "id": "d11_p00"}}, {"type": "Polygon", "arcs": [[18]], "properties": {"district": 11, "precinct_index": 1, "color": "#d197b1", "id": "d11_p01"}}, {"type": "MultiPolygon", "arcs": [[[19]], [[20]], [[21]]], "properties": {"district": 11, "precinct_index": 2, "color": "#b1bef0", "id": "d11_p02"}}, {"type": "Polygon", "arcs": [[22]], "properties": {"district": 12, "precinct_index": 0, "color": "#b7fcb2", "id": "d12_p00"}}, {"type": "Polygon", "arcs": [[23]], "properties": {"district": 12, "precinct_index": 1, "color": "#f9ccfc", "id": "d12_p01"}}, {"type": "Polygon", "arcs": [[24]], "properties": {"district": 12, "precinct_index": 2, "color": "#b2f4fc", "id": "d12_p02"}}, {"type": "Polygon", "arcs": [[25]], "properties": {"district": 12, "precinct_index": 3, "color": "#fcddb6", "id": "d12_p03"}}, {"type": "Polygon", "arcs": [[26]], "properties": {"district": 13, "precinct_index": 0, "color": "#b8fcf2", "id": "d13_p00"}}, {"type": "Polygon", "arcs": [[27]], "properties": {"district": 13, "precinct_index": 1, "color": "#fccab2", "id": "d13_p01"}}, {"type": "MultiPolygon", "arcs": [[[28]], [[29]]], "properties": {"district": 13, "precinct_index": 2, "color": "#f9b6fc", "id": "d13_p02"}}, {"type": "Polygon", "arcs": [[30]], "properties": {"district": 13, "precinct_index": 3, "color": "#b6ccfc", "id": "d13_p03"}}, {"type": "Polygon", "arcs": [[31]], "properties": {"district": 14, "precinct_index": 0, "color": "#fab6fc", "id": "d14_p00"}}, {"type": "MultiPolygon", "arcs": [[[32]], [[33]]], "properties": {"district": 14, "precinct_index": 1, "color": "#b2fcd8", "id": "d14_p01"}}, {"type": "Polygon", "arcs": [[34]], "properties": {"district": 15, "precinct_index": 0, "color": "#fcf8d2", "id": "d15_p00"}}, {"type": "Polygon", "arcs": [[35]], "properties": {"district": 15, "precinct_index": 1, "color": "#b8b8fc", "id": "d15_p01"}}, {"type": "Polygon", "arcs": [[36]], "properties": {"district": 15, "precinct_index": 2, "color": "#fcb8c9", "id": "d15_p02"}}, {"type": "Polygon", "arcs": [[37]], "properties": {"district": 16, "precinct_index": 0, "color": "#c6fcf8", "id": "d16_p00"}}, {"type": "Polygon", "arcs": [[38]], "properties": {"district": 16, "precinct_index": 1, "color": "#f1b6fc", "id": "d16_p01"}}, {"type": "Polygon", "arcs": [[39]], "properties": {"district": 16, "precinct_index": 2, "color": "#fcd3b2", "id": "d16_p02"}}, {"type": "Polygon", "arcs": [[40]], "properties": {"district": 17, "precinct_index": 0, "color": "#bcb2e7", "id": "d17_p00"}}, {"type": "Polygon", "arcs": [[41]], "properties": {"district": 17, "precinct_index": 1, "color": "#d8b899", "id": "d17_p01"}}, {"type": "Polygon", "arcs": [[42]], "properties": {"district": 18, "precinct_index": 0, "color": "#ada5cc", "id": "d18_p00"}}, {"type": "Polygon", "arcs": [[43]], "properties": {"district": 18, "precinct_index": 1, "color": "#ecabca", "id": "d18_p01"}}, {"type": "Polygon", "arcs": [[44]], "properties": {"district": 18, "precinct_index": 2, "color": "#c6d9eb", "id": "d18_p02"}}, {"type": "Polygon", "arcs": [[45]], "properties": {"district": 18, "precinct_index": 3, "color": "#d8b39c", "id": "d18_p03"}}, {"type": "Polygon", "arcs": [[46]], "properties": {"district": 19, "precinct_index": 0, "color": "#e5c5a3", "id": "d19_p00"}}, {"type": "Polygon", "arcs": [[47]], "properties": {"district": 19, "precinct_index": 1, "color": "#a9b4e7", "id": "d19_p01"}}, {"type": "Polygon", "arcs": [[48]], "properties": {"district": 20, "precinct_index": 0, "color": "#d89caa", "id": "d20_p00"}}, {"type": "Polygon", "arcs": [[49]], "properties": {"district": 20, "precinct_index": 1, "color": "#eccfaf", "id": "d20_p01"}}, {"type": "MultiPolygon", "arcs": [[[50]], [[51]], [[52]]], "properties": {"district": 20, "precinct_index": 2, "color": "#a4a0d1", "id": "d20_p02"}}, {"type": "Polygon", "arcs": [[53]], "properties": {"district": 21, "precinct_index": 0, "color": "#b2fcb6", "id": "d21_p00"}}, {"type": "Polygon", "arcs": [[54]], "properties": {"district": 21, "precinct_index": 1, "color": "#ffa67f", "id": "d21_p01"}}, {"type": "Polygon", "arcs": [[55]], "properties": {"district": 21, "precinct_index": 2, "color": "#fcbaf6", "id": "d21_p02"}}, {"type": "Polygon", "arcs": [[56]], "properties": {"district": 21, "precinct_index": 3, "color": "#ffffbe", "id": "d21_p03"}}, {"type": "Polygon", "arcs": [[57]], "properties": {"district": 21, "precinct_index": 4, "color": "#e0e0e0", "id": "d21_p04"}}, {"type": "Polygon", "arcs": [[58]], "properties": {"district": 21, "precinct_index": 5, "color": "#ffebaf", "id": "d21_p05"}}, {"type": "Polygon", "arcs": [[59]], "properties": {"district": 22, "precinct_index": 0, "color": "#e0e0e0", "id": "d22_p00"}}, {"type": "Polygon", "arcs": [[60]], "properties": {"district": 22, "precinct_index": 1, "color": "#bdfcb2", "id": "d22_p01"}}, {"type": "Polygon", "arcs": [[61]], "properties": {"district": 22, "precinct_index": 2, "color": "#fcd0b8", "id": "d22_p02"}}, {"type": "Polygon", "arcs": [[62]], "properties": {"district": 22, "precinct_index": 3, "color": "#ffffbe", "id": "d22_p03"}}, {"type": "Polygon", "arcs": [[63]], "properties": {"district": 22, "precinct_index": 4, "color": "#ffb2e6", "id": "d22_p04"}}, {"type": "Polygon", "arcs": [[64]], "properties": {"district": 23, "precinct_index": 0, "color": "#fcd1b8", "id": "d23_p00"}}, {"type": "Polygon", "arcs": [[65]], "properties": {"district": 23, "precinct_index": 1, "color": "#ffffbe", "id": "d23_p01"}}, {"type": "Polygon", "arcs": [[66]], "properties": {"district": 23, "precinct_index": 2, "color": "#bffcb6", "id": "d23_p02"}}, {"type": "Polygon", "arcs": [[67]], "properties": {"district": 23, "precinct_index": 3, "color": "#e7beff", "id": "d23_p03"}}, {"type": "Polygon", "arcs": [[68]], "properties": {"district": 23, "precinct_index": 4, "color": "#fcb8e3", "id": "d23_p04"}}, {"type": "Polygon", "arcs": [[69]], "properties": {"district": 24, "precinct_index": 0, "color": "#ffbee7", "id": "d24_p00"}}, {"type": "Polygon", "arcs": [[70]], "properties": {"district": 25, "precinct_index": 0, "color": "#e3b6fc", "id": "d25_p00"}}, {"type": "Polygon", "arcs": [[71]], "properties": {"district": 25, "precinct_index": 1, "color": "#c3fcb6", "id": "d25_p01"}}, {"type": "Polygon", "arcs": [[72]], "properties": {"district": 25, "precinct_index": 2, "color": "#fcd8ba", "id": "d25_p02"}}, {"type": "Polygon", "arcs": [[73]], "properties": {"district": 26, "precinct_index": 0, "color": "#fcb6c5", "id": "d26_p00"}}, {"type": "Polygon", "arcs": [[74]], "properties": {"district": 26, "precinct_index": 1, "color": "#b8fcbf", "id": "d26_p01"}}, {"type": "Polygon", "arcs": [[75]], "properties": {"district": 26, "precinct_index": 2, "color": "#fcdfb2", "id": "d26_p02"}}, {"type": "Polygon", "arcs": [[76]], "properties": {"district": 26, "precinct_index": 3, "color": "#ffffbe", "id": "d26_p03"}}, {"type": "Polygon", "arcs": [[77]], "properties": {"district": 26, "precinct_index": 4, "color": "#d4b2fc", "id": "d26_p04"}}, {"type": "Polygon", "arcs": [[78]], "properties": {"district": 27, "precinct_index": 0, "color": "#fcc6e0", "id": "d27_p00"}}, {"type": "Polygon", "arcs": [[79]], "properties": {"district": 27, "precinct_index": 1, "color": "#ffffbe", "id": "d27_p01"}}, {"type": "Polygon", "arcs": [[80]], "properties": {"district": 27, "precinct_index": 2, "color": "#fce9b8", "id": "d27_p02"}}, {"type": "Polygon", "arcs": [[81]], "properties": {"district": 27, "precinct_index": 3, "color": "#b2fcb8", "id": "d27_p03"}}, {"type": "Polygon", "arcs": [[82]], "properties": {"district": 28, "precinct_index": 0, "color": "#fcdcb2", "id": "d28_p00"}}, {"type": "Polygon", "arcs": [[83]], "properties": {"district": 28, "precinct_index": 1, "color": "#befcb6", "id": "d28_p01"}}, {"type": "Polygon", "arcs": [[84]], "properties": {"district": 28, "precinct_index": 2, "color": "#ffffbe", "id": "d28_p02"}}, {"type": "Polygon", "arcs": [[85]], "properties": {"district": 28, "precinct_index": 3, "color": "#fcd7f9", "id": "d28_p03"}}, {"type": "Polygon", "arcs": [[86]], "properties": {"district": 29, "precinct_index": 0, "color": "#ffbee7", "id": "d29_p00"}}, {"type": "Polygon", "arcs": [[87]], "properties": {"district": 29, "precinct_index": 1, "color": "#ffffbe", "id": "d29_p01"}}, {"type": "MultiPolygon", "arcs": [[[88]], [[89]]], "properties": {"district": 30, "precinct_index": 0, "color": "#ffffbe", "id": "d30_p00"}}, {"type": "MultiPolygon", "arcs": [[[90]], [[91]]], "properties": {"district": 30, "precinct_index": 1, "color": "#fcc6b8", "id": "d30_p01"}}, {"type": "Polygon", "arcs": [[92]], "properties": {"district": 30, "precinct_index": 2, "color": "#fcb6f8", "id": "d30_p02"}}, {"type": "Polygon", "arcs": [[93]], "properties": {"district": 30, "precinct_index": 3, "color": "#b2fcb2", "id": "d30_p03"}}, {"type": "Polygon", "arcs": [[94]], "properties": {"district": 31, "precinct_index": 0, "color": "#ffbee7", "id": "d31_p00"}}, {"type": "Polygon", "arcs": [[95]], "properties": {"district": 31, "precinct_index": 1, "color": "#ffebaf", "id": "d31_p01"}}, {"type": "Polygon", "arcs": [[96]], "properties": {"district": 32, "precinct_index": 0, "color": "#ffd27f", "id": "d32_p00"}}, {"type": "Polygon", "arcs": [[97]], "properties": {"district": 33, "precinct_index": 0, "color": "#e7beff", "id": "d33_p00"}}, {"type": "Polygon", "arcs": [[98]], "properties": {"district": 33, "precinct_index": 1, "color": "#fcb2b7", "id": "d33_p01"}}, {"type": "Polygon", "arcs": [[99]], "properties": {"district": 33, "precinct_index": 2, "color": "#e0e0e0", "id": "d33_p02"}}, {"type": "Polygon", "arcs": [[100]], "properties": {"district": 33, "precinct_index": 3, "color": "#fcf9cf", "id": "d33_p03"}}, {"type": "Polygon", "arcs": [[101]], "properties": {"district": 34, "precinct_index": 0, "color": "#e7beff", "id": "d34_p00"}}, {"type": "Polygon", "arcs": [[102]], "properties": {"district": 34, "precinct_index": 1, "color": "#ccfcc5", "id": "d34_p01"}}, {"type": "Polygon", "arcs": [[103]], "properties": {"district": 34, "precinct_index": 2, "color": "#f7b6fc", "id": "d34_p02"}}, {"type": "Polygon", "arcs": [[104]], "properties": {"district": 34, "precinct_index": 3, "color": "#fccbba", "id": "d34_p03"}}, {"type": "Polygon", "arcs": [[105]], "properties": {"district": 35, "precinct_index": 0, "color": "#fab2fc", "id": "d35_p00"}}, {"type": "Polygon", "arcs": [[106]], "properties": {"district": 35, "precinct_index": 1, "color": "#bdfcbf", "id": "d35_p01"}}, {"type": "Polygon", "arcs": [[107]], "properties": {"district": 35, "precinct_index": 2, "color": "#ffffbe", "id": "d35_p02"}}, {"type": "MultiPolygon", "arcs": [[[108]], [[109]], [[110]], [[111]], [[112]], [[113]]], "properties": {"district": 36, "precinct_index": 0, "color": "#f1b2fc", "id": "d36_p00"}}, {"type": "Polygon", "arcs": [[114]], "properties": {"district": 36, "precinct_index": 1, "color": "#fafcc5", "id": "d36_p01"}}, {"type": "Polygon", "arcs": [[115]], "properties": {"district": 36, "precinct_index": 2, "color": "#dfcffc", "id": "d36_p02"}}, {"type": "Polygon", "arcs": [[116]], "properties": {"district": 36, "precinct_index": 3, "color": "#c1fce7", "id": "d36_p03"}}, {"type": "Polygon", "arcs": [[117]], "properties": {"district": 36, "precinct_index": 4, "color": "#fcc1bf", "id": "d36_p04"}}, {"type": "Polygon", "arcs": [[118]], "properties": {"district": 36, "precinct_index": 5, "color": "#b2ddfc", "id": "d36_p05"}}, {"type": "Polygon", "arcs": [[119]], "properties": {"district": 37, "precinct_index": 0, "color": "#f0b2fc", "id": "d37_p00"}}, {"type": "Polygon", "arcs": [[120]], "properties": {"district": 37, "precinct_index": 1, "color": "#fcf3d7", "id": "d37_p01"}}, {"type": "Polygon", "arcs": [[121]], "properties": {"district": 37, "precinct_index": 2, "color": "#b6fcb9", "id": "d37_p02"}}, {"type": "Polygon", "arcs": [[122]], "properties": {"district": 38, "precinct_index": 0, "color": "#b8fcb6", "id": "d38_p00"}}, {"type": "Polygon", "arcs": [[123]], "properties": {"district": 38, "precinct_index": 1, "color": "#bfb8fc", "id": "d38_p01"}}, {"type": "Polygon", "arcs": [[124]], "properties": {"district": 38, "precinct_index": 2, "color": "#fce2d3", "id": "d38_p02"}}, {"type": "Polygon", "arcs": [[125]], "properties": {"district": 39, "precinct_index": 0, "color": "#ecd2fc", "id": "d39_p00"}}, {"type": "Polygon", "arcs": [[126]], "properties": {"district": 39, "precinct_index": 1, "color": "#b6fcc1", "id": "d39_p01"}}, {"type": "Polygon", "arcs": [[127]], "properties": {"district": 40, "precinct_index": 0, "color": "#fcd8d2", "id": "d40_p00"}}]}}, "arcs": [[[-66.1412020484375, 18.45943080489865], [-66.07934675986328, 18.45950985456081], [-66.07940652382813, 18.45911460625], [-66.07916746962891, 18.458877457263515], [-66.07898817939454, 18.458324111824325], [-66.07868936123047, 18.458482208952702], [-66.0785100709961, 18.458403161486487], [-66.07862959726563, 18.457691714527027], [-66.07809172490235, 18.456980267567566], [-66.0769562178711, 18.456189773141894], [-66.07623905527345, 18.456347872466218], [-66.07600000107422, 18.456980267567566], [-66.0761792913086, 18.45705931722973], [-66.07623905527345, 18.45682217043919], [-66.07641834550782, 18.45682217043919], [-66.07647810947266, 18.457138366891893], [-66.07600000107422, 18.457296466216217], [-66.07552189267578, 18.457691714527027], [-66.07605976503906, 18.458324111824325], [-66.07546212871094, 18.458007913175678], [-66.07522307451173, 18.45808696283784], [-66.07420709375, 18.456347872466218], [-66.07402780351563, 18.45571547516892], [-66.07426685771485, 18.454529732432434], [-66.07444614794922, 18.45437163310811], [-66.07438638398438, 18.45413448412162], [-66.07456567587892, 18.45405543445946], [-66.07450591191407, 18.45310684070946], [-66.07426685771485, 18.452948741385136], [-66.07402780351563, 18.45318589037162], [-66.07331064091797, 18.452790642060812], [-66.07366922138672, 18.453343989695945], [-66.07277276855469, 18.452474445608107], [-66.07277276855469, 18.45215824695946], [-66.07301182275391, 18.452079197297298], [-66.07337040488282, 18.452316346283784], [-66.07343016718751, 18.452079197297298], [-66.07360945908204, 18.452079197297298], [-66.07420709375, 18.452395395945945], [-66.07450591191407, 18.452869691722974], [-66.0746254381836, 18.452632542736488], [-66.07450591191407, 18.45152584966216], [-66.07486449404297, 18.450972504222975], [-66.07570118291017, 18.450261057263514], [-66.07623905527345, 18.450261057263514], [-66.07665739970703, 18.45049820625], [-66.0765378734375, 18.45010295793919], [-66.07665739970703, 18.44947056283784], [-66.07785267070312, 18.447336224155407], [-66.07779290839844, 18.446071431756756], [-66.07731480000001, 18.44543903445946], [-66.07223489619142, 18.44678287652027], [-66.07211536992187, 18.447020025506756], [-66.07086033496094, 18.447257174493245], [-66.07068104306641, 18.44741527381757], [-66.07068104306641, 18.44844291722973], [-66.06990411816406, 18.4495496125], [-66.06978459023438, 18.44947056283784], [-66.06954553603516, 18.44978675929054], [-66.06715499404298, 18.44947056283784], [-66.06649759375, 18.448996264864864], [-66.06613901328126, 18.4489172152027], [-66.06566090488282, 18.44836386756757], [-66.06494374228517, 18.448284817905407], [-66.06446563388673, 18.447652422804055], [-66.0642265796875, 18.447020025506756], [-66.06249343632813, 18.446071431756756], [-66.06237390839844, 18.445518084121623], [-66.06207509023437, 18.445280935135134], [-66.06087981923828, 18.44456949037162], [-66.05920643984375, 18.444016142736487], [-66.05854904121094, 18.44362089662162], [-66.05842951328125, 18.44377899375], [-66.05842951328125, 18.44354184695946], [-66.05783187861329, 18.442988499324326], [-66.05705495205079, 18.44251420135135], [-66.05633778945312, 18.442593251013513], [-66.05448511816407, 18.44219800489865], [-66.05406677373047, 18.44188180625], [-66.05412653769531, 18.440933210304056], [-66.05358866533203, 18.440221765540542], [-66.0523336303711, 18.43943126891892], [-66.05018214257812, 18.438561724831082], [-66.04928568808594, 18.438324575844597], [-66.04844899921875, 18.438324575844597], [-66.04820994335938, 18.438561724831082], [-66.04701467236329, 18.43777122820946], [-66.0454010569336, 18.43721788277027], [-66.04522176669923, 18.437375982094593], [-66.04408625800782, 18.43729693243243], [-66.0438472038086, 18.437455031756755], [-66.04318980517579, 18.437455031756755], [-66.0430702772461, 18.437613131081083], [-66.04247264257813, 18.437613131081083], [-66.0410980796875, 18.43840362550676], [-66.04002233662109, 18.438719824155406], [-66.03876730166016, 18.43848267516892], [-66.03870753769532, 18.43887792347973], [-66.03852824746095, 18.438087426858107], [-66.03822942929688, 18.438087426858107], [-66.03799037509766, 18.437455031756755], [-66.03715368457031, 18.43682263445946], [-66.03685486640626, 18.436348336486486], [-66.03613770380859, 18.43587404070946], [-66.03530101494141, 18.434925444763515], [-66.03464361464845, 18.43453019864865], [-66.03470337861329, 18.434293049662163], [-66.03380692578125, 18.433581602702702], [-66.0315359100586, 18.432395859966217], [-66.03022111113282, 18.431921561993242], [-66.02795009707032, 18.431684415202703], [-66.02376664775392, 18.431684415202703], [-66.01862697998047, 18.43247490962838], [-66.0176707631836, 18.43255395929054], [-66.01653525615235, 18.432395859966217], [-66.0127103873047, 18.431052017905404], [-66.00942339248047, 18.428127184797297], [-66.00906481035156, 18.428127184797297], [-66.00775001142578, 18.42733669037162], [-66.00529970546876, 18.426467144087837], [-66.0035067998047, 18.42654619375], [-66.00326774560547, 18.426388094425675], [-66.00249081904298, 18.426388094425675], [-66.0021920008789, 18.42654619375], [-66.00057838378906, 18.42654619375], [-66.00039909355469, 18.426704293074327], [-65.99884524042969, 18.42686239239865], [-65.99537895371094, 18.427969085472974], [-65.9949008453125, 18.428443383445945], [-65.99382510224609, 18.429075778547297], [-65.99364581201172, 18.428996728885135], [-65.99268959355469, 18.429629126182434], [-65.99251030332032, 18.42955007652027], [-65.99233101308594, 18.42986627516892], [-65.99131503232422, 18.430024374493243], [-65.98934283476562, 18.43089391858108], [-65.98880496240234, 18.431289166891894], [-65.98862567216797, 18.431052017905404], [-65.98796827353516, 18.430972968243243], [-65.98749016347656, 18.429787225506757], [-65.98743040117188, 18.428917679222973], [-65.9868925288086, 18.42781098614865], [-65.98695229277344, 18.427415740033783], [-65.9861156022461, 18.424411857263514], [-65.98581678408203, 18.4240166089527], [-65.98593631201172, 18.42393755929054], [-65.98474104101562, 18.42093367652027], [-65.9845617491211, 18.42085462685811], [-65.98390435048829, 18.419668884121624], [-65.98557772988282, 18.417455495777027], [-65.98527891171875, 18.4169812], [-65.98653394667969, 18.41405636689189], [-65.98683276484375, 18.409392443412163], [-65.99131503232422, 18.409945788851353], [-65.9960363540039, 18.403700876520272], [-65.99268959355469, 18.39959029847973], [-65.98850614423829, 18.395084474324324], [-65.9856972578125, 18.39295013783784], [-65.98503985751954, 18.39263393918919], [-65.98342624208985, 18.39223869087838], [-65.98276884345704, 18.39176439510135], [-65.97852563017578, 18.387890966047298], [-65.97727059521485, 18.386230925337838], [-65.97631437841797, 18.38433373783784], [-65.97577650605469, 18.38275274679054], [-65.97416288896484, 18.37271345506757], [-65.97326643613282, 18.36939337364865], [-65.97075636621094, 18.36148841841216], [-65.97709130498048, 18.358721684628378], [-65.97912326484375, 18.358484535641892], [-65.97966113720703, 18.358642634966216], [-65.98067711796875, 18.358642634966216], [-65.98247002529297, 18.359195982601353], [-65.98970141523438, 18.362278915033784], [-65.98922330683594, 18.360539824662162], [-65.98934283476562, 18.359670278378378], [-65.99023928759766, 18.35903788327703], [-65.99089668789063, 18.358168336993245], [-65.99095645019531, 18.35666639560811], [-65.99053810576173, 18.355559702533785], [-65.99221148515625, 18.35484825777027], [-65.9950203732422, 18.353346316385135], [-65.99478131904297, 18.352160571452703], [-65.99872571416016, 18.348208094932435], [-66.00147483828125, 18.35263486942568], [-66.00440325263672, 18.355006357094595], [-66.00512041523437, 18.355954950844595], [-66.00529970546876, 18.356587345945947], [-66.00655474042969, 18.358642634966216], [-66.00775001142578, 18.35903788327703], [-66.01510093095703, 18.359591228716216], [-66.02442404638673, 18.36006552668919], [-66.02394593798829, 18.356982594256756], [-66.02532049921875, 18.35666639560811], [-66.02669506210938, 18.36567804391892], [-66.02854773173829, 18.375163990202704], [-66.02896607617188, 18.37468969222973], [-66.02962347646485, 18.374531592905406], [-66.03040040302734, 18.374610642567568], [-66.0311773279297, 18.375163990202704], [-66.03195425449219, 18.376270683277028], [-66.03255189082032, 18.37808882331081], [-66.03332881738282, 18.37935361570946], [-66.03416550625, 18.3802231597973], [-66.03512172470704, 18.38061840810811], [-66.0360779415039, 18.380539358445947], [-66.0380501390625, 18.379432665371624], [-66.03900635585939, 18.37966981435811], [-66.04050044501953, 18.38030220945946], [-66.04354838564454, 18.38235749847973], [-66.04832947128907, 18.38401753918919], [-66.05143717587892, 18.386072826013514], [-66.05275197480469, 18.387258570945946], [-66.05550109892579, 18.39057865016892], [-66.05699518808595, 18.391843444763513], [-66.05783187861329, 18.393187286824325], [-66.05830998701173, 18.39342443581081], [-66.05866856748047, 18.393266336486487], [-66.05908691191406, 18.392554889527027], [-66.05986383847657, 18.390183404054056], [-66.060341946875, 18.389392907432434], [-66.06093958320312, 18.388918611655406], [-66.06141769160156, 18.388839561993244], [-66.06392776152344, 18.38923480810811], [-66.06649759375, 18.38923480810811], [-66.06799168291016, 18.388918611655406], [-66.06858931923828, 18.389867205405405], [-66.06900766367188, 18.390183404054056], [-66.07014317236329, 18.391606295777027], [-66.07611952734375, 18.397535011655407], [-66.07522307451173, 18.39761406131757], [-66.07438638398438, 18.396823564695946], [-66.07372898535156, 18.396744515033784], [-66.0735496951172, 18.39698166402027], [-66.07372898535156, 18.397376912331083], [-66.07366922138672, 18.39793025777027], [-66.07331064091797, 18.398799804054054], [-66.072653240625, 18.39856265506757], [-66.0723544241211, 18.39864170472973], [-66.07175678779298, 18.39816740675676], [-66.07151773359375, 18.39729786266892], [-66.07109938916017, 18.396744515033784], [-66.07086033496094, 18.396665465371623], [-66.07056151679689, 18.395795921283785], [-66.07056151679689, 18.395005424662163], [-66.07032246259766, 18.395005424662163], [-66.07026269863282, 18.394768277871623], [-66.0703822265625, 18.39468922820946], [-66.07020293466798, 18.3946101785473], [-66.06990411816406, 18.3955587722973], [-66.0696053, 18.395716871621623], [-66.07008340839845, 18.397851210304054], [-66.06990411816406, 18.39864170472973], [-66.07008340839845, 18.399116002702705], [-66.06990411816406, 18.399511248817568], [-66.07014317236329, 18.401171289527028], [-66.0700236444336, 18.401408438513513], [-66.0703822265625, 18.401803686824326], [-66.0703822265625, 18.402198935135136], [-66.07020293466798, 18.402357032263513], [-66.06996388046875, 18.402357032263513], [-66.06972482626954, 18.402119885472974], [-66.06948577207032, 18.4016455875], [-66.06930648183594, 18.401171289527028], [-66.06930648183594, 18.400459844763514], [-66.06942600976564, 18.40030174543919], [-66.06966506396485, 18.400617944087838], [-66.06984435419922, 18.400538894425676], [-66.06978459023438, 18.400064596452705], [-66.06954553603516, 18.39966934814189], [-66.06942600976564, 18.39966934814189], [-66.06942600976564, 18.399985546790543], [-66.0692467178711, 18.399748397804053], [-66.06918695556641, 18.398878853716216], [-66.06894789970704, 18.39864170472973], [-66.0688283734375, 18.398720754391892], [-66.06912719160157, 18.399748397804053], [-66.0692467178711, 18.401724637162165], [-66.06948577207032, 18.402198935135136], [-66.0692467178711, 18.402594181250002], [-66.06936624580078, 18.40298942956081], [-66.06966506396485, 18.403068479222974], [-66.0700236444336, 18.402752280574326], [-66.07032246259766, 18.402831330236488], [-66.07068104306641, 18.402515131587837], [-66.07097986123047, 18.40298942956081], [-66.07092009892578, 18.40354277719595], [-66.07151773359375, 18.404096122635135], [-66.07175678779298, 18.40464947027027], [-66.07169702382814, 18.40496566891892], [-66.07211536992187, 18.405123768243243], [-66.07247395039063, 18.40599331233108], [-66.07247395039063, 18.406546659966217], [-66.07223489619142, 18.40694190608108], [-66.07253371435547, 18.407020955743246], [-66.0731313506836, 18.407811452364864], [-66.07343016718751, 18.407416204054055], [-66.07360945908204, 18.40765335304054], [-66.07343016718751, 18.407969551689188], [-66.07504378427736, 18.40978768952703], [-66.07504378427736, 18.411131533783784], [-66.07516331054688, 18.41121058125], [-66.07504378427736, 18.41152677989865], [-66.07534260244141, 18.411763928885136], [-66.07564141894532, 18.411605829560813], [-66.07564141894532, 18.4118429785473], [-66.07594023710938, 18.411684879222975], [-66.0761792913086, 18.412159177195946], [-66.07647810947266, 18.412159177195946], [-66.07659763740234, 18.412712522635136], [-66.07701598183594, 18.412712522635136], [-66.07749409023438, 18.413028721283784], [-66.07797219863282, 18.413819217905406], [-66.07833077910156, 18.41358206891892], [-66.07845030703126, 18.413661118581082], [-66.08179706582031, 18.41658595168919], [-66.08448642763672, 18.411052484121623], [-66.08478524414063, 18.41121058125], [-66.08478524414063, 18.411368680574324], [-66.08299233847657, 18.41492591097973], [-66.08418760947266, 18.416032604054056], [-66.08442666367188, 18.415953554391894], [-66.08699649589845, 18.41018293783784], [-66.08723555009766, 18.410341037162162], [-66.08598051679688, 18.413107770945945], [-66.08759413222657, 18.413186820608107], [-66.08783318642578, 18.41287062195946], [-66.08825153085938, 18.412791572297298], [-66.08861011298829, 18.41239632618243], [-66.08944680185547, 18.412080127533784], [-66.09141899941407, 18.4118429785473], [-66.09177758154297, 18.41192202820946], [-66.09189710947265, 18.411763928885136], [-66.09249474414062, 18.411684879222975], [-66.09261427207032, 18.4118429785473], [-66.09297285253906, 18.411763928885136], [-66.09398883330078, 18.41287062195946], [-66.0947657598633, 18.41492591097973], [-66.09506457802735, 18.41524210962838], [-66.0954231584961, 18.41492591097973], [-66.09560245039063, 18.415558308277028], [-66.09673795742188, 18.41721834679054], [-66.09745512001953, 18.41792979375], [-66.09787346445313, 18.41792979375], [-66.09793322841797, 18.41832504206081], [-66.0996066078125, 18.420301279222972], [-66.10008471621094, 18.420617477871623], [-66.10020424414063, 18.4204593785473], [-66.10032377041016, 18.42053842820946], [-66.10044329833985, 18.420696527533785], [-66.10032377041016, 18.42093367652027], [-66.10127998886719, 18.422435617905407], [-66.10169833330079, 18.42251466756757], [-66.10181785957032, 18.422356568243245], [-66.10199715146484, 18.42259371722973], [-66.10187762353516, 18.422830866216216], [-66.10217644169923, 18.42314706266892], [-66.10289360429688, 18.423226112331083], [-66.1031326584961, 18.42298896554054], [-66.10337171269532, 18.42314706266892], [-66.10450721972657, 18.421407974493246], [-66.10474627392578, 18.421645121283785], [-66.10528414628907, 18.421566071621623], [-66.10582201865235, 18.422119419256756], [-66.10653918125, 18.422277518581083], [-66.10785398017579, 18.423700410304054], [-66.10857114277344, 18.422830866216216], [-66.10869067070313, 18.42314706266892], [-66.10791374414063, 18.42417470827703], [-66.10827232460937, 18.424095658614867], [-66.10916877910157, 18.425360451013514], [-66.11018475820313, 18.426388094425675], [-66.11042381240235, 18.42686239239865], [-66.11066286826173, 18.426941442060812], [-66.11072263056641, 18.42733669037162], [-66.11096168476563, 18.427415740033783], [-66.11161908505859, 18.42828528412162], [-66.11173861132814, 18.428364333783783], [-66.11185813925782, 18.42820623445946], [-66.11209719345703, 18.42852243310811], [-66.11221671972656, 18.428917679222973], [-66.11138003085938, 18.429075778547297], [-66.11138003085938, 18.429629126182434], [-66.11197766552735, 18.429629126182434], [-66.112694828125, 18.42923387787162], [-66.11299364628907, 18.42923387787162], [-66.11329246445312, 18.42947102685811], [-66.11347175468751, 18.430103424155405], [-66.11365104492188, 18.42994532483108], [-66.11400962705079, 18.430103424155405], [-66.11442797148437, 18.43081486891892], [-66.11496584384766, 18.43255395929054], [-66.11574277041017, 18.43350255304054], [-66.11610135253906, 18.434451148986486], [-66.11645993300782, 18.436901684121622], [-66.11640016904298, 18.437455031756755], [-66.11568300644532, 18.439273169594596], [-66.11478655361329, 18.44085416064189], [-66.11484631757813, 18.441170359290542], [-66.11454749941407, 18.441802756587837], [-66.11430844521485, 18.44409519239865], [-66.11400962705079, 18.44417424206081], [-66.11371080888672, 18.444727589695948], [-66.11335222841798, 18.444964738682433], [-66.10570249238282, 18.442909449662164], [-66.1054634381836, 18.442988499324326], [-66.10528414628907, 18.44322564831081], [-66.10534391025391, 18.443462797297297], [-66.10516462001954, 18.44354184695946], [-66.10486580185547, 18.44322564831081], [-66.10456698369141, 18.443304697972973], [-66.10420840322266, 18.44314659864865], [-66.10367053085938, 18.44314659864865], [-66.10343147666016, 18.443462797297297], [-66.1031326584961, 18.443462797297297], [-66.08102014091797, 18.439747467567567], [-66.08090061298829, 18.43990556689189], [-66.08084084902345, 18.439747467567567], [-66.08084084902345, 18.43982651722973], [-66.08096037695313, 18.440063666216215], [-66.08078108671876, 18.439747467567567], [-66.08066155878906, 18.43982651722973], [-66.07982486826172, 18.44109130962838], [-66.07994439619141, 18.441644657263513], [-66.08006392246094, 18.441644657263513], [-66.07982486826172, 18.441723706925675], [-66.07994439619141, 18.442593251013513], [-66.080362740625, 18.442593251013513], [-66.07994439619141, 18.442751350337836], [-66.07988463222657, 18.442593251013513], [-66.07964557802735, 18.442672300675675], [-66.07952605175782, 18.442118955236488], [-66.07934675986328, 18.442118955236488], [-66.07982486826172, 18.444411391047296], [-66.08006392246094, 18.44417424206081], [-66.08000416015625, 18.443937093074325], [-66.0801236864258, 18.443937093074325], [-66.08018345039063, 18.44417424206081], [-66.08042250458985, 18.44409519239865], [-66.08066155878906, 18.445122838006757], [-66.08084084902345, 18.444964738682433], [-66.08161777558594, 18.445043788344595], [-66.08215564794922, 18.445201885472972], [-66.08209588398438, 18.445676183445947], [-66.08275328427735, 18.445676183445947], [-66.08580122490235, 18.44654572972973], [-66.08592075283204, 18.446624779391893], [-66.08580122490235, 18.447257174493245], [-66.08592075283204, 18.447336224155407], [-66.08604027910157, 18.446624779391893], [-66.08663791542969, 18.44678287652027], [-66.09255450810548, 18.448521966891892], [-66.09249474414062, 18.448759115878378], [-66.09357048886719, 18.44907531452703], [-66.09351072490234, 18.449391513175676], [-66.09363025283204, 18.44915436418919], [-66.09386930703126, 18.44915436418919], [-66.09386930703126, 18.448996264864864], [-66.10241549589844, 18.44915436418919], [-66.10749539804688, 18.44907531452703], [-66.10761492597656, 18.45010295793919], [-66.10833208857423, 18.450419156587838], [-66.10827232460937, 18.450656305574324], [-66.10863090673828, 18.450261057263514], [-66.10904925117188, 18.450182007601352], [-66.10976641376953, 18.45057725591216], [-66.10970664980469, 18.451051553885137], [-66.10863090673828, 18.453264940033783], [-66.10869067070313, 18.45350208902027], [-66.1092883053711, 18.453976386993244], [-66.10946759560548, 18.453976386993244], [-66.11078239453126, 18.451051553885137], [-66.11233624765626, 18.45223729662162], [-66.11066286826173, 18.455952624155405], [-66.11078239453126, 18.45611072347973], [-66.11185813925782, 18.45642692212838], [-66.11347175468751, 18.452790642060812], [-66.11556348017578, 18.453660188344596], [-66.11400962705079, 18.457138366891893], [-66.11436820917969, 18.457612664864865], [-66.11520489804688, 18.457612664864865], [-66.11669898720703, 18.454213533783783], [-66.12219723544922, 18.454608782094596], [-66.12165936308594, 18.448521966891892], [-66.12249605361329, 18.44844291722973], [-66.12303392431642, 18.454687831756758], [-66.12560375820313, 18.454924980743243], [-66.12614163056641, 18.45476688141892], [-66.1259025763672, 18.451367750337837], [-66.12620139453125, 18.451288700675676], [-66.12620139453125, 18.451921097972974], [-66.12661973896485, 18.451842048310812], [-66.12679902919922, 18.454529732432434], [-66.12793453789062, 18.45413448412162], [-66.12787477392578, 18.453660188344596], [-66.12817359208985, 18.453581138682434], [-66.12799430019531, 18.452474445608107], [-66.12859193652345, 18.452316346283784], [-66.12871146279298, 18.45318589037162], [-66.12924933515626, 18.45318589037162], [-66.1293090991211, 18.453660188344596], [-66.1297274435547, 18.45350208902027], [-66.1288907546875, 18.449944858614867], [-66.12901028095703, 18.449865808952705], [-66.12883099072266, 18.44915436418919], [-66.12895051699219, 18.44907531452703], [-66.12907004492187, 18.44907531452703], [-66.12918957119142, 18.449707709628377], [-66.12960791728516, 18.449628659966216], [-66.13032507988282, 18.453581138682434], [-66.13211798720704, 18.452869691722974], [-66.13301444003906, 18.450261057263514], [-66.13319373027345, 18.45010295793919], [-66.13307420400392, 18.447257174493245], [-66.13289491210938, 18.447257174493245], [-66.13289491210938, 18.447020025506756], [-66.13229727744141, 18.447020025506756], [-66.13229727744141, 18.446861926182432], [-66.13289491210938, 18.446861926182432], [-66.13289491210938, 18.44654572972973], [-66.13235704140625, 18.44646668006757], [-66.13289491210938, 18.446387630405404], [-66.13289491210938, 18.446071431756756], [-66.13265585791017, 18.446071431756756], [-66.13289491210938, 18.445992382094595], [-66.13289491210938, 18.444016142736487], [-66.13462805546875, 18.44219800489865], [-66.13498663759766, 18.442988499324326], [-66.135823328125, 18.442988499324326], [-66.13689907119141, 18.445201885472972], [-66.13713812539063, 18.44543903445946], [-66.13755647148437, 18.44543903445946], [-66.13803457988281, 18.445992382094595], [-66.13803457988281, 18.44646668006757], [-66.13851268828125, 18.44781052212838], [-66.13863221455078, 18.449707709628377], [-66.13887126875001, 18.450419156587838], [-66.13869197851562, 18.450656305574324], [-66.13899079667969, 18.452869691722974], [-66.13887126875001, 18.453264940033783], [-66.13905056064453, 18.453343989695945], [-66.13928961484376, 18.45310684070946], [-66.13940914111329, 18.45437163310811], [-66.14042512187501, 18.45516212972973], [-66.14090323027344, 18.455873574493243], [-66.14072394003907, 18.457928863513512], [-66.1408434663086, 18.45903555658784], [-66.1412020484375, 18.45943080489865]], [[-66.15070445410157, 18.47634740625], [-66.15034587363282, 18.47642645591216], [-66.14783580371095, 18.4760312097973], [-66.14729793134767, 18.47634740625], [-66.14676005898438, 18.4753988125], [-66.14628195058594, 18.475240713175676], [-66.14604289638672, 18.474845464864863], [-66.14556478798829, 18.474687367736486], [-66.14550502402345, 18.47445021875], [-66.14496715332032, 18.474529268412162], [-66.14478786142578, 18.474134020101353], [-66.14442928095704, 18.473975920777026], [-66.14430975302734, 18.47373877179054], [-66.14419022675781, 18.473817821452702], [-66.14413046279297, 18.473580672466216], [-66.14401093486329, 18.473659722128378], [-66.14377188066406, 18.473501622804054], [-66.14347306416016, 18.473027327027026], [-66.14299495576172, 18.47271112837838], [-66.14293519179688, 18.472473979391893], [-66.14257660966797, 18.472473979391893], [-66.14245708339844, 18.47279017804054], [-66.1416203928711, 18.472236830405407], [-66.14150086660156, 18.47231588006757], [-66.1412020484375, 18.471920631756756], [-66.1408434663086, 18.471999681418918], [-66.14012630371094, 18.471525385641893], [-66.13976772324219, 18.471525385641893], [-66.13875174248048, 18.470497740033785], [-66.13857245058594, 18.470576789695947], [-66.1382138701172, 18.470339640709458], [-66.1377955256836, 18.470497740033785], [-66.13713812539063, 18.470260593243243], [-66.13660025302735, 18.470260593243243], [-66.13606238232423, 18.469865344932433], [-66.1350464015625, 18.46970724560811], [-66.13474758339844, 18.46947009662162], [-66.13397065683594, 18.46947009662162], [-66.13301444003906, 18.469153897972973], [-66.13247656767578, 18.469153897972973], [-66.13235704140625, 18.46970724560811], [-66.1320582232422, 18.46970724560811], [-66.13158011484376, 18.469311997297297], [-66.13104224248048, 18.469311997297297], [-66.13098247851563, 18.46907484831081], [-66.1307434243164, 18.469153897972973], [-66.13068366035156, 18.46899579864865], [-66.13014578964844, 18.46899579864865], [-66.12984697148438, 18.468679602195945], [-66.12954815332031, 18.46875865185811], [-66.12954815332031, 18.468600552533783], [-66.12936886308594, 18.46875865185811], [-66.1293090991211, 18.46852150287162], [-66.12895051699219, 18.46852150287162], [-66.12877122675782, 18.468284353885135], [-66.12781500996094, 18.468205304222973], [-66.1277552459961, 18.46804720489865], [-66.12751619179689, 18.46804720489865], [-66.12757595576173, 18.46773100625], [-66.12739666552734, 18.467651956587837], [-66.12667950292969, 18.467493857263513], [-66.12596234033204, 18.467493857263513], [-66.1259025763672, 18.467651956587837], [-66.12566352216797, 18.467651956587837], [-66.12560375820313, 18.46741480760135], [-66.12494635957032, 18.46741480760135], [-66.12512564980469, 18.46733575793919], [-66.12512564980469, 18.46709861114865], [-66.12440848720703, 18.46709861114865], [-66.12399014277344, 18.46733575793919], [-66.12387061484375, 18.467256710472974], [-66.12387061484375, 18.46741480760135], [-66.12375108857422, 18.467256710472974], [-66.12309368828126, 18.467572906925675], [-66.12297416201173, 18.46709861114865], [-66.12285463408203, 18.466940511824326], [-66.12255581591798, 18.466940511824326], [-66.12255581591798, 18.4667824125], [-66.12231676171875, 18.4667824125], [-66.12225699941406, 18.467019561486488], [-66.12183865332032, 18.466940511824326], [-66.12171912705078, 18.467177660810812], [-66.12130078095704, 18.467256710472974], [-66.1211812546875, 18.467493857263513], [-66.12070314628907, 18.467493857263513], [-66.12076291025392, 18.46773100625], [-66.12058361835938, 18.46804720489865], [-66.12034456416016, 18.467889105574326], [-66.12022503789063, 18.467968155236488], [-66.12016527392579, 18.467810055912164], [-66.12004574765625, 18.467889105574326], [-66.11980669179688, 18.467572906925675], [-66.11902976689454, 18.467651956587837], [-66.118850475, 18.467810055912164], [-66.118850475, 18.46812625456081], [-66.11861142080079, 18.467968155236488], [-66.11819307636719, 18.46812625456081], [-66.11795402216798, 18.46773100625], [-66.11729662353517, 18.46773100625], [-66.1169978053711, 18.467889105574326], [-66.1165794609375, 18.467651956587837], [-66.1165794609375, 18.4667824125], [-66.11675875117189, 18.466624313175675], [-66.11628064277345, 18.466545263513513], [-66.1165794609375, 18.46638716418919], [-66.1165794609375, 18.466070965540542], [-66.11634040673829, 18.465754769087837], [-66.11604158857422, 18.465754769087837], [-66.115802534375, 18.46599191587838], [-66.11574277041017, 18.466150015202704], [-66.11598182460938, 18.466545263513513], [-66.11556348017578, 18.466545263513513], [-66.1154439522461, 18.46646621385135], [-66.11562324248047, 18.466150015202704], [-66.11556348017578, 18.465912866216215], [-66.11490607988281, 18.465596669763514], [-66.11430844521485, 18.465596669763514], [-66.11377057285156, 18.465280471114866], [-66.11329246445312, 18.465280471114866], [-66.11257530185547, 18.465596669763514], [-66.11120073896485, 18.465517620101352], [-66.11090192246094, 18.465359520777028], [-66.1099457040039, 18.465517620101352], [-66.10952735957032, 18.46543857043919], [-66.10934806933594, 18.465596669763514], [-66.10821256064453, 18.46543857043919], [-66.10797350644532, 18.465201421452704], [-66.10755516201172, 18.465122371790542], [-66.10737587177735, 18.465517620101352], [-66.10713681757812, 18.465517620101352], [-66.10707705361328, 18.465280471114866], [-66.10725634384767, 18.465043322128377], [-66.10713681757812, 18.46472712347973], [-66.10635989101563, 18.464331877364867], [-66.10516462001954, 18.46330423175676], [-66.10450721972657, 18.46314613243243], [-66.10367053085938, 18.462276588344594], [-66.10133975117188, 18.461327994594594], [-66.10086164277344, 18.461486091722975], [-66.10074211650391, 18.46116989527027], [-66.10002495390626, 18.46116989527027], [-66.0989492091797, 18.460853696621623], [-66.09757464794923, 18.460932746283785], [-66.09733559375, 18.46077464695946], [-66.09608055878907, 18.460932746283785], [-66.09566221269532, 18.46116989527027], [-66.09404859726563, 18.461248944932432], [-66.09380954306641, 18.461486091722975], [-66.09380954306641, 18.461881340033784], [-66.09374977910157, 18.46172324070946], [-66.09309238046876, 18.46172324070946], [-66.0923752178711, 18.461960389695946], [-66.09225568994141, 18.46219753868243], [-66.09147876337892, 18.462355638006755], [-66.0900444381836, 18.462355638006755], [-66.08980538398438, 18.46275088631757], [-66.0892675116211, 18.46275088631757], [-66.0884905850586, 18.462434687668917], [-66.08783318642578, 18.462434687668917], [-66.0877136584961, 18.462592786993245], [-66.0872953140625, 18.462513737331083], [-66.08633909726564, 18.46306708277027], [-66.0857414609375, 18.463936629054054], [-66.08472548183595, 18.464015678716216], [-66.08335091894531, 18.464489974493244], [-66.08281304658203, 18.464964272466215], [-66.0826935203125, 18.465359520777028], [-66.08251423007813, 18.465280471114866], [-66.08251423007813, 18.465517620101352], [-66.08215564794922, 18.465359520777028], [-66.08197635771485, 18.465675719425676], [-66.08072132275392, 18.465359520777028], [-66.08018345039063, 18.46543857043919], [-66.0801236864258, 18.465280471114866], [-66.07976510595704, 18.465280471114866], [-66.07940652382813, 18.464964272466215], [-66.07874912519532, 18.464964272466215], [-66.07862959726563, 18.464569024155406], [-66.0785100709961, 18.464648073817568], [-66.07809172490235, 18.4642528277027], [-66.07761361650391, 18.464331877364867], [-66.07749409023438, 18.46417377804054], [-66.07761361650391, 18.46385757939189], [-66.07731480000001, 18.46314613243243], [-66.07719527207031, 18.46330423175676], [-66.0769562178711, 18.463225182094593], [-66.0769562178711, 18.462908983445946], [-66.07665739970703, 18.462513737331083], [-66.07665739970703, 18.461802290371622], [-66.07671716367187, 18.46211848902027], [-66.07719527207031, 18.461802290371622], [-66.07731480000001, 18.461881340033784], [-66.07725503603515, 18.462039439358108], [-66.07743432626954, 18.46211848902027], [-66.07743432626954, 18.462434687668917], [-66.0777331444336, 18.46282993597973], [-66.07874912519532, 18.462908983445946], [-66.07904794335938, 18.46275088631757], [-66.07922723359376, 18.462434687668917], [-66.07922723359376, 18.461327994594594], [-66.07934675986328, 18.46116989527027], [-66.07904794335938, 18.4600632], [-66.07934675986328, 18.45950985456081], [-66.14132157470704, 18.45950985456081], [-66.14263637363281, 18.46053749797297], [-66.14347306416016, 18.46077464695946], [-66.1439511725586, 18.46077464695946], [-66.14442928095704, 18.460379398648648], [-66.14520620751954, 18.460379398648648], [-66.14544526171875, 18.46053749797297], [-66.14592337011719, 18.46116989527027], [-66.14562455195313, 18.461960389695946], [-66.14562455195313, 18.46275088631757], [-66.14741745927735, 18.465675719425676], [-66.14771627578125, 18.465754769087837], [-66.14891154843751, 18.465043322128377], [-66.14950918310548, 18.465359520777028], [-66.14968847333985, 18.46599191587838], [-66.14956894707032, 18.46686146216216], [-66.15040563759766, 18.468363403547297], [-66.15076421806641, 18.469628195945948], [-66.15046539990234, 18.47144633597973], [-66.15106303623047, 18.47492451452703], [-66.15106303623047, 18.4760312097973], [-66.15070445410157, 18.47634740625]], [[-66.11108121269531, 18.48931153327703], [-66.10498532978517, 18.48338281739865], [-66.10337171269532, 18.481564677364865], [-66.10283384033204, 18.48069513108108], [-66.0993077913086, 18.48101132972973], [-66.09602079482423, 18.480537033952704], [-66.09554268642579, 18.48061608141892], [-66.09494505009766, 18.48109037939189], [-66.09446694169922, 18.481880876013513], [-66.09363025283204, 18.48441046081081], [-66.09321190673829, 18.485121905574324], [-66.09285332626953, 18.485200955236486], [-66.0923752178711, 18.48504285810811], [-66.09147876337892, 18.48369901385135], [-66.09094089101563, 18.48306661875], [-66.08998467421875, 18.48235517179054], [-66.08717578779297, 18.478876993243244], [-66.08580122490235, 18.477691248310812], [-66.08263375634766, 18.475635961486486], [-66.08173730351562, 18.475161663513514], [-66.07767338046875, 18.473896871114864], [-66.0746254381836, 18.471841582094594], [-66.07307158671875, 18.47113013733108], [-66.07205560595703, 18.470892988344595], [-66.0700236444336, 18.471999681418918], [-66.06912719160157, 18.47215778074324], [-66.06852955527344, 18.471999681418918], [-66.06775262871095, 18.47144633597973], [-66.06673664794923, 18.470023444256757], [-66.06584019511719, 18.46773100625], [-66.06500350458985, 18.466545263513513], [-66.0642265796875, 18.46599191587838], [-66.063449653125, 18.465912866216215], [-66.06279225283204, 18.466070965540542], [-66.0623141444336, 18.466545263513513], [-66.06052123876954, 18.45737551587838], [-66.05902714960938, 18.447573373141893], [-66.05765258671876, 18.44788957179054], [-66.05813069511719, 18.451051553885137], [-66.04856852548829, 18.45057725591216], [-66.04085902548829, 18.449944858614867], [-66.03984304472657, 18.4495496125], [-66.03757203066407, 18.44583428277027], [-66.03458385234376, 18.443462797297297], [-66.03177496425782, 18.43887792347973], [-66.02777080517579, 18.442988499324326], [-66.028009859375, 18.44417424206081], [-66.023408065625, 18.446387630405404], [-66.02370688378906, 18.447099075168918], [-66.02376664775392, 18.44915436418919], [-66.0230494834961, 18.45002390827703], [-66.02215303066407, 18.450656305574324], [-66.02197374042969, 18.45152584966216], [-66.02251161279297, 18.453343989695945], [-66.01563880166016, 18.450340106925676], [-66.01324825966798, 18.4495496125], [-66.01163464423828, 18.449391513175676], [-66.01020031738281, 18.44947056283784], [-66.00308845371094, 18.452553493074326], [-66.0026103453125, 18.451130601351352], [-66.00207247294922, 18.450182007601352], [-66.00016003935548, 18.447652422804055], [-65.99239077705079, 18.44077511097973], [-65.99065763369141, 18.438640774493244], [-65.99065763369141, 18.43848267516892], [-65.99095645019531, 18.43895697314189], [-65.99370557431641, 18.441802756587837], [-65.99926358652344, 18.41492591097973], [-65.99986122119141, 18.41294967162162], [-66.00213223691406, 18.407020955743246], [-66.0026103453125, 18.40496566891892], [-66.00500088896484, 18.39864170472973], [-66.00529970546876, 18.39698166402027], [-66.00529970546876, 18.393108237162163], [-66.00488136103516, 18.38306894543919], [-66.0053594694336, 18.376586881925675], [-66.0057778138672, 18.376665931587837], [-66.0061363959961, 18.372792502533784], [-66.00733166699219, 18.372950601858108], [-66.00775001142578, 18.37326680050676], [-66.00972220898439, 18.373582999155406], [-66.00984173691407, 18.37374109847973], [-66.00930386455079, 18.379906963344595], [-66.01008079111328, 18.38006506266892], [-66.01031984531251, 18.37966981435811], [-66.01282991523438, 18.379827913682433], [-66.01336778759766, 18.378721218412164], [-66.0138458959961, 18.378563121283786], [-66.01808910761719, 18.379590764695948], [-66.01826839951173, 18.379511715033786], [-66.01862697998047, 18.38006506266892], [-66.02036012333984, 18.38109270608108], [-66.0241849921875, 18.382831796452702], [-66.02555955341798, 18.382989895777026], [-66.02627671601563, 18.382989895777026], [-66.02633647998047, 18.382831796452702], [-66.02627671601563, 18.382989895777026], [-66.02765127890625, 18.38306894543919], [-66.02950394853517, 18.382910846114864], [-66.02950394853517, 18.38164605152027], [-66.03183472822266, 18.38227844881757], [-66.04313004121094, 18.380460308783785], [-66.04408625800782, 18.380460308783785], [-66.04569987509765, 18.380934606756757], [-66.04671585585938, 18.38164605152027], [-66.04761230869141, 18.38267369712838], [-66.04910639785157, 18.385598530236486], [-66.0543058279297, 18.386072826013514], [-66.05460464609375, 18.386309975], [-66.05424606396485, 18.377772624662164], [-66.05257268457032, 18.367100935641893], [-66.05263244853516, 18.365519944594595], [-66.05293126503906, 18.364413251520272], [-66.05394724580079, 18.362911310135136], [-66.05388748183594, 18.36259511148649], [-66.06028218457031, 18.35777309087838], [-66.0642265796875, 18.354373959797297], [-66.07307158671875, 18.35405776114865], [-66.07402780351563, 18.352002474324326], [-66.0751035482422, 18.348287144594597], [-66.07552189267578, 18.34741760050676], [-66.0761792913086, 18.34678520320946], [-66.07689645390626, 18.34638995489865], [-66.07731480000001, 18.3457575597973], [-66.07731480000001, 18.34504611283784], [-66.07659763740234, 18.342832726689192], [-66.07641834550782, 18.341409834966218], [-66.07600000107422, 18.340619338344595], [-66.07982486826172, 18.332793434966216], [-66.08215564794922, 18.33469062246622], [-66.08293257451173, 18.33508587077703], [-66.08364973710938, 18.33516492043919], [-66.08436689970704, 18.335006821114867], [-66.0846657178711, 18.338010703885136], [-66.08472548183595, 18.34409751908784], [-66.08442666367188, 18.347812846621622], [-66.08341068291016, 18.352872018412164], [-66.08382902734375, 18.352792968750002], [-66.08610004306641, 18.35310916739865], [-66.09070183681641, 18.35508540456081], [-66.09249474414062, 18.35619209983108], [-66.09392906933594, 18.357694041216217], [-66.10247525986328, 18.36512469847973], [-66.10624036308594, 18.370183868074324], [-66.10833208857423, 18.367575233614865], [-66.10934806933594, 18.36694283631757], [-66.11120073896485, 18.374452543243244], [-66.11394986308595, 18.372871552195946], [-66.11640016904298, 18.37073721570946], [-66.11705756933594, 18.37168580945946], [-66.11837236660156, 18.374136346790543], [-66.12136054492188, 18.38567757989865], [-66.11663922324219, 18.391527246114865], [-66.11574277041017, 18.39223869087838], [-66.11681851513673, 18.39603307027027], [-66.11753567773438, 18.395400672972972], [-66.11932858339844, 18.39563782195946], [-66.1208226725586, 18.393108237162163], [-66.12231676171875, 18.39437302956081], [-66.12333274248047, 18.39271298885135], [-66.12966768125001, 18.398799804054054], [-66.12673926523438, 18.40425422195946], [-66.12865170048829, 18.405360915033786], [-66.12871146279298, 18.405756163344595], [-66.13014578964844, 18.408127651013515], [-66.13080318828125, 18.40860194679054], [-66.13277538583985, 18.408997195101353], [-66.13450852919922, 18.4102619875], [-66.13522569179688, 18.410499136486486], [-66.13636119882813, 18.410499136486486], [-66.13875174248048, 18.409155294425677], [-66.13881150644532, 18.410103888175676], [-66.1382138701172, 18.411684879222975], [-66.13881150644532, 18.413661118581082], [-66.13857245058594, 18.41492591097973], [-66.13636119882813, 18.418404091722973], [-66.13516592783203, 18.419668884121624], [-66.13498663759766, 18.42022222956081], [-66.13498663759766, 18.42093367652027], [-66.13534521972657, 18.42251466756757], [-66.13654049072267, 18.42591379864865], [-66.13833339638673, 18.428996728885135], [-66.15357310615235, 18.450814404898647], [-66.15411097851563, 18.451288700675676], [-66.1554855397461, 18.452000147635136], [-66.15542577578125, 18.45215824695946], [-66.15506719531251, 18.452079197297298], [-66.15500743134766, 18.451842048310812], [-66.1547086131836, 18.451683948986485], [-66.15464884921876, 18.452000147635136], [-66.15458908691407, 18.451683948986485], [-66.15446955898437, 18.451683948986485], [-66.15423050478516, 18.45215824695946], [-66.15405121455079, 18.45215824695946], [-66.15381216035156, 18.45271159239865], [-66.15333405195312, 18.45547832837838], [-66.15309499775391, 18.455399278716218], [-66.15363286845704, 18.45271159239865], [-66.15357310615235, 18.452395395945945], [-66.15327428798828, 18.452316346283784], [-66.1531547600586, 18.452079197297298], [-66.1528559435547, 18.45223729662162], [-66.15297546982423, 18.452474445608107], [-66.15082398203126, 18.454292583445945], [-66.1177747319336, 18.481248478716218], [-66.11735638583986, 18.48140657804054], [-66.11735638583986, 18.48109037939189], [-66.11771496796875, 18.480853230405405], [-66.11771496796875, 18.48069513108108], [-66.11729662353517, 18.479904636655405], [-66.11705756933594, 18.479904636655405], [-66.11663922324219, 18.480220835304053], [-66.11628064277345, 18.480220835304053], [-66.11616111484375, 18.48006273597973], [-66.115802534375, 18.480457984290542], [-66.11556348017578, 18.480457984290542], [-66.11532442597657, 18.480853230405405], [-66.11406939101563, 18.481485627702703], [-66.11400962705079, 18.482118022804055], [-66.11377057285156, 18.482434221452703], [-66.1135912826172, 18.48235517179054], [-66.11317293652344, 18.482592320777027], [-66.11287412001954, 18.483303767736487], [-66.11245577392579, 18.483303767736487], [-66.1128143560547, 18.483778063513512], [-66.112694828125, 18.484568560135134], [-66.11233624765626, 18.484647609797296], [-66.11179837529298, 18.485438104222972], [-66.11138003085938, 18.485596203547296], [-66.11132026689454, 18.485833352533785], [-66.11108121269531, 18.485833352533785], [-66.11114097666017, 18.486386700168918], [-66.11078239453126, 18.486228600844594], [-66.11060310429689, 18.48646574983108], [-66.11102144873047, 18.488600086317568], [-66.11132026689454, 18.489232483614863], [-66.11108121269531, 18.48931153327703]], [[-66.06500350458985, 18.484647609797296], [-66.06201532792969, 18.481485627702703], [-66.06093958320312, 18.479904636655405], [-66.05723424228516, 18.475952160135137], [-66.0558596810547, 18.475082613851352], [-66.05514251679688, 18.47437116908784], [-66.05209457617188, 18.472632078716217], [-66.04862828945313, 18.470972038006757], [-66.04635727373048, 18.47113013733108], [-66.04313004121094, 18.47105108766892], [-66.0430702772461, 18.470339640709458], [-66.0426519328125, 18.469311997297297], [-66.0426519328125, 18.46875865185811], [-66.04175547998047, 18.467889105574326], [-66.04085902548829, 18.466070965540542], [-66.04002233662109, 18.465201421452704], [-66.03978328242188, 18.464410924831082], [-66.03876730166016, 18.46314613243243], [-66.03775132089844, 18.461486091722975], [-66.03697439433594, 18.461011795945947], [-66.03673534013673, 18.4606955972973], [-66.03458385234376, 18.45982605320946], [-66.03249212685547, 18.45808696283784], [-66.03195425449219, 18.45745456554054], [-66.03046016533203, 18.456664071114865], [-66.02902584013673, 18.455399278716218], [-66.0277110428711, 18.454924980743243], [-66.02705364257812, 18.454924980743243], [-66.02621695371094, 18.45437163310811], [-66.02442404638673, 18.45389733733108], [-66.02233232089844, 18.452790642060812], [-66.01533998515626, 18.448284817905407], [-66.0138458959961, 18.44741527381757], [-66.01169440654297, 18.446624779391893], [-66.01127606210937, 18.44622953108108], [-66.01085771767579, 18.445676183445947], [-66.01043937158204, 18.443383747635135], [-66.01014055507812, 18.4428304], [-66.00894528408203, 18.43816647652027], [-66.00840741171875, 18.426309044763514], [-66.00816835751954, 18.42512330202703], [-66.00828788378907, 18.424728053716215], [-66.00882575615235, 18.42449090472973], [-66.0099612631836, 18.424332807601353], [-66.0106784274414, 18.423384211655407], [-66.01115653583985, 18.423226112331083], [-66.01199322470704, 18.423384211655407], [-66.01342754990235, 18.42251466756757], [-66.01737194501953, 18.421645121283785], [-66.01826839951173, 18.421170825506756], [-66.01862697998047, 18.420064130236486], [-66.01868674394532, 18.418562191047297], [-66.01934414257813, 18.41792979375], [-66.01982225097656, 18.41792979375], [-66.02095775966798, 18.4188783875], [-66.0214358680664, 18.418720288175678], [-66.0226311390625, 18.416744051013513], [-66.02292995722657, 18.41658595168919], [-66.023408065625, 18.416823100675675], [-66.02376664775392, 18.41785074408784], [-66.02406546425782, 18.418087893074325], [-66.02436428242189, 18.41761359510135], [-66.02412522822266, 18.416111653716218], [-66.02436428242189, 18.415400208952704], [-66.02490215478517, 18.415321159290542], [-66.02520097294922, 18.415479258614866], [-66.0261571897461, 18.41658595168919], [-66.0269341163086, 18.41713929712838], [-66.02765127890625, 18.41721834679054], [-66.02789033310547, 18.416823100675675], [-66.02812938730469, 18.41516305996622], [-66.02795009707032, 18.413423969594596], [-66.02854773173829, 18.412159177195946], [-66.02866725966797, 18.410341037162162], [-66.02860749570313, 18.407020955743246], [-66.02836844150391, 18.40551901435811], [-66.02836844150391, 18.40425422195946], [-66.02872702197266, 18.40196178614865], [-66.02818915126953, 18.399195052364867], [-66.02818915126953, 18.39769311097973], [-66.02777080517579, 18.397376912331083], [-66.02765127890625, 18.39698166402027], [-66.02777080517579, 18.394135880574325], [-66.02663529814454, 18.39176439510135], [-66.02520097294922, 18.39010435439189], [-66.02436428242189, 18.388365264020273], [-66.02406546425782, 18.386863322635136], [-66.02316901142578, 18.384808033614867], [-66.0230494834961, 18.384175638513515], [-66.02316901142578, 18.383622290878378], [-66.02292995722657, 18.38330609222973], [-66.02161515830079, 18.38267369712838], [-66.02137610410156, 18.382199399155407], [-66.02364711982422, 18.38164605152027], [-66.02466310058594, 18.380934606756757], [-66.02549978945314, 18.380776507432433], [-66.02789033310547, 18.379827913682433], [-66.02962347646485, 18.37966981435811], [-66.03099803769531, 18.37974886402027], [-66.0318944921875, 18.379590764695948], [-66.03243236289063, 18.379274566047297], [-66.03422527021485, 18.379195516385135], [-66.03446432441406, 18.378800268074325], [-66.03554006914062, 18.378721218412164], [-66.03601817753906, 18.378800268074325], [-66.0369146303711, 18.379986013006757], [-66.03816966533203, 18.380776507432433], [-66.03888682792969, 18.380934606756757], [-66.03960399052735, 18.379986013006757], [-66.04014186289064, 18.379986013006757], [-66.04091878945313, 18.38069745777027], [-66.0422933506836, 18.381250805405408], [-66.04277146074219, 18.38164605152027], [-66.04313004121094, 18.382041299831084], [-66.04360814960938, 18.383147992905407], [-66.04432531220704, 18.383622290878378], [-66.04474365830079, 18.383464191554054], [-66.04534129296876, 18.38235749847973], [-66.04653656396485, 18.381725101182433], [-66.0458194013672, 18.37903741706081], [-66.04743301845704, 18.37895836739865], [-66.04844899921875, 18.37935361570946], [-66.0492259241211, 18.379432665371624], [-66.05018214257812, 18.378246922635135], [-66.05072001328125, 18.37800977364865], [-66.05269221083985, 18.37800977364865], [-66.06518279648438, 18.381171755743242], [-66.06560114091798, 18.380855557094595], [-66.07187631572266, 18.372476306081083], [-66.07719527207031, 18.36567804391892], [-66.07821125283203, 18.36472945016892], [-66.07856983496094, 18.36409705287162], [-66.07946628779297, 18.360935072972975], [-66.08030297832032, 18.359354081925677], [-66.08060179482422, 18.358958833614867], [-66.0812591951172, 18.358563585304054], [-66.08191659375001, 18.357535941891893], [-66.08281304658203, 18.35745689222973], [-66.08287281054687, 18.35642924881757], [-66.08263375634766, 18.355638752195947], [-66.08305210078126, 18.354373959797297], [-66.0826935203125, 18.353899661824325], [-66.08281304658203, 18.352239621114865], [-66.08233493818359, 18.351844375], [-66.08203612001954, 18.351923424662164], [-66.08215564794922, 18.351132928040542], [-66.08173730351562, 18.348682392905406], [-66.08191659375001, 18.347575699831083], [-66.08173730351562, 18.346548054222975], [-66.08209588398438, 18.344255618412163], [-66.08167753955078, 18.341884130743246], [-66.08131895742189, 18.340935536993243], [-66.08060179482422, 18.33982884391892], [-66.08048226855469, 18.339196446621624], [-66.08060179482422, 18.33848500185811], [-66.08149824931641, 18.336983060472974], [-66.08167753955078, 18.336034464527028], [-66.08185682978517, 18.334295376351353], [-66.08167753955078, 18.332319136993245], [-66.0826935203125, 18.332714385304055], [-66.08161777558594, 18.337931654222974], [-66.0815580116211, 18.338089753547298], [-66.08107990322266, 18.337931654222974], [-66.08078108671876, 18.33943359560811], [-66.08137872138673, 18.339512645270272], [-66.08137872138673, 18.338643101182434], [-66.08257399238282, 18.338722150844596], [-66.08323139267578, 18.336666861824327], [-66.0842473734375, 18.336904010810812], [-66.08478524414063, 18.335243970101352], [-66.08627933330078, 18.33611351418919], [-66.08663791542969, 18.33611351418919], [-66.08807224062501, 18.33674591148649], [-66.08866987695313, 18.338564051520272], [-66.08992491191407, 18.340619338344595], [-66.09052254658204, 18.340935536993243], [-66.09171781757813, 18.341172685979732], [-66.09416812353516, 18.34204223006757], [-66.09440717773438, 18.34346512179054], [-66.09428765146485, 18.345441361148648], [-66.09978589970703, 18.34583660945946], [-66.10552320048829, 18.342911776351354], [-66.10552320048829, 18.343544171452702], [-66.10498532978517, 18.3457575597973], [-66.10528414628907, 18.347575699831083], [-66.10480603789063, 18.349156688682434], [-66.10432792949219, 18.34978908597973], [-66.10516462001954, 18.351370077027028], [-66.1046865116211, 18.35271391908784], [-66.10283384033204, 18.353425366047297], [-66.10056282460938, 18.356034000506757], [-66.10187762353516, 18.358721684628378], [-66.10247525986328, 18.359512179054054], [-66.10229596796876, 18.36259511148649], [-66.10331194873048, 18.364176102533786], [-66.10325218642579, 18.36575709358108], [-66.10367053085938, 18.36694283631757], [-66.1039095850586, 18.369156224662163], [-66.10420840322266, 18.369867669425677], [-66.10486580185547, 18.37073721570946], [-66.1054634381836, 18.372871552195946], [-66.10486580185547, 18.373978247466216], [-66.10289360429688, 18.372555355743245], [-66.10229596796876, 18.373820148141892], [-66.10253502216797, 18.37476874189189], [-66.10253502216797, 18.375163990202704], [-66.10229596796876, 18.375559238513514], [-66.10145927910156, 18.375717337837838], [-66.10133975117188, 18.375480188851352], [-66.09781370214844, 18.37903741706081], [-66.09518410429688, 18.379986013006757], [-66.09470599589844, 18.379906963344595], [-66.09470599589844, 18.380776507432433], [-66.09404859726563, 18.381962250168918], [-66.0943474154297, 18.387337620608108], [-66.09847110078125, 18.38567757989865], [-66.10181785957032, 18.388839561993244], [-66.11108121269531, 18.387732866722974], [-66.11120073896485, 18.388286214358107], [-66.11096168476563, 18.388760512331082], [-66.11072263056641, 18.390183404054056], [-66.11078239453126, 18.391052948141894], [-66.1112605029297, 18.391606295777027], [-66.11143979316407, 18.392080591554056], [-66.11257530185547, 18.402277984797298], [-66.11245577392579, 18.40330562820946], [-66.11143979316407, 18.40630951097973], [-66.11149955712891, 18.407100005405407], [-66.11167884736328, 18.407732402702703], [-66.11287412001954, 18.409629592398648], [-66.11460726337891, 18.413186820608107], [-66.11532442597657, 18.413740168243244], [-66.115802534375, 18.415558308277028], [-66.11574277041017, 18.416111653716218], [-66.11604158857422, 18.416506902027027], [-66.1165794609375, 18.41587450472973], [-66.11747591376954, 18.41524210962838], [-66.11771496796875, 18.415637355743243], [-66.11681851513673, 18.4169812], [-66.11651969697266, 18.418404091722973], [-66.11651969697266, 18.419352685472973], [-66.11693804140626, 18.422830866216216], [-66.11789425820314, 18.42781098614865], [-66.11831260429688, 18.436111189695946], [-66.11687827744142, 18.4357949910473], [-66.11347175468751, 18.43555784206081], [-66.11215695576172, 18.43294920760135], [-66.11138003085938, 18.43207966131757], [-66.11054334033204, 18.431447266216217], [-66.1092883053711, 18.431052017905404], [-66.10857114277344, 18.430972968243243], [-66.09835157285157, 18.432633008952703], [-66.09631961298828, 18.432000611655408], [-66.09631961298828, 18.43318635658784], [-66.09351072490234, 18.43326540625], [-66.09357048886719, 18.433107306925677], [-66.09351072490234, 18.43326540625], [-66.09291308857422, 18.43326540625], [-66.09171781757813, 18.433107306925677], [-66.08914798535157, 18.432000611655408], [-66.08681720566406, 18.430656769594595], [-66.0865183875, 18.430182473817567], [-66.08639886123048, 18.43026152347973], [-66.08245446611329, 18.429312927533783], [-66.08221541191406, 18.42947102685811], [-66.08173730351562, 18.43049867027027], [-66.07952605175782, 18.43034057314189], [-66.07934675986328, 18.430656769594595], [-66.07868936123047, 18.430577719932433], [-66.07916746962891, 18.42512330202703], [-66.07898817939454, 18.424965202702705], [-66.07731480000001, 18.424728053716215], [-66.0769562178711, 18.42449090472973], [-66.07588047314454, 18.42425375793919], [-66.07558165664064, 18.427731936486488], [-66.07522307451173, 18.427652886824326], [-66.07480473007813, 18.43326540625], [-66.07516331054688, 18.442039905574326], [-66.07516331054688, 18.44543903445946], [-66.0749840203125, 18.446624779391893], [-66.07277276855469, 18.452395395945945], [-66.07223489619142, 18.454608782094596], [-66.06990411816406, 18.46116989527027], [-66.06500350458985, 18.484647609797296]], [[-66.12258019746622, 18.458648123339845], [-66.11275897871622, 18.45549475878906], [-66.11120825996622, 18.456363076269533], [-66.11089811621622, 18.456363076269533], [-66.10883049121621, 18.455723264257813], [-66.10655610371622, 18.45704859013672], [-66.10376481283784, 18.456911488378907], [-66.10262761908784, 18.45723139501953], [-66.10097351908783, 18.455266254589844], [-66.10242085658784, 18.45490064736328], [-66.10965754121622, 18.451884385839843], [-66.10490200658784, 18.445714761035156], [-66.10200733158784, 18.444115229101563], [-66.09818222533784, 18.44521205078125], [-66.09394359408783, 18.446034667675782], [-66.09104891908784, 18.442150088671877], [-66.08949820033784, 18.4424699953125], [-66.08629338158784, 18.443841023046875], [-66.08040065033784, 18.44123607060547], [-66.06489346283783, 18.4365745765625], [-66.06230893158784, 18.436026164453125], [-66.05579591283784, 18.435066445800782], [-66.05083361283783, 18.43483794033203], [-66.05238433158783, 18.432232987890625], [-66.05279785658783, 18.430313549316406], [-66.05290123783783, 18.428896820996094], [-66.05279785658783, 18.427480091406252], [-66.05228095033783, 18.42560635341797], [-66.05010994408784, 18.42560635341797], [-66.04886936908784, 18.425423549804687], [-66.04535440658783, 18.424463831152345], [-66.03925491283783, 18.42848551191406], [-66.03997858158783, 18.428896820996094], [-66.04018534408783, 18.42962803544922], [-66.04142591908784, 18.430770558984374], [-66.04142591908784, 18.431136166210937], [-66.04070225033783, 18.4315017734375], [-66.03853124408784, 18.432004483691408], [-66.03791095658784, 18.432461493359376], [-66.03625685658784, 18.434426632519532], [-66.03470613783783, 18.43547775361328], [-66.02105981283783, 18.435614856640626], [-66.01485693783783, 18.4373971921875], [-66.00503571908784, 18.43991074345703], [-66.00441543158783, 18.43981934228516], [-66.00214104408784, 18.44055055673828], [-66.00162413783784, 18.440322052539063], [-66.00152075658784, 18.43977364042969], [-66.00079708783784, 18.438905322949218], [-65.99955651283784, 18.438585416308594], [-65.99655845658783, 18.436483174121093], [-65.99438745033784, 18.43534065058594], [-65.99407730658784, 18.434975043359376], [-65.99397392533784, 18.434518034960938], [-65.99418068783784, 18.434198128320315], [-65.99573140658784, 18.432735698144533], [-65.99604155033784, 18.432095884863283], [-65.99397392533784, 18.426063363085937], [-65.99283673158783, 18.425423549804687], [-65.99283673158783, 18.42519504560547], [-65.99262996908783, 18.42501224199219], [-65.99345701908784, 18.42377831728516], [-65.99325025658784, 18.423458410644532], [-65.97691601908784, 18.424098223925782], [-65.97091990945945, 18.422270186523438], [-65.96357984070946, 18.423229906445314], [-65.96306293445946, 18.420030841308595], [-65.96420012820946, 18.419391028027345], [-65.96420012820946, 18.4188426171875], [-65.96513055945945, 18.418888317773437], [-65.96978271570946, 18.418339906933596], [-65.97598558783784, 18.416237664746095], [-65.97774306908784, 18.41628336533203], [-65.97815659408784, 18.416009159277344], [-65.97815659408784, 18.415780655078127], [-65.97763968783784, 18.415232244238283], [-65.97877688158783, 18.414501028515627], [-65.98229184408784, 18.415323645410158], [-65.98342903783784, 18.41468383339844], [-65.98229184408784, 18.41340420683594], [-65.98084450658783, 18.41276439355469], [-65.98053436283783, 18.41235308574219], [-65.98001745658783, 18.410982058007814], [-65.97950055033783, 18.41043364716797], [-65.97960393158783, 18.410022338085938], [-65.97950055033783, 18.409519627832033], [-65.97774306908784, 18.40855990917969], [-65.97805321283784, 18.406777572363282], [-65.97701940033784, 18.406274862109377], [-65.97464163158783, 18.40467533017578], [-65.97867350033783, 18.403121498828124], [-65.98198170033784, 18.402710189746095], [-65.98280875033784, 18.401933274707034], [-65.98125803158784, 18.400973554785157], [-65.98218846283784, 18.400607947558594], [-65.98208508158784, 18.400562246972658], [-65.98301551283784, 18.39964822890625], [-65.98249860658784, 18.39859710654297], [-65.98353241908784, 18.397271780664063], [-65.98342903783784, 18.39686047158203], [-65.97329767533783, 18.39859710654297], [-65.96668127820946, 18.398505705371093], [-65.96657789695946, 18.398460004785157], [-65.96699142195946, 18.39498673359375], [-65.96730156570946, 18.394621126367188], [-65.96843875945946, 18.394118416113283], [-65.96740494695946, 18.393615705859375], [-65.96781847195946, 18.393341501074218], [-65.96792185320946, 18.39306729501953], [-65.96781847195946, 18.39288449140625], [-65.96699142195946, 18.392610285351562], [-65.96699142195946, 18.392381781152345], [-65.96668127820946, 18.392153276953128], [-65.96564746570945, 18.392061874511718], [-65.96544070320945, 18.391879070898437], [-65.96533732195945, 18.39169626728516], [-65.96544070320945, 18.391467763085938], [-65.96461365320945, 18.39059944560547], [-65.96461365320945, 18.39041664199219], [-65.96585422820945, 18.389594025097658], [-65.96606099070945, 18.3884515015625], [-65.96771509070946, 18.38799449189453], [-65.96874890320946, 18.387446081054687], [-65.97319429408783, 18.385709446093752], [-65.97360781908783, 18.386212156347657], [-65.97402134408783, 18.386257856933593], [-65.97453825033783, 18.38616645576172], [-65.97598558783784, 18.386349259375002], [-65.97753630658784, 18.386075053320315], [-65.97867350033783, 18.386303557519533], [-65.97908702533783, 18.386257856933593], [-65.98001745658783, 18.38575514667969], [-65.98094788783784, 18.386029352734376], [-65.98167155658784, 18.385252436425784], [-65.98415270658784, 18.38552664248047], [-65.98508313783783, 18.38534383886719], [-65.98539328158783, 18.385069632812503], [-65.98591018783783, 18.384978231640627], [-65.98756428783784, 18.385069632812503], [-65.98684061908783, 18.383927110546875], [-65.98601356908783, 18.383104493652343], [-65.98601356908783, 18.382281876757812], [-65.98684061908783, 18.381779166503907], [-65.98715076283784, 18.381276456250003], [-65.98901162533784, 18.38072804541016], [-65.99097586908783, 18.38072804541016], [-65.99056234408783, 18.380499541210938], [-65.99035558158783, 18.380179634570315], [-65.99035558158783, 18.379814027343752], [-65.98901162533784, 18.378442998339846], [-66.00121061283784, 18.37816879355469], [-66.00038356283784, 18.377757484472657], [-65.99862608158783, 18.377346176660158], [-65.99769565033783, 18.37643215859375], [-65.99779903158783, 18.374832625390628], [-65.99862608158783, 18.373781504296876], [-65.99924636908784, 18.37327879404297], [-65.99841931908783, 18.372044869335937], [-65.99914298783784, 18.371679262109375], [-65.99924636908784, 18.371222252441406], [-66.00121061283784, 18.370902345800783], [-66.00162413783784, 18.3707195421875], [-66.00172751908784, 18.370582439160156], [-66.00162413783784, 18.370262533789063], [-66.00193428158784, 18.369988327734376], [-66.00369176283783, 18.369531318066407], [-66.00710334408784, 18.36907430966797], [-66.00793039408784, 18.36948561748047], [-66.00844730033783, 18.369988327734376], [-66.00886082533783, 18.370034028320315], [-66.01123859408784, 18.369394216308596], [-66.01268593158784, 18.36948561748047], [-66.01671780033783, 18.369028607812503], [-66.01847528158784, 18.369028607812503], [-66.02136995658783, 18.369805524121094], [-66.02529844408784, 18.371542159082033], [-66.02653901908783, 18.37245617714844], [-66.02757283158783, 18.372821785644533], [-66.02871002533783, 18.373553000097658], [-66.02943369408784, 18.373827204882815], [-66.02984721908784, 18.374101410937502], [-66.03036412533784, 18.37478692480469], [-66.03108779408784, 18.375015429003906], [-66.03346556283783, 18.374832625390628], [-66.03387908783783, 18.375015429003906], [-66.03460275658783, 18.375700942871095], [-66.03522304408784, 18.375883747753907], [-66.03501628158784, 18.375015429003906], [-66.03542980658784, 18.37391860732422], [-66.03542980658784, 18.373461597656252], [-66.03522304408784, 18.373187392871095], [-66.03542980658784, 18.372958887402344], [-66.03729066908784, 18.372273373535158], [-66.03832448158784, 18.371450757910157], [-66.03884138783783, 18.371313654882815], [-66.04018534408783, 18.371267953027345], [-66.04204620658784, 18.37158785966797], [-66.04256311283784, 18.370810944628907], [-66.04380368783784, 18.370399635546875], [-66.04442397533784, 18.370399635546875], [-66.04535440658783, 18.371724962695314], [-66.04680174408783, 18.37437561699219], [-66.04711188783784, 18.375381037500002], [-66.05651958158784, 18.37309599042969], [-66.06210216908784, 18.37305028984375], [-66.06251569408784, 18.375106831445315], [-66.06137850033784, 18.37565524228516], [-66.06106835658784, 18.375929448339846], [-66.06086159408784, 18.37643215859375], [-66.05951763783784, 18.377163373046876], [-66.05786353783783, 18.37730047607422], [-66.05662296283784, 18.378671503808594], [-66.05476210033784, 18.379128512207032], [-66.05352152533784, 18.379905428515627], [-66.05745001283783, 18.380590942382813], [-66.05962101908784, 18.380773745996095], [-66.06241231283784, 18.380316736328126], [-66.06354950658783, 18.379951129101563], [-66.06551375033784, 18.379722624902346], [-66.06737461283784, 18.379859727929688], [-66.07130310033784, 18.379174214062502], [-66.07657554408783, 18.376980569433595], [-66.07698906908783, 18.377254775488282], [-66.07698906908783, 18.37771178388672], [-66.07678230658783, 18.378077391113283], [-66.07709245033784, 18.378534400781252], [-66.07802288158784, 18.37894570859375], [-66.07967698158784, 18.379265615234377], [-66.07998712533784, 18.378534400781252], [-66.08133108158783, 18.37771178388672], [-66.08112431908783, 18.377437579101564], [-66.08091755658783, 18.376569261621096], [-66.08153784408783, 18.376112251953128], [-66.08153784408783, 18.375518139257814], [-66.08215813158783, 18.375061130859375], [-66.08102093783783, 18.37309599042969], [-66.08215813158783, 18.37263898203125], [-66.08298518158783, 18.372090569921877], [-66.08277841908783, 18.371679262109375], [-66.08308856283783, 18.370856645214843], [-66.08308856283783, 18.369805524121094], [-66.08298518158783, 18.36948561748047], [-66.08226151283783, 18.36930281386719], [-66.08112431908783, 18.3686173], [-66.07864316908784, 18.36779468310547], [-66.07626540033783, 18.36674356201172], [-66.07905669408784, 18.36610374873047], [-66.08350208783784, 18.36290468486328], [-66.09001510658784, 18.361350852246094], [-66.09094553783784, 18.360711040234378], [-66.08960158158784, 18.360162629394534], [-66.08701705033783, 18.36002552636719], [-66.08794748158783, 18.359202909472657], [-66.09032525033784, 18.357923282910157], [-66.09477064408783, 18.357374872070313], [-66.09673488783784, 18.35787758232422], [-66.09818222533784, 18.357923282910157], [-66.09880251283784, 18.35810608652344], [-66.09911265658783, 18.35769477871094], [-66.09921603783783, 18.356780760644533], [-66.09973294408783, 18.35623234980469], [-66.10035323158783, 18.356643657617187], [-66.10169718783784, 18.35700926484375], [-66.10531552871622, 18.357100667285156], [-66.10655610371622, 18.357283470898437], [-66.10696962871621, 18.357557675683594], [-66.10738315371621, 18.35815178837891], [-66.10790005996621, 18.358425993164065], [-66.11193192871622, 18.359065806445315], [-66.11275897871622, 18.359340012500002], [-66.11503336621621, 18.360756740820314], [-66.11606717871622, 18.36098524501953], [-66.11896185371621, 18.36061963779297], [-66.12216667246622, 18.360711040234378], [-66.12237343496622, 18.36098524501953], [-66.12175314746622, 18.3614422546875], [-66.12144300371621, 18.36189926435547], [-66.12237343496622, 18.362858983007815], [-66.12392415371622, 18.361350852246094], [-66.12454444121622, 18.360939544433595], [-66.12506134746621, 18.36084814326172], [-66.12578501621621, 18.36098524501953], [-66.12568163496621, 18.361807861914063], [-66.12475120371622, 18.362676179394533], [-66.12475120371622, 18.363315992675783], [-66.12526810996621, 18.36404720712891], [-66.12588839746621, 18.364321413183596], [-66.13074731621622, 18.364778422851565], [-66.13157436621621, 18.365006927050782], [-66.13570961621622, 18.366789262597656], [-66.13612314121622, 18.367246272265625], [-66.13591637871622, 18.367703281933593], [-66.13467580371622, 18.369028607812503], [-66.13198789121621, 18.370308234375003], [-66.13126422246621, 18.370902345800783], [-66.13095407871621, 18.371496458496093], [-66.13064393496622, 18.37305028984375], [-66.13023040996622, 18.373644401269534], [-66.13023040996622, 18.374878327246094], [-66.13043717246622, 18.375975148925782], [-66.12981688496622, 18.376203653125], [-66.12940335996622, 18.376569261621096], [-66.13012702871622, 18.377163373046876], [-66.13178112871621, 18.377437579101564], [-66.13209127246621, 18.377848886914062], [-66.13209127246621, 18.37830589658203], [-66.13136760371621, 18.379265615234377], [-66.13085069746622, 18.379539821289065], [-66.12929997871622, 18.3816877640625], [-66.12661206621621, 18.382556082812503], [-66.12609515996621, 18.382921690039062], [-66.12599177871621, 18.38324159667969], [-66.12888645371622, 18.38470402558594], [-66.12898983496622, 18.385023932226563], [-66.12940335996622, 18.385389539453126], [-66.13085069746622, 18.385892249707034], [-66.13033379121622, 18.38612075390625], [-66.12919659746622, 18.38598365214844], [-66.12702559121621, 18.38516103525391], [-66.12661206621621, 18.384932529785157], [-66.12650868496621, 18.384566922558594], [-66.12557825371621, 18.384429820800783], [-66.12444105996622, 18.385023932226563], [-66.12392415371622, 18.385572343066407], [-66.12330386621622, 18.38548094189453], [-66.12289034121622, 18.384749726171876], [-66.12247681621622, 18.384658325], [-66.12133962246621, 18.38488682919922], [-66.11937537871621, 18.38484112861328], [-66.11854832871622, 18.385023932226563], [-66.11399955371621, 18.387126174414064], [-66.11172516621622, 18.38703477324219], [-66.10903725371621, 18.387354679882815], [-66.10727977246621, 18.387126174414064], [-66.10583243496622, 18.386669166015626], [-66.10231747533784, 18.387948791308595], [-66.10242085658784, 18.388405800976564], [-66.10283438158784, 18.388862809375002], [-66.10510876908783, 18.39041664199219], [-66.10572905371622, 18.39105645400391], [-66.10655610371622, 18.39247318359375], [-66.10758991621621, 18.39311299560547], [-66.10841696621621, 18.393387201660158], [-66.10945077871621, 18.393478602832033], [-66.11162178496622, 18.393250098632812], [-66.11244883496622, 18.39357000527344], [-66.11234545371622, 18.39480392998047], [-66.11244883496622, 18.395352340820313], [-66.11275897871622, 18.39585505107422], [-66.11296574121621, 18.397043275195312], [-66.11027782871622, 18.398734209570314], [-66.10748653496621, 18.399831032519533], [-66.10717639121621, 18.400470844531252], [-66.10800344121621, 18.40115635839844], [-66.10903725371621, 18.402481685546874], [-66.10965754121622, 18.402938695214846], [-66.11100149746622, 18.403578508496096], [-66.11389617246621, 18.4044925265625], [-66.11430969746621, 18.404766732617187], [-66.11441307871621, 18.40581785371094], [-66.11430969746621, 18.406549068164065], [-66.11472322246621, 18.408834113964843], [-66.11441307871621, 18.409291123632812], [-66.11265559746622, 18.409885235058596], [-66.10821020371621, 18.41235308574219], [-66.10965754121622, 18.41281009541016], [-66.11472322246621, 18.413267103808593], [-66.11813480371622, 18.413952617675783], [-66.11937537871621, 18.414318224902345], [-66.12020242871621, 18.41482093515625], [-66.12154638496621, 18.416009159277344], [-66.12227005371622, 18.416466168945313], [-66.12320048496622, 18.41678607558594], [-66.12692220996621, 18.417334486425784], [-66.13560623496622, 18.41948243046875], [-66.13757047871621, 18.419619532226562], [-66.14232601621622, 18.419116821972658], [-66.14449702246621, 18.419253925], [-66.14811536621622, 18.42121906542969], [-66.15617910371621, 18.423367008203126], [-66.15659262871621, 18.42368691484375], [-66.15628248496621, 18.424098223925782], [-66.15566219746621, 18.424326728125], [-66.15214723496622, 18.424875138964843], [-66.15152694746621, 18.425103644433594], [-66.15101004121621, 18.42560635341797], [-66.15152694746621, 18.426109063671877], [-66.15380133496622, 18.42665747578125], [-66.15400809746622, 18.427023083007814], [-66.15390471621622, 18.428714017382813], [-66.15431824121622, 18.42898822216797], [-66.15928054121622, 18.42912532519531], [-66.15917715996622, 18.429536633007814], [-66.15938392246622, 18.43008504511719], [-66.16021097246622, 18.430953362597656], [-66.16093464121622, 18.431410370996094], [-66.16114140371621, 18.431775979492187], [-66.16062449746622, 18.432598595117188], [-66.16072787871622, 18.432644296972658], [-66.16062449746622, 18.433512614453125], [-66.16134816621621, 18.435203548828127], [-66.16021097246622, 18.43611756689453], [-66.16041773496622, 18.43680308076172], [-66.16000420996622, 18.437488594628906], [-66.16093464121622, 18.438631118164064], [-66.16186507246621, 18.44013924892578], [-66.16176169121621, 18.441464574804687], [-66.16093464121622, 18.44292700498047], [-66.16103802246622, 18.44379532246094], [-66.16258874121621, 18.445440556250002], [-66.16279550371621, 18.445897564648437], [-66.16072787871622, 18.446994387597655], [-66.16000420996622, 18.447497097851564], [-66.15969406621622, 18.447908405664062], [-66.15835010996622, 18.448685321972658], [-66.15824672871622, 18.448776723144533], [-66.15835010996622, 18.449416536425783], [-66.15814334746622, 18.449690741210937], [-66.15679939121621, 18.449964947265627], [-66.15638586621621, 18.450330554492187], [-66.15121680371621, 18.450193451464845], [-66.14677140996622, 18.450513358105468], [-66.14036177246622, 18.450330554492187], [-66.12733573496621, 18.448136909863283], [-66.12630192246621, 18.44841111591797], [-66.12516472871621, 18.449416536425783], [-66.12299372246622, 18.45087896533203], [-66.12237343496622, 18.451655881640626], [-66.12175314746622, 18.452889806347656], [-66.12216667246622, 18.453986629296875], [-66.12175314746622, 18.45531195517578], [-66.12206329121622, 18.455677562402343], [-66.12516472871621, 18.457139992578124], [-66.12609515996621, 18.457734104003908], [-66.12640530371621, 18.4585110203125], [-66.12764587871622, 18.459287936621095], [-66.12816278496622, 18.460064851660157], [-66.12919659746622, 18.46065896435547], [-66.13498594746622, 18.462806907128908], [-66.13653666621622, 18.463675224609375], [-66.13674342871622, 18.464040831835938], [-66.13570961621622, 18.46426933730469], [-66.13302170371621, 18.464726345703127], [-66.13116084121621, 18.464726345703127], [-66.13012702871622, 18.46463494453125], [-66.12733573496621, 18.463949430664062], [-66.12444105996622, 18.46376662705078], [-66.12320048496622, 18.463492420996094], [-66.12113285996621, 18.462304196875], [-66.12102947871621, 18.462075692675782], [-66.11803142246622, 18.461527281835938], [-66.12258019746622, 18.458648123339845]], [[-66.10784155450501, 18.462329725653227], [-66.1090198350725, 18.56565124048196], [-66.10780234739723, 18.479647232710974], [-66.10781078736206, 18.481705969826063], [-66.10780834799183, 18.481549642171554], [-66.10695971294368, 18.403417489395707], [-66.10784155450501, 18.462329725653227]], [[-66.10536428888747, 18.266165635628315], [-66.10708827245118, 18.38389411159372], [-66.10688630058667, 18.370558988049392], [-66.1077814110853, 18.453970803145864], [-66.10730144143776, 18.41650386621324], [-66.10743377445144, 18.432671686373553], [-66.10687772091771, 18.399338127071623], [-66.10688862412317, 18.400575457167246], [-66.10687386344466, 18.39972744181086], [-66.10536428888747, 18.266165635628315]], [[-66.10741444740952, 18.44377183967252], [-66.10529800511992, 18.28674217529156], [-66.10417369540147, 18.19192260629277], [-66.10415669373658, 18.190294454889543], [-66.10456795293729, 18.215034319362907], [-66.10389655196029, 18.15276487296555], [-66.10411295904197, 18.16526240508699], [-66.10403513923201, 18.152881856634497], [-66.10460880309023, 18.197968996930054], [-66.10741444740952, 18.44377183967252]], [[-66.06366663348635, 18.43425728597731], [-66.05904198189916, 18.43558329788792], [-66.06017102461075, 18.43489608909737], [-66.05946850480288, 18.434956529351325], [-66.05989686207734, 18.43472913170437], [-66.05951815924645, 18.43466951375303], [-66.06035631723827, 18.434210168490324], [-66.06021126554559, 18.434241087748163], [-66.06497808141843, 18.43191938978827], [-66.06455390500095, 18.43204808205025], [-66.06477736129597, 18.431936658520694], [-66.07057469481066, 18.429335756716572], [-66.06886622790424, 18.429980616907258], [-66.06810647575625, 18.430359457279188], [-66.06797998062065, 18.430394926505816], [-66.06790915391484, 18.430444046257858], [-66.06778265877925, 18.430479515484485], [-66.06827426362149, 18.430234383224214], [-66.06873973276863, 18.430016086133882], [-66.07114810377779, 18.429077439811778], [-66.07122650838014, 18.428996935540056], [-66.06898330953108, 18.42957716192972], [-66.06501910368769, 18.431098363426894], [-66.06767026888338, 18.429886818531845], [-66.06652501610093, 18.430071401078994], [-66.0649932096477, 18.429496329899553], [-66.06335163148671, 18.42856190640684], [-66.06462310894436, 18.427610433100035], [-66.07007232415768, 18.42555579556079], [-66.07283560878884, 18.424205526085352], [-66.07302953234918, 18.424053616860437], [-66.07291479596708, 18.42395899618241], [-66.07159992094866, 18.4238692818949], [-66.07251386783767, 18.423096086483007], [-66.07206172135434, 18.422852243025293], [-66.07224806577668, 18.422731718939104], [-66.07573738896419, 18.421060828781354], [-66.08102717802616, 18.418933854527133], [-66.08692959151762, 18.417688456966463], [-66.09536765372971, 18.415302918225837], [-66.10268972543363, 18.412411026194686], [-66.10373356573929, 18.411669681802415], [-66.10708123675666, 18.4100970305297], [-66.10841178092514, 18.409226527994555], [-66.11403113173141, 18.406548739506672], [-66.1144678494783, 18.406123931708812], [-66.11520904631068, 18.405740540749044], [-66.11268672149534, 18.4064185407619], [-66.11444484160386, 18.405486665591972], [-66.11367149509016, 18.405596225597968], [-66.1137313443769, 18.40551117073841], [-66.11849163414804, 18.403786253819053], [-66.11857003999187, 18.40370574892828], [-66.11608299391997, 18.40399347798908], [-66.1159580626947, 18.403696896572317], [-66.11577589912933, 18.403718715273527], [-66.11079031869245, 18.405155684832806], [-66.10639146988652, 18.405872196939242], [-66.10613168305322, 18.405808494900004], [-66.1065237097894, 18.40540597168425], [-66.10612984868249, 18.405409124010365], [-66.10209454567288, 18.40624802372655], [-66.10872011155513, 18.40371723807307], [-66.1119530461904, 18.402049966122327], [-66.11109527860519, 18.401939365514433], [-66.11184901676697, 18.40125985901879], [-66.11796102421032, 18.398902334791494], [-66.12074704501403, 18.39745791051892], [-66.11840008844344, 18.397979450719024], [-66.11920531417803, 18.39741230013377], [-66.12640037987234, 18.395453323874445], [-66.1289480565654, 18.39491451494192], [-66.13199257075249, 18.394597264885004], [-66.13451829260741, 18.39398658573744], [-66.15829074716622, 18.386784359749463], [-66.16120013528489, 18.385968567537045], [-66.16109559498743, 18.386075906978707], [-66.16185796408205, 18.385930411865193], [-66.16413644043307, 18.384959915142517], [-66.17450564327072, 18.381984118312868], [-66.17424429252709, 18.382252466917024], [-66.17699425325294, 18.38136433860868], [-66.18703885653767, 18.37867462561555], [-66.18349726320145, 18.38039918549413], [-66.18479932767156, 18.38005359316544], [-66.18465767425994, 18.380151832669522], [-66.18039082494326, 18.382030987599194], [-66.17895808448058, 18.38251075453949], [-66.17237826264535, 18.385584651512676], [-66.17161014878344, 18.38616090265456], [-66.17245432200295, 18.38600222289652], [-66.1722857515618, 18.386293322582713], [-66.17442780839446, 18.385887755880955], [-66.17476103763872, 18.38613568404562], [-66.17573771946468, 18.38624220105823], [-66.17359593309241, 18.387379189293014], [-66.17069596023933, 18.38856296676373], [-66.1649414846061, 18.390742212477058], [-66.16474076448364, 18.390759481209482], [-66.16531835306625, 18.39040245953876], [-66.16334330276442, 18.390848977197713], [-66.15528680198494, 18.391898610450816], [-66.15225927920312, 18.392552461738962], [-66.14878589686757, 18.393994555988034], [-66.14266447591548, 18.39598409446442], [-66.14250426718824, 18.396077783380665], [-66.14281292588922, 18.396020495452827], [-66.14132295308643, 18.396818662511098], [-66.14139299845783, 18.396935567771227], [-66.13892453774831, 18.39958813703112], [-66.1352956659803, 18.402488059115623], [-66.12821978798546, 18.405174372201028], [-66.12742632100435, 18.405611432881628], [-66.12665742580802, 18.40635370903568], [-66.12946305496365, 18.40547923125275], [-66.12973643616266, 18.405812213657924], [-66.12088884369359, 18.409161121547328], [-66.11633947012957, 18.411070729853947], [-66.11430222405475, 18.41210037864707], [-66.10451951243445, 18.41598458610211], [-66.10538982010758, 18.415799071793177], [-66.10462248882156, 18.416209297303837], [-66.10607405506025, 18.416465502484414], [-66.10585399704627, 18.41664424626022], [-66.10596533390583, 18.41667154731105], [-66.11053275191142, 18.415663936137467], [-66.11069975844225, 18.415704887094662], [-66.11059103728785, 18.4159109319213], [-66.11133485106686, 18.415760886219946], [-66.112656252187, 18.415253819466923], [-66.11545012258914, 18.414509431588648], [-66.10842155255163, 18.417406805350367], [-66.10868133938493, 18.417470507389606], [-66.11026331115576, 18.416861116425547], [-66.10915360633567, 18.417386850172715], [-66.07100987745251, 18.431603289792417], [-66.06366663348635, 18.43425728597731]], [[-66.07754404413956, 18.435067150952346], [-66.07777246386746, 18.43469099640659], [-66.07717108483449, 18.43457677759169], [-66.07355316168027, 18.4351523445534], [-66.07241966889279, 18.435206836576846], [-66.0729854987219, 18.43497990481078], [-66.07307148246227, 18.43486801540033], [-66.0729601456027, 18.434840714349498], [-66.07150283459674, 18.435015265197293], [-66.07711983891679, 18.43283555298402], [-66.08379193018047, 18.430681853638077], [-66.07436491475806, 18.43398841230856], [-66.07342639732576, 18.434456391627947], [-66.0743481925717, 18.434383233229408], [-66.07334982585266, 18.434936267408357], [-66.07608646391469, 18.43451027964806], [-66.07940905103176, 18.43352986006614], [-66.07919657215581, 18.43367721870322], [-66.07931888643444, 18.433740454861567], [-66.07875305660532, 18.433967386627636], [-66.07893861845176, 18.434012888172667], [-66.07835005245008, 18.43433397473587], [-66.07975169202794, 18.434145774474327], [-66.07963617431142, 18.434217178808474], [-66.08120220647179, 18.433836583134045], [-66.08330531581954, 18.433022545605073], [-66.08559973178102, 18.43182325359277], [-66.08741848375219, 18.430640297932058], [-66.08765866223358, 18.430134053481652], [-66.08691641412172, 18.429952048047], [-66.08534620234586, 18.43043134848735], [-66.0867248370476, 18.4296058809973], [-66.08649798247151, 18.429649984280616], [-66.08667752909025, 18.429394820320987], [-66.0862870662644, 18.42946529289335], [-66.08537781234786, 18.429242335756015], [-66.07954700565516, 18.430272589171526], [-66.06986672950117, 18.432918664762234], [-66.06427742478657, 18.434739491162173], [-66.06227807440185, 18.435612214261653], [-66.06237163728022, 18.435468939712475], [-66.05415128783734, 18.438173810332856], [-66.05107149490681, 18.438881331341832], [-66.05396049209766, 18.43766161827099], [-66.05687327849736, 18.436913146304818], [-66.06344919117753, 18.434669375630584], [-66.05609653370263, 18.436955386064568], [-66.05904198189916, 18.43558329788792], [-66.06467519629004, 18.43390621191805], [-66.10915360633567, 18.417386850172715], [-66.11918356345988, 18.413862460292794], [-66.11731070821075, 18.414699714165646], [-66.12579345967673, 18.41229189133553], [-66.13105136827632, 18.41062250827962], [-66.13663152994258, 18.4091651176618], [-66.13631869038464, 18.409321110974613], [-66.13687276146027, 18.4092242691132], [-66.14043552705874, 18.407737605080875], [-66.14123160974499, 18.40753389027774], [-66.13922468022226, 18.40843799851595], [-66.14272263434259, 18.40730111974033], [-66.14443946172146, 18.406458849398746], [-66.1451715155055, 18.406438894221097], [-66.14483933805604, 18.40675636257729], [-66.14761883275806, 18.405908719345256], [-66.14865431259129, 18.405364785103885], [-66.14917127055273, 18.405258843304892], [-66.1490928647089, 18.405339348195664], [-66.14946816925872, 18.40533164590076], [-66.14938976465638, 18.40541215017248], [-66.15177879653254, 18.404634979512807], [-66.12971279046488, 18.41714242357836], [-66.12406703598607, 18.419115624465054], [-66.1226536346564, 18.419433915742914], [-66.12198900929712, 18.419337430922276], [-66.1208134399626, 18.41964755402434], [-66.11692763996304, 18.421088250630742], [-66.09560457744115, 18.426530804554286], [-66.09120103866105, 18.428243468098284], [-66.09066946282903, 18.429875023114356], [-66.09105156394097, 18.43000196131194], [-66.09178779858196, 18.429883300749317], [-66.09952595669132, 18.427791548140114], [-66.08451252271988, 18.43388370062103], [-66.07848388331175, 18.43589598956041], [-66.0765906371348, 18.43632932257484], [-66.07770870242733, 18.43560617867677], [-66.07788145248395, 18.435216374224648], [-66.07754404413956, 18.435067150952346]], [[-66.12963815150651, 18.40459135052602], [-66.1352956659803, 18.402488059115623], [-66.13874917074504, 18.399744596224824], [-66.14139299845783, 18.396935567771227], [-66.14132295308643, 18.396818662511098], [-66.14281292588922, 18.396020495452827], [-66.14250426718824, 18.396077783380665], [-66.14266447591548, 18.39598409446442], [-66.14878589686757, 18.393994555988034], [-66.15225927920312, 18.392552461738962], [-66.15528680198494, 18.391898610450816], [-66.16334330276442, 18.390848977197713], [-66.16531835306625, 18.39040245953876], [-66.16474076448364, 18.390759481209482], [-66.16532097001289, 18.390635804797178], [-66.1647948690031, 18.391105182378286], [-66.16585910023657, 18.390767758844444], [-66.16382368677566, 18.39219677901982], [-66.16015638263657, 18.39379078200119], [-66.15890424307044, 18.394580780264615], [-66.16010176424479, 18.39434252848925], [-66.15987412709279, 18.394552657403782], [-66.1569184840531, 18.395722784841695], [-66.15651547989785, 18.39608937294993], [-66.154158597703, 18.397140374563378], [-66.15707138410271, 18.396391902597205], [-66.15689601709944, 18.39654836179091], [-66.14132641021955, 18.40160656259891], [-66.1276573564374, 18.40546862421334], [-66.12963815150651, 18.40459135052602]], [[-66.14933411621094, 18.431449336486487], [-66.14842008496093, 18.429795377027027], [-66.14676779882812, 18.429260272972975], [-66.14652171289062, 18.428968397297297], [-66.14652171289062, 18.42741172972973], [-66.14638109277344, 18.427119854054055], [-66.14543190722657, 18.42677933243243], [-66.14504520214844, 18.42624422837838], [-66.14448272070312, 18.42420110135135], [-66.14381477539062, 18.42283901756757], [-66.14402570605469, 18.42176880810811], [-66.1434280703125, 18.42128235], [-66.14075628710937, 18.422644433783784], [-66.14019380664062, 18.42176880810811], [-66.13991256640625, 18.421574224324324], [-66.13970163574218, 18.421720162162163], [-66.13970163574218, 18.421963391891893], [-66.13994772167969, 18.42259578783784], [-66.13977194628906, 18.422741725675678], [-66.13931493066406, 18.422644433783784], [-66.13896337988281, 18.422984955405408], [-66.13868213964844, 18.422790371621623], [-66.13847120996094, 18.42201203783784], [-66.13773295410157, 18.421233704054053], [-66.13759233398437, 18.421330994594594], [-66.13769779882813, 18.422741725675678], [-66.13731109375, 18.422790371621623], [-66.136854078125, 18.42342276756757], [-66.13657283789063, 18.423471413513514], [-66.13629159765625, 18.422984955405408], [-66.13660799316406, 18.421963391891893], [-66.13622128710936, 18.4218661], [-66.13583458203125, 18.42235255810811], [-66.13579942675781, 18.423471413513514], [-66.13558849707032, 18.42390922702703], [-66.13537756640625, 18.42390922702703], [-66.13520179101562, 18.423374121621624], [-66.13238938867187, 18.42293630945946], [-66.13042070605468, 18.423714643243244], [-66.12651849707031, 18.423860581081083], [-66.12669427246094, 18.422547141891894], [-66.12356547460936, 18.42551454054054], [-66.12363578417968, 18.424638914864865], [-66.12324907910156, 18.42531995675676], [-66.12282721874999, 18.42473620675676], [-66.12286237304687, 18.424298393243244], [-66.12335454394531, 18.42293630945946], [-66.12346000878905, 18.4218661], [-66.12412795507812, 18.420893182432433], [-66.12384671484375, 18.420649952702703], [-66.12338969921875, 18.420893182432433], [-66.12275690820312, 18.42069859864865], [-66.1224405126953, 18.42128235], [-66.1219834970703, 18.421087766216218], [-66.12138586230468, 18.419920264864867], [-66.12089369140625, 18.419968910810812], [-66.11867892382811, 18.418850055405407], [-66.11832737402344, 18.418120367567568], [-66.11625322656249, 18.415347552702702], [-66.11621807128905, 18.414520572972975], [-66.11569074609375, 18.414277343243246], [-66.11780004785156, 18.409558693243245], [-66.11794066796874, 18.40878035945946], [-66.11776489257812, 18.407612859459462], [-66.11832737402344, 18.406445358108108], [-66.11832737402344, 18.406007544594594], [-66.11846799414062, 18.40595889864865], [-66.1185031484375, 18.404985981081083], [-66.11997966015625, 18.403332021621623], [-66.1207882265625, 18.401386186486487], [-66.11980388476562, 18.39968358108108], [-66.1188195439453, 18.400218686486486], [-66.11843283886718, 18.39958628918919], [-66.11787035839843, 18.39749451756757], [-66.1219131875, 18.3976891], [-66.12412795507812, 18.39739722567568], [-66.12578024121093, 18.396716183783784], [-66.13133473730468, 18.393651493243244], [-66.13298702441406, 18.39321367972973], [-66.14356869042969, 18.39428388918919], [-66.1454670625, 18.38747346756757], [-66.14687326367188, 18.38474929864865], [-66.15643543359374, 18.37258782972973], [-66.16322035546875, 18.36611792837838], [-66.1619899296875, 18.364463968918923], [-66.16223601464844, 18.363977510810813], [-66.16336097558593, 18.362907301351353], [-66.16532965820312, 18.361301986486488], [-66.16536481347656, 18.360766882432433], [-66.16592729394532, 18.360475006756758], [-66.16613822363281, 18.359648027027028], [-66.16441562695313, 18.358723755405407], [-66.163114890625, 18.359502089189192], [-66.16079465820313, 18.359550735135137], [-66.16044310839844, 18.35940479864865], [-66.15886113085938, 18.35974531891892], [-66.15886113085938, 18.358723755405407], [-66.15903690625, 18.358042713513516], [-66.15780648046875, 18.357556255405406], [-66.15738462011718, 18.35799406756757], [-66.15696275976562, 18.35799406756757], [-66.15692760449218, 18.357799483783786], [-66.15717368945312, 18.35677792027027], [-66.15798225585938, 18.355367190540544], [-66.15963454199219, 18.354978022972976], [-66.16163837890625, 18.35283760540541], [-66.16206023925781, 18.352253854054055], [-66.16206023925781, 18.35176739594595], [-66.16416954199218, 18.350891770270273], [-66.16532965820312, 18.350113436486488], [-66.16571636328125, 18.34962697702703], [-66.16736865039063, 18.349091872972977], [-66.16638430957032, 18.344373222972976], [-66.16638430957032, 18.342621971621625], [-66.1671225654297, 18.34023832432433], [-66.16817721582031, 18.338730301351355], [-66.168563921875, 18.340043740540544], [-66.16881000683594, 18.340043740540544], [-66.17084899902343, 18.34111395], [-66.17088415429687, 18.342135513513515], [-66.17039198339843, 18.3440813472973], [-66.17074353417969, 18.346270412162166], [-66.17084899902343, 18.346610933783786], [-66.17116539453124, 18.346854162162163], [-66.171270859375, 18.347437913513517], [-66.17102477441406, 18.349140518918922], [-66.17207942480469, 18.348702705405408], [-66.17503244824219, 18.348751351351353], [-66.17496213867187, 18.349432394594597], [-66.17320438671875, 18.354978022972976], [-66.17338016113281, 18.356631983783785], [-66.1733098515625, 18.359015631081082], [-66.17345047167969, 18.360426360810813], [-66.174891828125, 18.364512614864868], [-66.17496213867187, 18.365728762162163], [-66.17446996777343, 18.36816105540541], [-66.1747512080078, 18.36859886756757], [-66.17348562695312, 18.37283105945946], [-66.17295830078125, 18.3883004472973], [-66.17165756445313, 18.388786905405407], [-66.17299345605468, 18.391900241891893], [-66.17176303027344, 18.394916286486488], [-66.17271221582031, 18.39817555945946], [-66.17274737109375, 18.398710663513516], [-66.17253644042968, 18.39958628918919], [-66.17264190624999, 18.400218686486486], [-66.17348562695312, 18.402310458108108], [-66.17338016113281, 18.402942855405406], [-66.1728528359375, 18.403769835135137], [-66.17345047167969, 18.405472440540542], [-66.17359109179688, 18.406980462162164], [-66.17292314648438, 18.407466921621623], [-66.17267706054687, 18.407904733783784], [-66.17257159570312, 18.409364110810813], [-66.1728528359375, 18.41053161081081], [-66.17394264257813, 18.412526091891895], [-66.17401295214843, 18.413207133783786], [-66.17387233203125, 18.414131405405406], [-66.1733098515625, 18.41539619864865], [-66.17246613085938, 18.41597994864865], [-66.17204427050781, 18.417196095945947], [-66.17116539453124, 18.4177312], [-66.17095446386719, 18.418752763513513], [-66.17056775878906, 18.418947347297298], [-66.16930217773438, 18.418801409459462], [-66.16884516210938, 18.418363597297297], [-66.16842330175781, 18.418655471621623], [-66.16726318554687, 18.418995993243243], [-66.16596244921875, 18.419677035135138], [-66.16557574316406, 18.420893182432433], [-66.16431016210937, 18.421963391891893], [-66.16255241015625, 18.422060683783783], [-66.16191961914062, 18.42225526621622], [-66.16139229394531, 18.421914745945948], [-66.1604782626953, 18.4218661], [-66.16019702246093, 18.42152557837838], [-66.15977516210937, 18.420406722972974], [-66.15931814648437, 18.420066202702703], [-66.1588259765625, 18.419336514864867], [-66.1583689609375, 18.4195310972973], [-66.15791194531249, 18.420017556756758], [-66.15661120898437, 18.420114848648648], [-66.15597841796875, 18.420601306756758], [-66.15576748828124, 18.420601306756758], [-66.15555655761719, 18.42128235], [-66.15460737207032, 18.42152557837838], [-66.15460737207032, 18.422790371621623], [-66.15439644140625, 18.423471413513514], [-66.15281446484374, 18.425222664864865], [-66.15246291503907, 18.426146936486486], [-66.15207620898437, 18.429114335135136], [-66.1523222939453, 18.429698085135136], [-66.15309570507813, 18.430427772972973], [-66.15309570507813, 18.43120610810811], [-66.15235744921875, 18.431400690540542], [-66.15218167382812, 18.432422254054053], [-66.15116217773438, 18.431789858108107], [-66.14972082128907, 18.43164392027027], [-66.14933411621094, 18.431449336486487]], [[-66.10596989358108, 18.432075275781248], [-66.10226033108107, 18.43170966875], [-66.10256439358108, 18.431062825], [-66.10280764358107, 18.4310347015625], [-66.10274683108106, 18.430669093749998], [-66.10299008108107, 18.43041598125], [-66.10219951858107, 18.42968476640625], [-66.10250358108107, 18.4293472828125], [-66.10365901858107, 18.4291504171875], [-66.10378064358108, 18.42870043828125], [-66.10323333108107, 18.42805359453125], [-66.10140895608107, 18.4277161109375], [-66.10067920608107, 18.427097390625], [-66.10061839358107, 18.42608493984375], [-66.10104408108107, 18.4256349609375], [-66.10146976858107, 18.4256068375], [-66.10177383108108, 18.42504436484375], [-66.10177383108108, 18.4243975203125], [-66.09964539358107, 18.42152890859375], [-66.09867239358107, 18.421641403125], [-66.09757776858108, 18.4205727046875], [-66.10146976858107, 18.41812594765625], [-66.10201708108107, 18.4174509796875], [-66.10201708108107, 18.4161010453125], [-66.10171301858107, 18.41565106640625], [-66.10134814358106, 18.41545420078125], [-66.09696964358108, 18.4135699171875], [-66.09654395608106, 18.41326055703125], [-66.09654395608106, 18.4127262078125], [-66.09678720608107, 18.41224810546875], [-66.09769939358107, 18.41171375625], [-66.09812508108106, 18.4116856328125], [-66.09879401858107, 18.41221998203125], [-66.10019270608107, 18.4123887234375], [-66.10134814358106, 18.41230435234375], [-66.10207789358107, 18.41188249765625], [-66.10250358108107, 18.41188249765625], [-66.10280764358107, 18.41162938515625], [-66.10305089358107, 18.411123159375], [-66.10292926858106, 18.41061693359375], [-66.10268601858107, 18.41033569765625], [-66.10311170608107, 18.40974510078125], [-66.10262520608107, 18.40845141328125], [-66.10232114358107, 18.4066796234375], [-66.10262520608107, 18.40577966640625], [-66.10250358108107, 18.40490783359375], [-66.10305089358107, 18.40364226953125], [-66.10426714358107, 18.40240482890625], [-66.10517933108108, 18.40215171640625], [-66.10584826858107, 18.40217983984375], [-66.10645639358107, 18.40282668359375], [-66.10700370608107, 18.403079796875], [-66.10767264358107, 18.4031079203125], [-66.10852401858106, 18.4028548078125], [-66.10949701858107, 18.4016736140625], [-66.10955783108108, 18.400604915625], [-66.10986189358107, 18.39984557734375], [-66.10980108108107, 18.398664384375], [-66.10974026858106, 18.39838314765625], [-66.10937539358108, 18.39813003515625], [-66.10657801858108, 18.396836346875002], [-66.10536176858108, 18.3965551109375], [-66.10329414358107, 18.39647073984375], [-66.10305089358107, 18.396189503125], [-66.10347658108107, 18.39545828828125], [-66.10378064358108, 18.39523329921875], [-66.10378064358108, 18.394895815625], [-66.10299008108107, 18.3944739609375], [-66.10286845608107, 18.394248971875], [-66.10323333108107, 18.39354588046875], [-66.10171301858107, 18.39264592421875], [-66.09976701858108, 18.39202720390625], [-66.09934133108106, 18.3915491015625], [-66.09897645608108, 18.39095850546875], [-66.09861158108107, 18.38952419921875], [-66.09891564358107, 18.38828675859375], [-66.09940214358107, 18.3875274203125], [-66.10092245608107, 18.3869087], [-66.10183464358107, 18.38634622734375], [-66.10250358108107, 18.385474393750002], [-66.10250358108107, 18.384940044531252], [-66.10207789358107, 18.38451818984375], [-66.10146976858107, 18.38429320078125], [-66.10007108108107, 18.384265077343752], [-66.09830751858107, 18.38451818984375], [-66.09696964358108, 18.384405695312502], [-66.09678720608107, 18.38389946953125], [-66.09709126858107, 18.383336996875002], [-66.09739533108107, 18.38283077109375], [-66.09812508108106, 18.382465164062502], [-66.09861158108107, 18.381930814843752], [-66.09885483108107, 18.38105898125], [-66.09921970608107, 18.3806371265625], [-66.09897645608108, 18.3795965515625], [-66.09873320608106, 18.379399686718752], [-66.09776020608106, 18.37925906796875], [-66.09526689358107, 18.37923094453125], [-66.09478039527026, 18.379174696875], [-66.09459795777026, 18.379005955468752], [-66.09490202027025, 18.378415358593752], [-66.09532770608106, 18.37819036953125], [-66.10426714358107, 18.37627796171875], [-66.10627395608107, 18.374899903125], [-66.10627395608107, 18.374253059375], [-66.10876726858108, 18.37352184453125], [-66.10907133108107, 18.373071865625], [-66.10913214358106, 18.372425021875], [-66.10894970608108, 18.3722000328125], [-66.10742939358107, 18.37172193125], [-66.10730776858107, 18.371384446875002], [-66.10742939358107, 18.371103210937502], [-66.10809833108107, 18.370653232031252], [-66.10907133108107, 18.3694720390625], [-66.10937539358108, 18.367981485937502], [-66.10919295608107, 18.36680029296875], [-66.10888889358107, 18.366040954687502], [-66.10840239358107, 18.365422234375], [-66.10481445608107, 18.36328483671875], [-66.10007108108107, 18.36156929453125], [-66.09830751858107, 18.36069746171875], [-66.09538851858107, 18.359966246875], [-66.09350333277025, 18.359966246875], [-66.09283439527026, 18.3597412578125], [-66.09259114527026, 18.35943189765625], [-66.09271277027025, 18.3590944140625], [-66.09301683277026, 18.35898191875], [-66.09453714527025, 18.35872880625], [-66.10140895608107, 18.3580538390625], [-66.10536176858108, 18.35822258046875], [-66.10797670608108, 18.35777260234375], [-66.10846320608107, 18.3574632421875], [-66.10901051858107, 18.356760150781252], [-66.10919295608107, 18.35563520546875], [-66.10894970608108, 18.35543833984375], [-66.10669964358107, 18.35507273203125], [-66.10639558108107, 18.3549321140625], [-66.10609151858107, 18.35445401171875], [-66.10615233108108, 18.353863415625], [-66.10767264358107, 18.3526540984375], [-66.10785508108107, 18.352288491406252], [-66.10773345608106, 18.3518103890625], [-66.10840239358107, 18.349560497656253], [-66.10834158108106, 18.348969900781253], [-66.10815914358108, 18.34871678828125], [-66.10657801858108, 18.348294933593753], [-66.10742939358107, 18.347704336718753], [-66.10834158108106, 18.347619965625], [-66.10888889358107, 18.347760584375003], [-66.10955783108108, 18.34913864296875], [-66.10974026858106, 18.349954228906252], [-66.11028758108107, 18.35017921796875], [-66.11205114358107, 18.350347959375], [-66.11235520608108, 18.350826061718752], [-66.11308495608107, 18.35124791640625], [-66.11430120608107, 18.3513322875], [-66.11630801858107, 18.35093855625], [-66.11758508108107, 18.350966679687502], [-66.11898376858107, 18.351416658593752], [-66.11934864358108, 18.35172601796875], [-66.12013920608108, 18.35124791640625], [-66.12026083108107, 18.35099480390625], [-66.12068651858107, 18.35085418515625], [-66.12111220608107, 18.35088230859375], [-66.12202439358107, 18.351304163281252], [-66.12476095608108, 18.351304163281252], [-66.12476095608108, 18.350544825], [-66.12506501858107, 18.349841734375], [-66.12549070608107, 18.3494761265625], [-66.12609883108107, 18.3492511375], [-66.12707183108107, 18.349560497656253], [-66.12798401858107, 18.34958862109375], [-66.12871376858108, 18.34998235234375], [-66.12926108108107, 18.3498698578125], [-66.13029489358107, 18.349307384375003], [-66.13151114358108, 18.3492792609375], [-66.13272739358108, 18.348773035156253], [-66.13515989358108, 18.34854804609375], [-66.13740995608107, 18.34891365390625], [-66.13631533108108, 18.349419879687503], [-66.14124114358107, 18.350038599218752], [-66.14641020608107, 18.34891365390625], [-66.14975489358108, 18.34871678828125], [-66.15145764358107, 18.3477887078125], [-66.15632264358108, 18.34812619140625], [-66.15693076858108, 18.348435551562503], [-66.16191739358108, 18.348998025], [-66.16307283108108, 18.3492792609375], [-66.16380258108107, 18.3496729921875], [-66.16684320608107, 18.350685443750002], [-66.16842433108107, 18.35166977109375], [-66.17030951858108, 18.35211974921875], [-66.17061358108107, 18.35234473828125], [-66.17067439358108, 18.352822840625002], [-66.17097845608107, 18.35310407734375], [-66.17560020439188, 18.35560708125], [-66.17748539189189, 18.35633829609375], [-66.18010032939189, 18.35670390390625], [-66.18040439189188, 18.356957016406252], [-66.1804652043919, 18.357210129687502], [-66.18028276689189, 18.35732262421875], [-66.17851920439189, 18.357350747656252], [-66.17736376689189, 18.358025714843752], [-66.17742457939188, 18.3587006828125], [-66.17645157939188, 18.3591506609375], [-66.17675564189189, 18.3597975046875], [-66.17669482939189, 18.3601631125], [-66.17547857939189, 18.3606412140625], [-66.17596507939189, 18.36097869765625], [-66.17639076689188, 18.36154117109375], [-66.17718132939189, 18.36173803671875], [-66.17693807939189, 18.36235675703125], [-66.17699889189188, 18.3627504875], [-66.17748539189189, 18.363341084375], [-66.17821514189188, 18.36367856796875], [-66.17833676689189, 18.3640160515625], [-66.17827595439189, 18.364241040625], [-66.17772864189189, 18.364719142968752], [-66.17949220439189, 18.3656191], [-66.17979626689188, 18.3673346421875], [-66.17851920439189, 18.3677283734375], [-66.17827595439189, 18.368037733593752], [-66.17930976689189, 18.36874082421875], [-66.17888407939189, 18.369106432031252], [-66.18295851689189, 18.3702595015625], [-66.18344501689188, 18.37062510859375], [-66.18277607939189, 18.370906345312502], [-66.1832625793919, 18.37107508671875], [-66.18618157939189, 18.37141257109375], [-66.18648564189189, 18.37225628046875], [-66.18715457939189, 18.37276250546875], [-66.18983032939188, 18.37315623671875], [-66.19147226689189, 18.3738874515625], [-66.19195876689189, 18.37442180078125], [-66.19250607939189, 18.3755186234375], [-66.19621564189188, 18.37630608515625], [-66.1966413293919, 18.37667169296875], [-66.19749270439189, 18.37686855859375], [-66.19773595439189, 18.37751540234375], [-66.19767514189189, 18.377881009375], [-66.19858732939188, 18.378612224218752], [-66.19901301689188, 18.37976529375], [-66.19974276689189, 18.380355890625], [-66.19998601689188, 18.380805868750002], [-66.2012630793919, 18.382071432812502], [-66.20187120439189, 18.38243703984375], [-66.20211445439189, 18.3829151421875], [-66.20278339189188, 18.38325262578125], [-66.2038172043919, 18.3833088734375], [-66.20436451689189, 18.3837026046875], [-66.2066145793919, 18.384658808593752], [-66.20740514189188, 18.385474393750002], [-66.19998601689188, 18.3866837109375], [-66.1982224543919, 18.3877242859375], [-66.19755351689189, 18.3879211515625], [-66.19566832939189, 18.38893360234375], [-66.19414801689189, 18.39042415546875], [-66.19372232939189, 18.3915491015625], [-66.1938439543919, 18.3921959453125], [-66.19621564189188, 18.39602076171875], [-66.1922628293919, 18.39644261640625], [-66.19135064189189, 18.3968082234375], [-66.18855326689189, 18.3974550671875], [-66.18350582939189, 18.398158158593752], [-66.18350582939189, 18.398523765625], [-66.18253282939189, 18.39900186796875], [-66.1776678293919, 18.40071741015625], [-66.17371501689189, 18.4010267703125], [-66.17219470608107, 18.4018704796875], [-66.17134333108108, 18.402686065625], [-66.17122170608107, 18.40313604375], [-66.17225551858108, 18.40316416796875], [-66.17335014358108, 18.40279856015625], [-66.1762691418919, 18.40316416796875], [-66.17578264189189, 18.4037547640625], [-66.17584345439188, 18.4045422265625], [-66.17961382939188, 18.40428911328125], [-66.18539101689188, 18.4044016078125], [-66.18916139189189, 18.403726640625], [-66.19329664189189, 18.40448597890625], [-66.1932358293919, 18.4047390921875], [-66.19274932939189, 18.40513282265625], [-66.19147226689189, 18.40535781171875], [-66.19153307939189, 18.4055828015625], [-66.19128982939189, 18.405807790625], [-66.18660726689188, 18.4070733546875], [-66.18393151689189, 18.4079451875], [-66.18332339189189, 18.40833891875], [-66.18630320439189, 18.4096607296875], [-66.17000545608107, 18.414835481249998], [-66.14707914358107, 18.4245943859375], [-66.14531558108108, 18.4255787140625], [-66.14373445608108, 18.42675990703125], [-66.13917351858107, 18.43224401796875], [-66.11521339358107, 18.43134406171875], [-66.11059164358107, 18.43162529765625], [-66.10639558108107, 18.4323846359375], [-66.10596989358108, 18.432075275781248]], [[-66.29833543415124, 18.38232802882739], [-66.29639904498767, 18.382559146243686], [-66.29532376579417, 18.382687486018394], [-66.29429042451952, 18.38281082029956], [-66.29377375866645, 18.382872486869122], [-66.29329902594797, 18.382929148516165], [-66.29334096089227, 18.38292414337765], [-66.28481367081943, 18.383941916708924], [-66.28270505332583, 18.38419359040977], [-66.2817787945932, 18.384304143871407], [-66.28311546678682, 18.38414460557733], [-66.28354378674152, 18.384093483518225], [-66.27941043121143, 18.384586819500846], [-66.2673861373121, 18.386021977159785], [-66.21315865433917, 18.39249428964364], [-66.2130283657377, 18.392509840218654], [-66.21332640006547, 18.392474268379537], [-66.21336833500976, 18.392469263241022], [-66.21366636933753, 18.392433691401905], [-66.21392246574645, 18.392403125056322], [-66.21389925787727, 18.392405895027803], [-66.2138528451135, 18.39241143461574], [-66.21342005212357, 18.39246309055325], [-66.21129800298121, 18.392716367386367], [-66.20707712032448, 18.393220150155077], [-66.20711905824332, 18.393215144661536], [-66.20726807391993, 18.39319735891949], [-66.20703070756069, 18.393225689743012], [-66.20698429182237, 18.393231229685973], [-66.20661216680097, 18.393275644607886], [-66.20641673538601, 18.393298970292893], [-66.20635159257256, 18.39330674540289], [-66.20628644975909, 18.393314520512885], [-66.22810308770893, 18.39071059920922], [-66.24130973855951, 18.389134321527063], [-66.24299981348366, 18.388932602907087], [-66.24250187470574, 18.388992034309616], [-66.24320949893851, 18.388907575933445], [-66.24619796240096, 18.388550888358896], [-66.24550459039837, 18.38863364566243], [-66.2459935801313, 18.38857528237173], [-66.2482467336723, 18.388306357594256], [-66.24901950071855, 18.388214124108092], [-66.24944782067324, 18.388163002048984], [-66.2496387742687, 18.388140210813397], [-66.24355111532255, 18.388866802365033], [-66.24721952211337, 18.388428960264196], [-66.24747561852229, 18.388398393918617], [-66.24749434857198, 18.38839615839656], [-66.24639138847408, 18.388527802021148], [-66.07956179410328, 18.40843972134914], [-66.15701373894467, 18.399195456964858], [-66.1734702510421, 18.397231292617764], [-66.29094244115389, 18.38321041831416], [-66.29833543415124, 18.38232802882739]], [[-66.12424018568258, 18.403107139128316], [-66.37460632346655, 18.373224729134954], [-66.19593420051149, 18.394550111552075], [-66.19333659509468, 18.394860148327627], [-66.20751875112374, 18.39316743938223], [-66.19985092688356, 18.39408263130766], [-66.20034886747119, 18.394023199689133], [-66.20065137185965, 18.393987094326643], [-66.20369072590536, 18.393624332714733], [-66.20478920999348, 18.393493223323574], [-66.20739576626501, 18.393182118220196], [-66.20950885679385, 18.39292991064095], [-66.21024416671527, 18.392842147843876], [-66.21690020267921, 18.39204771774496], [-66.21778452827725, 18.391942169205837], [-66.21832440678375, 18.39187773209377], [-66.2003410906435, 18.394024127891136], [-66.19851625227294, 18.394241931180527], [-66.18730218254466, 18.395580384664214], [-66.17677252918, 18.396837149743217], [-66.17572046263992, 18.396962718975416], [-66.1747754720479, 18.39707550817511], [-66.17312286019765, 18.397272755395942], [-66.17235009315141, 18.397364988882106], [-66.17181469246441, 18.39742889154475], [-66.17160053099978, 18.397454452751816], [-66.17134443459086, 18.3974850190974], [-66.17126056172772, 18.39749502972945], [-66.17167015163274, 18.3974461431924], [-66.17190752096653, 18.397417812013853], [-66.1720797445123, 18.397397256300323], [-66.17259641036537, 18.397335589730762], [-66.17304793521468, 18.3972816980552], [-66.17918283048061, 18.39654946862024], [-66.18547935132561, 18.39579794839035], [-66.15563052839882, 18.399360549836427], [-66.15357280627275, 18.39960614892889], [-66.15857092901096, 18.39900959879562], [-66.15230857882561, 18.399757040591922], [-66.14417579808736, 18.400727727325194], [-66.14253213411727, 18.40092390657323], [-66.13807223798933, 18.40145621675624], [-66.13607517607298, 18.401694575759155], [-66.13168041797425, 18.402219111403195], [-66.12960396101424, 18.402466946588742], [-66.12943621528795, 18.402486967852845], [-66.13110225878695, 18.40228811749974], [-66.13138603790998, 18.40225424708828], [-66.13123702223338, 18.402272032830325], [-66.12520390632429, 18.40299211440657], [-66.12471044355613, 18.40305101157567], [-66.12438920433374, 18.403089353031245], [-66.12424018568258, 18.403107139128316]], [[-66.12118497710604, 18.444386166018727], [-66.1641765327493, 18.444229033140417], [-66.16929373321416, 18.44421032992235], [-66.16963369639534, 18.44420908736686], [-66.17002010523237, 18.444207675053846], [-66.16042790868791, 18.444242734251457], [-66.16302477467168, 18.4442332427822], [-66.1624445362777, 18.444235363536553], [-66.11096027675617, 18.44442353699945], [-66.12141845888601, 18.44438531264964], [-66.12118497710604, 18.444386166018727]], [[-66.38073905575983, 18.44343750345105], [-66.09523707290472, 18.444481004849152], [-66.096039842715, 18.44447807074899], [-66.09944765866011, 18.44446561528136], [-66.10044841719586, 18.444461957538184], [-66.09051030176636, 18.444498281059474], [-66.13366587400245, 18.444340548705217], [-66.11170037481217, 18.444420831962642], [-66.11307520335843, 18.444415807004532], [-66.02768622097666, 18.444727901238004], [-66.0275428602958, 18.444728425217104], [-66.02772171626886, 18.444727771503754], [-66.02748005433784, 18.444728654771044], [-66.02757835558799, 18.44472829548285], [-66.02736262033528, 18.4447290839889], [-66.02687929647324, 18.444730850523484], [-66.02699534425065, 18.444730426372253], [-66.02669087139324, 18.444731539211645], [-66.02678917264339, 18.44473117992345], [-66.02646695598948, 18.4447323576159], [-66.02640414779381, 18.444732587178024], [-66.02801107637029, 18.44472671390109], [-66.0246946290704, 18.44473883541905], [-66.29893663688648, 18.443736488900587], [-66.38073905575983, 18.44343750345105]], [[-66.04020741802228, 18.531053990491277], [-66.03936177063274, 18.531308098149417], [-66.04034649227117, 18.530989978045778], [-66.02697511766114, 18.534912455131757], [-66.03117794020616, 18.53353350458421], [-66.03078066073031, 18.533646298324644], [-66.03106727953939, 18.533554411245763], [-66.01729264404317, 18.537892712855108], [-66.03327797945857, 18.53279711667187], [-66.03674581078755, 18.53165136849395], [-66.02848497071076, 18.53428756830549], [-66.02877158951983, 18.534195681226613], [-66.02837431004399, 18.534308474967048], [-66.03070139690101, 18.533472586266587], [-66.02575236878845, 18.534954776094512], [-66.02791197577652, 18.534226003070934], [-66.02317304668395, 18.535536419039055], [-66.02345966549304, 18.535444531960177], [-65.98711943275538, 18.546385768448527], [-65.98740605156445, 18.54629388136965], [-65.92754042448846, 18.564755265255172], [-65.9578310148917, 18.555202251294233], [-65.97713339970576, 18.549385637626514], [-66.08028138548678, 18.516897812508763], [-66.08278144376197, 18.516142457506167], [-66.07496025860365, 18.518846544980192], [-66.11430324885589, 18.506583261767634], [-66.11804623399647, 18.50546100536646], [-66.11127232044309, 18.50770307488347], [-66.12104277088558, 18.50468732763798], [-66.11687683672724, 18.506059308840662], [-66.17187915037405, 18.488460122378683], [-66.17264828593656, 18.488126125387055], [-66.17165509398684, 18.488408107678573], [-66.1768653095572, 18.486725623813577], [-66.2752432165854, 18.455497492618196], [-66.29503981787224, 18.449078053342355], [-66.27804434539128, 18.454383357565913], [-66.2826359691388, 18.45285547801837], [-66.31216888101494, 18.443521084745992], [-66.35877153098204, 18.428376768596177], [-66.35797697652362, 18.428602354704], [-66.35852752683071, 18.42840399886518], [-66.37987910514329, 18.421634178070082], [-66.44334041099032, 18.401833074397498], [-66.45208352513663, 18.399200104065525], [-66.4491520475324, 18.40016904605751], [-66.48028528614567, 18.390513442479218], [-66.47334114868315, 18.392768802395977], [-66.47397395403696, 18.39259264312698], [-66.51523229994875, 18.379873157925203], [-66.4022024784755, 18.41613365394743], [-66.34258884049426, 18.4350946241607], [-66.30436067799486, 18.447430319722233], [-66.3042358082904, 18.447472779962283], [-66.32001378525723, 18.442642784095497], [-66.27149552796011, 18.458488644372935], [-66.16469478804213, 18.492647741804525], [-66.11409441633067, 18.508320903930148], [-66.12202627011784, 18.505595907242004], [-66.1092677610596, 18.509421467475534], [-66.03992079921319, 18.531145877570154], [-66.04020741802228, 18.531053990491277]], [[-66.16856763661319, 18.492161357248282], [-66.16996384676517, 18.491708889825713], [-66.16752335173237, 18.492471861090117], [-66.17307976527835, 18.49070510130292], [-66.1663684016915, 18.49280327296655], [-66.17176031862387, 18.490992115920573], [-66.16331802783107, 18.493511646968216], [-66.17426635034732, 18.489933732687604], [-66.15854222280716, 18.4948290283556], [-66.172050166841, 18.490503375334196], [-66.1604919654971, 18.49402669235207], [-66.16622433371658, 18.492188953327073], [-66.16469478804213, 18.492647741804525], [-66.27149552796011, 18.458488644372935], [-66.32001378525723, 18.442642784095497], [-66.3042358082904, 18.447472779962283], [-66.30436067799486, 18.447430319722233], [-66.34258884049426, 18.4350946241607], [-66.51521809887312, 18.379894708951138], [-66.55210638954814, 18.36841594920843], [-66.51260139852081, 18.380974001398222], [-66.51127897310428, 18.381412527578494], [-66.51523480477384, 18.380212321415133], [-66.4722333216582, 18.394204568332146], [-66.47144724547313, 18.39446628969953], [-66.48473362998278, 18.390427788020506], [-66.46847862883621, 18.395687542981257], [-66.46108886300694, 18.398178043465897], [-66.46125061211154, 18.39812861662707], [-66.45910222743704, 18.398987350187337], [-66.45228295171691, 18.401200252416608], [-66.5126315764209, 18.382006081206754], [-66.60109946889658, 18.35434838986004], [-66.48599253020383, 18.391114518635916], [-66.42607831951509, 18.40994358618864], [-66.42287441519085, 18.410982866979655], [-66.4333741305783, 18.407791604829548], [-66.34789106731034, 18.435036336695724], [-66.20364251031368, 18.481327097159518], [-66.20348076120908, 18.481376523998346], [-66.20389224522935, 18.48124217805246], [-66.20047276279126, 18.482265579402934], [-66.20215558379024, 18.48172122745405], [-66.20056647038012, 18.48217240104274], [-66.20181512800986, 18.481747810806112], [-66.20114543876262, 18.48193093804693], [-66.2015569227829, 18.48179659210105], [-66.19598356412108, 18.483491077637044], [-66.16856763661319, 18.492161357248282]], [[-66.26983842508491, 18.461688631898074], [-66.26650119769354, 18.462734229818373], [-66.26678781650261, 18.462642342739496], [-66.26633944409566, 18.462783658030247], [-66.26769875789888, 18.462338162505105], [-66.26983842508491, 18.461688631898074]], [[-66.2728322224271, 18.46082112751942], [-66.26901546500643, 18.461957321237282], [-66.27524155983755, 18.46000743676183], [-66.27507981073296, 18.46005686360066], [-66.27536642954203, 18.459964976521782], [-66.27147016111486, 18.461172798946947], [-66.28046324489868, 18.458209572668164], [-66.27145644193828, 18.460703672367767], [-66.27937957476817, 18.458187879812375], [-66.27683414533966, 18.458914070273323], [-66.27712076414875, 18.458822183194446], [-66.2438192055522, 18.46941576137651], [-66.24349569835644, 18.469514617800254], [-66.2485072764355, 18.46788853011895], [-66.2332374902573, 18.472339483638873], [-66.23352410906637, 18.472247596559995], [-66.21564609734041, 18.477813978966076], [-66.21605758136069, 18.47767963302019], [-66.20317993336229, 18.48148996465572], [-66.34789106731034, 18.435036336695724], [-66.4321396740242, 18.408194644040243], [-66.45340028429484, 18.40161182825551], [-66.41633554561639, 18.413652248573214], [-66.4944455489558, 18.389215629655677], [-66.4936028882904, 18.389318223198636], [-66.54122988782954, 18.373942644250487], [-66.59412319858275, 18.357534389225915], [-66.49862818105277, 18.388161263469556], [-66.4774440950645, 18.394823964662166], [-66.47456370589809, 18.395764386476877], [-66.47821023594081, 18.394641484338283], [-66.44131871585772, 18.40651709758849], [-66.45164819937395, 18.403339128390694], [-66.44394638338433, 18.405813108996018], [-66.45135285511431, 18.403640220975372], [-66.44745086041607, 18.404905730865547], [-66.36241616506179, 18.432009148814014], [-66.38806677037125, 18.42410636515367], [-66.43457547006557, 18.40930056675636], [-66.38629274313969, 18.42508306013219], [-66.33880206584716, 18.44030080391027], [-66.29925495002321, 18.45243283275226], [-66.27254560361801, 18.460913014598297], [-66.2728322224271, 18.46082112751942]], [[-66.27517053159768, 18.46011519935565], [-66.27558201561796, 18.459980853409768], [-66.2738027395211, 18.46052455962123], [-66.27778698477279, 18.459281247673925], [-66.27504566638649, 18.460157658222656], [-66.27533228519556, 18.46006577114378], [-66.27517053159768, 18.46011519935565]], [[-66.28484786511777, 18.459101466375348], [-66.28324346331783, 18.45959926211741], [-66.28399541100161, 18.45904597314862], [-66.2802855419718, 18.459799709320098], [-66.28090197151603, 18.459428641368618], [-66.28033471033085, 18.45961914555855], [-66.28103748770332, 18.459246421386702], [-66.27885574770558, 18.459719370195288], [-66.27912078856357, 18.45953466432973], [-66.27900229782023, 18.45946508960601], [-66.27912174547834, 18.45924725259896], [-66.28073813616817, 18.45838998555416], [-66.27317497267066, 18.460834237509637], [-66.27673083063183, 18.457712462408626], [-66.27394369306498, 18.458484419596726], [-66.2760680995683, 18.457401861000136], [-66.2765660383692, 18.45696121832494], [-66.28267230709618, 18.45447306979148], [-66.29643190970431, 18.44838936825282], [-66.2995351683655, 18.446677319011467], [-66.30605207115038, 18.444037595753944], [-66.30629504610589, 18.44399701006771], [-66.3056836531157, 18.444475754616292], [-66.3132688825157, 18.44188738248149], [-66.31232816674179, 18.44240836893667], [-66.31714232905637, 18.440627569979704], [-66.31608816104541, 18.44118665727287], [-66.32173367044068, 18.43931805895579], [-66.32949446428916, 18.435864140223345], [-66.3331057407161, 18.433926798394808], [-66.33627136942575, 18.43293203553856], [-66.34141294459904, 18.431683816065746], [-66.34718293820646, 18.42970505733872], [-66.35137250584145, 18.427505152783684], [-66.34811045033872, 18.428286221772282], [-66.34706323271135, 18.42837816220101], [-66.3476364893176, 18.428007921842013], [-66.35715735713079, 18.424304688597008], [-66.3630909262968, 18.42181985457507], [-66.37004843634044, 18.41812987781895], [-66.37445891498068, 18.41603350672161], [-66.37586855522167, 18.4156831435996], [-66.37515474392183, 18.41612792837881], [-66.37531136909685, 18.41608899994834], [-66.38074604449947, 18.414332219296973], [-66.38137159414157, 18.414463914199672], [-66.38382341350362, 18.413913935087237], [-66.38235261601369, 18.41480433327353], [-66.38381550620528, 18.414668493682445], [-66.38318804468592, 18.415111621205888], [-66.38599724620302, 18.41419554487386], [-66.38478549610228, 18.415080972328266], [-66.38059184492349, 18.41688579062622], [-66.37622957967979, 18.419089008657384], [-66.37097168347742, 18.421237563125096], [-66.3680852522777, 18.42265805956707], [-66.3679175931753, 18.4227690486049], [-66.36815457466199, 18.422908198052337], [-66.36795981115078, 18.42305563170779], [-66.36272806439472, 18.425455152253253], [-66.36227929395288, 18.425715231166905], [-66.36220302118502, 18.425932239546075], [-66.36058663049519, 18.426789506590872], [-66.34905289458618, 18.43211202105602], [-66.33733134945405, 18.437114820241387], [-66.33013181941742, 18.44055797198837], [-66.30398481278549, 18.450651373338992], [-66.29773894432742, 18.452926655597288], [-66.29759838963382, 18.453001200017496], [-66.29822489619067, 18.452845483189428], [-66.29379330856268, 18.45479856273532], [-66.290976197795, 18.456469198697956], [-66.28484786511777, 18.459101466375348]], [[-66.3318630240104, 18.453852606174618], [-66.32431593099433, 18.456332474119836], [-66.33202538676947, 18.45208920943032], [-66.33315990913984, 18.451708201050458], [-66.33434959529033, 18.450966892739984], [-66.33489070898146, 18.450525421436904], [-66.3351355977665, 18.44991001228913], [-66.33460238942143, 18.4495969260324], [-66.33469568958549, 18.449128121912196], [-66.33510224205185, 18.44858145989566], [-66.33111942486569, 18.450274460527904], [-66.32416287173683, 18.453677025553255], [-66.31974926646754, 18.455090898662746], [-66.31215804359871, 18.45785900593122], [-66.32614047028848, 18.45130401540118], [-66.33188119172507, 18.44839179053776], [-66.32597159838656, 18.450157682989623], [-66.32722052990873, 18.449451162041004], [-66.32228787685081, 18.451162386274248], [-66.32668732156367, 18.449138075784273], [-66.32702263976847, 18.448916097708608], [-66.32341927259212, 18.45009887990654], [-66.32796526937192, 18.44782028779189], [-66.32606368379885, 18.44843155845543], [-66.32632872465685, 18.44824685258987], [-66.33025133955657, 18.446806476326536], [-66.33318598415285, 18.44549282681839], [-66.34107821454931, 18.441461599776154], [-66.34430691433742, 18.439351978394082], [-66.34549564357314, 18.438898081814376], [-66.34700770212379, 18.438581678461745], [-66.3508890559628, 18.43656730736475], [-66.34942520885645, 18.436990558686603], [-66.35044219739822, 18.436252563852253], [-66.3394253415158, 18.44030781643963], [-66.33521753368511, 18.441502195286308], [-66.32831709929887, 18.44425704968567], [-66.32259748880229, 18.44731256506514], [-66.32535152849151, 18.44675678762833], [-66.32194101099685, 18.448366959632352], [-66.32582957110418, 18.44743017485108], [-66.30016851438326, 18.457442404829234], [-66.29808319922635, 18.458129048540865], [-66.29768359714357, 18.458208563692963], [-66.29759221080904, 18.458102544351622], [-66.2981884882803, 18.45730077311793], [-66.30123154465504, 18.45584134824549], [-66.30098856969954, 18.455881933931717], [-66.30141023768482, 18.455658298600294], [-66.29995742255359, 18.456009490350183], [-66.3010818698636, 18.455413129811518], [-66.29885599806086, 18.456174318978753], [-66.29927766604614, 18.45595068364733], [-66.29873750926977, 18.45610474321964], [-66.29695945294635, 18.4568932641686], [-66.29453378107836, 18.457694210394187], [-66.29543636046833, 18.457281728128596], [-66.29488013321053, 18.457400171711164], [-66.29212921819808, 18.458638448171218], [-66.29031997782658, 18.45906832540993], [-66.28832604900421, 18.4598609884629], [-66.28880192385486, 18.459564464931628], [-66.28838625129065, 18.459608364093988], [-66.2859114110636, 18.460589874081126], [-66.28616038144017, 18.460369552225828], [-66.29160200722636, 18.458145624710024], [-66.296686246953, 18.456287796484606], [-66.30582957858591, 18.452519958212374], [-66.31738129685363, 18.44665823731082], [-66.33675305434149, 18.43737738503868], [-66.34905289458618, 18.43211202105602], [-66.36058663049519, 18.426789506590872], [-66.36220302118502, 18.425932239546075], [-66.36227929395288, 18.425715231166905], [-66.36272806439472, 18.425455152253253], [-66.36795981115078, 18.42305563170779], [-66.36815457466199, 18.422908198052337], [-66.3679175931753, 18.4227690486049], [-66.3680852522777, 18.42265805956707], [-66.37057711990096, 18.421424753838902], [-66.37680787284009, 18.41882644489549], [-66.38059184492349, 18.41688579062622], [-66.38478549610228, 18.415080972328266], [-66.38599724620302, 18.41419554487386], [-66.38895299978704, 18.413025186917157], [-66.39255132845707, 18.411734729157523], [-66.39406842551402, 18.411526001366592], [-66.39608346332413, 18.41087662986507], [-66.39532048366523, 18.411501978405823], [-66.39298020466295, 18.41258867910642], [-66.39288282290734, 18.41266239593415], [-66.39369305904803, 18.412431306057986], [-66.39333063643441, 18.412689728751268], [-66.3935625794148, 18.412721202637], [-66.3932322997163, 18.413050856274367], [-66.38999352291559, 18.41494512653303], [-66.39026864078622, 18.414975771790886], [-66.38886308213678, 18.415721222205367], [-66.38580994874941, 18.416965295954398], [-66.3857125669938, 18.417039012782126], [-66.38686316179786, 18.416693619356607], [-66.38696558010751, 18.416727579125983], [-66.38653288014712, 18.417023274029372], [-66.38700276152895, 18.41690648563177], [-66.3856674802263, 18.41761466383615], [-66.3876774795301, 18.416857616772923], [-66.38720664318575, 18.417261815865896], [-66.3872277521735, 18.41740510741734], [-66.38762136078746, 18.41750532739891], [-66.38662643814818, 18.418099202053934], [-66.38801496744918, 18.417605548415878], [-66.38957715127363, 18.416821169570923], [-66.39614226745508, 18.414288293247225], [-66.39973147602726, 18.41249507263341], [-66.40445138321527, 18.41147048849202], [-66.40998057158147, 18.410502225169846], [-66.40993140322242, 18.410682788931396], [-66.40782306720051, 18.411800963517724], [-66.40869254871288, 18.41160466100342], [-66.4126904794657, 18.410234688091688], [-66.42723226199456, 18.40424375093153], [-66.43482252990088, 18.401763054358433], [-66.43876026031953, 18.400645704780214], [-66.44421195801472, 18.398637130481543], [-66.44266992626324, 18.39985221260871], [-66.43841008128145, 18.402089389373852], [-66.43825849266048, 18.402235994401423], [-66.43847436320718, 18.40223185333281], [-66.43797138589997, 18.402564820446305], [-66.43795939701009, 18.40292429174904], [-66.43774256954863, 18.403215844548424], [-66.43649363802648, 18.40392236549704], [-66.41800526281813, 18.412072621525997], [-66.41047641510139, 18.41555801308585], [-66.3949390108555, 18.423974968776562], [-66.38736003471358, 18.427928336887064], [-66.38332804721611, 18.429801902316253], [-66.37999788408085, 18.43159015323358], [-66.38101895421418, 18.431247245691704], [-66.35014082306313, 18.447358899956136], [-66.3318630240104, 18.453852606174618]], [[-66.4126904794657, 18.410234688091688], [-66.40782306720051, 18.411800963517724], [-66.40993140322242, 18.410682788931396], [-66.40998057158147, 18.410502225169846], [-66.40445138321527, 18.41147048849202], [-66.39934794442591, 18.412610203775248], [-66.39860199216321, 18.412983756574974], [-66.39900159424599, 18.412904241422876], [-66.39883393514359, 18.413015230460708], [-66.39614226745508, 18.414288293247225], [-66.38662643814818, 18.418099202053934], [-66.38762136078746, 18.41750532739891], [-66.3872277521735, 18.41740510741734], [-66.38720664318575, 18.417261815865896], [-66.38773672490177, 18.41689240413478], [-66.3856674802263, 18.41761466383615], [-66.38700276152895, 18.41690648563177], [-66.38653288014712, 18.417023274029372], [-66.38696558010751, 18.416727579125983], [-66.38686316179786, 18.416693619356607], [-66.3857125669938, 18.417039012782126], [-66.39026864078622, 18.414975771790886], [-66.38999352291559, 18.41494512653303], [-66.3932322997163, 18.413050856274367], [-66.3935625794148, 18.412721202637], [-66.39333063643441, 18.412689728751268], [-66.39369305904803, 18.412431306057986], [-66.39288282290734, 18.41266239593415], [-66.39298020466295, 18.41258867910642], [-66.39532048366523, 18.411501978405823], [-66.39608346332413, 18.41087662986507], [-66.39406842551402, 18.411526001366592], [-66.39255132845707, 18.411734729157523], [-66.38318804468592, 18.415111621205888], [-66.38381550620528, 18.414668493682445], [-66.38235261601369, 18.41480433327353], [-66.38382341350362, 18.413913935087237], [-66.38137159414157, 18.414463914199672], [-66.38100508993641, 18.414327249600483], [-66.38031933800788, 18.414448179066692], [-66.4074840342116, 18.401784637970792], [-66.41323578567105, 18.398800354570803], [-66.41883403858452, 18.396537497589133], [-66.4194886045127, 18.396057925448066], [-66.42523340558857, 18.393540788912517], [-66.43571609816343, 18.38945986076378], [-66.43851618153492, 18.388041020542172], [-66.4550055894146, 18.38057575200448], [-66.48543763551213, 18.368783550661842], [-66.5105064983056, 18.359968178174455], [-66.52530636935666, 18.35425968304858], [-66.52623005968663, 18.353990491299037], [-66.52531045290046, 18.354654769305657], [-66.52716382507697, 18.353936651708295], [-66.52749818321564, 18.35400208642173], [-66.54188646524628, 18.348732576715292], [-66.54727700884389, 18.34726403642258], [-66.54556323639846, 18.348195020295105], [-66.54001919230261, 18.350384988041533], [-66.54470791349027, 18.349001761225292], [-66.54030247335633, 18.351205807884334], [-66.54170611817625, 18.35103518093139], [-66.54150032268991, 18.35125467415881], [-66.53877147357997, 18.35234883043954], [-66.54019718430239, 18.35203408330727], [-66.53503067638682, 18.354288656080925], [-66.53353781494665, 18.355323173411147], [-66.53369947862798, 18.35539192054238], [-66.53634102299493, 18.35458683221279], [-66.53582197325404, 18.354884184371937], [-66.53297463535301, 18.355908764893552], [-66.52942356121251, 18.35759348235318], [-66.5215553085958, 18.360905766789944], [-66.5210523312886, 18.361238733903438], [-66.52151117874305, 18.361194006113198], [-66.52137566060351, 18.36137622713051], [-66.51811673172982, 18.36283979410696], [-66.51908359499778, 18.362569774764932], [-66.51977438348037, 18.36255652189582], [-66.51866600860404, 18.36318849738883], [-66.5129543054058, 18.36548945417309], [-66.51303057817366, 18.36527244579392], [-66.5140797076783, 18.36460568293905], [-66.51125947223383, 18.36559381987844], [-66.50952867239221, 18.366776599491995], [-66.50234617170403, 18.36996795446255], [-66.50122076943153, 18.37085172569659], [-66.48590019459934, 18.378977127552524], [-66.48427493969642, 18.380876364923303], [-66.48431212111785, 18.38105527142909], [-66.48531112534867, 18.38085648406654], [-66.48517968880068, 18.381433792376328], [-66.48350813628299, 18.382651358316345], [-66.46659418967374, 18.391202497377776], [-66.45199099401117, 18.396188736422054], [-66.44421195801472, 18.398637130481543], [-66.43876026031953, 18.400645704780214], [-66.43482252990088, 18.401763054358433], [-66.42723226199456, 18.40424375093153], [-66.4126904794657, 18.410234688091688]], [[-66.39049543433762, 18.42628751962519], [-66.41047641510139, 18.41555801308585], [-66.41800526281813, 18.412072621525997], [-66.43649363802648, 18.40392236549704], [-66.43774256954863, 18.403215844548424], [-66.43795939701009, 18.40292429174904], [-66.43797138589997, 18.402564820446305], [-66.43847436320718, 18.40223185333281], [-66.43825849266048, 18.402235994401423], [-66.43841008128145, 18.402089389373852], [-66.44266992626324, 18.39985221260871], [-66.44421195801472, 18.398637130481543], [-66.45199099401117, 18.396188736422054], [-66.46120269111361, 18.392958448365864], [-66.47080799487777, 18.389828381326637], [-66.4815989012486, 18.38556191971986], [-66.4947492837322, 18.38092687139007], [-66.4945103923205, 18.38136254333338], [-66.49478046973256, 18.381285514064924], [-66.49438495119358, 18.3817601154741], [-66.49024359500288, 18.384066867998357], [-66.49509997529294, 18.382572652144283], [-66.49529378188939, 18.3827126302196], [-66.49421754797594, 18.38341583769209], [-66.49422258648225, 18.383523513253795], [-66.49466536345527, 18.383443169473818], [-66.49444349748751, 18.383627046711492], [-66.4916374206472, 18.38522562206677], [-66.48506127249064, 18.38783055796243], [-66.48414166570446, 18.388494835969055], [-66.48543785370842, 18.388182573685032], [-66.48530233556887, 18.388364794702344], [-66.4839941606273, 18.389036527253705], [-66.48598713058264, 18.388531276966905], [-66.47778260284637, 18.3923529512101], [-66.47425767815217, 18.39428863474748], [-66.46824279771198, 18.396882801586884], [-66.46931902967317, 18.39617959514979], [-66.44257670053248, 18.406787357038734], [-66.43986896236254, 18.408024803835513], [-66.43630086277808, 18.40996131600077], [-66.43066638535795, 18.411757854745886], [-66.42447376880274, 18.41424765949971], [-66.4224587329449, 18.414897029965836], [-66.42273480577802, 18.414640264528316], [-66.42250790130396, 18.414716466204286], [-66.4057802971858, 18.420785264880553], [-66.40141395035054, 18.42259339561924], [-66.39333773253323, 18.4251552635648], [-66.39049543433762, 18.42628751962519]], [[-66.40051438351355, 18.526350030187917], [-66.40070149123727, 18.526224116285135], [-66.40359738842957, 18.524298397232975], [-66.40892141610372, 18.520761742136703], [-66.42406004914336, 18.510666502803424], [-66.42882275116611, 18.50750759044369], [-66.44592601270594, 18.496090256880116], [-66.44512243885852, 18.49642338089801], [-66.45008932287608, 18.493034780806553], [-66.45536213269746, 18.489809445140708], [-66.46003555326512, 18.486687544012128], [-66.46304173896135, 18.485102886397527], [-66.46977625566315, 18.482601157959287], [-66.4732246017423, 18.480857375302946], [-66.47462790707135, 18.479913022780995], [-66.4764306971452, 18.479068974956157], [-66.47667294782146, 18.479113592646605], [-66.49103585541462, 18.472216623867414], [-66.49026182067247, 18.472875936416653], [-66.49143960748708, 18.472290985621395], [-66.49203900181995, 18.472187548307026], [-66.49879126697175, 18.46856646438117], [-66.49877419518091, 18.46867023718191], [-66.50339572619713, 18.46687523611424], [-66.50976164573584, 18.46256822747217], [-66.51335049372172, 18.460476112405345], [-66.52137836687764, 18.456181177789706], [-66.52734806015175, 18.453271293327553], [-66.5411289797528, 18.4458661996212], [-66.53922802886042, 18.44730693955845], [-66.54731991925318, 18.442622858431882], [-66.55174255448928, 18.43950822549913], [-66.55460003829201, 18.437815996019786], [-66.55908208380828, 18.434845951737124], [-66.56238600040068, 18.432968651495806], [-66.56158669636116, 18.433275831542367], [-66.56162510467162, 18.433042344746646], [-66.56110219240978, 18.433186597910368], [-66.56316037477185, 18.431801546728682], [-66.56356019406655, 18.431394061985007], [-66.56268440795601, 18.431660426182216], [-66.56479807041937, 18.429938115404067], [-66.5675065228578, 18.428646100723675], [-66.5718096581569, 18.426257875647213], [-66.5731958916951, 18.425417295926003], [-66.57641512870994, 18.423043274531913], [-66.57689996721122, 18.42262471872312], [-66.57675127039683, 18.42251714408128], [-66.57704900117439, 18.42222450217527], [-66.57913705979048, 18.420657848335235], [-66.57956248801158, 18.420094703876348], [-66.57733460686538, 18.420994104970383], [-66.57577440461655, 18.421374979295976], [-66.5823487734777, 18.41681233997905], [-66.58473490002012, 18.41444525304331], [-66.59297908037603, 18.410858385274125], [-66.59498144548802, 18.41031838487859], [-66.59695000416711, 18.40947813889485], [-66.60359164118597, 18.406023785749323], [-66.60329390780954, 18.40631642940424], [-66.612920054376, 18.401914924856975], [-66.61673408384617, 18.399971198532445], [-66.61869410538971, 18.399182839463172], [-66.62388156133603, 18.396476365023936], [-66.6252763321284, 18.39558389766755], [-66.62698130101273, 18.39482874973724], [-66.6319051671643, 18.392207373351432], [-66.63498390487129, 18.390181682618923], [-66.63915473825043, 18.388597694228167], [-66.64560073300889, 18.385321140150985], [-66.65011658235922, 18.382651343205435], [-66.6520851410383, 18.381811097221696], [-66.65276101496194, 18.381748476784875], [-66.65409176839884, 18.381245156660125], [-66.65350484138041, 18.381778555306582], [-66.64774292065098, 18.385448392501456], [-66.6459184544285, 18.38692994653916], [-66.64321393216895, 18.388703809466108], [-66.63557700662228, 18.393150935693335], [-66.61545868758216, 18.406712603947476], [-66.61203561080038, 18.408808519106493], [-66.61167812999501, 18.409464365301005], [-66.61300888343192, 18.408961045176255], [-66.61194564996865, 18.40986111549413], [-66.60998528879608, 18.411157266781288], [-66.60988319779868, 18.41127211064715], [-66.61005750353947, 18.411224025573777], [-66.61003189721194, 18.411379683540087], [-66.60974270097107, 18.411620440280533], [-66.6074803416933, 18.41323517641684], [-66.60834332582091, 18.413046641049043], [-66.60802852065365, 18.413443057504697], [-66.60510701701521, 18.41552443524387], [-66.60579996532856, 18.415358040257406], [-66.60557871402315, 18.41569149976167], [-66.60320146176505, 18.41749890859325], [-66.60306096493743, 18.41784723822663], [-66.60176794303321, 18.419132654963242], [-66.59223826917983, 18.42547642365404], [-66.58817311722935, 18.427935209364087], [-66.5878625819886, 18.428305681127704], [-66.58818985187143, 18.42833922775304], [-66.58799847433981, 18.42849108562715], [-66.57522137792185, 18.434851520365534], [-66.57019115084637, 18.437613685309238], [-66.56659837776071, 18.439223949352407], [-66.56041597031675, 18.442415406404354], [-66.55573828502033, 18.445563248727165], [-66.55197547092268, 18.44719565664947], [-66.55337877625172, 18.446251304127518], [-66.55294088319644, 18.44638448622612], [-66.54918199927768, 18.44849874239498], [-66.54915212550391, 18.44868034402513], [-66.548280267092, 18.449428557497093], [-66.55248131139368, 18.44715517628649], [-66.55206015298049, 18.447692376774047], [-66.5542115495754, 18.446752160858857], [-66.55299535197007, 18.44757059947803], [-66.55257845828567, 18.44808185877135], [-66.54681227022859, 18.45177763890936], [-66.54567255469429, 18.452636893377885], [-66.5453364130074, 18.453163023828516], [-66.54695209535754, 18.45244488990646], [-66.54853397127475, 18.451426510396196], [-66.55107665498933, 18.45013069459541], [-66.55259485329873, 18.448993669378186], [-66.55271401608697, 18.448775052711586], [-66.55247176541071, 18.448730435021137], [-66.55571200179642, 18.44673449082176], [-66.56063553091784, 18.44462090490494], [-66.56149851504544, 18.444432369537143], [-66.56137508752842, 18.44467692739798], [-66.56043954890981, 18.445306496911883], [-66.55415045107115, 18.44914652918542], [-66.54795524176286, 18.452415814346068], [-66.54999174537743, 18.451668271126152], [-66.5503232825879, 18.45167587480835], [-66.55018705308792, 18.451998261498595], [-66.55479184686321, 18.449799243790874], [-66.5529378440157, 18.450954608269036], [-66.54754194122718, 18.453916712354932], [-66.53731179325258, 18.458955390098293], [-66.52871832971647, 18.463654008644706], [-66.52768496990836, 18.464372478053136], [-66.52735309554913, 18.464872665560634], [-66.52829683167427, 18.464699001350148], [-66.53178325151397, 18.463229521338878], [-66.54115894729878, 18.458327495546648], [-66.53650260112084, 18.46134562212558], [-66.52656131483722, 18.466651332569292], [-66.51869460332988, 18.471483804187052], [-66.51204801972534, 18.475979684711493], [-66.51040639130007, 18.477361269538452], [-66.50955126753023, 18.478513501399362], [-66.50847949941166, 18.479465457603514], [-66.5051798501469, 18.481316814901692], [-66.5040486692679, 18.482124183483947], [-66.50431652887055, 18.482013141459184], [-66.50422297500869, 18.482076098410573], [-66.4941119874607, 18.486896159794824], [-66.49273428845918, 18.48768485435047], [-66.49230066273155, 18.487792093505938], [-66.49258559164478, 18.487577279708628], [-66.49176921333417, 18.487988233584126], [-66.49195632105788, 18.487862319681348], [-66.49134838947087, 18.48801764463089], [-66.49234333836965, 18.48753266376708], [-66.49329594877909, 18.486799321452434], [-66.492505176796, 18.487054617361622], [-66.49281144730797, 18.486710086792243], [-66.49177842464863, 18.48692076501098], [-66.48951640251963, 18.488027709957596], [-66.4885552575735, 18.488812937437807], [-66.48707153987594, 18.489234626584558], [-66.48851291648529, 18.488564577735872], [-66.48992902627752, 18.487542395356314], [-66.49005672372107, 18.487271892803438], [-66.4873952142484, 18.48827853480184], [-66.48764634180782, 18.487763472639227], [-66.48688544607876, 18.487837165890067], [-66.48492115472732, 18.48865146893067], [-66.48558883362466, 18.488132942162235], [-66.48438117067464, 18.488899494895133], [-66.48481906372992, 18.48876631279653], [-66.48461488421535, 18.48899599950005], [-66.48363273977975, 18.489403150506256], [-66.48279502494952, 18.48994381837673], [-66.48352211672592, 18.48956987850949], [-66.48342856286406, 18.489632835460878], [-66.48232298831257, 18.49028454607682], [-66.48205513119018, 18.490395587073387], [-66.48252716782713, 18.4900548593733], [-66.48154075358364, 18.490487954350833], [-66.48285050505082, 18.48960655878027], [-66.48231052347839, 18.489854583716536], [-66.48259118506398, 18.489665712862365], [-66.48223830873502, 18.48978782492405], [-66.48242541645874, 18.48966191102127], [-66.48225538052586, 18.489684052123305], [-66.4806012872664, 18.490635674589985], [-66.48183028945353, 18.489739405392502], [-66.48032949748487, 18.49026486836819], [-66.48044012313757, 18.49009813861606], [-66.47904142476519, 18.490508755976986], [-66.4757801838109, 18.49212662647945], [-66.47531668442811, 18.49241546654436], [-66.47566956075705, 18.49229335448268], [-66.47556320243201, 18.492434141291675], [-66.47473402213846, 18.492922923996584], [-66.47411755601476, 18.493130134111695], [-66.4744917714622, 18.492878306306135], [-66.4730418577173, 18.493600242069288], [-66.47313541157916, 18.4935372851179], [-66.4701210283764, 18.49466603742908], [-66.46985743858166, 18.49475113548251], [-66.47012956551194, 18.49461415051461], [-66.4702231193738, 18.494551193563222], [-66.46864157800648, 18.495061783632696], [-66.46920290117764, 18.494684041924355], [-66.46785080614201, 18.495317078821177], [-66.46794436000387, 18.495254121869788], [-66.46637135837095, 18.49571282327589], [-66.46683485527349, 18.495423984239174], [-66.46648624875243, 18.495520152329526], [-66.46657980261429, 18.495457195378133], [-66.46433911948517, 18.496434425301576], [-66.46462404839839, 18.49621961150427], [-66.46329756228914, 18.49669698868588], [-66.4644838862393, 18.496060150976156], [-66.46487944068662, 18.495678608147422], [-66.46461158108397, 18.49578965017218], [-66.46470513494583, 18.495726693220792], [-66.46294895576808, 18.49679315677623], [-66.46064032522322, 18.49767768496405], [-66.462353826164, 18.496870652896366], [-66.46312359617737, 18.496237281541365], [-66.46315773716019, 18.496029737688783], [-66.46201835877466, 18.496381200967615], [-66.46211191263652, 18.496318244016223], [-66.45978194297317, 18.49733248794792], [-66.45987549683502, 18.49726953099653], [-66.4594546755706, 18.497298940294392], [-66.45954822943246, 18.497235983343], [-66.4577030982704, 18.497831671465903], [-66.45779665213226, 18.497768714514514], [-66.45025856170165, 18.50060356624994], [-66.4503521155635, 18.500540609298547], [-66.44728224966057, 18.502006622955093], [-66.43998641238647, 18.504886091352773], [-66.42844684761322, 18.5102983745052], [-66.4171573989531, 18.516718969064094], [-66.41436819463574, 18.51799611186647], [-66.40470689315994, 18.52412853486359], [-66.40051438351355, 18.526350030187917]], [[-66.61165206359033, 18.41670315934375], [-66.60833994701115, 18.418124555309845], [-66.60738767882958, 18.4183501036577], [-66.60521494063593, 18.419420036344963], [-66.60602738876766, 18.41852723422291], [-66.60894889240609, 18.416445856483733], [-66.60845158399152, 18.416434452709343], [-66.60876638915877, 18.416038036253685], [-66.60754626137457, 18.416374626626304], [-66.60391080497283, 18.418244324934328], [-66.60186576422272, 18.419043755068714], [-66.60306096493743, 18.41784723822663], [-66.60320146176505, 18.41749890859325], [-66.60557871402315, 18.41569149976167], [-66.60579996532856, 18.415358040257406], [-66.60510701701521, 18.41552443524387], [-66.60802852065365, 18.413443057504697], [-66.60834332582091, 18.413046641049043], [-66.6074803416933, 18.41323517641684], [-66.60974270097107, 18.411620440280533], [-66.61003189721194, 18.411379683540087], [-66.61005750353947, 18.411224025573777], [-66.60988319779868, 18.41127211064715], [-66.60998528879608, 18.411157266781288], [-66.61194564996865, 18.40986111549413], [-66.61300888343192, 18.408961045176255], [-66.61167812999501, 18.409464365301005], [-66.61203561080038, 18.408808519106493], [-66.61545868758216, 18.406712603947476], [-66.63557700662228, 18.393150935693335], [-66.64321393216895, 18.388703809466108], [-66.6459184544285, 18.38692994653916], [-66.64774292065098, 18.385448392501456], [-66.6539854151529, 18.381385940692024], [-66.66021476556261, 18.377909110958086], [-66.6619029998049, 18.376749944638824], [-66.66792390585265, 18.373528743523348], [-66.67280082655822, 18.37119274084773], [-66.6751987437559, 18.370271197930954], [-66.67984194832188, 18.367838692399317], [-66.68089631009973, 18.3674982984367], [-66.68261834817604, 18.36663937945455], [-66.68482522995137, 18.3653619011658], [-66.68442967538545, 18.365743444715243], [-66.68679805335924, 18.36449571398783], [-66.68704457396201, 18.36451438698624], [-66.68692114384612, 18.364758946595977], [-66.68944249104108, 18.36359284479017], [-66.68979109756214, 18.363496676699818], [-66.68973988726873, 18.363807992324947], [-66.6902756015135, 18.363585910331818], [-66.6950845772836, 18.36115720489238], [-66.69337926877024, 18.362420145040577], [-66.69425079003338, 18.36217972275831], [-66.69864320938643, 18.359754484701792], [-66.69900462285094, 18.35958048572564], [-66.69906403313112, 18.359725074375735], [-66.70383033078285, 18.35755579970335], [-66.70400463404339, 18.357507715658173], [-66.70362188146039, 18.357811430378202], [-66.7053012438986, 18.357211941134906], [-66.70445499441308, 18.357804494891656], [-66.70533931765917, 18.357486243779977], [-66.71546737451774, 18.352562410623182], [-66.71652173629558, 18.352222016660566], [-66.72508105625002, 18.347730943715636], [-66.72525535951056, 18.34768285967046], [-66.72445571844088, 18.348497830186005], [-66.72869483390426, 18.346498753369378], [-66.72693438491861, 18.34759116089615], [-66.72673020540405, 18.347820847599674], [-66.72696819135153, 18.347891406484358], [-66.72677681381991, 18.348043264358473], [-66.72432341652093, 18.34930206687171], [-66.72079824874174, 18.351512825896588], [-66.72094694555614, 18.351620400538426], [-66.71973928508636, 18.352386952243133], [-66.71607395502946, 18.3544382514606], [-66.71568266779119, 18.354793852066905], [-66.71592065373865, 18.354864410951592], [-66.7150786689819, 18.355431023514104], [-66.70773520948403, 18.35961144902955], [-66.70626788431927, 18.360944949811337], [-66.69277155400245, 18.368643021938272], [-66.68168134075147, 18.375875456144357], [-66.67878544355916, 18.37780117519652], [-66.6823568801252, 18.376320625148328], [-66.68259913080145, 18.376365242838776], [-66.6850311914622, 18.37523615504122], [-66.68433790351985, 18.375910342245575], [-66.68152702305387, 18.377824991260816], [-66.67504654768359, 18.381816881408465], [-66.6713595439583, 18.384505685810606], [-66.66725598369736, 18.38719795831637], [-66.6614395941943, 18.389681682259337], [-66.65991712607702, 18.390844651447892], [-66.65471653099901, 18.394136745906227], [-66.65134500154078, 18.39541355497113], [-66.6498865532592, 18.396187375899853], [-66.64662924248378, 18.39828709464887], [-66.64242393345332, 18.40058641705371], [-66.63672995765937, 18.404348957012402], [-66.62826845877582, 18.40875113078351], [-66.62675452779408, 18.409862213057597], [-66.6253810961202, 18.410624964670106], [-66.61401976986546, 18.416471009246816], [-66.61122663536923, 18.417266303802634], [-66.61165206359033, 18.41670315934375]], [[-66.52193830993592, 18.477052843589963], [-66.52112193410555, 18.477463796437267], [-66.52168752460436, 18.477060111785786], [-66.52116034501488, 18.477230307892643], [-66.52129657451485, 18.476907921202397], [-66.51929421448196, 18.477447918820832], [-66.51559081066449, 18.47922491539323], [-66.51570570364484, 18.47903224269796], [-66.5148043086079, 18.479454266610382], [-66.51537416891462, 18.47902463798757], [-66.51308687488938, 18.47977945218041], [-66.51338887559345, 18.47946086558236], [-66.51151421040524, 18.479730362396822], [-66.50972849212222, 18.480470637420918], [-66.50951611262089, 18.480244419849218], [-66.50880609511557, 18.480514585887523], [-66.50902734382211, 18.48018112813216], [-66.50693569477475, 18.480758140787046], [-66.50424004679952, 18.48197232560983], [-66.50847949941166, 18.479465457603514], [-66.50955126753023, 18.478513501399362], [-66.51040639130007, 18.477361269538452], [-66.51204801972534, 18.475979684711493], [-66.51869460332988, 18.471483804187052], [-66.52656131483722, 18.466651332569292], [-66.53650260112084, 18.46134562212558], [-66.54115894729878, 18.458327495546648], [-66.53178325151397, 18.463229521338878], [-66.52829683167427, 18.464699001350148], [-66.52735309554913, 18.464872665560634], [-66.52768496990836, 18.464372478053136], [-66.52871832971647, 18.463654008644706], [-66.53731179325258, 18.458955390098293], [-66.54754194122718, 18.453916712354932], [-66.5529378440157, 18.450954608269036], [-66.55479184686321, 18.449799243790874], [-66.55018705308792, 18.451998261498595], [-66.5503232825879, 18.45167587480835], [-66.54999174537743, 18.451668271126152], [-66.54795524176286, 18.452415814346068], [-66.55415045107115, 18.44914652918542], [-66.56043954890981, 18.445306496911883], [-66.56137508752842, 18.44467692739798], [-66.56149851504544, 18.444432369537143], [-66.56063553091784, 18.44462090490494], [-66.55571200179642, 18.44673449082176], [-66.55247176541071, 18.448730435021137], [-66.55271401608697, 18.448775052711586], [-66.55259485329873, 18.448993669378186], [-66.55107665498933, 18.45013069459541], [-66.54853397127475, 18.451426510396196], [-66.54695209535754, 18.45244488990646], [-66.5453364130074, 18.453163023828516], [-66.54567255469429, 18.452636893377885], [-66.54681227022859, 18.45177763890936], [-66.55257845828567, 18.44808185877135], [-66.55299535197007, 18.44757059947803], [-66.5542115495754, 18.446752160858857], [-66.55206015298049, 18.447692376774047], [-66.55248131139368, 18.44715517628649], [-66.548280267092, 18.449428557497093], [-66.54915212550391, 18.44868034402513], [-66.54918199927768, 18.44849874239498], [-66.54982834165541, 18.44810992962152], [-66.55294088319644, 18.44638448622612], [-66.55337877625172, 18.446251304127518], [-66.55197547092268, 18.44719565664947], [-66.55573828502033, 18.445563248727165], [-66.56041597031675, 18.442415406404354], [-66.56659837776071, 18.439223949352407], [-66.57019115084637, 18.437613685309238], [-66.57649272107858, 18.43420361159069], [-66.5869821889214, 18.429105780485937], [-66.58818985187143, 18.42833922775304], [-66.58785404733331, 18.42835756701398], [-66.58873444040051, 18.427557467655745], [-66.59223826917983, 18.42547642365404], [-66.60232073154909, 18.418806799141173], [-66.60391080497283, 18.418244324934328], [-66.60754626137457, 18.416374626626304], [-66.60876638915877, 18.416038036253685], [-66.60845158399152, 18.416434452709343], [-66.60894889240609, 18.416445856483733], [-66.60602738876766, 18.41852723422291], [-66.60521494063593, 18.419420036344963], [-66.60738767882958, 18.4183501036577], [-66.60833994701115, 18.418124555309845], [-66.61131199172456, 18.416747441547827], [-66.61165206359033, 18.41670315934375], [-66.61122663536923, 18.417266303802634], [-66.61401976986546, 18.416471009246816], [-66.6253810961202, 18.410624964670106], [-66.62675452779408, 18.409862213057597], [-66.62826845877582, 18.40875113078351], [-66.63672995765937, 18.404348957012402], [-66.64242393345332, 18.40058641705371], [-66.64662924248378, 18.39828709464887], [-66.6498865532592, 18.396187375899853], [-66.65134500154078, 18.39541355497113], [-66.6539979738779, 18.3944587998872], [-66.65526931443576, 18.393810892861257], [-66.65991712607702, 18.390844651447892], [-66.6614395941943, 18.389681682259337], [-66.6687610403948, 18.386646554146445], [-66.66757864662353, 18.387765240102727], [-66.66484032052993, 18.389238855692568], [-66.66324563766928, 18.390335066088635], [-66.66235244013887, 18.39121299530447], [-66.66103842134405, 18.392120333818173], [-66.66218633438488, 18.391716984653065], [-66.66215219340206, 18.391924528505648], [-66.6604639591598, 18.39308369482491], [-66.64607836137284, 18.402141545134945], [-66.6427833165845, 18.403459168300298], [-66.6380675575275, 18.406332707978038], [-66.60670212843522, 18.4265633315212], [-66.60656589893524, 18.426885718211448], [-66.6117149465711, 18.424412730567933], [-66.60750503058397, 18.427245788133792], [-66.60213933859939, 18.42951850012055], [-66.56880074387135, 18.45112310480848], [-66.56851581495812, 18.451337918605788], [-66.572806145794, 18.44902752338693], [-66.57473202623613, 18.448446708890952], [-66.57456165067424, 18.448976642210877], [-66.57199695354365, 18.451417756134926], [-66.55666301787262, 18.461183002318666], [-66.55141648619602, 18.463237098667015], [-66.54773442397729, 18.46488437846734], [-66.54544286522328, 18.465665133854415], [-66.54498789789692, 18.465902089781956], [-66.54561290115616, 18.465642992752375], [-66.53640330852649, 18.470041030944913], [-66.53386095936182, 18.470829057304908], [-66.52968125417861, 18.47297272277163], [-66.52700233836521, 18.474590927011565], [-66.52647942610336, 18.474735180175287], [-66.52686217868636, 18.474431465455257], [-66.52620303432568, 18.474898107058124], [-66.5238687974533, 18.475938293212252], [-66.52255904338726, 18.476819690531716], [-66.52273761645569, 18.47674566251521], [-66.52138125669127, 18.477404640606267], [-66.52193830993592, 18.477052843589963]], [[-66.52564137412438, 18.475783639235452], [-66.52429781870453, 18.476364788189613], [-66.524944158602, 18.47597597644435], [-66.52367708525318, 18.47659794124786], [-66.52386846030454, 18.476446084401942], [-66.52333274357952, 18.47666816742327], [-66.5238983339597, 18.476264483492496], [-66.52281836585436, 18.476760535421423], [-66.52566305027301, 18.475146133022587], [-66.52593090739539, 18.475035092026022], [-66.5253567823599, 18.475490661843068], [-66.52613901708884, 18.475287253569057], [-66.52564137412438, 18.475783639235452]], [[-66.58752011868229, 18.451122743688753], [-66.58715870769804, 18.45129674163671], [-66.58752438600993, 18.451096800745617], [-66.58824294313104, 18.450774746764647], [-66.58891488935603, 18.450230277053073], [-66.58758413591913, 18.450733597177823], [-66.5855430253479, 18.452014875558767], [-66.58509659515708, 18.452199944571838], [-66.58556436446639, 18.45188515981489], [-66.58330660954643, 18.452966162539074], [-66.58397002123473, 18.452473577993068], [-66.58243935561093, 18.453180641878202], [-66.58272855433205, 18.45293988410956], [-66.58166139068989, 18.453358106180882], [-66.58212915740033, 18.45304332317283], [-66.58186130027794, 18.4531543641694], [-66.5819548541398, 18.453091407218007], [-66.58105345910288, 18.45351343113043], [-66.58171260346354, 18.45304678952756], [-66.57721450008296, 18.454597232013686], [-66.57080298605494, 18.45715844929969], [-66.56867753305492, 18.457435215338172], [-66.5689581946405, 18.457246344484002], [-66.56388169877818, 18.459278300451018], [-66.56397951996769, 18.45918940055649], [-66.56328230444532, 18.459381737765387], [-66.56338439296248, 18.459266894927723], [-66.56228342536765, 18.459384870382642], [-66.5607869033255, 18.459884388666293], [-66.56107183223874, 18.459669574868986], [-66.5597154723557, 18.46032855368075], [-66.56000040126892, 18.460113739883443], [-66.55666301787262, 18.461183002318666], [-66.57199695354365, 18.451417756134926], [-66.57456165067424, 18.448976642210877], [-66.57473202623613, 18.448446708890952], [-66.572806145794, 18.44902752338693], [-66.56851581495812, 18.451337918605788], [-66.56880074387135, 18.45112310480848], [-66.60213933859939, 18.42951850012055], [-66.60750503058397, 18.427245788133792], [-66.6117149465711, 18.424412730567933], [-66.60656589893524, 18.426885718211448], [-66.60670212843522, 18.4265633315212], [-66.62980102672545, 18.411572664339477], [-66.64241763827259, 18.403659109191388], [-66.6625322413542, 18.395683146387743], [-66.66186883226474, 18.396175729184847], [-66.6621662234133, 18.396390879496725], [-66.66156222460403, 18.397028050943923], [-66.6634414967489, 18.396224818968435], [-66.66301606852781, 18.39678796342732], [-66.67040613892179, 18.392829953642476], [-66.66948699791512, 18.394371332014316], [-66.66983133710853, 18.394301106867104], [-66.6799127881501, 18.389154855202605], [-66.68060573634483, 18.388988460936847], [-66.67597038953775, 18.392384664710494], [-66.66872542540828, 18.395460608672735], [-66.66055739009325, 18.39959608276026], [-66.65798022564823, 18.401607235352227], [-66.65001108859359, 18.40706234027664], [-66.64822537031057, 18.407802615300735], [-66.64598434755243, 18.409287637442063], [-66.650988291404, 18.407696714592955], [-66.65148986466598, 18.407682176452408], [-66.65144291910136, 18.407967550883303], [-66.65299065403576, 18.407156715225618], [-66.65709780732682, 18.4054540821561], [-66.6590112204545, 18.404443306328034], [-66.66362848414308, 18.402674248203496], [-66.673705328228, 18.398061731700025], [-66.67491265402927, 18.397802970156818], [-66.67487851304645, 18.3980105140094], [-66.67392590263701, 18.398743856324046], [-66.66837669607743, 18.402132120929124], [-66.65840485676202, 18.408635017438762], [-66.64761203973869, 18.416082599179628], [-66.64063391880508, 18.420570876742577], [-66.65387878713119, 18.41389565549834], [-66.6581175654458, 18.412404369871403], [-66.65864047770765, 18.41226011670768], [-66.65885678490763, 18.412968183554135], [-66.66215182721572, 18.411650561416977], [-66.6647959277488, 18.41125548340901], [-66.66709073990393, 18.411972159676072], [-66.66785983561977, 18.412354370700456], [-66.6684336236251, 18.412406591352397], [-66.67245968788848, 18.41119687759455], [-66.67721744828606, 18.40907949055734], [-66.67720464382286, 18.409157320414945], [-66.67542678849648, 18.41086129018325], [-66.67454639542927, 18.411661389541482], [-66.67427426849899, 18.411798374509377], [-66.67464848134757, 18.41154654845272], [-66.6741084972949, 18.411794574417183], [-66.67475483967262, 18.411405761643724], [-66.66677032153144, 18.414425681364026], [-66.6668638753933, 18.414362724412637], [-66.66103041409941, 18.416950221156345], [-66.6548946150713, 18.420364094967088], [-66.64790863626017, 18.42388867500873], [-66.64156012566107, 18.42758411966037], [-66.64048442488337, 18.428054228646157], [-66.64105854991885, 18.427598658829112], [-66.63908145658448, 18.428490790699126], [-66.64018703113595, 18.427839080083185], [-66.6402041029268, 18.427735307282443], [-66.64002552985836, 18.42780933529895], [-66.64011908372024, 18.42774637834756], [-66.63535312321726, 18.429407861830253], [-66.63210041939851, 18.430973845418247], [-66.62747462117326, 18.43279478870835], [-66.62423045460866, 18.434308884661167], [-66.61449402201852, 18.438369326742677], [-66.61252119353153, 18.43923551669775], [-66.60851152428123, 18.44135704106243], [-66.60547119748357, 18.44314924325032], [-66.60518626857034, 18.443364057047628], [-66.60553060776374, 18.443293831900416], [-66.60497355451909, 18.44364562891672], [-66.60389785622164, 18.444115736874313], [-66.60436989025972, 18.443775010923126], [-66.60166144042016, 18.44506702385462], [-66.6022398327833, 18.444585511094438], [-66.6019719756609, 18.444696552091003], [-66.59925925601344, 18.446014508993827], [-66.59814514432641, 18.446718106524237], [-66.597800805133, 18.44678833167145], [-66.59819635710006, 18.446406789870913], [-66.59667849593944, 18.44703602389844], [-66.59475228082881, 18.44812462855592], [-66.5960577624881, 18.44726917695669], [-66.5918869315892, 18.44885316431925], [-66.59024564279294, 18.449726956928323], [-66.5897736062746, 18.450067683907704], [-66.59012648260357, 18.449945571846023], [-66.58929303498236, 18.450460297494068], [-66.5878559232204, 18.451104404427813], [-66.58897003490743, 18.450400806897402], [-66.58870217530479, 18.450511848922165], [-66.58732020649538, 18.45132648744914], [-66.58752011868229, 18.451122743688753]], [[-66.7905231341907, 18.474986433351553], [-66.72688551673225, 18.453735290851977], [-66.83729064351743, 18.490603972858317], [-66.7905231341907, 18.474986433351553]], [[-66.79110558539791, 18.4751809370758], [-66.83905480655523, 18.491193097366672], [-66.8608802639818, 18.498481489428684], [-66.79110558539791, 18.4751809370758]], [[-66.77584737406154, 18.470085610816582], [-66.7870972111192, 18.473842380788337], [-66.79595811241914, 18.47680138968473], [-66.77584737406154, 18.470085610816582]], [[-66.75966175749366, 18.49429362961118], [-66.74809741674099, 18.49562249149014], [-66.87672458643908, 18.480582823047133], [-66.75966175749366, 18.49429362961118]], [[-66.81588265046858, 18.487769930312393], [-66.81620477663766, 18.487732063373763], [-66.79726572067928, 18.48992451954589], [-66.96411204646316, 18.47041276616309], [-66.81588265046858, 18.487769930312393]], [[-66.87429215170982, 18.480993621759186], [-66.849968683035, 18.483804762404606], [-66.96820048148857, 18.46993896211775], [-66.92952602121518, 18.474532744523305], [-66.93214510423192, 18.474228605476114], [-66.92967435738694, 18.474520107934087], [-66.87429215170982, 18.480993621759186]], [[-67.11532995178864, 18.427937626366795], [-67.10340247058502, 18.436546492225386], [-67.1035557130623, 18.43640708874917], [-67.08734630762014, 18.447816516024474], [-67.0783678811686, 18.454524558102023], [-67.07503512790508, 18.45729570148781], [-67.07682000176491, 18.456036906237735], [-67.07651351681037, 18.456315713190165], [-67.07202430145611, 18.459669736165207], [-67.07217754393339, 18.459530332688992], [-67.05792942400377, 18.469364102795268], [-67.0515020923124, 18.4741163244966], [-67.04667550402665, 18.47798576180852], [-67.04682102770244, 18.477905507274013], [-67.03728367572323, 18.484757109046846], [-67.03006695821307, 18.490383810444524], [-67.02946942590697, 18.490823126465962], [-67.03008240433003, 18.490265504816033], [-67.02979135697848, 18.490426013885042], [-67.02994459945576, 18.490286610408827], [-67.02338718594861, 18.495000784888706], [-67.01784843391489, 18.499153181499587], [-67.01512093175899, 18.50142585992222], [-67.00660995579776, 18.50765653875688], [-67.00110208748401, 18.51157233185585], [-67.00201382780314, 18.510795056067735], [-66.99994562539327, 18.512155211445105], [-66.99228462231126, 18.518081821515473], [-66.99259111152278, 18.517803010690507], [-66.99006318168108, 18.519581376496525], [-66.99141920757206, 18.51850419203572], [-66.99067615584717, 18.51902375871913], [-66.99082939832444, 18.518884355242914], [-66.98130749650406, 18.52561764915835], [-66.9727579137644, 18.532144084319164], [-66.9681463439098, 18.535400903385973], [-66.97264327806556, 18.531987731469222], [-66.96951009285927, 18.534264566110924], [-66.96966333533655, 18.53412516263471], [-66.9693645691835, 18.53434482064543], [-66.96967877719652, 18.53400686087875], [-66.95515505177535, 18.543882838298085], [-66.95530829850959, 18.543743430949334], [-66.94486692501276, 18.551313159568572], [-66.94502016749004, 18.551173756092357], [-66.93783433795682, 18.556563850105587], [-66.93148303518585, 18.561768180983016], [-66.93341343697843, 18.560429127325904], [-66.93326019024418, 18.56056853467465], [-66.93355123759572, 18.560408025605643], [-66.93339799511844, 18.560547429081858], [-66.92357731458921, 18.56750039098199], [-66.92373056132345, 18.56736098363324], [-66.9213249859821, 18.569236553347487], [-66.9217847176709, 18.568818339046306], [-66.9158480013883, 18.572915742934548], [-66.91600124386558, 18.57277633945833], [-66.91467610169455, 18.573616920407225], [-66.91498258664912, 18.573338113454795], [-66.91483706297335, 18.573418367989298], [-66.90534603657409, 18.579915064494262], [-66.90549927905137, 18.579775661018047], [-66.90018325999334, 18.583256294314644], [-66.90033650247062, 18.58311689083843], [-66.89453758680533, 18.58719319300641], [-66.89469082928261, 18.587053789530195], [-66.89233930683663, 18.588515297289796], [-66.88278650874048, 18.595485204691116], [-66.88293975547474, 18.595345797342368], [-66.87625998321026, 18.59996277178655], [-66.87641322568754, 18.599823368310336], [-66.87611445953449, 18.600043026321053], [-66.87671971064209, 18.599544561357902], [-66.87509580231801, 18.600604800317516], [-66.87540228727258, 18.600325993365086], [-66.87510352111953, 18.600545651375807], [-66.87525676359681, 18.600406247899592], [-66.87107403745408, 18.603481460049668], [-66.87122728418834, 18.603342052700917], [-66.86873023806659, 18.604883814995024], [-66.86888348054387, 18.60474441151881], [-66.8667921174725, 18.60628201759385], [-66.86709860242706, 18.606003210641415], [-66.86578117905754, 18.6067846426486], [-66.86608766826907, 18.606505831823632], [-66.86236467381515, 18.60916282967253], [-66.86251791629243, 18.609023426196316], [-66.86221915013938, 18.609243084207034], [-66.86267888182819, 18.608824869905856], [-66.86165250155324, 18.609445796716564], [-66.86225775691783, 18.608947327880877], [-66.861813467089, 18.609247240426104], [-66.86196670956627, 18.60910783694989], [-66.86121593478289, 18.609686556447542], [-66.8616756664717, 18.60926834214636], [-66.86092488743135, 18.60984706551655], [-66.86123137664288, 18.609568254691585], [-66.86093261048983, 18.609787912702306], [-66.86108585296711, 18.60964850922609], [-66.845834517681, 18.619925751572875], [-66.84598776015828, 18.61978634809666], [-66.83763774973282, 18.62581847064086], [-66.82937149128622, 18.63224354954691], [-66.82980806231353, 18.632002785943396], [-66.82203241927571, 18.637773047036355], [-66.822185661753, 18.63763364356014], [-66.82188689559995, 18.63785330157086], [-66.82294415959485, 18.63699577124824], [-66.79554260587248, 18.656553646640436], [-66.79539708219671, 18.65663390117494], [-66.79555804773247, 18.65643534488448], [-66.79525928157942, 18.6566550028952], [-66.79571901326823, 18.65623678859402], [-66.79156717084547, 18.659075397232183], [-66.79311505024914, 18.65756304909647], [-66.79553606319352, 18.6555691814988], [-66.79470925523277, 18.655695795692893], [-66.79252641712407, 18.656899598220324], [-66.78147978826266, 18.664967795675242], [-66.79310968369273, 18.655534969871496], [-66.7975614683911, 18.651433089139267], [-66.80532938837044, 18.645721980860554], [-66.82535561980593, 18.62990212724474], [-66.83099357419245, 18.626024377494687], [-66.83299346222647, 18.62415296787204], [-66.82720226536267, 18.628170121098307], [-66.82648237429926, 18.628512237084053], [-66.8340673442039, 18.622133521710122], [-66.83097276577605, 18.624114600025667], [-66.83098820763604, 18.62399629826971], [-66.84847878617134, 18.61001396327416], [-66.85734375304659, 18.602105954263326], [-66.86734855977308, 18.59477698537507], [-66.87337793147253, 18.58996976707856], [-66.87497985525768, 18.58804336473327], [-66.87470425402309, 18.58808556817379], [-66.87488066141883, 18.587768710127374], [-66.86561118761574, 18.59463726127393], [-66.8651746208454, 18.59487802100491], [-66.86687574272635, 18.593226269392982], [-66.86529043692374, 18.593990755898975], [-66.86050245541644, 18.597564436884735], [-66.85948379819997, 18.598126210881198], [-66.86057966897333, 18.59697292423242], [-66.86591231027086, 18.59233037122399], [-66.86609643646811, 18.591954364235864], [-66.86552206908046, 18.5922162256871], [-66.85956991093789, 18.596431931331296], [-66.85868905433871, 18.596972603607497], [-66.85827564822985, 18.597035912640813], [-66.8533884728837, 18.600334939020676], [-66.84290077380692, 18.60825957290778], [-66.84082485259555, 18.609678877226862], [-66.84040372768517, 18.609801335201887], [-66.84225809204342, 18.608010180113745], [-66.8420210933303, 18.60775663110064], [-66.84343117211668, 18.606265384685187], [-66.84199910879136, 18.606890467714962], [-66.84601432671937, 18.60302934671371], [-66.84560092486748, 18.60309265187449], [-66.84954665229708, 18.599763890711312], [-66.84813775389021, 18.600211519170884], [-66.8456252659085, 18.601871583220948], [-66.8448976517866, 18.602272852020935], [-66.84506633612386, 18.602015146788762], [-66.84463749241199, 18.6021967537055], [-66.8413742253899, 18.60443554112575], [-66.83586635707616, 18.608351334224718], [-66.83016663524971, 18.612702290998595], [-66.83926087777961, 18.60510698381511], [-66.84496059960605, 18.600756027041232], [-66.85839853381442, 18.58988695141721], [-66.87277791168238, 18.57904761444904], [-66.87879956458033, 18.57429954509424], [-66.8816957510735, 18.571769161439434], [-66.88831493202059, 18.566581779935735], [-66.89016157332036, 18.564849777661834], [-66.8927281099405, 18.562775655529663], [-66.89321872534927, 18.56212083771657], [-66.89308092473198, 18.562141939436827], [-66.89309636659196, 18.562023637680873], [-66.89236103366856, 18.562484055422573], [-66.88257124111627, 18.569200409938254], [-66.86026297347624, 18.585949415348136], [-66.85851670639485, 18.586912454272053], [-66.85421934029631, 18.589831317444723], [-66.84095127080472, 18.599399069880697], [-66.83226388744777, 18.60594660676177], [-66.831107429614, 18.606529482478493], [-66.8320500536531, 18.605515603178464], [-66.83663964322572, 18.601392616853442], [-66.85608260383557, 18.586937395458992], [-66.87308256696211, 18.57360987827653], [-66.87507473619462, 18.571797617595596], [-66.87894325432431, 18.569060365212195], [-66.88196952263327, 18.566568028778843], [-66.88380072207306, 18.5649543282609], [-66.88413037194607, 18.564498066738267], [-66.89013658298404, 18.559868299139428], [-66.88986870055096, 18.559851353638233], [-66.8947261682997, 18.555745316686938], [-66.89720122988251, 18.553337391007155], [-66.897538602814, 18.55282197667028], [-66.9008867979375, 18.54993253152854], [-66.92693350189143, 18.530408226513806], [-66.93403439906626, 18.5256687940946], [-66.93442464025667, 18.52578293963149], [-66.9351368082616, 18.52549997645999], [-66.94424531652892, 18.518829981603893], [-66.9493926512497, 18.515607053539465], [-66.95536025550922, 18.511273042266783], [-66.95827842654133, 18.509608821997652], [-66.98791686701084, 18.488433085995915], [-67.00270193218616, 18.47758958893614], [-67.0100796109751, 18.47176433512054], [-67.01783980789597, 18.46611237965607], [-67.02063562017076, 18.464350959351243], [-67.02554596043538, 18.46087447840118], [-67.02713126623799, 18.46010999189519], [-67.03817017204092, 18.452100947254515], [-67.03933435293315, 18.451458918723546], [-67.0445820618723, 18.44746702730914], [-67.04620597445334, 18.44640678447699], [-67.04497230306269, 18.44758117284603], [-67.04554667045035, 18.44731931139479], [-67.05139191595256, 18.442888100086407], [-67.0547389349535, 18.44104226902801], [-67.05713678297943, 18.43922585600054], [-67.0633568235551, 18.43502709585754], [-67.06963091276918, 18.430414277632423], [-67.0694776702919, 18.43055368110864], [-67.0709483361387, 18.429632845625243], [-67.07470993737105, 18.426680091450187], [-67.08202584872008, 18.42132804465841], [-67.08289898226077, 18.420846525196453], [-67.08274573978349, 18.420985928672668], [-67.10070259268656, 18.407569844517568], [-67.10187449663728, 18.406868663172357], [-67.11495961605418, 18.396633303641167], [-67.12213772252892, 18.39130236244218], [-67.12210683880896, 18.39153896595409], [-67.12224464368323, 18.3915178603613], [-67.12014320105132, 18.395201851289805], [-67.11934492030846, 18.397179094011204], [-67.11792594659802, 18.39977310345171], [-67.11731951511089, 18.401315186370738], [-67.11455758831157, 18.406955320529292], [-67.1140746917043, 18.407550989400672], [-67.11277807675117, 18.410242198876876], [-67.11251673699705, 18.411209718517316], [-67.1114428550196, 18.413229164679237], [-67.10288973965532, 18.422886445962618], [-67.09063797087813, 18.43397965644135], [-67.09691206009221, 18.429366838216232], [-67.08691261992215, 18.438723886329466], [-67.0793122081575, 18.445220903459354], [-67.08675819706534, 18.43990690776156], [-67.08642082839081, 18.440422318225902], [-67.0866964296254, 18.440380114785384], [-67.08558512124905, 18.441651699317582], [-67.08587616434362, 18.441491194121106], [-67.09769672864991, 18.432666826470864], [-67.09902959813638, 18.431767088835194], [-67.10076814641626, 18.430863198852986], [-67.100599462079, 18.43112090408516], [-67.10934743249638, 18.42514377813614], [-67.10887225894759, 18.425680294193274], [-67.10901778262335, 18.425600039658768], [-67.11722226937304, 18.419648171649076], [-67.12517431554964, 18.413561056382235], [-67.13110331303072, 18.409522801435706], [-67.12972412222128, 18.410777440466713], [-67.13016068899162, 18.410536680735735], [-67.12999972345587, 18.410735237026195], [-67.13013752407316, 18.410714135305934], [-67.12665152833236, 18.413624682167935], [-67.1217477307467, 18.418085628259632], [-67.12141808087368, 18.418541889782265], [-67.1264662217556, 18.41504430711194], [-67.12446633372159, 18.416915716734586], [-67.12952219766197, 18.413358981250017], [-67.12889377737893, 18.414034904655903], [-67.12887833551895, 18.41415320641186], [-67.12959050778086, 18.413870239367828], [-67.12894664989481, 18.414664460657136], [-67.12923769298939, 18.41450395546066], [-67.13580282955502, 18.409730628166535], [-67.14199198641072, 18.405768471535445], [-67.1430029205687, 18.405265850353228], [-67.13814545281997, 18.409371887304523], [-67.1365821315563, 18.41100253719619], [-67.1385048102904, 18.409722636353322], [-67.13832840289466, 18.41003949439974], [-67.13861944598924, 18.409878989203264], [-67.1505623733098, 18.401151817716187], [-67.15247732898543, 18.399931069687565], [-67.14403466740006, 18.406673002767498], [-67.11532995178864, 18.427937626366795]], [[-67.10070259268656, 18.407569844517568], [-67.08274573978349, 18.420985928672668], [-67.08289898226077, 18.420846525196453], [-67.08202584872008, 18.42132804465841], [-67.07470993737105, 18.426680091450187], [-67.0709483361387, 18.429632845625243], [-67.0694776702919, 18.43055368110864], [-67.06963091276918, 18.430414277632423], [-67.0633568235551, 18.43502709585754], [-67.05713678297943, 18.43922585600054], [-67.05429464512468, 18.441342181573233], [-67.05139191595256, 18.442888100086407], [-67.04554667045035, 18.44731931139479], [-67.04497230306269, 18.44758117284603], [-67.04620597445334, 18.44640678447699], [-67.0445820618723, 18.44746702730914], [-67.03933435293315, 18.451458918723546], [-67.03817017204092, 18.452100947254515], [-67.02713126623799, 18.46010999189519], [-67.02554596043538, 18.46087447840118], [-67.02063562017076, 18.464350959351243], [-67.01783980789597, 18.46611237965607], [-67.0100796109751, 18.47176433512054], [-67.00270193218616, 18.47758958893614], [-66.98791686701084, 18.488433085995915], [-66.95827842654133, 18.509608821997652], [-66.95536025550922, 18.511273042266783], [-66.9493926512497, 18.515607053539465], [-66.94424531652892, 18.518829981603893], [-66.9351368082616, 18.52549997645999], [-66.93442464025667, 18.52578293963149], [-66.93403439906626, 18.5256687940946], [-66.92693350189143, 18.530408226513806], [-66.9008867979375, 18.54993253152854], [-66.897538602814, 18.55282197667028], [-66.89720122988251, 18.553337391007155], [-66.8947261682997, 18.555745316686938], [-66.88986870055096, 18.559851353638233], [-66.89013658298404, 18.559868299139428], [-66.88413037194607, 18.564498066738267], [-66.88380072207306, 18.5649543282609], [-66.88196952263327, 18.566568028778843], [-66.87894325432431, 18.569060365212195], [-66.87507473619462, 18.571797617595596], [-66.87308256696211, 18.57360987827653], [-66.85608260383557, 18.586937395458992], [-66.83663964322572, 18.601392616853442], [-66.84864551410877, 18.591148624259198], [-66.84927393013484, 18.590472704725844], [-66.84947349819207, 18.58997839598176], [-66.85220100034797, 18.58770571755913], [-66.84985719670351, 18.589108076377016], [-66.85264646629935, 18.586362190930558], [-66.85137536850978, 18.586788717669872], [-66.84589066085752, 18.590527060071178], [-66.84117989290709, 18.593509228404624], [-66.83519685104456, 18.59796153756073], [-66.83020275454409, 18.601045066021477], [-66.82876297241727, 18.601729297992964], [-66.82913122906872, 18.600977280144175], [-66.83009701802628, 18.599785946273947], [-66.82995921740898, 18.599807047994204], [-66.82997465926897, 18.59968874623825], [-66.82940801068284, 18.599891458747777], [-66.82062915228853, 18.606105192081245], [-66.81640010056586, 18.60953530949919], [-66.80957481292444, 18.614232532376434], [-66.7966738197048, 18.624091884919498], [-66.79538728005524, 18.624636713414766], [-66.8478085081613, 18.579972912642596], [-66.89226877835392, 18.542499004008828], [-66.90598348991944, 18.53054411086094], [-66.93693634370413, 18.504471631587826], [-66.94626876532666, 18.496086255461567], [-66.94983197462435, 18.492584195947252], [-66.97458022543638, 18.470592178933714], [-66.9736916500357, 18.47119200015163], [-66.9752318063809, 18.46973880483016], [-66.97494076328634, 18.469899310026637], [-66.97540821377665, 18.469421946783747], [-66.97497936580781, 18.469603557573013], [-66.97589882918543, 18.468767128970654], [-66.97502569564473, 18.46924864843261], [-66.97533218059928, 18.46896984148018], [-66.97519437998199, 18.468990943200442], [-66.97431352338282, 18.469531615476644], [-66.97963072282036, 18.465007364224167], [-66.9797994114146, 18.464749655119462], [-66.97966160654033, 18.464770760712256], [-66.98012133822914, 18.464352546411078], [-66.98786727366955, 18.457775274746684], [-66.9858531198981, 18.458721372041943], [-66.98708679128875, 18.45754698367291], [-66.98694126761298, 18.45762723820741], [-66.99496280428797, 18.451007763102503], [-67.00567441671996, 18.441367747945236], [-67.00239571209487, 18.44372483324891], [-67.0057130234984, 18.44107199161908], [-67.02976638209726, 18.424403561368628], [-67.02608853284377, 18.427749271905533], [-67.02682386576718, 18.427288854163834], [-67.0373424528209, 18.419127612892286], [-67.03804690202432, 18.418903798662498], [-67.03737987921981, 18.419875474522005], [-67.03782416904863, 18.41957556197678], [-67.05761994444997, 18.404486624489497], [-67.0584093260118, 18.403612148665687], [-67.05663989401194, 18.404752642159803], [-67.05259496848652, 18.40780675258962], [-67.0541428478902, 18.40629440445391], [-67.05987344917963, 18.401706848040657], [-67.06990913962608, 18.394141275640486], [-67.07035342945491, 18.393841363095262], [-67.06906570942583, 18.39542980954641], [-67.06722678692758, 18.3971026628786], [-67.06642968656425, 18.39803628764412], [-67.07911566560972, 18.388789549473632], [-67.07540693263626, 18.39237186352245], [-67.07629551229391, 18.391772038432002], [-67.08638524712181, 18.383792411822252], [-67.08919650551356, 18.38191268588894], [-67.08735757875833, 18.38358554309366], [-67.07648618117011, 18.392380496585506], [-67.0754057565137, 18.393415477605792], [-67.08055309123448, 18.390192549541364], [-67.08004703396573, 18.390965669110415], [-67.07835363514323, 18.392558267908097], [-67.07754881172143, 18.393551045487865], [-67.07828414464483, 18.393090627746165], [-67.08460455943886, 18.38812290425318], [-67.0859683126453, 18.386986563105598], [-67.08661217053135, 18.38619234181629], [-67.08453624931998, 18.387611646135372], [-67.08531790782332, 18.386796323125804], [-67.09421258229598, 18.379695324686402], [-67.09779777613261, 18.377059428557764], [-67.09823434290296, 18.376818668826786], [-67.0982111779845, 18.37699612339699], [-67.09835670166026, 18.376915868862483], [-67.09664013791932, 18.378685922230368], [-67.10328902646383, 18.374305551298097], [-67.11823505717489, 18.363263497947862], [-67.12530624675232, 18.357717054957224], [-67.13272907499865, 18.352580509957097], [-67.13714225291858, 18.348774385551025], [-67.13947179508257, 18.346446710533215], [-67.14129527572085, 18.344892158956984], [-67.15034319267079, 18.337651757041364], [-67.1552766935969, 18.333997825393634], [-67.15645631634912, 18.33323749510671], [-67.15487755322548, 18.334986446754336], [-67.15120742703047, 18.338273004476996], [-67.1511765433105, 18.338509607988907], [-67.1520419580497, 18.33808723746866], [-67.15109933401058, 18.33910111676869], [-67.1507696798806, 18.339557382163854], [-67.15106072723215, 18.339396873094845], [-67.15057783488184, 18.33999253809369], [-67.15129000288678, 18.339709574922193], [-67.16142489142906, 18.332418653255388], [-67.16317888156892, 18.331396461517226], [-67.1802626009313, 18.318461896824086], [-67.18934022122168, 18.312028509352434], [-67.19022107782087, 18.311487837076232], [-67.1901901941009, 18.311724440588144], [-67.19107876950157, 18.31112461937023], [-67.20173515717258, 18.30294227637842], [-67.20576464083803, 18.30000646770456], [-67.21346307031897, 18.294827719263914], [-67.22501575219216, 18.285986406112478], [-67.2285623435073, 18.283646262437465], [-67.23192480436825, 18.28168212962311], [-67.24837238464607, 18.269482637277566], [-67.25118363878086, 18.267602915216784], [-67.26082136497843, 18.259982350093974], [-67.26845920314199, 18.25423319459381], [-67.27007539692153, 18.25323210070337], [-67.26976118465151, 18.253570064342583], [-67.27003679014308, 18.25352785702953], [-67.26972258213004, 18.253865816796203], [-67.26986038274734, 18.253844715075946], [-67.26892547750974, 18.254799445434262], [-67.26906328238401, 18.25477833984147], [-67.27336064422558, 18.25185948054133], [-67.27889940051627, 18.247707080057914], [-67.2843466817696, 18.243220876026893], [-67.2897553562445, 18.239030428322025], [-67.29556971376978, 18.23483582439809], [-67.29600628054013, 18.234595064667108], [-67.29552338818984, 18.235190729665955], [-67.29564574694714, 18.235287929701652], [-67.3005329222933, 18.23198890332179], [-67.31821417396178, 18.21861502260721], [-67.31770811669303, 18.219388142176257], [-67.3181369604049, 18.219206535259524], [-67.31767723297305, 18.21962474568817], [-67.3122531123812, 18.223933499021527], [-67.29832574314358, 18.234413774502762], [-67.29077938001737, 18.240496733550536], [-67.28621295536321, 18.24444226530536], [-67.28948394118679, 18.242144328943397], [-67.30210161011337, 18.232386332655096], [-67.30239265320795, 18.232225827458624], [-67.30177195598338, 18.232842598050265], [-67.30486653441123, 18.230861519734717], [-67.30557870667315, 18.230578552690687], [-67.30266707832, 18.23322723810145], [-67.3050494761871, 18.231529132931378], [-67.298766487792, 18.23724471805408], [-67.29596949939464, 18.24004975244225], [-67.31888838469868, 18.224830361294195], [-67.28162401104402, 18.254767801035243], [-67.27132698510042, 18.263300889203318], [-67.26757310266956, 18.26619449443666], [-67.26313675983118, 18.270178073412932], [-67.24795256258328, 18.282010185731963], [-67.24628232867926, 18.283425329959446], [-67.24866473484519, 18.28172721868793], [-67.24007654958406, 18.28854940630237], [-67.24230571327271, 18.286990698507072], [-67.24035215081865, 18.28850720286185], [-67.23805349663158, 18.290598270495217], [-67.2432857679677, 18.28672467696423], [-67.23983837474839, 18.28933947137261], [-67.23619913227334, 18.29238942558336], [-67.24182936360137, 18.28857082864755], [-67.24165295620563, 18.28888768669397], [-67.24420404266698, 18.286931872419192], [-67.23874132785248, 18.29153637210473], [-67.23779869551454, 18.2925502575062], [-67.24136072443271, 18.29009181594776], [-67.2392307545829, 18.291925178348958], [-67.24207289669462, 18.28980884890373], [-67.23950636007447, 18.291882971035903], [-67.24201884805619, 18.290222906985843], [-67.23925274337881, 18.2927913378621], [-67.24013359572102, 18.29225066945843], [-67.23831011508274, 18.29380522103466], [-67.23829467322275, 18.293923522790617], [-67.23961209659228, 18.293142090783434], [-67.23745124727948, 18.295212052824006], [-67.23848534635593, 18.29453197707159], [-67.23140643372004, 18.30013757287647], [-67.23391119864328, 18.298536661640654], [-67.23630905092618, 18.29672024474065], [-67.24327332360626, 18.290958299958362], [-67.25134773279714, 18.284968380854682], [-67.25086483618988, 18.285564049726062], [-67.24639106695257, 18.288799767072614], [-67.24470538693159, 18.290333216928587], [-67.24081370388345, 18.293247923882188], [-67.2378866336703, 18.296014911048907], [-67.2354733437844, 18.29794962583233], [-67.23800899242762, 18.296112111084604], [-67.2370818102485, 18.297007688628675], [-67.22842531486847, 18.303318618125303], [-67.22569009391106, 18.305650445489647], [-67.22421942380728, 18.306571284845578], [-67.2195229215943, 18.310478765506414], [-67.21862662313515, 18.311137739538573], [-67.21864206499514, 18.31101943778262], [-67.21635885266805, 18.312992203660027], [-67.2167954194384, 18.31275144392905], [-67.21332486555758, 18.315543689035096], [-67.21392239786368, 18.315104373013654], [-67.21360818985065, 18.31544233278033], [-67.20864380094761, 18.319332871812506], [-67.20996122431713, 18.318551439805326], [-67.2068963534867, 18.321339528692302], [-67.20419973505075, 18.323375603603026], [-67.19918903312356, 18.327621037929095], [-67.20008532328389, 18.326962069998377], [-67.19946462605932, 18.327578840590018], [-67.19601724113883, 18.330193628896954], [-67.19538882511276, 18.330869548430304], [-67.19297553522686, 18.33280426321373], [-67.19220931432652, 18.333501288339875], [-67.19339666013722, 18.332681805238707], [-67.19396330042453, 18.33247909883062], [-67.190201707491, 18.335431846904232], [-67.19213982382811, 18.334033648177943], [-67.18777297148814, 18.337484867316146], [-67.18805629578121, 18.337383511061383], [-67.18579624837258, 18.33917882236859], [-67.18667710497176, 18.33863815009239], [-67.18636289695873, 18.338976109859065], [-67.18321426989246, 18.341371246256724], [-67.18214928283906, 18.34228792939359], [-67.18303786249672, 18.341688104303138], [-67.18257813080791, 18.34210631860432], [-67.179850628652, 18.344378997026954], [-67.1804404421566, 18.343998829947225], [-67.18012623414356, 18.3443367897139], [-67.17742961570762, 18.346372864624623], [-67.1753073689163, 18.348147074211575], [-67.17436474487718, 18.3491609535116], [-67.16877966300655, 18.353668259262886], [-67.16755371467438, 18.354783494817678], [-67.16797483958474, 18.354661036842653], [-67.16781387404899, 18.354859593133114], [-67.16661109063527, 18.355797374117703], [-67.16676433311255, 18.355657970641488], [-67.16589119531488, 18.35613949397598], [-67.15597786788273, 18.363802262539313], [-67.1473047502632, 18.371275111747774], [-67.13919945735236, 18.377501634363362], [-67.12224464368323, 18.3915178603613], [-67.12210683880896, 18.39153896595409], [-67.12213772252892, 18.39130236244218], [-67.1173574640801, 18.394816890613697], [-67.10187449663728, 18.406868663172357], [-67.10070259268656, 18.407569844517568]], [[-67.08604484868088, 18.441233488888937], [-67.08589932926208, 18.441313739550907], [-67.0866964296254, 18.440380114785384], [-67.08642082839081, 18.440422318225902], [-67.08675819706534, 18.43990690776156], [-67.0793122081575, 18.445220903459354], [-67.08691261992215, 18.438723886329466], [-67.09691206009221, 18.429366838216232], [-67.13936773754553, 18.397938797182114], [-67.15854281997927, 18.383466626413938], [-67.17210311294495, 18.372694750825612], [-67.16916060087183, 18.375580039748286], [-67.17155073009624, 18.373822775662525], [-67.16417959398626, 18.38063249461976], [-67.15772909737643, 18.385562170891294], [-67.15037340312642, 18.392253588092572], [-67.15035796126645, 18.39237188984853], [-67.15227291694207, 18.391151141819908], [-67.15209650954633, 18.39146799986632], [-67.15254079937516, 18.3911680873211], [-67.15281640486671, 18.391125880008044], [-67.15250991565519, 18.39140469083301], [-67.1540875026563, 18.39069935326873], [-67.14937555432635, 18.394725139558055], [-67.15426272967251, 18.39142611317819], [-67.15122101950357, 18.3940367513675], [-67.14232634928787, 18.40113774593437], [-67.13014524713164, 18.41065498249169], [-67.12999972345587, 18.410735237026195], [-67.13016068899162, 18.410536680735735], [-67.13002288837433, 18.410557782455996], [-67.12972412222128, 18.410777440466713], [-67.13110331303072, 18.409522801435706], [-67.12517431554964, 18.413561056382235], [-67.11124694631201, 18.42404133186347], [-67.10887225894759, 18.425680294193274], [-67.10934743249638, 18.42514377813614], [-67.100599462079, 18.43112090408516], [-67.10076814641626, 18.430863198852986], [-67.09902959813638, 18.431767088835194], [-67.09769672864991, 18.432666826470864], [-67.08780656187923, 18.44015214433653], [-67.08558512124905, 18.441651699317582], [-67.08604484868088, 18.441233488888937]], [[-67.16171955857752, 18.433477062576877], [-67.10176777232462, 18.38566185744253], [-67.17430801317182, 18.443517122702385], [-67.16171955857752, 18.433477062576877]], [[-67.10356448647508, 18.387094846533074], [-67.10446840795449, 18.38781577902971], [-67.10276814733623, 18.386459717510757], [-67.17689177159532, 18.445577827589368], [-67.15334275935409, 18.426796054413753], [-67.15365448982739, 18.42704467847421], [-67.11434798130851, 18.39569534119292], [-67.10485246640687, 18.38812208906403], [-67.10443677154088, 18.387790547061165], [-67.10413462539724, 18.387549567088058], [-67.10387337414632, 18.387341203285498], [-67.10356448647508, 18.387094846533074]], [[-67.10320820204329, 18.440833294188494], [-67.10476730417865, 18.438584815719004], [-67.10345904196998, 18.439816973119328], [-67.10350033075366, 18.439477775962335], [-67.10333103304778, 18.43947608314551], [-67.10423634753744, 18.437956892766305], [-67.10221029380507, 18.43974789170344], [-67.0987524558416, 18.443901844979678], [-67.0979919958497, 18.444347055488723], [-67.09704228360235, 18.44518658585182], [-67.0978846307362, 18.44383656850297], [-67.0975890487138, 18.444060020943276], [-67.09756736955856, 18.443889998383206], [-67.09543843937126, 18.446642195692448], [-67.09467866922164, 18.44731382029387], [-67.09668027798708, 18.444447150224494], [-67.10089754352094, 18.43950836217934], [-67.10188681526247, 18.43776360567091], [-67.10076815023038, 18.43871465026337], [-67.10051420367157, 18.438712111038132], [-67.10011298348324, 18.438991108602334], [-67.09893134875345, 18.440111329346454], [-67.09701300505571, 18.442526022315526], [-67.0958096894119, 18.44347622205432], [-67.0963571461244, 18.442576069683415], [-67.09490195754928, 18.44420296779806], [-67.09384591319305, 18.444871633868715], [-67.09336108125711, 18.44548940304177], [-67.09363567220777, 18.44532234368851], [-67.09334112670754, 18.44588541571264], [-67.09195028751465, 18.447795965860387], [-67.09186667342512, 18.448134740590543], [-67.08885065400825, 18.45144408661977], [-67.08853408267288, 18.451723930592383], [-67.09148471560219, 18.44779131451279], [-67.08756130748506, 18.45194061488669], [-67.08935233210286, 18.44941144603618], [-67.08846593447434, 18.450195007293804], [-67.08850791310029, 18.45008222422919], [-67.09226098640623, 18.4455916130212], [-67.08998271306262, 18.447946104842742], [-67.09099332138017, 18.44625816072689], [-67.0926384538118, 18.444463355295834], [-67.09352347351457, 18.44322696429871], [-67.09398765929988, 18.442778795258892], [-67.09436823743827, 18.44266939315189], [-67.09535854628513, 18.441264254660723], [-67.09546349636754, 18.440982293889707], [-67.09364906388814, 18.442775409625245], [-67.09061309226361, 18.446480765204043], [-67.08928383898318, 18.447769315691414], [-67.08936710580967, 18.44731733703637], [-67.09179265278277, 18.44468130842539], [-67.09204487473592, 18.44411781241968], [-67.09349902854764, 18.442151293166468], [-67.09383520716955, 18.44136223259809], [-67.09670119124591, 18.43742877011009], [-67.09680613956955, 18.437146810893815], [-67.09638393006827, 18.43748219999032], [-67.09762784231158, 18.435966392123465], [-67.09682609411912, 18.436750798222942], [-67.098132631139, 18.434952607158234], [-67.09737286098935, 18.435624231759657], [-67.09741483727339, 18.43551145181635], [-67.10099826795232, 18.43090594074534], [-67.1011035611971, 18.430737188575257], [-67.10019651975986, 18.431690346844817], [-67.10082828040417, 18.43067783383614], [-67.1004060691441, 18.431013224487383], [-67.10023677143822, 18.43101153167056], [-67.10027875182296, 18.430898747051206], [-67.1000041585304, 18.43106580952577], [-67.10154296353697, 18.429100133559665], [-67.10268227061898, 18.42797949351001], [-67.1028295442485, 18.42769795672057], [-67.10244931513193, 18.427920561197723], [-67.10143697810801, 18.42904247475867], [-67.10360823184237, 18.426290701431007], [-67.10312270948104, 18.426682058078242], [-67.10322800272581, 18.42651330590816], [-67.10647559794519, 18.422810064006455], [-67.10605338844391, 18.423145453102965], [-67.10725497714014, 18.42162922125453], [-67.11181083632698, 18.416693820397764], [-67.1148671074222, 18.41270565919428], [-67.11642793826394, 18.411023211279698], [-67.12089741930835, 18.40552093502618], [-67.13580580248005, 18.388180064294627], [-67.13785388204758, 18.386672293409013], [-67.13734840337789, 18.387459664281867], [-67.13823549494937, 18.386902512440574], [-67.13773070846386, 18.387916294284505], [-67.13832187074989, 18.387469390958632], [-67.1382589010522, 18.387638567110294], [-67.13859715154281, 18.387528745697754], [-67.13851319253214, 18.38775431338172], [-67.13864016903285, 18.387755579095664], [-67.14697837773036, 18.380990133688503], [-67.15561873131946, 18.376152157233424], [-67.1576434053673, 18.373908330111533], [-67.1586781131475, 18.3731828516483], [-67.1599440518091, 18.3719502702664], [-67.16017735397608, 18.372122408070133], [-67.16003042760963, 18.372517148784457], [-67.16068455959335, 18.371901069306926], [-67.15859795295313, 18.374653690597743], [-67.15744041416843, 18.37673638010396], [-67.15263337247568, 18.3825748918624], [-67.15012593836063, 18.38611572731318], [-67.14702596169188, 18.389650639471633], [-67.14207198894886, 18.395883898186998], [-67.1399840026241, 18.39818369129306], [-67.13557438054457, 18.40249793577656], [-67.1308516404417, 18.40822409001852], [-67.1303237927745, 18.408615024238923], [-67.12855237544323, 18.41063497649367], [-67.12842574620556, 18.410746914704614], [-67.12857301983507, 18.410465377915177], [-67.12808749571495, 18.410856736117154], [-67.1284666900681, 18.41029451050143], [-67.12827674797039, 18.4104624162631], [-67.12388984156829, 18.4152863028905], [-67.12161294790923, 18.4180936228968], [-67.12150765466446, 18.418262375066885], [-67.12178259053624, 18.418208522759816], [-67.12066496260947, 18.419499185369542], [-67.11916917333414, 18.4216916962883], [-67.11526951799976, 18.426690256823367], [-67.11427817263072, 18.427755775730702], [-67.11208661766688, 18.430790356237793], [-67.11147446430908, 18.431293652650712], [-67.11080003519656, 18.432192534631625], [-67.11151782672026, 18.431633693094813], [-67.11107531774827, 18.432251887816005], [-67.11029524812793, 18.433206318042117], [-67.11033722675387, 18.433093534977502], [-67.11016792904799, 18.433091842160678], [-67.10974571954671, 18.433427231257184], [-67.10795400508663, 18.435729986015318], [-67.10571805529011, 18.438084901818435], [-67.10405400307232, 18.440615341058937], [-67.10251416330235, 18.44224139588647], [-67.10320820204329, 18.440833294188494]], [[-67.10620726264344, 18.459711573593868], [-67.1083165832023, 18.457468596001693], [-67.11206965885016, 18.452977981672397], [-67.1122802429978, 18.452640480453532], [-67.10913690625978, 18.455835349046584], [-67.10580466042867, 18.45953774609461], [-67.10835614679718, 18.456563365180315], [-67.10860905859259, 18.456226283266982], [-67.10770201481346, 18.457179444657847], [-67.10877697251323, 18.455775152575093], [-67.10949407419466, 18.454989896945904], [-67.10959971236056, 18.454934351822008], [-67.10945244048985, 18.455215887056703], [-67.10976901006644, 18.45493604463883], [-67.11189828693365, 18.45229705282104], [-67.1119402655596, 18.452184269756426], [-67.11082194544863, 18.45324852139508], [-67.11096887239822, 18.452853779114193], [-67.11539534005328, 18.447124664786717], [-67.11493080524613, 18.44745963145639], [-67.11684673215402, 18.44425249228529], [-67.1162769041021, 18.444756211125043], [-67.11631888448682, 18.444643426505692], [-67.11842855230871, 18.4425136528384], [-67.11914427020491, 18.441275573700494], [-67.12142185370624, 18.438694667786574], [-67.12355078565231, 18.435942468922594], [-67.12359276427826, 18.435829685857982], [-67.12055540828538, 18.43908221949463], [-67.12015280841253, 18.43890838887407], [-67.12093184092755, 18.437614340630695], [-67.11778919403181, 18.44103562331612], [-67.11875747880228, 18.439347255218696], [-67.1163952441061, 18.441927317845504], [-67.1162896059402, 18.4419828629694], [-67.11749050303537, 18.440240218583327], [-67.11683568120937, 18.44062988396848], [-67.11476868419759, 18.442873285542234], [-67.11763570303737, 18.439279444192795], [-67.11792990537523, 18.438603163567734], [-67.11797015705359, 18.437924348393476], [-67.11712470094571, 18.43825550856922], [-67.11440357195019, 18.441114989620505], [-67.11339227144848, 18.44257652276528], [-67.1114309126026, 18.444764379215137], [-67.11737381392481, 18.436673155390412], [-67.11813185712687, 18.43543549867934], [-67.1178782537304, 18.435546168055033], [-67.1196479441141, 18.43296018369064], [-67.12354829104954, 18.42818803569321], [-67.12578216721857, 18.425153882289], [-67.12523298531727, 18.425488000995514], [-67.1253165994068, 18.42514922626536], [-67.125189625248, 18.425147957430113], [-67.12453514600122, 18.425650832982754], [-67.12457712638596, 18.425538048363403], [-67.12904591993001, 18.419809354896202], [-67.13136548205728, 18.41711566591767], [-67.13566359586899, 18.410932454570187], [-67.14215602401364, 18.402620319085134], [-67.14616304622032, 18.398132243981074], [-67.14938827010027, 18.394032568548226], [-67.15322668444334, 18.38976921471972], [-67.15741984758952, 18.38386796570982], [-67.15790433518745, 18.38313698792401], [-67.15746044653092, 18.383302354460447], [-67.15883064133197, 18.381561402891197], [-67.16091621086687, 18.378469163583116], [-67.16859096592549, 18.369263218325017], [-67.17054887145932, 18.365943296089306], [-67.17099000016366, 18.364872274749917], [-67.17729144734649, 18.356388428564006], [-67.18345253454964, 18.35045024137533], [-67.18309536661476, 18.35129569347601], [-67.18212638790133, 18.352757652157102], [-67.18252760808966, 18.3524786545929], [-67.18257028065857, 18.352592280944624], [-67.18158031497407, 18.35411062803672], [-67.1825086906454, 18.353214285281044], [-67.18265665645909, 18.35315915946268], [-67.18221449240824, 18.353890561230063], [-67.18348112091209, 18.352884393940545], [-67.18512625392684, 18.351089586942926], [-67.18594968361644, 18.35047520028222], [-67.18978775303837, 18.346098639407526], [-67.18991438227604, 18.345986701196587], [-67.18976745356768, 18.34638144503221], [-67.19436701774492, 18.34189929478704], [-67.19797385452668, 18.338029838385754], [-67.20058830883409, 18.334886282874535], [-67.20335245356085, 18.332253636775906], [-67.20461942698584, 18.331360676532576], [-67.20390301924738, 18.332372341578104], [-67.20651885323933, 18.32968161425164], [-67.20565655389781, 18.33142764115006], [-67.20582550668256, 18.331316126920697], [-67.21466332160594, 18.32183880177411], [-67.21614053835815, 18.320495128589684], [-67.21784829380755, 18.318417941515516], [-67.21930486850982, 18.317243863788285], [-67.2182952931969, 18.319271430597443], [-67.21248005821766, 18.327590334228496], [-67.2133668025261, 18.326919978462318], [-67.21349411984724, 18.327034455898495], [-67.21393766534143, 18.326755880761134], [-67.21442284278163, 18.326251317067708], [-67.21452951981163, 18.326535388406338], [-67.21440358041625, 18.326873740709658], [-67.21459386919388, 18.326819040439435], [-67.21455188880914, 18.32693182505879], [-67.20957692909505, 18.33322147218516], [-67.20989522737801, 18.333507660322194], [-67.21130912951138, 18.332219956243236], [-67.21183801194198, 18.332168643161406], [-67.21234487263811, 18.331834097352008], [-67.21124857660354, 18.33318157859692], [-67.21186107488245, 18.332791489230193], [-67.21141994793692, 18.33386250901484], [-67.21367792415172, 18.331790819696682], [-67.21410047857415, 18.331568637646363], [-67.2136593516286, 18.33263965743101], [-67.21205757926624, 18.334774506427472], [-67.21163813381784, 18.33601554565089], [-67.21239790396749, 18.335343921049464], [-67.21233631395432, 18.33596592538588], [-67.21436236944548, 18.334174924894008], [-67.211137833649, 18.33850101597398], [-67.21371169135692, 18.33592306859083], [-67.21272241551469, 18.337667829775302], [-67.2128077583106, 18.337895085600053], [-67.2119650639137, 18.33913189902401], [-67.21373682616611, 18.337225153815453], [-67.21369484578139, 18.337337938434807], [-67.21097544315033, 18.340763453162296], [-67.21074317574676, 18.34093093649713], [-67.21124865441645, 18.34014356562428], [-67.20922467255279, 18.34261380371725], [-67.20802204851003, 18.343790415993674], [-67.20540897622908, 18.347386796568347], [-67.20526239244184, 18.347894747450166], [-67.20378655771609, 18.349691245698047], [-67.20448335992683, 18.34918879569354], [-67.20206022974357, 18.352617270506542], [-67.2019549364988, 18.352786022676625], [-67.20256674317666, 18.35216952077226], [-67.2019773078382, 18.353182456207776], [-67.19995263379039, 18.355426283329667], [-67.19982635357455, 18.355651423910754], [-67.20043850517355, 18.355148129052576], [-67.19938487936597, 18.356609239770513], [-67.20062913711354, 18.355206637383287], [-67.2007771005853, 18.355151514686227], [-67.200545523024, 18.35554541211344], [-67.2012206443207, 18.354872941103604], [-67.19989450177309, 18.357180347209333], [-67.2001271140978, 18.357126070920685], [-67.19995885115533, 18.35746399924243], [-67.20021245279301, 18.35735333142148], [-67.20010750681128, 18.357635287516448], [-67.20044541238076, 18.357412259057718], [-67.20040343199604, 18.35752504367707], [-67.19755774739036, 18.361175700540393], [-67.19935084329376, 18.359325772412276], [-67.19825523944336, 18.360899664628267], [-67.19895203989529, 18.3603972161785], [-67.19642361646727, 18.363994443161587], [-67.19484179865448, 18.365733279487173], [-67.1848195849484, 18.37542517525097], [-67.17960993694018, 18.381089864186194], [-67.17511601268764, 18.38551646775273], [-67.16764977224985, 18.39370566951483], [-67.15748270404603, 18.404471545148784], [-67.15049991410086, 18.411590151107813], [-67.13886011956221, 18.425171383729314], [-67.11268353505483, 18.453040722045166], [-67.10968850670973, 18.45629367498735], [-67.10916204106898, 18.457137434271203], [-67.10528095649892, 18.461287158626682], [-67.10532293688364, 18.461174374007328], [-67.10511165879304, 18.46128546580986], [-67.10620726264344, 18.459711573593868]], [[-67.19642361646727, 18.363994443161587], [-67.19895203989529, 18.3603972161785], [-67.19825523944336, 18.360899664628267], [-67.19935084329376, 18.359325772412276], [-67.19755774739036, 18.361175700540393], [-67.20040343199604, 18.35752504367707], [-67.20044541238076, 18.357412259057718], [-67.20010750681128, 18.357635287516448], [-67.20021245279301, 18.35735333142148], [-67.19995885115533, 18.35746399924243], [-67.2001271140978, 18.357126070920685], [-67.19989450177309, 18.357180347209333], [-67.2012206443207, 18.354872941103604], [-67.200545523024, 18.35554541211344], [-67.2007771005853, 18.355151514686227], [-67.20062913711354, 18.355206637383287], [-67.19938487936597, 18.356609239770513], [-67.20043850517355, 18.355148129052576], [-67.19982635357455, 18.355651423910754], [-67.19995263379039, 18.355426283329667], [-67.2019773078382, 18.353182456207776], [-67.20256674317666, 18.35216952077226], [-67.2019549364988, 18.352786022676625], [-67.20206022974357, 18.352617270506542], [-67.20448335992683, 18.34918879569354], [-67.20378655771609, 18.349691245698047], [-67.20526239244184, 18.347894747450166], [-67.20540897622908, 18.347386796568347], [-67.20802204851003, 18.343790415993674], [-67.20922467255279, 18.34261380371725], [-67.21124865441645, 18.34014356562428], [-67.21074317574676, 18.34093093649713], [-67.21097544315033, 18.340763453162296], [-67.21369484578139, 18.337337938434807], [-67.21373682616611, 18.337225153815453], [-67.2119650639137, 18.33913189902401], [-67.2128077583106, 18.337895085600053], [-67.21272241551469, 18.337667829775302], [-67.21371169135692, 18.33592306859083], [-67.211137833649, 18.33850101597398], [-67.21436236944548, 18.334174924894008], [-67.21233631395432, 18.33596592538588], [-67.21239790396749, 18.335343921049464], [-67.21163813381784, 18.33601554565089], [-67.21205757926624, 18.334774506427472], [-67.2136593516286, 18.33263965743101], [-67.21410047857415, 18.331568637646363], [-67.21367792415172, 18.331790819696682], [-67.21141994793692, 18.33386250901484], [-67.21186107488245, 18.332791489230193], [-67.21124857660354, 18.33318157859692], [-67.21234487263811, 18.331834097352008], [-67.21183801194198, 18.332168643161406], [-67.21130912951138, 18.332219956243236], [-67.20989522737801, 18.333507660322194], [-67.20957692909505, 18.33322147218516], [-67.21455188880914, 18.32693182505879], [-67.21459386919388, 18.326819040439435], [-67.21440358041625, 18.326873740709658], [-67.21452951981163, 18.326535388406338], [-67.21442284278163, 18.326251317067708], [-67.21393766534143, 18.326755880761134], [-67.21349411984724, 18.327034455898495], [-67.2133668025261, 18.326919978462318], [-67.21248005821766, 18.327590334228496], [-67.2182952931969, 18.319271430597443], [-67.21930486850982, 18.317243863788285], [-67.21742643156931, 18.31886653453691], [-67.21765731694643, 18.31824622613862], [-67.21915448590629, 18.31650654340462], [-67.22172868677656, 18.314041804622402], [-67.22253078223206, 18.31337060244781], [-67.22198332727834, 18.314270753263973], [-67.22213128899132, 18.314215632121655], [-67.22333425971401, 18.313152225336676], [-67.22533656242241, 18.310511964683638], [-67.22993474281442, 18.30557699092975], [-67.23153858880428, 18.304121379534383], [-67.23172887816504, 18.3040666776976], [-67.23172922308618, 18.30417988474379], [-67.2310978050211, 18.305305607919962], [-67.23105651857932, 18.30564480195565], [-67.23266070773154, 18.304302399161212], [-67.23563405868019, 18.30087942210422], [-67.24107631725433, 18.295160458435088], [-67.24493848262135, 18.291746366322492], [-67.24679420154253, 18.28961405655127], [-67.24725908127081, 18.289392296927787], [-67.24922078562095, 18.287317645957557], [-67.2490955378266, 18.287882410798513], [-67.24958106018794, 18.28749105415128], [-67.25316587289332, 18.283338368143728], [-67.26145139928329, 18.273176301409254], [-67.26208454019526, 18.27261661501877], [-67.26197924695047, 18.272785367188852], [-67.26263406877648, 18.272395701803703], [-67.26261342672655, 18.272565297260897], [-67.26276138843953, 18.27251017611858], [-67.26510539495061, 18.270892159838848], [-67.26483287410989, 18.271738459902682], [-67.26493851403458, 18.271682913224048], [-67.26388488881013, 18.273144022375423], [-67.26371766297297, 18.273821568714435], [-67.26302293438974, 18.275003256320034], [-67.2591470300793, 18.280851078571008], [-67.25457916065542, 18.288786240121055], [-67.24701833357949, 18.300653593757296], [-67.24271987484663, 18.306723598058586], [-67.24004521665321, 18.310941978293634], [-67.2393525575968, 18.31280290817637], [-67.24000668958053, 18.312186828698838], [-67.23935324978098, 18.313029319147446], [-67.24000703684356, 18.312300032623728], [-67.24025960137594, 18.31184974678551], [-67.24044988839478, 18.311795048070028], [-67.24036627664715, 18.31213381967888], [-67.2397341704986, 18.313033127207934], [-67.2395239295133, 18.31348383702773], [-67.23969288229804, 18.31337232279836], [-67.23914542500242, 18.314272476735827], [-67.2375653341372, 18.31657734517106], [-67.23750236443951, 18.31674652132272], [-67.23786160600189, 18.316580306823134], [-67.23588340158047, 18.32018303311697], [-67.2312487636426, 18.327042099553193], [-67.23108084796316, 18.327493231799824], [-67.22562070905008, 18.33428744417436], [-67.22583164046077, 18.334063146880386], [-67.22574733652895, 18.33417550751816], [-67.22184526440472, 18.338381621851205], [-67.21939769101333, 18.340734423977224], [-67.21553794243616, 18.344940962291844], [-67.21182408370326, 18.348413140308313], [-67.19642361646727, 18.363994443161587]], [[-67.16509867033145, 18.369058510181286], [-67.16286272053492, 18.371413425984404], [-67.16231284469066, 18.371521135274584], [-67.16222785091658, 18.371407081819985], [-67.16355468740716, 18.36932608513059], [-67.16079088760152, 18.37207193827541], [-67.16068524943562, 18.372127483399307], [-67.16068455959335, 18.371901069306926], [-67.16003042760963, 18.372517148784457], [-67.16017735397608, 18.372122408070133], [-67.1599440518091, 18.3719502702664], [-67.1586781131475, 18.3731828516483], [-67.15821323341922, 18.37340461127178], [-67.15561873131946, 18.376152157233424], [-67.14697837773036, 18.380990133688503], [-67.13864016903285, 18.387755579095664], [-67.13851319253214, 18.38775431338172], [-67.13859715154281, 18.387528745697754], [-67.1382589010522, 18.387638567110294], [-67.13832187074989, 18.387469390958632], [-67.13773070846386, 18.387916294284505], [-67.13823549494937, 18.386902512440574], [-67.13734840337789, 18.387459664281867], [-67.13789620735344, 18.38667271583585], [-67.13580580248005, 18.388180064294627], [-67.13559348904292, 18.387951536525147], [-67.1339194229858, 18.387198985466103], [-67.14034680956404, 18.378376786976872], [-67.13984029613094, 18.378824536711157], [-67.14163166742867, 18.376408573352094], [-67.1420948207925, 18.375620780052408], [-67.14203081398948, 18.375450338186802], [-67.1449195160852, 18.372026514721394], [-67.14776485401094, 18.368262652366628], [-67.15147594927407, 18.363884822656686], [-67.15164455713767, 18.363660101381132], [-67.15126432802111, 18.363882705858284], [-67.15309733068175, 18.361240755509723], [-67.15670243875712, 18.35680526855353], [-67.16066437394694, 18.351411117774422], [-67.16281567489054, 18.349055355562893], [-67.16414561801324, 18.3479932191679], [-67.17098044448663, 18.340929735905934], [-67.17376315939461, 18.337448255194275], [-67.17471287164196, 18.336608724831176], [-67.17583292045929, 18.33611050374743], [-67.17570836309034, 18.336901681114206], [-67.17659510739877, 18.33623132534803], [-67.1767220797988, 18.336232595738018], [-67.17668079335702, 18.33657178977371], [-67.1870529222865, 18.323657106424463], [-67.19631087894315, 18.31316514834949], [-67.19806130520267, 18.31120158918179], [-67.19962282354477, 18.309745558480884], [-67.19787550450049, 18.31272797637643], [-67.19829806302361, 18.312505789650068], [-67.19817212362821, 18.31284414195339], [-67.19861532244248, 18.312452361324578], [-67.21322846792978, 18.29544815164608], [-67.21529719188915, 18.293770782181973], [-67.21533986445804, 18.293884408533696], [-67.21662644516957, 18.292482231694606], [-67.2176611535329, 18.29175675166481], [-67.21726200463019, 18.292714989951403], [-67.21639832326223, 18.294008191786368], [-67.21675756306581, 18.293841978841524], [-67.21825611405211, 18.292555121170977], [-67.22163103069333, 18.288966352029412], [-67.22201160648981, 18.28885695304371], [-67.22188601201556, 18.28930851239322], [-67.22260380353926, 18.288749670856404], [-67.22471312644002, 18.286506690142925], [-67.2283395705083, 18.282128017145876], [-67.23188343935115, 18.278427735341506], [-67.23504880250744, 18.275516093233417], [-67.23507048576337, 18.275686111117444], [-67.23526042786109, 18.275518205355773], [-67.23513414530335, 18.275743349058164], [-67.23553536373288, 18.275464353048704], [-67.24369564056971, 18.265867052709932], [-67.24317020969237, 18.267050433132354], [-67.24344549458598, 18.267109783195433], [-67.24477578262982, 18.266160853846632], [-67.2474335975896, 18.263357340334256], [-67.24675951105633, 18.264369432482663], [-67.2478995120813, 18.263475201849346], [-67.24745700545122, 18.264093393449233], [-67.24785822563955, 18.263814395885035], [-67.24927108890881, 18.26218707534355], [-67.24847072215968, 18.263424308073045], [-67.24870298956326, 18.26325682473821], [-67.24748041155405, 18.264829448118952], [-67.24509684262377, 18.267352695231878], [-67.24383332309392, 18.2693777196945], [-67.2440869247316, 18.269267051873545], [-67.24396064217386, 18.269492195575936], [-67.24301231019417, 18.270784552557227], [-67.24328690290362, 18.27061749164923], [-67.24244386358558, 18.271741098027], [-67.24332991629296, 18.270844329723186], [-67.2382506980975, 18.277642350158207], [-67.23890483008122, 18.277026270680675], [-67.2388628496965, 18.27713905530003], [-67.23669090436107, 18.279664416090057], [-67.23629003085269, 18.280056619145704], [-67.23635265387045, 18.279774237502597], [-67.23616271177275, 18.279942143264268], [-67.23472851016868, 18.28151265296791], [-67.2325995823233, 18.284264847155846], [-67.23411808551727, 18.28258197993573], [-67.23392848834068, 18.28286309274359], [-67.23093414807906, 18.286342461332893], [-67.2309344953421, 18.28645566525778], [-67.23108245881387, 18.28640054256072], [-67.23173693571874, 18.28589767012938], [-67.23344607319459, 18.284273308118667], [-67.23146406995689, 18.286630763147024], [-67.23138011094622, 18.28685633083099], [-67.23287900685365, 18.285682680206637], [-67.22997104415134, 18.289728925759253], [-67.23361882245372, 18.285407068276086], [-67.23380876631023, 18.285239160959673], [-67.2321027378084, 18.287882380143486], [-67.23199813498901, 18.288277544839385], [-67.23330743371989, 18.28738500702289], [-67.2345310488344, 18.286152001659417], [-67.23543739867057, 18.28497243085222], [-67.2354580448212, 18.284802830718984], [-67.2353310706624, 18.284801561883736], [-67.2356469498136, 18.284295306940045], [-67.2369331879459, 18.282779919933464], [-67.2393821427806, 18.280879944437462], [-67.23683134859628, 18.284080736322835], [-67.23672605535151, 18.284249488492918], [-67.23828757603552, 18.282793454670717], [-67.23660149974134, 18.285040664304955], [-67.23670713790726, 18.284985119181062], [-67.23791010687115, 18.28392171395082], [-67.23835399728647, 18.283756345859647], [-67.23934568991855, 18.282804030877198], [-67.2465800078739, 18.274895519496123], [-67.25297232361652, 18.268450232510087], [-67.26352342151198, 18.258707022109718], [-67.26550576967082, 18.256462774127552], [-67.25260901378772, 18.27421995884667], [-67.24957614879531, 18.27894417471987], [-67.24827134048182, 18.281308396339483], [-67.24764096128084, 18.28277373597818], [-67.24774659944674, 18.282718190854286], [-67.24768363209095, 18.282887363884644], [-67.24791624441566, 18.282833087595996], [-67.24783194048386, 18.282945448233775], [-67.24918425494597, 18.282279745369934], [-67.24909995101417, 18.282392106007713], [-67.25266757088097, 18.27954108591925], [-67.25285820282096, 18.279599594249955], [-67.25266860564437, 18.279880707057817], [-67.25279523488204, 18.279768768846875], [-67.25271093329215, 18.27988112636335], [-67.25281657145806, 18.279825581239457], [-67.25273226752626, 18.279937941877233], [-67.25290156523214, 18.27993963469406], [-67.25285958660619, 18.28005241775867], [-67.25345109381335, 18.27971872147899], [-67.25682773506026, 18.27669598756837], [-67.25674343112846, 18.27680834820615], [-67.25706000246383, 18.276528504233536], [-67.25697569853203, 18.276640864871315], [-67.25735627491163, 18.276531464319046], [-67.25727197097983, 18.276643824956825], [-67.25832801299414, 18.275975162007473], [-67.25824370906234, 18.27608752264525], [-67.26121878695857, 18.273230577697902], [-67.26145139928329, 18.273176301409254], [-67.2497919933574, 18.28726675530256], [-67.2490955378266, 18.287882410798513], [-67.24922078562095, 18.287317645957557], [-67.24725908127081, 18.289392296927787], [-67.24679420154253, 18.28961405655127], [-67.24493848262135, 18.291746366322492], [-67.24107631725433, 18.295160458435088], [-67.23563405868019, 18.30087942210422], [-67.23266070773154, 18.304302399161212], [-67.23105651857932, 18.30564480195565], [-67.2310978050211, 18.305305607919962], [-67.23172922308618, 18.30417988474379], [-67.23172887816504, 18.3040666776976], [-67.23153858880428, 18.304121379534383], [-67.22993474281442, 18.30557699092975], [-67.22533656242241, 18.310511964683638], [-67.22333425971401, 18.313152225336676], [-67.22198332727834, 18.314270753263973], [-67.22253078223206, 18.31337060244781], [-67.22236182944731, 18.313482116677175], [-67.21915448590629, 18.31650654340462], [-67.21791022874184, 18.31790914422529], [-67.21742643156931, 18.31886653453691], [-67.21614053835815, 18.320495128589684], [-67.21466332160594, 18.32183880177411], [-67.20582550668256, 18.331316126920697], [-67.20565655389781, 18.33142764115006], [-67.20651885323933, 18.32968161425164], [-67.20390301924738, 18.332372341578104], [-67.20461942698584, 18.331360676532576], [-67.20335245356085, 18.332253636775906], [-67.20058830883409, 18.334886282874535], [-67.19797385452668, 18.338029838385754], [-67.19436701774492, 18.34189929478704], [-67.18976745356768, 18.34638144503221], [-67.18991438227604, 18.345986701196587], [-67.18978775303837, 18.346098639407526], [-67.18594968361644, 18.35047520028222], [-67.18512625392684, 18.351089586942926], [-67.18348112091209, 18.352884393940545], [-67.18221449240824, 18.353890561230063], [-67.18265665645909, 18.35315915946268], [-67.1825086906454, 18.353214285281044], [-67.18158031497407, 18.35411062803672], [-67.18257028065857, 18.352592280944624], [-67.18252760808966, 18.3524786545929], [-67.18212638790133, 18.352757652157102], [-67.18309536661476, 18.35129569347601], [-67.18345253454964, 18.35045024137533], [-67.17950710001422, 18.35431631526427], [-67.17815616757855, 18.355434843191567], [-67.1745909645016, 18.359078309482054], [-67.17163998665116, 18.36289771851546], [-67.16990985810355, 18.364578473613214], [-67.17003579515703, 18.3642401244312], [-67.16583917811569, 18.369009309221813], [-67.16535365399558, 18.36940066742379], [-67.16522667983678, 18.36939939858854], [-67.1653945955162, 18.36894826634191], [-67.16509867033145, 18.369058510181286]], [[-66.93791872931205, 17.959617343394395], [-67.20792447344326, 18.282747949958893], [-67.20109386981838, 18.274573393896738], [-67.21993864211849, 18.297125961152492], [-67.17431657618758, 18.24252754553587], [-67.27824140395022, 18.36690005746314], [-66.93791872931205, 17.959617343394395]], [[-67.1323214156137, 18.19226964545939], [-67.12992804734097, 18.189405371055944], [-67.13034007953787, 18.189898472468066], [-67.1325824743769, 18.192582068725716], [-67.13271981971428, 18.192746437385065], [-67.13285716505167, 18.192910806044413], [-67.13243016803878, 18.19239979542047], [-67.1320031710259, 18.191888784796532], [-67.13178967251945, 18.19163327948456], [-67.13143883460647, 18.191213412611006], [-67.13009665521471, 18.18960715329838], [-67.12910531585156, 18.18842076339115], [-67.16465403931085, 18.230963860432198], [-66.97087833859626, 17.999061906231425], [-66.95196702301801, 17.976429703003774], [-66.979494666668, 18.009373536174937], [-66.96632723646971, 17.99361535399037], [-66.96612870277926, 17.993377757890222], [-66.9726995843606, 18.001241490411424], [-66.96140875601847, 17.98772914006282], [-66.96107287699063, 17.987327175303324], [-66.96651373122093, 17.99383854243481], [-66.96083505028383, 17.987042555106406], [-66.96057531849421, 17.986731719901762], [-66.9609098608024, 17.98713208493589], [-66.96037544808408, 17.98649252407624], [-66.96031425591576, 17.986419292069513], [-66.96221943882253, 17.988699328408217], [-66.96148514976326, 17.987820564625277], [-66.95309619480086, 17.97778104448778], [-66.95001208545105, 17.974090122547793], [-66.94903571090386, 17.972921641852384], [-66.94659477855912, 17.970000444928658], [-66.94618274636221, 17.969507343516536], [-66.94612155800914, 17.969434116075732], [-67.06043018674225, 18.106233489203515], [-67.10048877353049, 18.154173785765366], [-67.10741718678511, 18.16246539594843], [-67.10662438111241, 18.16151660214135], [-67.10604507776141, 18.160823318212167], [-67.1059689207771, 18.160732176993623], [-67.10589277353888, 18.160641047438762], [-67.10686914215522, 18.16180952103641], [-67.11750318318849, 18.174535858175595], [-67.11805256072277, 18.175193328247065], [-67.11449923928228, 18.170940874596187], [-67.11378259652473, 18.17008322910542], [-67.13126754524697, 18.19100842128822], [-67.1323214156137, 18.19226964545939]], [[-67.05674826802263, 18.13565183722366], [-67.03798942883685, 18.146943279650973], [-67.03850222593333, 18.146524305924117], [-67.03690276653577, 18.147456102956557], [-67.03658652843231, 18.147504469907798], [-67.0369589125409, 18.147125214802752], [-67.03588160714231, 18.14758289062673], [-67.04067343970219, 18.144175316280773], [-67.04615595919778, 18.140875960144754], [-67.05623252235628, 18.1343756330285], [-67.06515809993988, 18.128150668132513], [-67.0774307455961, 18.120011070155027], [-67.08149696661097, 18.117831379077792], [-67.08126376558633, 18.11800691215113], [-67.08275945402764, 18.117309907442777], [-67.08248434010855, 18.117629690409878], [-67.08284859700376, 18.117469586510754], [-67.08251649977262, 18.11774842211299], [-67.0855965796811, 18.115934421775908], [-67.08878249818635, 18.114421467414477], [-67.09342337435949, 18.111732260180066], [-67.09332447918179, 18.11183556235455], [-67.09596667083044, 18.11078685342676], [-67.10125711370058, 18.107934446065524], [-67.1009404819713, 18.108190645479947], [-67.10979774683602, 18.103019045966377], [-67.10968501238825, 18.1031011536233], [-67.11292830658775, 18.10142131483238], [-67.11952679461479, 18.09760769273728], [-67.11024587584457, 18.103357944731265], [-67.10901027701436, 18.104337471979846], [-67.11069764969892, 18.103401350291065], [-67.09664770113041, 18.112733055815728], [-67.0934333166186, 18.114619286382833], [-67.09229740291977, 18.11507984487848], [-67.08976227977183, 18.116593603191816], [-67.08657921864597, 18.118226729588947], [-67.0843635848215, 18.119604460209143], [-67.08397938130047, 18.11971085762808], [-67.08437008558825, 18.119429140023], [-67.0823094939754, 18.120372679960496], [-67.08307258237176, 18.119711707250374], [-67.08021959759061, 18.121317661568238], [-67.08131153221294, 18.12046551368337], [-67.0780771998317, 18.12229803843912], [-67.08367609986445, 18.11862108077226], [-67.08275915407957, 18.119092744454615], [-67.08329962993099, 18.118716159448457], [-67.08298014060752, 18.1188521871416], [-67.07881827439134, 18.121047520320243], [-67.07685416301433, 18.122347254698237], [-67.07685376793009, 18.122555088144672], [-67.06666038428412, 18.128853346803425], [-67.06650450703798, 18.128915700944212], [-67.06688137351414, 18.128612787838332], [-67.06304633220785, 18.130868609994025], [-67.05882304766531, 18.133734155905756], [-67.05291032447094, 18.13699998390887], [-67.04896703108447, 18.139414255720652], [-67.04848678997995, 18.139744127035357], [-67.04960113227959, 18.13927369178164], [-67.04928287431852, 18.139573721901428], [-67.04972893590136, 18.139376782052167], [-67.05783572173583, 18.134723346356378], [-67.0564287801576, 18.13578786393355], [-67.05759439371263, 18.13511803032122], [-67.05674826802263, 18.13565183722366]], [[-67.07593991487781, 18.127084434113897], [-67.07345320684949, 18.128278621364085], [-67.0735366363105, 18.128197955691828], [-67.0717117067738, 18.129293968706946], [-67.07274828410105, 18.128357043066266], [-67.07132381229732, 18.12890835656502], [-67.07382514830574, 18.127319697922772], [-67.07230099261426, 18.12838997950563], [-67.07458744799204, 18.12707439112227], [-67.08065112508591, 18.123090197345274], [-67.0807919316996, 18.122842646260278], [-67.08399287305437, 18.12072738737477], [-67.08305839434192, 18.12068584863078], [-67.08789745844194, 18.117582202263314], [-67.0971755686445, 18.1124992793475], [-67.09769570278584, 18.11227682130759], [-67.09745314361508, 18.112507502531365], [-67.09808601220419, 18.112202936834528], [-67.09796392085394, 18.11234019197306], [-67.09823701345697, 18.11227207315776], [-67.10019097922142, 18.111443152170995], [-67.0988520043044, 18.112449638611643], [-67.09994029429573, 18.111892983617444], [-67.09932697578977, 18.112459090224146], [-67.09547445058244, 18.114989210752952], [-67.09748741827296, 18.113949574631327], [-67.09536865955376, 18.11547566656001], [-67.09696324295794, 18.114675359991587], [-67.09615863799502, 18.115272748480205], [-67.09746018092673, 18.11448685491573], [-67.09497391409231, 18.11626071148543], [-67.09552497799379, 18.115992981738735], [-67.09502153925825, 18.116356807000734], [-67.09562510431905, 18.11605368230532], [-67.09550301296879, 18.116190937443854], [-67.09347418593578, 18.11746104253089], [-67.09251734711408, 18.117825292938452], [-67.08867782489867, 18.120004772111734], [-67.0885235724259, 18.120023296530402], [-67.08897451146056, 18.119694865233875], [-67.08792936572605, 18.120271272760963], [-67.08810395823562, 18.120098622673712], [-67.08270324342767, 18.12336114285959], [-67.08280987197811, 18.12324652225679], [-67.07593991487781, 18.127084434113897]], [[-67.19457264843227, 18.05097577208675], [-67.19526126794226, 18.05054815168254], [-67.19563813295997, 18.05024523955991], [-67.19508219306512, 18.050644459770627], [-67.19457264843227, 18.05097577208675]], [[-67.16070378431321, 18.07435263762179], [-67.16107739956936, 18.074137385257814], [-67.16100943290817, 18.07419541639434], [-67.12917886634602, 18.091314182897182], [-67.13245225548593, 18.089217235543146], [-67.13234114602636, 18.089255513163533], [-67.13261138249364, 18.089067221643703], [-67.13199072694277, 18.089436812563463], [-67.1372025687772, 18.08574607862776], [-67.15320929167784, 18.07491812303816], [-67.15179540938261, 18.075578290813127], [-67.15194680426119, 18.075439594673174], [-67.16708341658924, 18.065595064859682], [-67.16794786267324, 18.065158795142796], [-67.16716034528349, 18.065689719373562], [-67.16732395465876, 18.065616047473288], [-67.16840165638521, 18.064950537534045], [-67.16725273947962, 18.06576173769964], [-67.16503424951941, 18.0670192956153], [-67.16900645134994, 18.064811416248528], [-67.16832881373065, 18.065140059134592], [-67.16911795589377, 18.064565305181706], [-67.17246950363189, 18.06272701575145], [-67.17234130492588, 18.062831758927352], [-67.17296033424492, 18.062505998712957], [-67.1705440539293, 18.063970160977586], [-67.17708437485, 18.060739090873675], [-67.17690367519948, 18.060879228683877], [-67.18075703668495, 18.058720944028153], [-67.17807460594177, 18.060657573927042], [-67.18283678621357, 18.058246776480466], [-67.18267155060649, 18.05836427908611], [-67.19332646009356, 18.051846445059116], [-67.19649686677246, 18.049568624433963], [-67.19604632282204, 18.04968922228406], [-67.19610980711568, 18.049554849148368], [-67.19875032496441, 18.04776246914324], [-67.20001768983289, 18.04710950606096], [-67.1986001599898, 18.048065168693093], [-67.2022019990278, 18.045984880279565], [-67.20097575980215, 18.04690925839446], [-67.19724857695026, 18.04921446335725], [-67.19469271992492, 18.05109018011677], [-67.19675331153776, 18.050146640179275], [-67.20025788162988, 18.04812582323487], [-67.2001451459385, 18.048207931560622], [-67.18305136565252, 18.059756543902242], [-67.1775301842677, 18.063112489504533], [-67.1649367732744, 18.070436608999316], [-67.16385459188245, 18.071025775287314], [-67.16777754377368, 18.06876563012736], [-67.16890937143282, 18.068020895517282], [-67.16072565690409, 18.072579676699192], [-67.15691464950696, 18.075173380780672], [-67.16427622468673, 18.070698786644282], [-67.15746083741506, 18.075037141497994], [-67.1550995195251, 18.07679391465045], [-67.15692119805661, 18.075785562062816], [-67.15538930899238, 18.07686716207399], [-67.15774698079292, 18.075405882795454], [-67.15764808707367, 18.07550918398669], [-67.15805100585813, 18.07529249062129], [-67.15710598499044, 18.075929599698213], [-67.16149903237364, 18.073810396614782], [-67.16070378431321, 18.07435263762179]], [[-67.09922211493178, 18.114892386138518], [-67.09613430289419, 18.116717704235086], [-67.09654372390384, 18.1163256897003], [-67.09616887874374, 18.116376938654383], [-67.0968994126066, 18.115805067373167], [-67.09547617049199, 18.11652038459624], [-67.09696003952085, 18.115550522201776], [-67.09619286508479, 18.115927318797464], [-67.09658681913412, 18.115557941433735], [-67.09550301296879, 18.116190937443854], [-67.09562510431905, 18.11605368230532], [-67.09502153925825, 18.116356807000734], [-67.09552497799379, 18.115992981738735], [-67.09497391409231, 18.11626071148543], [-67.09746018092673, 18.11448685491573], [-67.09615863799502, 18.115272748480205], [-67.09696324295794, 18.114675359991587], [-67.09534546192276, 18.115509620507304], [-67.09748741827296, 18.113949574631327], [-67.09547445058244, 18.114989210752952], [-67.09932697578977, 18.112459090224146], [-67.09994029429573, 18.111892983617444], [-67.0988520043044, 18.112449638611643], [-67.10019097922142, 18.111443152170995], [-67.09823701345697, 18.11227207315776], [-67.09796392085394, 18.11234019197306], [-67.09808601220419, 18.112202936834528], [-67.09754105544366, 18.112503178858272], [-67.09782675762762, 18.112292250836216], [-67.09745314361508, 18.112507502531365], [-67.09769570278584, 18.11227682130759], [-67.09746575173759, 18.112364694307853], [-67.09486916539727, 18.1137611619195], [-67.09664770113041, 18.112733055815728], [-67.11069764969892, 18.103401350291065], [-67.10901027701436, 18.104337471979846], [-67.11024587584457, 18.103357944731265], [-67.116395446153, 18.099621089780896], [-67.12917886634602, 18.091314182897182], [-67.16105420193837, 18.07417133920511], [-67.16109897096855, 18.07414726201588], [-67.16334839090374, 18.072844432079016], [-67.15463725129842, 18.07821665837984], [-67.15133253877258, 18.080566709903852], [-67.1454992065676, 18.08425519790298], [-67.14429532620757, 18.084773787535156], [-67.14051889465999, 18.08702672603593], [-67.13892839708069, 18.088111209033194], [-67.13863944410637, 18.088409797168318], [-67.13925847466903, 18.088084036285096], [-67.13889707245113, 18.088364313871995], [-67.13961012219814, 18.08806674127831], [-67.1384998671818, 18.08882135197763], [-67.14049003232557, 18.087607836356867], [-67.13958081866981, 18.08806818227973], [-67.14088561260671, 18.087194628287772], [-67.14366777480573, 18.085526532087485], [-67.13551016161185, 18.09095903380933], [-67.13670345246338, 18.090331589900945], [-67.13598390194964, 18.090804482680767], [-67.12483816039109, 18.097543334729497], [-67.12127133839654, 18.099862526881836], [-67.11496185112674, 18.104165062310095], [-67.1150513879435, 18.104116908600467], [-67.11370630712915, 18.10509088209524], [-67.11441487326495, 18.104716968171218], [-67.11298188062204, 18.105695265339083], [-67.10339206203686, 18.11169039930242], [-67.09955785700873, 18.114318057331197], [-67.09929372643879, 18.114538861796905], [-67.10020904723547, 18.114111028151086], [-67.09922211493178, 18.114892386138518]], [[-66.96770090012085, 18.168800272508395], [-66.97016067738153, 18.16579098829938], [-66.9728643917027, 18.163525252674418], [-66.97399030756905, 18.162353835684513], [-66.97410682762207, 18.162208319966414], [-66.97404325617187, 18.161693216996504], [-66.97343555271067, 18.16204538103807], [-66.97043384549552, 18.164792773326887], [-66.96930903308497, 18.165399607819296], [-66.96902496963092, 18.165363242710985], [-66.96905144393233, 18.16503293336698], [-66.96795228132957, 18.16573289331189], [-66.96691723732286, 18.16666566907064], [-66.96550615616104, 18.16836530338917], [-66.9645229610762, 18.169202038895005], [-66.96335940091522, 18.169810330727064], [-66.96341235329291, 18.169149707976654], [-66.96327073327258, 18.168919809024707], [-66.96312856341177, 18.16897219929031], [-66.96162798472443, 18.170204750825942], [-66.95931148078037, 18.17259706227186], [-66.95867812912579, 18.172856100800367], [-66.95544420737845, 18.17547108772796], [-66.95354441951812, 18.17610706585933], [-66.95142248797208, 18.178068653506784], [-66.94897884436831, 18.17943075301012], [-66.94627485269936, 18.181837636275517], [-66.94602926234258, 18.18194095940651], [-66.94597796434141, 18.181754708440955], [-66.94542210872186, 18.182010834230528], [-66.94406425081603, 18.18290870428209], [-66.94027364626088, 18.18620325385724], [-66.93935595110983, 18.186567076979347], [-66.93729979415072, 18.187914606664123], [-66.93714562549405, 18.18749699934641], [-66.93734047146498, 18.186925131969915], [-66.9370569578514, 18.186606477644055], [-66.9376919654969, 18.185500565339026], [-66.93784833837054, 18.18478900972322], [-66.93739590324697, 18.184994202647403], [-66.93634803703098, 18.185880413618424], [-66.9347301121826, 18.187681915729218], [-66.93325270120411, 18.190277901350935], [-66.93153300915604, 18.19128346461208], [-66.92869939734285, 18.19393044450792], [-66.9266688874969, 18.195371101706673], [-66.92528593501301, 18.195893552965234], [-66.92548133190465, 18.195039394370266], [-66.92491237403343, 18.195390105074026], [-66.92295826054156, 18.197392427968936], [-66.9226990170124, 18.197872627232584], [-66.92316427812011, 18.19771399503373], [-66.92313780273847, 18.19804430637866], [-66.92157172411733, 18.199749770298016], [-66.92136515669831, 18.19971049245077], [-66.92174174908313, 18.198661340550483], [-66.92167790136538, 18.198287383220087], [-66.92045021829934, 18.19866286136034], [-66.92279347281237, 18.19579909493091], [-66.92302706814813, 18.195225770154202], [-66.92241936468695, 18.195577934195768], [-66.92038747511764, 18.197724319531527], [-66.92018063412569, 18.197826185262315], [-66.92077744224682, 18.196439441139944], [-66.91846204283878, 18.198267168087444], [-66.9180096077152, 18.19847236101162], [-66.91847734553258, 18.197043424302144], [-66.91847789914792, 18.196761131022196], [-66.91833572820688, 18.19681352328872], [-66.91625281690395, 18.19863251201941], [-66.91499728250777, 18.2000440255792], [-66.91486738501575, 18.200425269850076], [-66.91573405735295, 18.19973405212382], [-66.9161993146858, 18.19957542398737], [-66.91609534434936, 18.19990864607031], [-66.91182582767459, 18.20373869997512], [-66.91183975333966, 18.20322068226535], [-66.91163346218819, 18.20304025877859], [-66.90944658054882, 18.20519246959222], [-66.90927876249462, 18.205151734344767], [-66.90934370989332, 18.204961113240067], [-66.90988784406478, 18.204093842226747], [-66.90661655159573, 18.20600456041846], [-66.90491023375786, 18.206774395247944], [-66.90374557014108, 18.2079472695775], [-66.90306064313754, 18.208161204780886], [-66.90540417499835, 18.20515629071102], [-66.90544374885681, 18.20473139851431], [-66.90681580869526, 18.203174365113462], [-66.90685510790057, 18.202890618495708], [-66.9086026539734, 18.200849017753548], [-66.91216380074844, 18.196010608604638], [-66.91401792877636, 18.185685078335187], [-66.91448952680163, 18.182280104915677], [-66.9148519161736, 18.18189011836559], [-66.93987427579464, 18.165847779119872], [-66.93927829270129, 18.166811090386105], [-66.93943328854623, 18.16680526084583], [-66.94225297199971, 18.164676300721236], [-66.94374127562362, 18.163114897241805], [-66.94709144277083, 18.16049554017507], [-66.94689632161257, 18.161208551190157], [-66.94587327801612, 18.162611324471662], [-66.94807132856849, 18.1613525501608], [-66.95005026576011, 18.15986678757545], [-66.95111040542511, 18.159309428608783], [-66.95360810486237, 18.156722123857545], [-66.95402151435357, 18.156659533973084], [-66.95491411115171, 18.15592029612037], [-66.95484888748545, 18.156252062864585], [-66.95597425081671, 18.155362937153704], [-66.95606402191515, 18.155688876358568], [-66.9566198775347, 18.155432750568995], [-66.95854806926026, 18.15347844573906], [-66.96253269259809, 18.150035465645402], [-66.96420108825939, 18.148843651358142], [-66.96611783319001, 18.14613705572551], [-66.96763206019463, 18.144527634120543], [-66.9698058433572, 18.142470004158696], [-66.97266427617551, 18.140339586633896], [-66.97424317808614, 18.138680685501342], [-66.97546024207968, 18.137129481640766], [-66.98453927204498, 18.130719287168297], [-66.98439572515545, 18.13147740350943], [-66.98168897942904, 18.135295738925887], [-66.98492207237372, 18.133104188916832], [-66.9853739565766, 18.133181287211123], [-66.98583949125722, 18.132881511434235], [-66.98583894033652, 18.133163802652707], [-66.98633012482493, 18.13295715232832], [-66.98929252905992, 18.130493510719656], [-66.98644168390888, 18.13535225375627], [-66.98746335209101, 18.13465520648974], [-66.98851039219896, 18.13419243037578], [-66.98840641808766, 18.13452565652112], [-66.98858733839353, 18.134471806854393], [-66.9881212511778, 18.135053873910305], [-66.98967312517169, 18.134007575401704], [-66.9895948019484, 18.13443392499862], [-66.99258230615071, 18.132345698060007], [-66.99268572664668, 18.13229476519461], [-66.9923361621786, 18.13273131447095], [-66.9925945785195, 18.132674552065282], [-66.99265869872994, 18.132907367818564], [-66.99445616685546, 18.13175774211657], [-66.99441631672944, 18.132323779952795], [-66.9947132050874, 18.132406707787357], [-66.9935215146341, 18.13419218273994], [-66.99345629096786, 18.134523949484155], [-66.99379220334379, 18.134464274339553], [-66.99355860800803, 18.135037599116256], [-66.99404951622888, 18.134972094431383], [-66.99406179129231, 18.135300946375178], [-66.99509628168369, 18.134650463896378], [-66.99446155030576, 18.135615230561896], [-66.99462936835994, 18.135655965809352], [-66.99455159497712, 18.135800026188722], [-66.99332143142655, 18.137445812902], [-66.99404538136784, 18.13708927672037], [-66.99511944939255, 18.13601389798246], [-66.99707273569616, 18.13443501194553], [-66.9978998325605, 18.134168686476542], [-66.99845596552784, 18.133771413046535], [-66.9988434521725, 18.133756843227978], [-66.99998219132833, 18.132631989024876], [-67.0000984367282, 18.132627618885735], [-66.99999473996468, 18.13281969739064], [-67.00014973472936, 18.13281386985129], [-67.00136486915908, 18.132250683345273], [-67.00329278569731, 18.130437522153933], [-67.00339620619327, 18.130386589288538], [-67.00339592992573, 18.13052773492805], [-67.00406830721269, 18.130126093359824], [-67.00473958481871, 18.130289030226688], [-67.00472620899411, 18.13052475871891], [-67.00550173158973, 18.130213327923876], [-67.0054624313042, 18.130497076542554], [-67.00570774808806, 18.130534896989595], [-67.00619920614938, 18.130187103087174], [-67.00307987650564, 18.133644591590667], [-67.00209751130367, 18.13405788817704], [-67.00177580086036, 18.133458399972362], [-67.00043049159088, 18.13454397838969], [-66.99455477259605, 18.140786677628117], [-66.99063096287611, 18.146156216905148], [-66.9897520170899, 18.14651858262705], [-66.98897594195918, 18.147112304701107], [-66.98822661847765, 18.147234569790726], [-66.98653285089051, 18.148192112925415], [-66.98573085129885, 18.14883385512593], [-66.98468188054684, 18.150284650595367], [-66.98007590165568, 18.154456668862327], [-66.97879554355974, 18.155351622112555], [-66.97747560783047, 18.156671471621895], [-66.97747505799, 18.156953760839443], [-66.97664548064112, 18.158490394881458], [-66.9753637417416, 18.160091078269616], [-66.97489655484493, 18.161237723760625], [-66.97550425830613, 18.16088555971906], [-66.97370486331141, 18.163023200714132], [-66.9727977899275, 18.164562747495083], [-66.97231915407544, 18.16495710618523], [-66.97155507774059, 18.1660208258426], [-66.97107699172899, 18.1661328953152], [-66.97109036755359, 18.165897166822983], [-66.96870946713153, 18.168197808155128], [-66.96776529767907, 18.168891940621243], [-66.96770090012085, 18.168800272508395]], [[-67.04428846210705, 18.049719251439146], [-67.04278760984678, 18.051092946552814], [-67.03840377841622, 18.05393935124129], [-67.03687727526794, 18.055219922903383], [-67.03612629740991, 18.056189061708967], [-67.03505333392124, 18.05669985594846], [-67.03470459556118, 18.056712970367734], [-67.03139400388685, 18.0589074351772], [-67.03065750530921, 18.05907626299307], [-67.02867939530583, 18.060138588720438], [-67.02843407852198, 18.060100768273397], [-67.0276705520276, 18.060882198713216], [-67.02648079113814, 18.061679656311245], [-67.02291040339954, 18.064636611663385], [-67.02210730304671, 18.06584293429992], [-67.01494336094089, 18.070393408917198], [-67.01398554209091, 18.071464413453565], [-67.01247213849967, 18.07265040226295], [-67.01110035762339, 18.074066287962808], [-67.01089351393682, 18.07416815575507], [-67.01101058652495, 18.073740348757944], [-67.00998919461037, 18.07429625038496], [-67.00905950443831, 18.07419007186136], [-67.0078694672813, 18.075128675098902], [-67.00673182888663, 18.075688948865984], [-67.00662868465821, 18.075598736091866], [-67.00554234534495, 18.07634525882358], [-67.00563321720458, 18.076106617592423], [-67.00397764536693, 18.077344996606854], [-67.00214005192808, 18.079201803783665], [-66.99867446440882, 18.081402098133402], [-66.9992835486736, 18.080344203953906], [-66.9991684040349, 18.079783993657035], [-66.9999968806226, 18.078811940051036], [-67.00028314829365, 18.07771914222584], [-67.00095690638419, 18.076611770519676], [-66.9925898275643, 18.082195431227206], [-66.9922413638574, 18.082067400067523], [-66.98905956729949, 18.08444520110269], [-66.98884017389635, 18.084359362530112], [-66.98950165692348, 18.082923138880155], [-66.98912644534225, 18.08326656064251], [-66.98996884759501, 18.081776489326746], [-67.00102183762307, 18.063201501313685], [-67.02206093477518, 18.036676767984805], [-67.02222875282938, 18.03671750323226], [-67.02200853331821, 18.037055099516746], [-67.02238319505898, 18.036993966971934], [-67.02212340168934, 18.03775645545313], [-67.02172171203185, 18.03843019062189], [-67.0206735711627, 18.03945754717187], [-67.02049182474882, 18.03993483169566], [-67.02068529369103, 18.040068690394694], [-67.02117675175235, 18.039720896492273], [-67.02117647548481, 18.039862042131784], [-67.0215770616865, 18.03975288946052], [-67.02138249198312, 18.040183611197502], [-67.02152438557637, 18.040272366571415], [-67.02073410851304, 18.041525251994752], [-67.02109594804453, 18.041417554662218], [-67.0210438228551, 18.04165474055464], [-67.02127631473508, 18.041645998275435], [-67.02122418954565, 18.04188318416786], [-67.02224530519267, 18.04146842818036], [-67.02383620481893, 18.040279526632037], [-67.02448320856566, 18.039643613971794], [-67.02441908835523, 18.039410798218512], [-67.02514359083162, 18.038771970757857], [-67.02404277223795, 18.040318804479284], [-67.02452113182247, 18.040065591428647], [-67.02622937760978, 18.038307739305164], [-67.02577584280526, 18.03907751066444], [-67.0265516405882, 18.038624936230818], [-67.02727669398529, 18.037703817551694], [-67.02741886492632, 18.03765142528517], [-67.02737984090834, 18.037794028264333], [-67.02784537558897, 18.03749425248745], [-67.02785875033332, 18.03725852599615], [-67.02841515956821, 18.03672010692663], [-67.02855705316146, 18.036808862300543], [-67.02881574576992, 18.036610954255362], [-67.03119609365686, 18.034592604202242], [-67.03141576224733, 18.03453729913623], [-67.03114369489451, 18.034970933672703], [-67.0318032472776, 18.034522729378224], [-67.03192004629278, 18.034236065959135], [-67.03172657735058, 18.0341022072601], [-67.0319336956903, 18.03385919388888], [-67.03158468375733, 18.03401345188619], [-67.03152056085226, 18.033780638194383], [-67.03167610653766, 18.033492519436564], [-67.03130117014375, 18.03369479756033], [-67.03214219375339, 18.03291045238065], [-67.03200002281235, 18.032962844647173], [-67.03205214800178, 18.032725658754746], [-67.03170341072196, 18.032738771173097], [-67.03125097559837, 18.032943964097278], [-67.03134322448673, 18.03199959679059], [-67.03294777620515, 18.030433821110538], [-67.03478399100086, 18.029282740069814], [-67.03421420702162, 18.030056885630632], [-67.0349376060422, 18.029982640667473], [-67.03594644932043, 18.02923903067469], [-67.03619314421324, 18.028571123045282], [-67.03654270868132, 18.02813457376895], [-67.03633531407405, 18.02851873277968], [-67.03660682889176, 18.02836738952223], [-67.03656780595401, 18.028509990500474], [-67.03668405135387, 18.02850562036133], [-67.03624388967933, 18.029039665289865], [-67.03615301673946, 18.029278308521942], [-67.03651513092412, 18.02902946561045], [-67.03674734545629, 18.029161870971674], [-67.03705761071906, 18.029009068313094], [-67.03697983733625, 18.029153128692464], [-67.03797585571058, 18.02836295597344], [-67.03797530587012, 18.028645245190983], [-67.03827247157585, 18.02858702538511], [-67.03790980485608, 18.02911815957563], [-67.03722377709138, 18.02989667521504], [-67.03609841214573, 18.03078580098647], [-67.03416994576702, 18.03288125139536], [-67.03547650459146, 18.03179713237916], [-67.03634262547378, 18.03138820393101], [-67.0363036014558, 18.031530806910173], [-67.03590246541363, 18.031922248798985], [-67.03569534437926, 18.032165264231686], [-67.03564349653762, 18.032261302483676], [-67.03736456830906, 18.030550011085523], [-67.03656146795622, 18.031756333722054], [-67.036807058313, 18.03165301059106], [-67.037311618626, 18.031210631774453], [-67.03733754308695, 18.031162611647996], [-67.03736346754788, 18.03111459152154], [-67.03678141119984, 18.031559883077083], [-67.03801129848286, 18.030055242003314], [-67.03859473185963, 18.028904224372244], [-67.03845283826638, 18.02881546899833], [-67.03913886764549, 18.02803695329837], [-67.04043232529848, 18.027047417195433], [-67.04085966314938, 18.026466807539727], [-67.04084711451303, 18.026279099173966], [-67.04141634487695, 18.025787246893092], [-67.04155851581798, 18.02573485462657], [-67.04140297013258, 18.026022973384393], [-67.04158388935821, 18.025969125718586], [-67.04312321471576, 18.02473511884422], [-67.04261810456228, 18.025459786878375], [-67.04287679717073, 18.025261878833195], [-67.04279902378791, 18.02540593921257], [-67.0435098752524, 18.02514398388272], [-67.0432247072623, 18.025672203272826], [-67.0442982227519, 18.02487911581394], [-67.0446988089536, 18.024769963142674], [-67.04569537716841, 18.023697501206097], [-67.04653584985735, 18.023195447244888], [-67.0483600674716, 18.021574368560298], [-67.04848913885559, 18.021616559146484], [-67.0492652139863, 18.021022837072426], [-67.04868288137071, 18.021609274267483], [-67.04863075618128, 18.02184646015991], [-67.04916096360745, 18.02149720885728], [-67.0491091157658, 18.021593247109273], [-67.05112762951052, 18.01968259026573], [-67.0510886027979, 18.019825195306375], [-67.05148918899961, 18.019716042635107], [-67.05143734115796, 18.0198120808871], [-67.05179945426238, 18.019563239976527], [-67.05348205293653, 18.017712260339067], [-67.05564218400694, 18.016031504508955], [-67.05593962598023, 18.01583213906357], [-67.05614619339926, 18.01587141691082], [-67.05609434447737, 18.015967457163732], [-67.05676644657702, 18.015706959234095], [-67.05978014881319, 18.013429568590986], [-67.05967645096943, 18.013621649096812], [-67.05997361667517, 18.01356342929094], [-67.06058214840485, 18.012787826390472], [-67.06155224231824, 18.0120456737979], [-67.06183630846692, 18.012082036844735], [-67.0629998686279, 18.011473745012673], [-67.06514690014127, 18.009887572035268], [-67.06669960024318, 18.008417838669605], [-67.06689361902586, 18.00826940815109], [-67.06688024428149, 18.008505134642387], [-67.06713893688995, 18.00830722659721], [-67.0682782285809, 18.006900081115084], [-67.0714472002349, 18.00447571735367], [-67.07336201613586, 18.00275714101596], [-67.07253464300396, 18.00316461212446], [-67.07121498462249, 18.004343313993367], [-67.07328562086201, 18.002195473318878], [-67.07380272981135, 18.001940802868035], [-67.0745668061462, 18.000877083210668], [-67.07494174415451, 18.000674805026346], [-67.07527903463941, 17.99990940180529], [-67.07623657883623, 17.998979542847877], [-67.07680636389571, 17.99820539528614], [-67.07694908359699, 17.99787071580299], [-67.07680691373618, 17.99792310606859], [-67.07718267893274, 17.997297391026287], [-67.07613481271676, 17.998183601997308], [-67.07617411192207, 17.99789985537955], [-67.0776766174786, 17.99567928855084], [-67.07889257909656, 17.99469266518684], [-67.07788235878961, 17.996142001255148], [-67.07922821789957, 17.994774133620272], [-67.07999119347325, 17.99427499439892], [-67.08018493598837, 17.99426770951992], [-67.08015873525989, 17.99445687528589], [-67.08062454620806, 17.99401595386949], [-67.08017073405576, 17.9949268728692], [-67.08073996441968, 17.99443502058833], [-67.08033827745679, 17.995108753695614], [-67.07855308278029, 17.99658723140196], [-67.07874682799006, 17.996579944461484], [-67.0782419914095, 17.997163468917602], [-67.0792120853229, 17.99642131632503], [-67.07826736494974, 17.997397740009614], [-67.07869415187993, 17.99709942157238], [-67.07857735394495, 17.99738608299055], [-67.07953517548957, 17.9963150763927], [-67.08137194282038, 17.994881704072952], [-67.08108760201856, 17.994986486605075], [-67.08172178086139, 17.99430401121858], [-67.08201922283467, 17.994104645773195], [-67.08190242381947, 17.994391309192288], [-67.08223888981074, 17.994049340767738], [-67.08240753397295, 17.993666641158132], [-67.08218786807711, 17.99372194416267], [-67.08227873993674, 17.993483302931512], [-67.08117930106644, 17.994324408515936], [-67.08187843000259, 17.993451309963266], [-67.08176163368202, 17.99373797132088], [-67.08289982191717, 17.992895408336253], [-67.08333998197732, 17.992361363468273], [-67.08313314098538, 17.99246322919906], [-67.08332743334098, 17.992173655102512], [-67.08389611386443, 17.991964092039186], [-67.08522859823002, 17.99083195089561], [-67.08645820816527, 17.989468457462277], [-67.08658810673751, 17.98908721119048], [-67.08793341223213, 17.988001636835552], [-67.08786929202171, 17.987768821082266], [-67.08827070541166, 17.98723623155302], [-67.08927954868989, 17.98649262156024], [-67.08933139653153, 17.98639658330825], [-67.0888786851404, 17.98674292187194], [-67.0890083074451, 17.986502821239657], [-67.08871114173937, 17.98656104104553], [-67.08797409224103, 17.987012160079868], [-67.08759860331202, 17.987496729482658], [-67.08792169078406, 17.987390491611805], [-67.0876237005847, 17.987872146214183], [-67.08701599442887, 17.988224312317225], [-67.08757322977178, 17.987262458390646], [-67.08745698329169, 17.98726683053071], [-67.08756095740299, 17.98693360438537], [-67.08846720467886, 17.98581749246148], [-67.08829938662468, 17.985776757214026], [-67.08859710217088, 17.985436248190602], [-67.08983926182269, 17.984260461122112], [-67.08926948053808, 17.985034604621454], [-67.08933415166922, 17.984985129156268], [-67.09100337451878, 17.983369878011025], [-67.0910683246121, 17.98317925484485], [-67.09090023029036, 17.983279665236907], [-67.09109452264595, 17.98299009114036], [-67.09282814305372, 17.981466508107967], [-67.09294466580137, 17.98132099032839], [-67.09268597319293, 17.981518898373565], [-67.09306146212194, 17.981034328970775], [-67.09295804054574, 17.98108526383709], [-67.09536458916118, 17.978877748018], [-67.09762841807535, 17.97700491168206], [-67.10000821773623, 17.97526885078593], [-67.09919201621196, 17.976569756335724], [-67.09717240170606, 17.97904499361528], [-67.09507418770934, 17.98208772613127], [-67.09384181724715, 17.98486267783954], [-67.09254725613836, 17.986416796439972], [-67.09204187241197, 17.98728260805216], [-67.09028150035499, 17.98927764806899], [-67.08811888880005, 17.99222871247213], [-67.08832545621907, 17.99226799031938], [-67.08827360837742, 17.99236402857137], [-67.08862261923016, 17.992209772574984], [-67.09079529893692, 17.990716725110634], [-67.09155799932329, 17.990358729527873], [-67.09155717213503, 17.990782166385856], [-67.0907284219744, 17.99189536356989], [-67.08387103275156, 18.004808323408955], [-67.08394715175787, 18.005511136745547], [-67.08350726527063, 18.005904038035492], [-67.0825614425219, 18.00744504221665], [-67.08227572469133, 18.008255550824302], [-67.08243016692091, 18.008532014563976], [-67.08219629801224, 18.009246482918716], [-67.08223422126905, 18.00966846037557], [-67.08246643580122, 18.009800865736793], [-67.08152061305249, 18.011341869917953], [-67.08137706508272, 18.012099988260005], [-67.08087222850217, 18.012683512716123], [-67.08113064484307, 18.012626750310456], [-67.08171297745865, 18.012040313115403], [-67.08166085226922, 18.01227749900783], [-67.0819839424359, 18.0121712590755], [-67.08144035918514, 18.01275623887035], [-67.08168595062214, 18.01265291373843], [-67.08156915430158, 18.012939575096045], [-67.07966606254334, 18.015269294596024], [-67.07697406967024, 18.018146175444734], [-67.07741285270168, 18.018317856652285], [-67.07708893534675, 18.018847533442596], [-67.07786473690456, 18.018394954946576], [-67.07725592998756, 18.019311701485634], [-67.07737162285231, 18.019589622625517], [-67.07722917833836, 18.019783158470077], [-67.07396712521847, 18.023575330519115], [-67.0718432641086, 18.026524935521124], [-67.06765179600397, 18.030069785407974], [-67.06609854228674, 18.031821812053582], [-67.06559453558906, 18.031981897590242], [-67.06283842250554, 18.034625962685666], [-67.06115720086011, 18.035771216247596], [-67.05832386531448, 18.038277050503922], [-67.05747057041627, 18.0387325396774], [-67.05749676845014, 18.03854337597291], [-67.05686341679555, 18.03880241450142], [-67.05457283731242, 18.04114670582088], [-67.05333122588668, 18.04204020373238], [-67.05138993729871, 18.04408908935354], [-67.05022582460263, 18.044979672464624], [-67.04941154994756, 18.045292562721343], [-67.04516685697256, 18.049639176935713], [-67.04502468711176, 18.04969156720131], [-67.04501241474297, 18.049362713196036], [-67.0448961693431, 18.04936708333518], [-67.04428846210705, 18.049719251439146]], [[-66.98097738181654, 18.08964178799907], [-66.97911551721305, 18.090699743587294], [-66.97801690553099, 18.091117412313732], [-66.97662030095495, 18.09201673770403], [-66.97479580599291, 18.093778964029053], [-66.97310148587067, 18.095018798442766], [-66.97060599226481, 18.096476940199935], [-66.97006351246985, 18.09649733749729], [-66.96597629312969, 18.09956781565984], [-66.96428252554254, 18.100525358794528], [-66.96299016865073, 18.100950314461446], [-66.9603252036944, 18.103214592686204], [-66.95904374214264, 18.104674128433928], [-66.95659927027039, 18.106459666796162], [-66.9568459651632, 18.105791759166753], [-66.95385873722844, 18.107738840465856], [-66.95242172891108, 18.109486496972323], [-66.9516077342984, 18.109658237527125], [-66.95100002706235, 18.11001040563109], [-66.94733876746412, 18.113206002214387], [-66.94731339661851, 18.1129717290609], [-66.9490617698796, 18.110506691460756], [-66.94793668012129, 18.1112546735936], [-66.94681104052249, 18.11228494494399], [-66.94730387830718, 18.111231422904563], [-66.94796398430557, 18.110500925330136], [-66.94690384302618, 18.11105828435736], [-66.94550668752943, 18.112239900966124], [-66.94491208254506, 18.112497484155902], [-66.94431775382823, 18.11261392170617], [-66.94513423270028, 18.11117186851594], [-66.9442945871996, 18.111250485619166], [-66.94236860130542, 18.112075627455027], [-66.9417879219861, 18.11181519293504], [-66.94176447908994, 18.11059290248755], [-66.94131259380683, 18.110515806194183], [-66.94152026468166, 18.109990501543937], [-66.94269995741931, 18.10773502700712], [-66.94396914660227, 18.105946637254117], [-66.94946564759428, 18.095484145257192], [-66.94948067671515, 18.094401545049926], [-66.94988512043011, 18.092316357730105], [-66.95275830879638, 18.089244483576078], [-66.95407934528681, 18.08736005363072], [-66.9543132141955, 18.08664558527598], [-66.95485679744625, 18.086060605481133], [-66.95532233374128, 18.08576082964369], [-66.95551607625642, 18.08575354476469], [-66.95551579998886, 18.085894690404203], [-66.95587763844013, 18.085786995072585], [-66.95670528622517, 18.085238378385128], [-66.95645886868014, 18.085765138374104], [-66.95662696300188, 18.085664727982046], [-66.95638109529733, 18.085909198753477], [-66.9567301072303, 18.085754940756168], [-66.95660048600584, 18.08599503938753], [-66.9569885235712, 18.0856981783505], [-66.95718226770073, 18.085690893410945], [-66.95713041985908, 18.085786931662934], [-66.95746660850257, 18.085586110878822], [-66.95742758287018, 18.08572871391854], [-66.95766007475015, 18.08571997163933], [-66.95750452906475, 18.08600809039715], [-66.95984750892463, 18.083285469546674], [-66.96220248327134, 18.08103284840154], [-66.96295263394113, 18.08048714645394], [-66.96284866360467, 18.080820368536884], [-66.96161877362702, 18.08232501167213], [-66.96243277093433, 18.082153269055844], [-66.96446328078028, 18.080712611857095], [-66.96657239011707, 18.07870445942191], [-66.96728379142202, 18.07816021487452], [-66.96751628222175, 18.078151474596233], [-66.96776242619386, 18.07776585818529], [-66.96949577033408, 18.07638342079241], [-66.96959891725713, 18.076473631505053], [-66.97018097360517, 18.07602833994951], [-66.97124249299353, 18.074765252845836], [-66.97342854744464, 18.073036478890188], [-66.97486500214669, 18.07157111566367], [-66.97538238466896, 18.07117530163479], [-66.97531743727026, 18.07136592273949], [-66.97562770145281, 18.07121312208183], [-66.9766368193842, 18.070328366510097], [-66.97708925450777, 18.070123173585916], [-66.97703713201298, 18.070360357416863], [-66.97760608610933, 18.070009650775507], [-66.97660896697383, 18.071364403930552], [-66.97699645200409, 18.071349834172548], [-66.97742323893428, 18.071051515735313], [-66.97734518928391, 18.071336721754196], [-66.9774742606679, 18.071378912340382], [-66.97677375470302, 18.07295773696858], [-66.9761005502278, 18.073782815394793], [-66.9753487451815, 18.07517539105836], [-66.97457211751569, 18.07605140441144], [-66.97497270371738, 18.075942251740173], [-66.97664137564624, 18.074609291813402], [-66.9777544666087, 18.07339131209725], [-66.9787245605221, 18.072649159504678], [-66.97886673146313, 18.072596767238156], [-66.97869835979361, 18.07283832527065], [-66.97895677613451, 18.072781562864982], [-66.97890492721262, 18.072877603117895], [-66.97933171522305, 18.07257928267974], [-66.97943486106587, 18.072669495393303], [-66.98116792893855, 18.071428203639936], [-66.98112890600079, 18.07157080461818], [-66.98132264743569, 18.0715635217401], [-66.98120585111512, 18.071850183097713], [-66.98301724490571, 18.07018253968595], [-66.98313349030558, 18.070178169546807], [-66.98300386908112, 18.07041826817817], [-66.9819939250417, 18.071726458606964], [-66.98231673894082, 18.07176136431415], [-66.98273069988689, 18.071416485151584], [-66.9827044991584, 18.071605650917554], [-66.98364839234331, 18.071052664090953], [-66.98349284665791, 18.07134078284877], [-66.98380283726753, 18.07132912576915], [-66.9865333032379, 18.068591933159748], [-66.98716775834829, 18.067768312133744], [-66.98710336079007, 18.067676644020896], [-66.98679309660753, 18.06782944467855], [-66.98731103166489, 18.067151339370646], [-66.98701358969161, 18.067350704816032], [-66.98669077687272, 18.067315797107927], [-66.98575970859171, 18.06791534666078], [-66.98614829599754, 18.067336196406202], [-66.9877132722431, 18.066195312983417], [-66.98837365181443, 18.065323671830956], [-66.98973205956074, 18.06414351256184], [-66.99032776530629, 18.063321348936046], [-66.98633086959968, 18.06643547502443], [-66.98242594651389, 18.068746379445642], [-66.98247779543576, 18.06865033919273], [-66.98145667978874, 18.069065095180232], [-66.98064295874899, 18.069095692157003], [-66.98016459916448, 18.06934890520764], [-66.98028139548504, 18.069062243850027], [-66.9799454831091, 18.06912191899463], [-66.98008820389062, 18.06878723751056], [-66.97998478339464, 18.06883817037595], [-66.98004973079334, 18.06864754927125], [-66.97992038583642, 18.068746502263103], [-66.98036082216413, 18.068071311755613], [-66.98024457676426, 18.068075681894754], [-66.98036137577947, 18.067789018475665], [-66.98304026532065, 18.065006724542062], [-66.98586050238947, 18.062595471137524], [-66.98618441974439, 18.06206579434721], [-66.98746532768081, 18.060888551879433], [-66.98759467263771, 18.06078959888758], [-66.98752972523903, 18.06098021999228], [-66.98763314573499, 18.06092928712689], [-66.98818927870232, 18.060532013696882], [-66.98918584961176, 18.059459549698825], [-66.98935394393351, 18.05935913930677], [-66.98930181874408, 18.059596325199195], [-66.98962518248366, 18.05934894168883], [-66.99251036695118, 18.056747067179593], [-66.993363664544, 18.056291575944634], [-66.99516223235047, 18.054577371807543], [-66.99678070973395, 18.05249357841772], [-66.99706642756452, 18.051683069810068], [-66.9946353325971, 18.053232877679164], [-66.99462278288053, 18.053045171314324], [-66.9942740456007, 18.053058283732675], [-66.99335580060918, 18.053704396072334], [-66.99343357291175, 18.053560337693884], [-66.99285179283127, 18.053864483609914], [-66.9911187233442, 18.055105775423836], [-66.99091215592517, 18.055066497576586], [-66.9910158526887, 18.05487441907168], [-66.99077026233192, 18.054977742202674], [-66.994679042931, 18.050690803132905], [-66.99702036679996, 18.04881505605895], [-66.99689047200258, 18.04919629826835], [-66.99895972851873, 18.047754185730867], [-66.99872668571807, 18.048045219228545], [-66.99883010621404, 18.047994286363153], [-66.99934776608409, 18.047457324693838], [-66.9994899359449, 18.047404934428236], [-66.99914037147681, 18.047841483704573], [-66.99930846579856, 18.047741073312515], [-66.99929508997396, 18.047976801804737], [-66.99991589568683, 18.047530052848984], [-67.00007089153176, 18.047524223308713], [-66.99988969495834, 18.047719218614954], [-67.00035495498581, 18.047560588417024], [-67.00096293579479, 18.047067276735024], [-67.00076864074455, 18.047356852893053], [-67.00111765537217, 18.047202592834264], [-67.00486813245352, 18.044615228735776], [-67.00680859654787, 18.04298977791112], [-67.00662712640153, 18.0433259167954], [-67.0070795615251, 18.04312072387122], [-67.00886558069523, 18.041218811368367], [-67.01132287747137, 18.03947983573238], [-67.01237157087562, 18.038170187903376], [-67.01341916190427, 18.037425120570948], [-67.01352258240024, 18.037374187705552], [-67.0123311682145, 18.039018517018626], [-67.01252491072962, 18.039011232139625], [-67.01090726214879, 18.040671588610905], [-67.01055714406539, 18.04139043116719], [-67.0106343665275, 18.04152866200629], [-67.01125461970527, 18.041364204329565], [-67.01245775911396, 18.040331016177834], [-67.0125218793244, 18.04056383193112], [-67.01267714874224, 18.04041685881281], [-67.01258627688262, 18.040655500043968], [-67.01334897618874, 18.04029750646213], [-67.01455211182257, 18.0392643223728], [-67.014564386886, 18.0395931743166], [-67.01421454615036, 18.040170869232448], [-67.01451171185609, 18.040112649426575], [-67.01517154158694, 18.039523297491662], [-67.01475702594531, 18.040150471935092], [-67.01497641934846, 18.04023631050767], [-67.01576504311552, 18.039830296799376], [-67.01558384923673, 18.04002529004414], [-67.01703202538687, 18.039171072041366], [-67.01646224140761, 18.039945217602185], [-67.01691467653119, 18.039740024678004], [-67.0167591308458, 18.040028143435826], [-67.01802721765317, 18.0388043341794], [-67.0191782307922, 18.03800833392102], [-67.01916485496761, 18.03824406241324], [-67.02036799168168, 18.03721087632299], [-67.02208713280905, 18.036487604280314], [-67.00102183762307, 18.063201501313685], [-66.98912644534225, 18.08326656064251], [-66.98545235975989, 18.08641559650048], [-66.98097738181654, 18.08964178799907]], [[-66.94048168952308, 18.15241711055505], [-66.94071666188758, 18.151138059702816], [-66.94135111699796, 18.15031443867681], [-66.94117102496058, 18.149944849484633], [-66.94154679015716, 18.14931913444233], [-66.94099120811053, 18.149434116653868], [-66.94091426191596, 18.14915474017526], [-66.94055270134665, 18.149121289806804], [-66.94006124059068, 18.149469085770704], [-66.94020423763975, 18.14899325864712], [-66.94012729144518, 18.148713882168508], [-66.9406067544855, 18.147896086620378], [-66.93977965762116, 18.148162412089366], [-66.94069900606848, 18.146951717252215], [-66.94058276066862, 18.146956087391356], [-66.9405704856052, 18.146627235447557], [-66.9410371226614, 18.1457628791741], [-66.94111517231177, 18.145477673155217], [-66.94092170336955, 18.145343814456183], [-66.94109007503909, 18.14510225642369], [-66.94090915473322, 18.14515610609042], [-66.94109062487955, 18.144819967206143], [-66.93987549044985, 18.14538315371216], [-66.93968174793473, 18.14539043859116], [-66.93965637439449, 18.14515616749915], [-66.94026490773857, 18.14438056453812], [-66.94178106538726, 18.141783123577678], [-66.94147107477764, 18.1417947806573], [-66.94154884708021, 18.14165072227885], [-66.94108358974738, 18.141809350415304], [-66.9424690227158, 18.140016590583716], [-66.9438536295762, 18.138647265609187], [-66.94459233506544, 18.137349272798332], [-66.94661029519482, 18.13572090923474], [-66.94791740493996, 18.13435449900007], [-66.94848636281118, 18.13400378829631], [-66.94892734897937, 18.133046308571274], [-66.9474404234644, 18.133901983974255], [-66.94741505153856, 18.133667712821687], [-66.94715718611836, 18.13344218400888], [-66.94752067625151, 18.13248761702278], [-66.94968191077773, 18.13024227869517], [-66.95109326820709, 18.128401498737126], [-66.95110747013972, 18.127742335387847], [-66.95077155776379, 18.12780201053245], [-66.95078493358838, 18.127566282040227], [-66.95038462365423, 18.12753428907198], [-66.95025582853779, 18.127350952846285], [-66.94979056851032, 18.127509583044215], [-66.94999961641388, 18.126278552318436], [-66.94972837516907, 18.12628875199785], [-66.95054347701242, 18.125552424883153], [-66.95149040052232, 18.123446840265977], [-66.95070260394351, 18.12342941711629], [-66.95043191523382, 18.12315732551668], [-66.9513643632382, 18.12185204782682], [-66.95122274321787, 18.121622148874874], [-66.95177970229322, 18.120801440587805], [-66.95162470914292, 18.1208072680666], [-66.9517543303674, 18.120567169435237], [-66.95093978321962, 18.121021201269066], [-66.95116027630371, 18.120542461406547], [-66.95072094073717, 18.12065307147802], [-66.9490266195347, 18.121892907892658], [-66.95011433965155, 18.12044065502301], [-66.9504385305794, 18.119769834654665], [-66.95015418977756, 18.119874617186788], [-66.95062110310131, 18.118869115273814], [-66.94944444176889, 18.11957199001914], [-66.95091992048891, 18.117964023813457], [-66.95054581128326, 18.11774286507924], [-66.95089812980879, 18.115894863651842], [-66.95063999081567, 18.115810478417075], [-66.95131347155844, 18.11484425435135], [-66.95055021863699, 18.115484541213135], [-66.95319036258819, 18.11270370061734], [-66.95086379157254, 18.113637993123547], [-66.95109683598761, 18.113346959565312], [-66.95042500854112, 18.113466311915996], [-66.94854894092475, 18.115183432854423], [-66.94835519948985, 18.115190715732503], [-66.94801818365812, 18.115814973374597], [-66.94655800871212, 18.11619919379406], [-66.94681780100152, 18.115436707313787], [-66.94741378678948, 18.114473393986078], [-66.94722197114355, 18.113492663572], [-66.94733876746412, 18.113206002214387], [-66.95100002706235, 18.11001040563109], [-66.9516077342984, 18.109658237527125], [-66.95242172891108, 18.109486496972323], [-66.95385873722844, 18.107738840465856], [-66.9568459651632, 18.105791759166753], [-66.95659927027039, 18.106459666796162], [-66.95904374214264, 18.104674128433928], [-66.9603252036944, 18.103214592686204], [-66.96299016865073, 18.100950314461446], [-66.96428252554254, 18.100525358794528], [-66.96597629312969, 18.09956781565984], [-66.97006351246985, 18.09649733749729], [-66.97060599226481, 18.096476940199935], [-66.97310148587067, 18.095018798442766], [-66.97479580599291, 18.093778964029053], [-66.97662030095495, 18.09201673770403], [-66.97801690553099, 18.091117412313732], [-66.97911551721305, 18.090699743587294], [-66.98201187328817, 18.088991303519347], [-66.98545235975989, 18.08641559650048], [-66.98950165692348, 18.082923138880155], [-66.98880170079907, 18.084219674290807], [-66.98905956729949, 18.08444520110269], [-66.9922413638574, 18.082067400067523], [-66.9925898275643, 18.082195431227206], [-67.00095690638419, 18.076611770519676], [-67.00028314829365, 18.07771914222584], [-66.9999968806226, 18.078811940051036], [-66.9991684040349, 18.079783993657035], [-66.9992835486736, 18.080344203953906], [-66.99867446440882, 18.081402098133402], [-66.99674517192209, 18.083920983399352], [-66.99048597162395, 18.094741468978118], [-66.9904073721331, 18.09530896421455], [-66.99051079262908, 18.095258031349157], [-66.99054898945882, 18.095538865227976], [-66.98964219234246, 18.096937266369412], [-66.98960261578937, 18.0973621606276], [-66.98987302984591, 18.097775397806167], [-66.9879813832682, 18.100857408169404], [-66.98670971360072, 18.10391610649543], [-66.98708437534148, 18.10385497395062], [-66.98700660303889, 18.10399903232907], [-66.98564737079896, 18.10560262639469], [-66.98545252482803, 18.106174493771185], [-66.98277280432373, 18.10938022862517], [-66.98252611051116, 18.110048134253656], [-66.98071361434499, 18.112280358161993], [-66.9787963195739, 18.115269243012175], [-66.97716529355408, 18.117165328036233], [-66.9724553405516, 18.121670572448533], [-66.9718459827139, 18.122869610206063], [-66.97121152760351, 18.123693231232068], [-66.97045889536898, 18.125509243753616], [-66.97036692005354, 18.126312467482265], [-66.97045696580514, 18.12649726110817], [-66.97070255616192, 18.126393937977177], [-66.9709344982014, 18.126667484915515], [-66.97223995357004, 18.126147948396813], [-66.97107611822175, 18.126897383867462], [-66.97019717243552, 18.127259749589367], [-66.96908490866132, 18.128054292447537], [-66.96661285903186, 18.130734722651276], [-66.96477554186056, 18.132450384188573], [-66.96332570863929, 18.13415147796879], [-66.9620333544421, 18.134576431574228], [-66.96090826468378, 18.135324413707075], [-66.95767406666889, 18.13808054627418], [-66.95619968871004, 18.139123932043844], [-66.95130909544412, 18.14354187642096], [-66.94859338232708, 18.145337614462612], [-66.94732529659993, 18.14656142171812], [-66.94626488066737, 18.147259926324296], [-66.94508684230622, 18.14866852714515], [-66.94287568950219, 18.150021886370197], [-66.94132243578494, 18.151773913015806], [-66.94048168952308, 18.15241711055505]], [[-66.95593522679873, 18.155505540132868], [-66.95597425081671, 18.155362937153704], [-66.95484888748545, 18.156252062864585], [-66.95491411115171, 18.15592029612037], [-66.95402151435357, 18.156659533973084], [-66.95360810486237, 18.156722123857545], [-66.95149844299048, 18.159012567571754], [-66.95005026576011, 18.15986678757545], [-66.94807132856849, 18.1613525501608], [-66.94587327801612, 18.162611324471662], [-66.94689632161257, 18.161208551190157], [-66.94709144277083, 18.16049554017507], [-66.94374127562362, 18.163114897241805], [-66.94225297199971, 18.164676300721236], [-66.93943328854623, 18.16680526084583], [-66.93927829270129, 18.166811090386105], [-66.93987427579464, 18.165847779119872], [-66.91341656223273, 18.182790901156093], [-66.89666627579113, 18.19560540121351], [-66.89604574634582, 18.195911004529744], [-66.89618846712733, 18.195576323045675], [-66.89602037280558, 18.195676733437733], [-66.89485571026904, 18.196849605766367], [-66.89475228869283, 18.196900540632683], [-66.89477848780692, 18.19671137492727], [-66.89521920040218, 18.195895038780264], [-66.89467589341898, 18.196338872935602], [-66.8947795901825, 18.196146794430696], [-66.89633284389974, 18.194394767785084], [-66.89532400062151, 18.195138377777862], [-66.89550602168855, 18.194519947675115], [-66.8960501574744, 18.193652676601243], [-66.89544300385369, 18.19372255142526], [-66.89546920188755, 18.19353338772077], [-66.89534013319819, 18.193491195073104], [-66.89587089154506, 18.192859652552006], [-66.89631022711158, 18.192749042480536], [-66.89677603805976, 18.192308121064134], [-66.89737202007286, 18.191344811798825], [-66.89512129071575, 18.19312306528206], [-66.8949144497238, 18.193224931012846], [-66.89491472329672, 18.193083787434812], [-66.89475973122666, 18.193089612912683], [-66.89485060308628, 18.192850971681526], [-66.89474718151008, 18.192901906547842], [-66.89388023182511, 18.193734271914533], [-66.8937380619643, 18.193786662180134], [-66.8937642626928, 18.193597496414164], [-66.89366084219682, 18.19364842927956], [-66.89267764603174, 18.194485166786315], [-66.89250982905779, 18.194444429537935], [-66.89151381068345, 18.195234602256964], [-66.89091920569908, 18.195492185446746], [-66.88762033547282, 18.19829779547996], [-66.88274449236559, 18.2017742873508], [-66.88423362209754, 18.199789449014308], [-66.88677034555278, 18.19705954128391], [-66.88785696113358, 18.196171872912682], [-66.88935919042257, 18.19409245172348], [-66.8898241741825, 18.194074967165065], [-66.8924883146452, 18.192234123736814], [-66.8984462154568, 18.183589038251988], [-66.9007897462374, 18.18058412618304], [-66.90182644192598, 18.178804478769806], [-66.90367686134896, 18.17699423231832], [-66.9103247952666, 18.17213384771587], [-66.90980686182364, 18.17281195296322], [-66.91031141944201, 18.17236957620809], [-66.91080260393042, 18.172162925883704], [-66.91103481954283, 18.172295329244008], [-66.91241832456183, 18.17149058670642], [-66.91287048341785, 18.171426539421752], [-66.91255939096682, 18.172002778938314], [-66.91284345819574, 18.17203913998423], [-66.91321839350942, 18.171836863861383], [-66.91320501876505, 18.17207259035268], [-66.91332126416492, 18.17206822021354], [-66.91524752632665, 18.17110193273816], [-66.91544071792107, 18.17137693907763], [-66.91571195647123, 18.171366741459693], [-66.91719833214573, 18.17079335527426], [-66.91908777558669, 18.16884050584361], [-66.91947636299251, 18.16826135558904], [-66.9195546862158, 18.167835005992117], [-66.92039598501276, 18.16690951717385], [-66.92131450735206, 18.166122257193756], [-66.92273675904126, 18.16531605931744], [-66.92355213445751, 18.164438588624705], [-66.9280153936474, 18.160601249840894], [-66.92849375215168, 18.16034803879118], [-66.92845445294638, 18.160631785408935], [-66.92860944771108, 18.160625957869584], [-66.92965648781903, 18.160163181755625], [-66.93109211641305, 18.159121253386168], [-66.93102661809367, 18.159594165709336], [-66.93221637898313, 18.158796708111304], [-66.9322676769843, 18.158982959076862], [-66.93290130490644, 18.15858277490884], [-66.93304292492677, 18.158812673860787], [-66.933223842538, 18.158758826255536], [-66.93544864635395, 18.15702859489968], [-66.93867057038565, 18.153943608387856], [-66.9411671663671, 18.151920886134114], [-66.94287568950219, 18.150021886370197], [-66.94508684230622, 18.14866852714515], [-66.94626488066737, 18.147259926324296], [-66.94732529659993, 18.14656142171812], [-66.94846403737017, 18.145436567454464], [-66.95130909544412, 18.14354187642096], [-66.95619968871004, 18.139123932043844], [-66.95767406666889, 18.13808054627418], [-66.96090826468378, 18.135324413707075], [-66.9620333544421, 18.134576431574228], [-66.96332570863929, 18.13415147796879], [-66.96477554186056, 18.132450384188573], [-66.96661285903186, 18.130734722651276], [-66.9683732300086, 18.128739684635367], [-66.96979630996627, 18.127510047900145], [-66.97158040118697, 18.12659615269129], [-66.97358498657198, 18.125203515619], [-66.97399839498294, 18.12514092773546], [-66.9741787643681, 18.1253693692872], [-66.97455342610887, 18.12530823674239], [-66.97624664385553, 18.12463298282525], [-66.97721673776893, 18.12389083023268], [-66.9782779798095, 18.12276889076944], [-66.97862671816956, 18.122755776350164], [-66.97865181544225, 18.12313119308169], [-66.97947973841461, 18.12244143275564], [-66.97994499952232, 18.12228280055679], [-66.97969830462951, 18.1229507081862], [-66.97974905009558, 18.12341925043078], [-66.98044680200302, 18.123251877953642], [-66.98208899693583, 18.122249229432352], [-66.98511552515612, 18.120018399514574], [-66.98602011805549, 18.11974916130665], [-66.9876241172388, 18.118465676905622], [-66.98724780112153, 18.119373683166394], [-66.9884370110903, 18.118858516786833], [-66.98815129433996, 18.119669023393566], [-66.98820259234114, 18.11985527435912], [-66.98859035363894, 18.119699558961607], [-66.99084135656898, 18.117780161900335], [-66.99261289915334, 18.11667855832572], [-66.99464395883976, 18.11495561190942], [-66.99544540751072, 18.114596160927377], [-66.99724314920915, 18.113305391647344], [-66.99760498604603, 18.113197696376286], [-67.00351559689243, 18.108929574386206], [-67.00368369121416, 18.108829163994148], [-67.00364439200887, 18.109112910611902], [-67.00537773614909, 18.107730473219025], [-67.00560995068126, 18.107862878580253], [-67.00681253647463, 18.10711198370847], [-67.00619090626813, 18.107982167460726], [-67.00712252708425, 18.10710032662885], [-67.00726469802528, 18.107047934362328], [-67.00722512147219, 18.107472828620516], [-67.00832428676958, 18.10677286661413], [-67.00749470942071, 18.108309500656144], [-67.00697787673892, 18.108423025467474], [-67.00607190411618, 18.109397991812408], [-67.00428753824234, 18.11045303260022], [-67.0012211572014, 18.1132499024157], [-67.00092316808228, 18.113731555017154], [-67.0013106520323, 18.113716987260073], [-67.00115510634691, 18.114005106017892], [-66.99944741040007, 18.115480668923826], [-66.99915024738897, 18.115538886668222], [-66.99644680772096, 18.117663476714227], [-66.99586392418466, 18.118532205127753], [-66.99630325975119, 18.11842159505628], [-66.99750639646525, 18.117388408966033], [-66.99560358097456, 18.119576982826498], [-66.99397420717078, 18.120626198136435], [-66.99137391442581, 18.122840998895082], [-66.98956362409103, 18.12394405980935], [-66.98892916898065, 18.124767680835355], [-66.98652289393812, 18.12683405307641], [-66.98438703403237, 18.12931366049511], [-66.98453927204498, 18.130719287168297], [-66.97546024207968, 18.137129481640766], [-66.97424317808614, 18.138680685501342], [-66.97266427617551, 18.140339586633896], [-66.9698058433572, 18.142470004158696], [-66.96763206019463, 18.144527634120543], [-66.96623435485742, 18.145991539946852], [-66.96389054780929, 18.14913759765531], [-66.96253269259809, 18.150035465645402], [-66.95854806926026, 18.15347844573906], [-66.95707258892584, 18.1550864120053], [-66.956283687811, 18.15563357335403], [-66.95606402191515, 18.155688876358568], [-66.95610304485291, 18.155546275380324], [-66.95593522679873, 18.155505540132868]], [[-66.87706637501356, 18.20603366700112], [-66.87695012961369, 18.20603803714026], [-66.87686035851523, 18.2057120979354], [-66.87602016209385, 18.206073006257096], [-66.8764349513084, 18.20530468823563], [-66.87907647228833, 18.201818121564305], [-66.87845621911056, 18.20198257924103], [-66.87858639125572, 18.201460189391195], [-66.87757837408553, 18.201780364526915], [-66.87790339381603, 18.200686107240028], [-66.87649479152434, 18.20111543304609], [-66.87207165872802, 18.204245588354162], [-66.87086935028243, 18.20485533558551], [-66.869071608584, 18.20614610486554], [-66.86925390591858, 18.20538652912328], [-66.87065354081963, 18.202934605942414], [-66.86976149655659, 18.2033915525161], [-66.8695036311364, 18.203166023703297], [-66.86903809645578, 18.20346579948018], [-66.86887055305473, 18.20328391865377], [-66.8691428950607, 18.20270913853834], [-66.86866481174374, 18.202821205949462], [-66.86885938144712, 18.202390484212476], [-66.8700112217744, 18.201171047096118], [-66.87033541270226, 18.20050022672777], [-66.87014304721585, 18.19980178553124], [-66.87089567837016, 18.197985775010615], [-66.87088340600137, 18.19765692100534], [-66.87392385988673, 18.194908073377793], [-66.8762796630361, 18.192232015314122], [-66.88132580468205, 18.187525950117706], [-66.88164944576943, 18.187137418966905], [-66.88199983634553, 18.18627743483351], [-66.88147045610762, 18.186203249278158], [-66.8825188732443, 18.185034747088668], [-66.88817189493805, 18.180399950646272], [-66.88919521480206, 18.178856031725257], [-66.89211887236684, 18.176393845455323], [-66.89391771644085, 18.174538495678718], [-66.89594987958309, 18.172250966764924], [-66.89629972031872, 18.171673271849077], [-66.89646836556116, 18.17129057023855], [-66.8961979504244, 18.170877335060904], [-66.8963019245357, 18.170544108915564], [-66.89604378446235, 18.170459725681717], [-66.89605743385987, 18.17008285361146], [-66.89577337040582, 18.17004648850315], [-66.89586451853299, 18.16966670163248], [-66.89769039052375, 18.167198749231925], [-66.89970945249455, 18.165005803231395], [-66.90091231455546, 18.164113762720103], [-66.90351315822113, 18.161616670742983], [-66.90460060207042, 18.160305563512853], [-66.90670860795142, 18.158861993575165], [-66.90862369742528, 18.15700227365942], [-66.90898636145042, 18.15647114153038], [-66.91024134870075, 18.15534191512666], [-66.91019005069958, 18.155155664161104], [-66.91257232815036, 18.152149296753425], [-66.91531451556881, 18.15002324936777], [-66.9157814299728, 18.149017745453875], [-66.91649365738576, 18.14805006604942], [-66.91662383222555, 18.14752767413811], [-66.91736198409947, 18.1465119746072], [-66.92169810254943, 18.141644425881726], [-66.92343199922475, 18.13997969720982], [-66.92405225240252, 18.139815239533096], [-66.92622520837682, 18.13818104642923], [-66.92610758217337, 18.138891146706307], [-66.92639137205451, 18.139068655392652], [-66.92835583104596, 18.138383201796096], [-66.92799261448575, 18.139196625204164], [-66.92607697409116, 18.14133863633838], [-66.92843002048845, 18.140074032487245], [-66.9303055371841, 18.138639202767287], [-66.93175481409541, 18.1372204043285], [-66.9314832992777, 18.13737174758595], [-66.93085077373114, 18.1372073512574], [-66.93068350659765, 18.13688432479147], [-66.92959854323288, 18.136925123448577], [-66.93011647937048, 18.13624701613975], [-66.93192759581329, 18.134720520368425], [-66.93165608099558, 18.134871863625875], [-66.93153983451549, 18.13487623576594], [-66.93168227902943, 18.134682699921385], [-66.93132044219257, 18.134790395192443], [-66.93133409428472, 18.134413521060708], [-66.9315802355622, 18.134027906711246], [-66.93340390333597, 18.132689117244205], [-66.9340631794515, 18.132382058589236], [-66.934774857024, 18.13169666840233], [-66.9374021760713, 18.128869265080287], [-66.9400936180237, 18.12627467545005], [-66.93943433921353, 18.126581736166493], [-66.94123373690289, 18.124444093109943], [-66.93986277944, 18.125436546014214], [-66.93950094260313, 18.125544241285272], [-66.93941089523713, 18.125359447719923], [-66.94048468591406, 18.12442521662245], [-66.94032969384399, 18.12443104210032], [-66.93820803587086, 18.12625148616974], [-66.93784619633935, 18.126359183502277], [-66.93771740122291, 18.126175847276578], [-66.93691567897903, 18.126676441836658], [-66.93633417516611, 18.126839442113177], [-66.93628287716493, 18.12665319114762], [-66.93559822642894, 18.126725980711495], [-66.93636258011158, 18.125521113413694], [-66.93614318778866, 18.125435272840196], [-66.93642863096606, 18.124765909811497], [-66.93557588321372, 18.12493911182891], [-66.93577017934417, 18.12464953366996], [-66.93549893809939, 18.124659733349375], [-66.93564138422774, 18.124466197444264], [-66.93556416176563, 18.124327966605165], [-66.93632768826, 18.123546536165346], [-66.93621171912768, 18.123409760664973], [-66.9373381848345, 18.121956054457524], [-66.93779199698682, 18.121045135457813], [-66.93755923153392, 18.121195021315057], [-66.93802504248211, 18.120754099898658], [-66.93845237925277, 18.120173492243875], [-66.93851760399924, 18.11984172349874], [-66.94014890359199, 18.117804494896646], [-66.9388559968597, 18.118511739781113], [-66.93696655449898, 18.120464587210837], [-66.93743264063447, 18.119882522155848], [-66.93783488121268, 18.118926495768616], [-66.94464084399489, 18.112507681773838], [-66.94550668752943, 18.112239900966124], [-66.94690384302618, 18.11105828435736], [-66.94788648557592, 18.110503840130548], [-66.94730387830718, 18.111231422904563], [-66.94681104052249, 18.11228494494399], [-66.94793668012129, 18.1112546735936], [-66.9490617698796, 18.110506691460756], [-66.9472356232357, 18.11311578944027], [-66.947390616386, 18.113109961961474], [-66.94722197114355, 18.113492663572], [-66.94741378678948, 18.114473393986078], [-66.94681780100152, 18.115436707313787], [-66.94655800871212, 18.11619919379406], [-66.94801818365812, 18.115814973374597], [-66.94835519948985, 18.115190715732503], [-66.94854894092475, 18.115183432854423], [-66.95042500854112, 18.113466311915996], [-66.95109683598761, 18.113346959565312], [-66.95086379157254, 18.113637993123547], [-66.95319036258819, 18.11270370061734], [-66.95055021863699, 18.115484541213135], [-66.95131347155844, 18.11484425435135], [-66.95063999081567, 18.115810478417075], [-66.95089812980879, 18.115894863651842], [-66.95054581128326, 18.11774286507924], [-66.95091992048891, 18.117964023813457], [-66.94944444176889, 18.11957199001914], [-66.95062110310131, 18.118869115273814], [-66.95015418977756, 18.119874617186788], [-66.9504385305794, 18.119769834654665], [-66.95011433965155, 18.12044065502301], [-66.9490266195347, 18.121892907892658], [-66.95072094073717, 18.12065307147802], [-66.95116027630371, 18.120542461406547], [-66.95093978321962, 18.121021201269066], [-66.9517543303674, 18.120567169435237], [-66.95162470914292, 18.1208072680666], [-66.95177970229322, 18.120801440587805], [-66.95122274321787, 18.121622148874874], [-66.9513643632382, 18.12185204782682], [-66.95043191523382, 18.12315732551668], [-66.95070260394351, 18.12342941711629], [-66.95149040052232, 18.123446840265977], [-66.95054347701242, 18.125552424883153], [-66.94972837516907, 18.12628875199785], [-66.94999961641388, 18.126278552318436], [-66.94979056851032, 18.127509583044215], [-66.95025582853779, 18.127350952846285], [-66.95038462365423, 18.12753428907198], [-66.95078493358838, 18.127566282040227], [-66.95077155776379, 18.12780201053245], [-66.95110747013972, 18.127742335387847], [-66.95109326820709, 18.128401498737126], [-66.94968191077773, 18.13024227869517], [-66.94752067625151, 18.13248761702278], [-66.94715718611836, 18.13344218400888], [-66.94741505153856, 18.133667712821687], [-66.9474404234644, 18.133901983974255], [-66.94892734897937, 18.133046308571274], [-66.94848636281118, 18.13400378829631], [-66.94791740493996, 18.13435449900007], [-66.94661029519482, 18.13572090923474], [-66.94459233506544, 18.137349272798332], [-66.9438536295762, 18.138647265609187], [-66.94191234098822, 18.140696151230348], [-66.94108358974738, 18.141809350415304], [-66.94154884708021, 18.14165072227885], [-66.94147107477764, 18.1417947806573], [-66.94176824048337, 18.141736560851427], [-66.94117225847026, 18.142699870116736], [-66.94140502392314, 18.142549984259492], [-66.93965637439449, 18.14515616749915], [-66.93968174793473, 18.14539043859116], [-66.93987549044985, 18.14538315371216], [-66.94109062487955, 18.144819967206143], [-66.94090915473322, 18.14515610609042], [-66.94109007503909, 18.14510225642369], [-66.94092170336955, 18.145343814456183], [-66.94111517231177, 18.145477673155217], [-66.9410371226614, 18.1457628791741], [-66.9405704856052, 18.146627235447557], [-66.94058276066862, 18.146956087391356], [-66.94069900606848, 18.146951717252215], [-66.93977965762116, 18.148162412089366], [-66.9406067544855, 18.147896086620378], [-66.94012729144518, 18.148713882168508], [-66.94020423763975, 18.14899325864712], [-66.94006124059068, 18.149469085770704], [-66.94055270134665, 18.149121289806804], [-66.94091426191596, 18.14915474017526], [-66.94099120811053, 18.149434116653868], [-66.94154679015716, 18.14931913444233], [-66.94117102496058, 18.149944849484633], [-66.94135111699796, 18.15031443867681], [-66.94071666188758, 18.151138059702816], [-66.94048168952308, 18.15241711055505], [-66.93792014614294, 18.15463045391349], [-66.93652243811111, 18.15609436180128], [-66.933223842538, 18.158758826255536], [-66.93304292492677, 18.158812673860787], [-66.93290130490644, 18.15858277490884], [-66.9322676769843, 18.158982959076862], [-66.93221637898313, 18.158796708111304], [-66.93102661809367, 18.159594165709336], [-66.93109211641305, 18.159121253386168], [-66.92965648781903, 18.160163181755625], [-66.92860944771108, 18.160625957869584], [-66.92845445294638, 18.160631785408935], [-66.92849375215168, 18.16034803879118], [-66.9280153936474, 18.160601249840894], [-66.92355213445751, 18.164438588624705], [-66.92273675904126, 18.16531605931744], [-66.92131450735206, 18.166122257193756], [-66.92039598501276, 18.16690951717385], [-66.9195546862158, 18.167835005992117], [-66.91947636299251, 18.16826135558904], [-66.91908777558669, 18.16884050584361], [-66.91719833214573, 18.17079335527426], [-66.91571195647123, 18.171366741459693], [-66.91544071792107, 18.17137693907763], [-66.91524752632665, 18.17110193273816], [-66.91332126416492, 18.17206822021354], [-66.91320501876505, 18.17207259035268], [-66.91321839350942, 18.171836863861383], [-66.91284345819574, 18.17203913998423], [-66.91255939096682, 18.172002778938314], [-66.91287048341785, 18.171426539421752], [-66.91241832456183, 18.17149058670642], [-66.91103481954283, 18.172295329244008], [-66.91080260393042, 18.172162925883704], [-66.91031141944201, 18.17236957620809], [-66.90980686182364, 18.17281195296322], [-66.9103247952666, 18.17213384771587], [-66.90348284256628, 18.177142662836836], [-66.90182644192598, 18.178804478769806], [-66.9007897462374, 18.18058412618304], [-66.8984462154568, 18.183589038251988], [-66.8924883146452, 18.192234123736814], [-66.8898241741825, 18.194074967165065], [-66.88935919042257, 18.19409245172348], [-66.88785696113358, 18.196171872912682], [-66.88677034555278, 18.19705954128391], [-66.88423362209754, 18.199789449014308], [-66.88274449236559, 18.2017742873508], [-66.87923905472032, 18.20454061953677], [-66.8777777763185, 18.205489422453724], [-66.87696240198248, 18.206366891145535], [-66.87706637501356, 18.20603366700112]], [[-66.32359197861722, 18.40387814751144], [-66.3533043932256, 18.3901335074253], [-66.35867473354165, 18.387412384760847], [-66.36223937855785, 18.385429901481757], [-66.3623493580486, 18.385183920646213], [-66.36352926914569, 18.384517751014833], [-66.37313410557263, 18.37937409824036], [-66.40270587381278, 18.365459782672108], [-66.40688021388279, 18.36331528462773], [-66.41661229422031, 18.35912454245766], [-66.42217462377465, 18.35636857875864], [-66.42384543378299, 18.355859891806286], [-66.41987190204627, 18.35789603047965], [-66.42579024870132, 18.355527500832864], [-66.42877585857924, 18.354122690756316], [-66.42968905014962, 18.353443281858986], [-66.42930506922986, 18.353512965655792], [-66.42964804579475, 18.353337712292433], [-66.43377831652964, 18.351560793052684], [-66.436564651786, 18.35002776729772], [-66.4439047187453, 18.346990279274895], [-66.45192344752694, 18.34343923059986], [-66.45320146936886, 18.343073740205792], [-66.45509952477977, 18.342236148963213], [-66.45555976029452, 18.34197797426478], [-66.45420701164515, 18.342295383298527], [-66.45839016488598, 18.340077369705188], [-66.4652627050231, 18.337135002455298], [-66.46611573810941, 18.33673362735129], [-66.46629163123677, 18.33660924342503], [-66.46583292350957, 18.33663084586152], [-66.46651887663934, 18.336280339134806], [-66.46919370113642, 18.335229867537134], [-66.47077521949493, 18.334346983011017], [-66.47098483507486, 18.334165110878523], [-66.47086029074171, 18.33408497550062], [-66.47137916043397, 18.333785338211005], [-66.47759219287796, 18.330972928253452], [-66.47891427813082, 18.33023986184224], [-66.47650922177358, 18.33083043030158], [-66.4766264901286, 18.33074750511922], [-66.48532082760065, 18.32715603858818], [-66.48627502456368, 18.326582199925276], [-66.48503072761753, 18.326890200385428], [-66.48574312025978, 18.32631914701182], [-66.49257465848521, 18.323271208467702], [-66.49387183201314, 18.32252211644144], [-66.49834354804439, 18.320806517160083], [-66.50186106815039, 18.31966475720951], [-66.51204150933259, 18.315762503201338], [-66.51334443697527, 18.315413041209805], [-66.51492136604698, 18.31523987625701], [-66.51288688815185, 18.316543996041826], [-66.51510570101821, 18.31638790316694], [-66.51492980789084, 18.3165122870932], [-66.51772765241451, 18.315778522075572], [-66.52081137303725, 18.31467439123634], [-66.52122754269787, 18.31478379428273], [-66.52483013649385, 18.31338002509408], [-66.52518920568868, 18.31329431568222], [-66.52477878769963, 18.313584544398243], [-66.52710182594197, 18.312782840653085], [-66.5246921862221, 18.314083125898264], [-66.5250922597718, 18.314102986052955], [-66.52424651206877, 18.314667417869945], [-66.5343142835879, 18.310138365623533], [-66.53723820371323, 18.30924816266206], [-66.5411251398966, 18.307710602701235], [-66.55348222372453, 18.302437335975704], [-66.55439388506417, 18.301994501067995], [-66.55511509087725, 18.301349932145424], [-66.55744847007797, 18.300238140589357], [-66.55640498494607, 18.3004377806187], [-66.55781060077206, 18.299679283866126], [-66.56867277712418, 18.294790316319407], [-66.57084636175163, 18.29389244985362], [-66.57182240545937, 18.29380778517694], [-66.57577525527935, 18.292391822125396], [-66.57642595224483, 18.292335378654343], [-66.57735371213859, 18.291982084910654], [-66.57842517397567, 18.29132532212519], [-66.58324139784033, 18.289197896158726], [-66.59724322104789, 18.28229056447026], [-66.60099257236229, 18.28011018171594], [-66.60724661264213, 18.27740334026514], [-66.60758957980187, 18.277228090749066], [-66.60693006966555, 18.27735804976908], [-66.6124161446249, 18.274790576971693], [-66.61747724023378, 18.272187215617077], [-66.63092188200972, 18.266346728997778], [-66.63583198681103, 18.26388378103176], [-66.64058075984637, 18.261871334265244], [-66.64181049195014, 18.261237217591646], [-66.6413605939128, 18.261185305538973], [-66.64607718516925, 18.25899376980966], [-66.6485044453066, 18.257546456254037], [-66.66174981838513, 18.251577751168835], [-66.66540528876288, 18.249732890414077], [-66.66760377919111, 18.248851052350822], [-66.66751142848521, 18.248950000360754], [-66.6676608821001, 18.24904616308139], [-66.66694120999874, 18.24945415695453], [-66.66713319923701, 18.24941931591997], [-66.67058480222542, 18.248155960119913], [-66.68004863280551, 18.244188552673513], [-66.68624979057942, 18.2419228055763], [-66.69365730244387, 18.23877034114101], [-66.69804547257269, 18.237080178835782], [-66.69650496205004, 18.238068631868646], [-66.69488244177985, 18.238845945100532], [-66.69617655625171, 18.238569998657965], [-66.69561515093606, 18.23900063970278], [-66.69721123413696, 18.238443871390107], [-66.6969341712087, 18.238740721662747], [-66.6972507082611, 18.23878601494628], [-66.69709091020687, 18.23899994109636], [-66.69719935946688, 18.238990534250444], [-66.69656322734379, 18.23937309393494], [-66.69122966749858, 18.24156358214159], [-66.6863870100456, 18.243911551967464], [-66.67653038189395, 18.24802215981944], [-66.6733849715186, 18.24964089777374], [-66.6723326697349, 18.24991405441185], [-66.66937349692627, 18.251098319569184], [-66.66919912810546, 18.2509861322933], [-66.66833881556003, 18.251224447896846], [-66.66194260704859, 18.253998183339995], [-66.65884701767992, 18.255648974252082], [-66.65867112107158, 18.255773359238145], [-66.6588880220348, 18.255754543818632], [-66.65831051816504, 18.25609564369943], [-66.65545826927206, 18.257507072545113], [-66.65508157373559, 18.2577398130549], [-66.65546555465535, 18.257670129258095], [-66.65431055284, 18.258352326232206], [-66.64724448382871, 18.26156611235357], [-66.63907629898901, 18.265021000035652], [-66.63299662997316, 18.267840027034662], [-66.6276408544995, 18.27088726591256], [-66.61831459938323, 18.275497499999734], [-66.61778692244432, 18.275870650050834], [-66.61919829934702, 18.275511781213385], [-66.61768269114415, 18.276516263708587], [-66.61375016724328, 18.2786579708887], [-66.61681626152438, 18.277700871147395], [-66.59742493446643, 18.28771293270748], [-66.59884053525315, 18.287990267894383], [-66.59709921884041, 18.289087078570578], [-66.59232553059914, 18.291083500781845], [-66.58924756757213, 18.292587260596], [-66.58913911831212, 18.292596667441916], [-66.58996723967348, 18.292179266722858], [-66.58715023753966, 18.293296636160164], [-66.585609727017, 18.29428508919303], [-66.58275900591158, 18.295459945776766], [-66.57905372045131, 18.29727275078626], [-66.57795888060102, 18.297676912907242], [-66.57831948350756, 18.29735462844596], [-66.5767322134775, 18.297837881209666], [-66.57254483635265, 18.29941969077865], [-66.57119784529901, 18.300136728787326], [-66.57126375893563, 18.300258325696607], [-66.57047664541011, 18.300781294922416], [-66.5718719262019, 18.30033288319327], [-66.57175466132786, 18.300415807315833], [-66.56870313781332, 18.301699020483095], [-66.56560754496367, 18.303349812454986], [-66.56125309380646, 18.30498248761378], [-66.55947958620966, 18.305900213174464], [-66.55902087848247, 18.30592181561095], [-66.55797585615787, 18.30635803174952], [-66.55595900808538, 18.30751511937661], [-66.55645143826516, 18.307436028733886], [-66.55627554165682, 18.307560413719948], [-66.55456066823753, 18.308436676689446], [-66.55252925184168, 18.30926764916289], [-66.55175247927453, 18.309480530577787], [-66.55210426901024, 18.309231761665465], [-66.55186245632208, 18.309234551469928], [-66.55101824233077, 18.30956240823749], [-66.54719569199648, 18.31145813736954], [-66.54907612106572, 18.31076757722489], [-66.54895885863489, 18.31085049961977], [-66.54258602813667, 18.313876835727402], [-66.5317004796955, 18.31851319982216], [-66.53138241241236, 18.318704480528247], [-66.53378593505788, 18.318350487118337], [-66.52996185693604, 18.320482788512336], [-66.52796416891692, 18.321256269992062], [-66.51910849967892, 18.325298237722606], [-66.51869807576571, 18.32558846922611], [-66.5200596375859, 18.325197544643398], [-66.51872721485564, 18.326240697805716], [-66.51491347769218, 18.328062911388802], [-66.51599950437165, 18.32773226481678], [-66.51419227780326, 18.328707477523892], [-66.51491041619292, 18.328536058700177], [-66.5146509796063, 18.328685877874886], [-66.50983322795409, 18.331049876103293], [-66.50939790416427, 18.33132407641678], [-66.51023331090893, 18.3310697324107], [-66.50638585477388, 18.33294943314022], [-66.50798921743389, 18.33255572432801], [-66.50568956068574, 18.333610027677842], [-66.50543012409912, 18.333759846852555], [-66.50578038012311, 18.33374765298966], [-66.50337074040324, 18.335047938234837], [-66.50598541234042, 18.334275497643006], [-66.5038513018371, 18.335515507664972], [-66.49671932267017, 18.33860769581725], [-66.49651852026106, 18.338716052400777], [-66.49941024572136, 18.337646765383592], [-66.49628093390012, 18.33935504450191], [-66.49810272879188, 18.338705946948444], [-66.49901286234397, 18.338499684302683], [-66.49854381017742, 18.33883137560988], [-66.49977201101267, 18.338433832258033], [-66.49731255376709, 18.339702063485625], [-66.5033056237486, 18.33738161625896], [-66.50609618881315, 18.336484791740865], [-66.51009156485138, 18.33493782878141], [-66.5108756228018, 18.33488800407949], [-66.51420268145706, 18.333544512901536], [-66.51431113316028, 18.33353510432794], [-66.51336574692486, 18.33403542916956], [-66.51461004039005, 18.33372742976921], [-66.51359721273047, 18.334342729963492], [-66.51783440493784, 18.332792976139775], [-66.50577047318713, 18.33785893760397], [-66.50076954302428, 18.340184263045654], [-66.49870593544438, 18.340836150403582], [-66.4928960439735, 18.34319527041697], [-66.48772075091402, 18.34540840579529], [-66.48736014800748, 18.345730690256577], [-66.48390701723153, 18.347230618318576], [-66.48354794803672, 18.347316327730436], [-66.48392464357319, 18.34708358722065], [-66.48379128258824, 18.34707696845151], [-66.48191085699996, 18.34776752753636], [-66.48233008815984, 18.347403783271375], [-66.48022547866826, 18.347950099335073], [-66.47425884227505, 18.35005000270233], [-66.47575682065528, 18.34919255236486], [-66.4755648289738, 18.3492273951271], [-66.46680457786513, 18.35269726474886], [-66.466921836815, 18.35261434341378], [-66.45713572099191, 18.35613682475443], [-66.45650111665637, 18.356282812176982], [-66.45778066628583, 18.355680749520968], [-66.45639419866487, 18.356055645701147], [-66.45705523658873, 18.355689114419185], [-66.4528854917297, 18.35712389010276], [-66.45315374148714, 18.356900555379084], [-66.4481880640076, 18.358931818624914], [-66.44775426208116, 18.358969449463935], [-66.45003782619936, 18.357825602162603], [-66.44523195269822, 18.35964293647087], [-66.44509859171328, 18.359636317701735], [-66.44559255560476, 18.359320652009586], [-66.44327832809005, 18.360048841933455], [-66.44375618994646, 18.35964363613709], [-66.44133198538418, 18.360617805168825], [-66.44205165748555, 18.36020981129568], [-66.4327403395764, 18.36380023587902], [-66.43099479927965, 18.36426084253086], [-66.42659052711575, 18.36586146473187], [-66.41153370358481, 18.372169178499828], [-66.41170959671219, 18.37204479457357], [-66.41082437244182, 18.37226708456206], [-66.41090063296097, 18.372078590872952], [-66.40875348540281, 18.372755912419528], [-66.40354447337172, 18.37502653494428], [-66.39783574229662, 18.377213192458573], [-66.39470373437891, 18.378048695290595], [-66.3907815514364, 18.379880314659797], [-66.3774572276664, 18.385164734360323], [-66.3639029718025, 18.38990527821749], [-66.36450538147302, 18.389580206739225], [-66.3570495833514, 18.392464043835183], [-66.3550212284548, 18.392821868997256], [-66.33791726130086, 18.39852508768948], [-66.32617292810183, 18.40316319512584], [-66.32359197861722, 18.40387814751144]], [[-66.68107551009273, 18.294261239152355], [-66.6793050639952, 18.29470581740166], [-66.6797403937092, 18.29443161430069], [-66.6782864787399, 18.294921488621018], [-66.67969210397104, 18.29416298802116], [-66.67904869238883, 18.294382488205194], [-66.67958518249857, 18.293935822605132], [-66.67922611330374, 18.294021532016988], [-66.68074900096572, 18.293180109022252], [-66.68049837754992, 18.293256412647995], [-66.68061563998077, 18.293173490253114], [-66.6840028571201, 18.291551965281833], [-66.68528393801809, 18.290713329304072], [-66.68467423948331, 18.29087534512916], [-66.68505975411477, 18.29056908628292], [-66.68639793199759, 18.28992556382321], [-66.683031396775, 18.290926913172672], [-66.68319119727242, 18.290712985294913], [-66.67023512475184, 18.294492255377143], [-66.67038611207843, 18.29435184304835], [-66.66909199760659, 18.294627789490917], [-66.66975303553043, 18.294261258208955], [-66.66953614049139, 18.294280070840983], [-66.6676733353206, 18.294823601615384], [-66.66964036586738, 18.293634459970715], [-66.66590172091414, 18.294158831316444], [-66.66547098641114, 18.293723312056613], [-66.6648643528566, 18.293412179510522], [-66.66283600144098, 18.29377000361279], [-66.69385286555541, 18.279439332060658], [-66.6992994698716, 18.27652971464729], [-66.7088131179774, 18.272594361218477], [-66.71109668209562, 18.271450513917145], [-66.71096332459165, 18.271443894088208], [-66.71123157086811, 18.271220560424336], [-66.71103957918663, 18.27125540318658], [-66.71148372207143, 18.270907684536645], [-66.71573125523717, 18.269047842902015], [-66.72028957030277, 18.266833663848317], [-66.72113531800579, 18.266269232031327], [-66.72736291529219, 18.26378293828722], [-66.73067540910505, 18.26211333089582], [-66.7288447951183, 18.262835946785735], [-66.73555907439388, 18.259870929576692], [-66.73345293119058, 18.260653820689818], [-66.73379590775546, 18.260478567326462], [-66.74209898484864, 18.256793725091768], [-66.7545806164907, 18.251600592684337], [-66.75478142482399, 18.25149223331333], [-66.7529186196532, 18.25203576408773], [-66.75659746456319, 18.25044350505725], [-66.75561988714374, 18.250764744783357], [-66.75582068607187, 18.250656389259632], [-66.76107071186297, 18.248491332454147], [-66.76471736314572, 18.246719990035835], [-66.76403294372767, 18.24683392171312], [-66.7618432605461, 18.247642247014895], [-66.7683919841717, 18.244491526981005], [-66.77617619157262, 18.241106322035925], [-66.77604283058767, 18.24109970326679], [-66.77646206767172, 18.240735956214323], [-66.77734881972962, 18.240277093963883], [-66.77652222963677, 18.240457921361195], [-66.78082838757486, 18.238556620982667], [-66.78069503251407, 18.238549999426052], [-66.78136488708974, 18.23810995153532], [-66.78825352578096, 18.235257125449447], [-66.79625040678012, 18.231216902120305], [-66.79824809479923, 18.230443420640576], [-66.81146127669372, 18.224295630439862], [-66.81194642741438, 18.224053480296675], [-66.80999126909448, 18.22469596080869], [-66.8104354119793, 18.224348242158754], [-66.81531179780902, 18.221942781339166], [-66.81672776399851, 18.2208741929284], [-66.81632768696784, 18.220854333833508], [-66.81634530738532, 18.22070730552306], [-66.81746659022907, 18.22008259569538], [-66.82383942072731, 18.21705625958775], [-66.82542516296984, 18.216809579085986], [-66.8250645600633, 18.217131863547273], [-66.8264334013426, 18.21690399846502], [-66.83346996586116, 18.21438390736173], [-66.83882843743129, 18.21220944477013], [-66.84194012291088, 18.21064819674974], [-66.84245899260313, 18.210348559460122], [-66.84230953898825, 18.210252396739488], [-66.84449346457407, 18.209044442462787], [-66.84716982278287, 18.207757395815687], [-66.8499120921851, 18.206591947805546], [-66.84856510113147, 18.207308985814223], [-66.84950895957932, 18.207045233234545], [-66.84921579809695, 18.20725254234317], [-66.8554273027534, 18.20467670464756], [-66.857753402495, 18.203401853591032], [-66.86050449099223, 18.202162887244445], [-66.85881605116126, 18.202818606354533], [-66.85935983013525, 18.202534996407646], [-66.87010321034481, 18.197965526305236], [-66.8723208608264, 18.196700082094623], [-66.87750649484427, 18.194176858905394], [-66.8845725544504, 18.190963076631313], [-66.88756851469184, 18.189248174896573], [-66.89545082343245, 18.186163653036093], [-66.89951671179925, 18.184028563565313], [-66.90530322770009, 18.181416841159766], [-66.90556265836253, 18.181267024772538], [-66.9052373081393, 18.181295247037966], [-66.90551437106757, 18.18099839676533], [-66.90854098878134, 18.17969915519553], [-66.90860843612967, 18.179584177055386], [-66.90768948940675, 18.17986395525011], [-66.91021638807648, 18.178480748669855], [-66.90845475270659, 18.178851813097875], [-66.90895752976891, 18.17846263185676], [-66.91432634229741, 18.175978081454254], [-66.91444360472826, 18.175895159059372], [-66.91303222782555, 18.17625402789682], [-66.91477201645075, 18.175393789482573], [-66.9214759453628, 18.172738863931723], [-66.92248571744727, 18.17259670826133], [-66.92678881981028, 18.171168552406698], [-66.93224233818279, 18.169767918091466], [-66.93926127287872, 18.167394859145908], [-66.93945326211701, 18.167360018111342], [-66.93935210172125, 18.16753248061044], [-66.94083091656714, 18.167058637480128], [-66.94033695859983, 18.167374300384797], [-66.94215875349157, 18.166725202831326], [-66.94146399311515, 18.167149222319523], [-66.94317733874688, 18.16650953161197], [-66.94328578800689, 18.166500124766053], [-66.94159582038837, 18.167392416138085], [-66.94516315802008, 18.1662827102051], [-66.94215263641722, 18.167671494666592], [-66.94105779308595, 18.168075657847382], [-66.94155175697743, 18.16775999215523], [-66.94144330527423, 18.167769400728826], [-66.93946170988505, 18.168632426160052], [-66.93774530867823, 18.169745261391498], [-66.93293636427268, 18.172035746858423], [-66.93427301436793, 18.171628796660656], [-66.9341557519371, 18.171711719055537], [-66.9295242378516, 18.173641244486973], [-66.92918126128671, 18.17381649785033], [-66.92984958459385, 18.173613023281348], [-66.92648727917945, 18.175250573867682], [-66.92944645546906, 18.17406630765055], [-66.92844243505616, 18.17460809508335], [-66.92874287599764, 18.17456384547519], [-66.92844972043943, 18.17477115179633], [-66.94575143094642, 18.16943272210427], [-66.9528845724981, 18.16744988528772], [-66.898937807976, 18.194900480357486], [-66.8649150115455, 18.20991021679779], [-66.86410298281407, 18.21041716146835], [-66.86518019632271, 18.210160030445294], [-66.86352395115676, 18.210994833611093], [-66.8492247425828, 18.217473270383827], [-66.84620387654061, 18.219172143716037], [-66.83496501057618, 18.22429384898506], [-66.82996983800906, 18.227018803401673], [-66.79304766185122, 18.244280694803663], [-66.68602509494234, 18.29214043195503], [-66.68471910231942, 18.292963042317737], [-66.68107551009273, 18.294261239152355]], [[-66.5824213058808, 18.319315167396734], [-66.57688847141404, 18.321377439924966], [-66.58563453248824, 18.316235526644807], [-66.58584414806818, 18.316053654512313], [-66.58561996172168, 18.315909413218844], [-66.58659906692868, 18.31535160123079], [-66.5961303448571, 18.31126921564425], [-66.60134242186842, 18.308525444748323], [-66.60718756602259, 18.305872262539072], [-66.60687103245117, 18.305826968195735], [-66.61552895137417, 18.301420213584628], [-66.6149368885862, 18.3014351944645], [-66.61045060423157, 18.302824678592213], [-66.60553627554624, 18.30465142253388], [-66.59650777468013, 18.30834462687931], [-66.59232193474797, 18.309689860339063], [-66.58821810352556, 18.311246232931918], [-66.58618093545813, 18.311677573642953], [-66.58452621807973, 18.312275804546807], [-66.58546432485603, 18.311612420204725], [-66.58477108982396, 18.311799869158655], [-66.5808929727356, 18.313263910783032], [-66.57962376754547, 18.31355588456833], [-66.57632162061515, 18.31491540136134], [-66.57621316891195, 18.314924809934936], [-66.57636415623854, 18.314784397606143], [-66.57589663185954, 18.3148795166514], [-66.57318079952661, 18.315824419742324], [-66.56519884877264, 18.318844835687237], [-66.56495704200866, 18.318847622704215], [-66.56490875471368, 18.318578994697006], [-66.56453358696476, 18.318575162944846], [-66.5624876057265, 18.319080019204847], [-66.56456308205233, 18.31788147177406], [-66.5550099598224, 18.3214746816467], [-66.5436143548598, 18.32633716748211], [-66.5415507472799, 18.326989054840034], [-66.54156837362156, 18.326842023742106], [-66.54305753290679, 18.326058091741082], [-66.54187187361912, 18.326324628550253], [-66.54197303993904, 18.32615216326368], [-66.54186458823584, 18.32616157183727], [-66.53709243370628, 18.327921418999107], [-66.53865785351067, 18.326948993308974], [-66.53813170087832, 18.32708557215793], [-66.53070234226918, 18.329748862606994], [-66.52651344328095, 18.331567241650443], [-66.5251767931857, 18.331974191848207], [-66.524776719636, 18.331954331693517], [-66.52013945387894, 18.333484225362543], [-66.51078559686543, 18.337205654760883], [-66.51061851690889, 18.337256523138176], [-66.51085304421376, 18.337090676620736], [-66.51071968322881, 18.3370840578516], [-66.50610579548497, 18.338866552185106], [-66.50743669390866, 18.338059970224933], [-66.5061000438134, 18.338466920422697], [-66.5080406348477, 18.33749832542492], [-66.50696342133907, 18.337755456447976], [-66.5077505348646, 18.337232487222167], [-66.50613835555278, 18.337699712643143], [-66.51783440493784, 18.332792976139775], [-66.51359721273047, 18.334342729963492], [-66.51461004039005, 18.33372742976921], [-66.51336574692486, 18.33403542916956], [-66.51431113316028, 18.33353510432794], [-66.51420268145706, 18.333544512901536], [-66.5108756228018, 18.33488800407949], [-66.51009156485138, 18.33493782878141], [-66.50609618881315, 18.336484791740865], [-66.5033056237486, 18.33738161625896], [-66.49731255376709, 18.339702063485625], [-66.49977201101267, 18.338433832258033], [-66.49854381017742, 18.33883137560988], [-66.49901286234397, 18.338499684302683], [-66.49810272879188, 18.338705946948444], [-66.49628093390012, 18.33935504450191], [-66.49941024572136, 18.337646765383592], [-66.49651852026106, 18.338716052400777], [-66.49671932267017, 18.33860769581725], [-66.5038513018371, 18.335515507664972], [-66.50598541234042, 18.334275497643006], [-66.50337074040324, 18.335047938234837], [-66.50578038012311, 18.33374765298966], [-66.50543012409912, 18.333759846852555], [-66.50568956068574, 18.333610027677842], [-66.50798921743389, 18.33255572432801], [-66.50638585477388, 18.33294943314022], [-66.51023331090893, 18.3310697324107], [-66.50939790416427, 18.33132407641678], [-66.50983322795409, 18.331049876103293], [-66.5146509796063, 18.328685877874886], [-66.51491041619292, 18.328536058700177], [-66.51419227780326, 18.328707477523892], [-66.51599950437165, 18.32773226481678], [-66.51491347769218, 18.328062911388802], [-66.51653599796236, 18.327285598156916], [-66.51705333986706, 18.327222533129245], [-66.51652565700398, 18.327595685967825], [-66.51705181207952, 18.327459105391192], [-66.5165417555581, 18.327685227131845], [-66.51665020133713, 18.32767582134573], [-66.51940704150591, 18.32683648676155], [-66.52723378104926, 18.323320279121077], [-66.52743458938254, 18.323211919750065], [-66.52710042598848, 18.32331365756446], [-66.53328126132426, 18.320322165278874], [-66.5334483412808, 18.320271296901577], [-66.53292947751271, 18.32057093140371], [-66.54160043697155, 18.316726864208196], [-66.54749386842069, 18.314342310006158], [-66.54868835028434, 18.31400225380074], [-66.54856227468267, 18.314158691744584], [-66.54883780389922, 18.314098416521375], [-66.55234803514097, 18.31279360091762], [-66.55507115285718, 18.312011754539675], [-66.5589243606638, 18.310531685572563], [-66.557694632041, 18.31116580118636], [-66.56047791172227, 18.310105919955287], [-66.5597582396209, 18.31051391382843], [-66.56178083936496, 18.309756457963754], [-66.56025795518397, 18.31059787989869], [-66.56274960709457, 18.309508732726812], [-66.56291668705111, 18.30945786434952], [-66.56207974659473, 18.309948783405023], [-66.56319949572678, 18.30956064862677], [-66.56747194061744, 18.30771683260719], [-66.56430468594058, 18.30884639484759], [-66.56555932036414, 18.308228307636327], [-66.57095151438685, 18.305996356838495], [-66.56995784085647, 18.306228053672903], [-66.57210804747072, 18.305077586542634], [-66.57685682050607, 18.303065139776123], [-66.5819838262706, 18.30058337639059], [-66.58544423998663, 18.29924650676925], [-66.59047007943123, 18.296937208670297], [-66.59531849447994, 18.29498886781935], [-66.59670802115697, 18.294140826055475], [-66.59639148410456, 18.294095532771937], [-66.596542465507, 18.293955123230628], [-66.59837460728129, 18.292995935078764], [-66.60656770140274, 18.289557074739413], [-66.61238066029703, 18.28672480462717], [-66.61540574081812, 18.2856621391666], [-66.62462776463423, 18.28169751873718], [-66.62508800362994, 18.281439342978942], [-66.62427750861022, 18.281709712600072], [-66.6392450439723, 18.275027800198554], [-66.63671813589741, 18.276411010626095], [-66.63690131788904, 18.276449682353014], [-66.63654952815332, 18.276698451265336], [-66.63699213732642, 18.27658730766483], [-66.63674879929391, 18.276826668003554], [-66.63806054358841, 18.276403689403256], [-66.6359689652275, 18.277512696729826], [-66.63656984466729, 18.27742419924119], [-66.63593371254419, 18.277806758925685], [-66.63288066124211, 18.279326544354895], [-66.63368233961003, 18.27912969134253], [-66.63223418223647, 18.280019194637784], [-66.64009005738878, 18.277155216636714], [-66.65983433656722, 18.26800373750004], [-66.6620665518912, 18.267064409502872], [-66.65984008823878, 18.268403369262447], [-66.6630337859091, 18.267053259315357], [-66.66563541731044, 18.265718131307935], [-66.66535988216972, 18.265778409318628], [-66.66704257032912, 18.264723058446133], [-66.68254506801338, 18.257831052706496], [-66.69070021927922, 18.25381347548922], [-66.69634149952503, 18.251741797174873], [-66.70829698201572, 18.246685242556598], [-66.71128834948938, 18.245680061454976], [-66.71664988011558, 18.243032453279685], [-66.72767031384826, 18.23816613675192], [-66.73305369470015, 18.236007701503052], [-66.73599102076408, 18.234334262359493], [-66.7400714704923, 18.232525290161963], [-66.74063287580795, 18.232094649117148], [-66.74274054331781, 18.231075186801878], [-66.74843470955052, 18.22856241307414], [-66.75003960592225, 18.2279321292125], [-66.75023159516053, 18.22789728817794], [-66.74993843960232, 18.22810459449908], [-66.75025497317375, 18.228149888842417], [-66.75231858075365, 18.227498001484488], [-66.75806831618364, 18.225416913536748], [-66.76978657527299, 18.21965342914961], [-66.77895725029487, 18.21589332802435], [-66.7792166834005, 18.215743509909444], [-66.77694346024067, 18.216577269399863], [-66.77673537244827, 18.21652256927041], [-66.78248088399424, 18.213805277298313], [-66.78459736815591, 18.212712298374274], [-66.78477326128328, 18.212587914448015], [-66.78427201793268, 18.212740520639702], [-66.78467362867507, 18.212523804685166], [-66.78883762186253, 18.210689397239182], [-66.78996771195294, 18.209991174650018], [-66.7920489458745, 18.20919225619416], [-66.79322579199135, 18.208999234933955], [-66.8002976126742, 18.206185080575], [-66.8017588071026, 18.20585826575514], [-66.80388985610666, 18.205091403044545], [-66.81029335000139, 18.202480724314377], [-66.81646078880371, 18.200272464363593], [-66.81749546076477, 18.20014633988322], [-66.82508462335234, 18.197269120496593], [-66.82212391927519, 18.198689958975674], [-66.81879686061993, 18.20003345015363], [-66.81564263707375, 18.201725703656898], [-66.81106822937821, 18.2038503387591], [-66.80099623397506, 18.207743186981155], [-66.79781862893468, 18.20918284087975], [-66.7965463646885, 18.20994796024874], [-66.79262724324525, 18.211306432306568], [-66.78755158627496, 18.213583676387938], [-66.78307105951606, 18.21537278949058], [-66.77880590000868, 18.217379662223138], [-66.77864609951125, 18.217593590100897], [-66.7799739329547, 18.217260156511898], [-66.77749685181067, 18.218675417109736], [-66.77714506555593, 18.21892418496226], [-66.77740297087402, 18.219010939109296], [-66.77582145251552, 18.219893823635413], [-66.77696457966077, 18.21975828952164], [-66.77576704222203, 18.220571490250947], [-66.77566587242113, 18.220743956597328], [-66.7757655144345, 18.220808062512894], [-66.77614949535425, 18.22073837871609], [-66.77593987385015, 18.220920253636063], [-66.771456285592, 18.223182514050077], [-66.76816717919749, 18.225104718258674], [-66.76352532067266, 18.227344332560822], [-66.75523258801881, 18.230719085924807], [-66.7503152037584, 18.23301897439036], [-66.74939319553621, 18.233771899896464], [-66.74772813371847, 18.234680219671027], [-66.74752580352181, 18.235025148516502], [-66.7467885050788, 18.235580173487577], [-66.7469467718645, 18.235602820659246], [-66.74684560554458, 18.235775285945824], [-66.74711232403351, 18.235788524543896], [-66.74673562257286, 18.236021267841167], [-66.74714451869853, 18.23596760859961], [-66.74112194422429, 18.238981750844346], [-66.7461198128879, 18.237129572714036], [-66.74785654001383, 18.23674248161116], [-66.74715296646657, 18.237240016648318], [-66.74728631804636, 18.23724663926474], [-66.75304333885964, 18.235328608029977], [-66.75317669392041, 18.235335229586596], [-66.752590382804, 18.235749842228874], [-66.75402667143163, 18.23540699900648], [-66.75330546561855, 18.23605156792905], [-66.75440759085214, 18.235810462521044], [-66.75346220461672, 18.236310787362665], [-66.75668809347108, 18.235139762531087], [-66.75693871688688, 18.235063458905344], [-66.75592588574632, 18.23567876015943], [-66.76095594907494, 18.23400566608483], [-66.75968368482876, 18.234770785453822], [-66.76016001645442, 18.234602153647085], [-66.76004275402359, 18.234685076041966], [-66.75913109268394, 18.23512791094967], [-66.75928936295062, 18.23515055706154], [-66.75913837214306, 18.235290970450134], [-66.75939628094213, 18.235377723537372], [-66.75887741124987, 18.235677360826987], [-66.75978754132099, 18.23547109924103], [-66.75969518817189, 18.23557004897864], [-66.76683291901038, 18.23287749258877], [-66.77361311192257, 18.230034072289012], [-66.77374646942654, 18.23004069211795], [-66.77359548209994, 18.230181104446743], [-66.77374493571483, 18.230277267167377], [-66.7742622811005, 18.230214201079907], [-66.77402775031466, 18.23038004865715], [-66.77671867684683, 18.229419117163687], [-66.7791237272799, 18.22882855149183], [-66.77877193754419, 18.22907732040415], [-66.77877922292747, 18.229240377117133], [-66.78330803942451, 18.227719890294022], [-66.78164298108774, 18.228628209008786], [-66.78405684469163, 18.227964127787963], [-66.77861177408717, 18.230637170151905], [-66.77792429665082, 18.23122424808076], [-66.77507357206443, 18.232399105724298], [-66.774671964803, 18.232615820619035], [-66.77516439498278, 18.232536729976314], [-66.7738921307366, 18.233301849345306], [-66.76965188295415, 18.235324747692918], [-66.7702351325713, 18.23538328236201], [-66.76782396506388, 18.236920139869135], [-66.77173427333629, 18.23563518336027], [-66.77055436223921, 18.23630135299165], [-66.77081227103828, 18.236388106078888], [-66.76965726922293, 18.237070303053], [-66.76572626962863, 18.23897543903097], [-66.76525722094304, 18.23930712927837], [-66.76518977359471, 18.239422107418513], [-66.76563238869198, 18.239310961030526], [-66.76512808384213, 18.239936714533588], [-66.77128823378018, 18.237565398929625], [-66.77153885719596, 18.23748909530388], [-66.77132042844521, 18.237744482985338], [-66.77199603713562, 18.237704065129336], [-66.77668312389936, 18.236206224418094], [-66.78671870075347, 18.23149808811597], [-66.7882898781536, 18.230925291400766], [-66.78839832741362, 18.23091588455485], [-66.78689306957428, 18.231610275391855], [-66.7890064887557, 18.230990444838994], [-66.79440749594924, 18.228684978492197], [-66.79554487142293, 18.228149812616014], [-66.79429176478692, 18.22853132756533], [-66.79862283444994, 18.226646052801854], [-66.8083756001852, 18.22183513395016], [-66.81371797320124, 18.219571130194545], [-66.81670934067489, 18.218565949092927], [-66.81699215527472, 18.218668730582696], [-66.81929756369443, 18.218014058995273], [-66.81898678179458, 18.21836839641434], [-66.82156925906673, 18.217416871766797], [-66.8219107019199, 18.21747819345287], [-66.82158382390912, 18.21774298798024], [-66.82383942072731, 18.21705625958775], [-66.81746659022907, 18.22008259569538], [-66.81634530738532, 18.22070730552306], [-66.81632768696784, 18.220854333833508], [-66.81672776399851, 18.2208741929284], [-66.81531179780902, 18.221942781339166], [-66.8104354119793, 18.224348242158754], [-66.80999126909448, 18.22469596080869], [-66.81194642741438, 18.224053480296675], [-66.79824809479923, 18.230443420640576], [-66.79625040678012, 18.231216902120305], [-66.78825352578096, 18.235257125449447], [-66.78136488708974, 18.23810995153532], [-66.78069503251407, 18.238549999426052], [-66.78082838757486, 18.238556620982667], [-66.77652222963677, 18.240457921361195], [-66.77734881972962, 18.240277093963883], [-66.77646206767172, 18.240735956214323], [-66.77604283058767, 18.24109970326679], [-66.77617619157262, 18.241106322035925], [-66.7683919841717, 18.244491526981005], [-66.7618432605461, 18.247642247014895], [-66.76403294372767, 18.24683392171312], [-66.76471736314572, 18.246719990035835], [-66.76107071186297, 18.248491332454147], [-66.75582068607187, 18.250656389259632], [-66.75561988714374, 18.250764744783357], [-66.75659746456319, 18.25044350505725], [-66.7529186196532, 18.25203576408773], [-66.75478142482399, 18.25149223331333], [-66.7545806164907, 18.251600592684337], [-66.74209898484864, 18.256793725091768], [-66.73379590775546, 18.260478567326462], [-66.73345293119058, 18.260653820689818], [-66.73555907439388, 18.259870929576692], [-66.7288447951183, 18.262835946785735], [-66.73067540910505, 18.26211333089582], [-66.72736291529219, 18.26378293828722], [-66.72113531800579, 18.266269232031327], [-66.72028957030277, 18.266833663848317], [-66.71573125523717, 18.269047842902015], [-66.71148372207143, 18.270907684536645], [-66.71103957918663, 18.27125540318658], [-66.71123157086811, 18.271220560424336], [-66.71096332459165, 18.271443894088208], [-66.71109668209562, 18.271450513917145], [-66.7088131179774, 18.272594361218477], [-66.6992994698716, 18.27652971464729], [-66.69385286555541, 18.279439332060658], [-66.65180282395565, 18.29158058872622], [-66.64546371591, 18.29454943662762], [-66.63854135824718, 18.29745974985992], [-66.63826582903063, 18.297520025083134], [-66.63842562360388, 18.297306099992856], [-66.63803282951329, 18.297449299338627], [-66.63084950399535, 18.30074600506739], [-66.62873607888974, 18.301365838407733], [-66.6253327656395, 18.302897820487317], [-66.62121283586298, 18.304364651916156], [-66.61705765932732, 18.30612554275337], [-66.61437554596597, 18.307012958697868], [-66.60932632850816, 18.30906965613234], [-66.59280255539628, 18.315304554017555], [-66.58047190515666, 18.320357276883673], [-66.5824213058808, 18.319315167396734]], [[-66.76563238869198, 18.239310961030526], [-66.76518977359471, 18.239422107418513], [-66.76572626962863, 18.23897543903097], [-66.7706363779109, 18.236512490005147], [-66.77081227103828, 18.236388106078888], [-66.77055436223921, 18.23630135299165], [-66.77173427333629, 18.23563518336027], [-66.76782396506388, 18.236920139869135], [-66.7702351325713, 18.23538328236201], [-66.76965188295415, 18.235324747692918], [-66.7738921307366, 18.233301849345306], [-66.77516439498278, 18.232536729976314], [-66.774671964803, 18.232615820619035], [-66.77507357206443, 18.232399105724298], [-66.77792429665082, 18.23122424808076], [-66.77861177408717, 18.230637170151905], [-66.78405684469163, 18.227964127787963], [-66.78164298108774, 18.228628209008786], [-66.78330803942451, 18.227719890294022], [-66.77877922292747, 18.229240377117133], [-66.77877193754419, 18.22907732040415], [-66.7791237272799, 18.22882855149183], [-66.77671867684683, 18.229419117163687], [-66.77402775031466, 18.23038004865715], [-66.7742622811005, 18.230214201079907], [-66.77374493571483, 18.230277267167377], [-66.77359548209994, 18.230181104446743], [-66.77374646942654, 18.23004069211795], [-66.77361311192257, 18.230034072289012], [-66.76683291901038, 18.23287749258877], [-66.75969518817189, 18.23557004897864], [-66.75978754132099, 18.23547109924103], [-66.75887741124987, 18.235677360826987], [-66.75939628094213, 18.235377723537372], [-66.75913837214306, 18.235290970450134], [-66.75928936295062, 18.23515055706154], [-66.75913109268394, 18.23512791094967], [-66.76004275402359, 18.234685076041966], [-66.76016001645442, 18.234602153647085], [-66.75968368482876, 18.234770785453822], [-66.76095594907494, 18.23400566608483], [-66.75592588574632, 18.23567876015943], [-66.75693871688688, 18.235063458905344], [-66.75668809347108, 18.235139762531087], [-66.75346220461672, 18.236310787362665], [-66.75440759085214, 18.235810462521044], [-66.75330546561855, 18.23605156792905], [-66.75402667143163, 18.23540699900648], [-66.752590382804, 18.235749842228874], [-66.75317669392041, 18.235335229586596], [-66.75304333885964, 18.235328608029977], [-66.74728631804636, 18.23724663926474], [-66.74715296646657, 18.237240016648318], [-66.74785654001383, 18.23674248161116], [-66.7461198128879, 18.237129572714036], [-66.74112194422429, 18.238981750844346], [-66.74714451869853, 18.23596760859961], [-66.74673562257286, 18.236021267841167], [-66.74711232403351, 18.235788524543896], [-66.74684560554458, 18.235775285945824], [-66.7469467718645, 18.235602820659246], [-66.7467885050788, 18.235580173487577], [-66.74752580352181, 18.235025148516502], [-66.74772813371847, 18.234680219671027], [-66.74939319553621, 18.233771899896464], [-66.74991359301602, 18.2332356903449], [-66.75287429709317, 18.23181485186582], [-66.76890986390929, 18.226295248647684], [-66.78402801179004, 18.22081885136233], [-66.78518876527694, 18.220536286150626], [-66.78379042891007, 18.221457842403662], [-66.78377279908744, 18.221604874561393], [-66.78642847886047, 18.22093800247631], [-66.7888231848542, 18.220657525675165], [-66.78839513459933, 18.2210947882766], [-66.78670516698081, 18.22198707964863], [-66.78648673823004, 18.222242467330087], [-66.78734705669964, 18.22200414893906], [-66.79417553342581, 18.219429357706314], [-66.79865759389641, 18.217403669554244], [-66.79936116744366, 18.216906134517085], [-66.80285683384301, 18.215275202699885], [-66.81005472664656, 18.21230461145689], [-66.80724501337697, 18.213585036547375], [-66.80695185781877, 18.213792342868516], [-66.80744428799854, 18.21371325222579], [-66.80590530178246, 18.214465134056514], [-66.80999150910641, 18.21305579083391], [-66.80820037516797, 18.214120547492517], [-66.80847590438452, 18.214060272269307], [-66.81042377732113, 18.213254735044313], [-66.81811103880518, 18.210678200469967], [-66.8177929774462, 18.210869478388574], [-66.81855059240318, 18.211040201393352], [-66.82242448560753, 18.208939955744622], [-66.82385348885188, 18.208434055809242], [-66.835335695292, 18.203072988473814], [-66.84173496530272, 18.19982610571929], [-66.85144213391531, 18.195619337934165], [-66.85412424727666, 18.194731921989668], [-66.85333713027016, 18.19525489227528], [-66.85449788723804, 18.19497232600377], [-66.85278148010705, 18.196085164022698], [-66.8478890016474, 18.19840108089079], [-66.85303479613833, 18.196881637743058], [-66.86094048637315, 18.194049715487253], [-66.86606865452244, 18.192677303437453], [-66.85883397776706, 18.196178530198054], [-66.8600621786023, 18.195780986846206], [-66.88023260892112, 18.1877747437552], [-66.89086294465969, 18.183924402859507], [-66.89888436605682, 18.18124613153057], [-66.87715121551108, 18.19109757553821], [-66.87530144739513, 18.192203794788], [-66.87927920301588, 18.19080386013899], [-66.87910331233171, 18.19092824233757], [-66.88037980046191, 18.19079932699293], [-66.8822265070786, 18.190166255054514], [-66.88161528075626, 18.190564843141544], [-66.88393831899862, 18.189763139396387], [-66.8818394611786, 18.190709087222494], [-66.88379461705529, 18.190066608438162], [-66.88010543363012, 18.19196895355187], [-66.87998816527511, 18.192051878734233], [-66.88057294860398, 18.1918738383539], [-66.87761953339108, 18.193457732486156], [-66.88162219481259, 18.19207382623968], [-66.8801154091857, 18.193004789338634], [-66.8723208608264, 18.196700082094623], [-66.87010321034481, 18.197965526305236], [-66.85893331359209, 18.202735683959652], [-66.85881605116126, 18.202818606354533], [-66.86050449099223, 18.202162887244445], [-66.857753402495, 18.203401853591032], [-66.8554273027534, 18.20467670464756], [-66.84921579809695, 18.20725254234317], [-66.84950895957932, 18.207045233234545], [-66.84856510113147, 18.207308985814223], [-66.8499120921851, 18.206591947805546], [-66.84716982278287, 18.207757395815687], [-66.84449346457407, 18.209044442462787], [-66.84230953898825, 18.210252396739488], [-66.84245899260313, 18.210348559460122], [-66.84194012291088, 18.21064819674974], [-66.83956420216259, 18.211890994848485], [-66.83377921997348, 18.214266142204607], [-66.82634986136432, 18.21692943265367], [-66.8250645600633, 18.217131863547273], [-66.82542516296984, 18.216809579085986], [-66.82462347867774, 18.217006434885832], [-66.8246909201019, 18.21689145953317], [-66.82158382390912, 18.21774298798024], [-66.8219107019199, 18.21747819345287], [-66.82156925906673, 18.217416871766797], [-66.81898678179458, 18.21836839641434], [-66.81929756369443, 18.218014058995273], [-66.81699215527472, 18.218668730582696], [-66.81670934067489, 18.218565949092927], [-66.81371797320124, 18.219571130194545], [-66.8083756001852, 18.22183513395016], [-66.79862283444994, 18.226646052801854], [-66.79429176478692, 18.22853132756533], [-66.79554487142293, 18.228149812616014], [-66.79440749594924, 18.228684978492197], [-66.7890064887557, 18.230990444838994], [-66.78689306957428, 18.231610275391855], [-66.78839832741362, 18.23091588455485], [-66.7882898781536, 18.230925291400766], [-66.78671870075347, 18.23149808811597], [-66.77668312389936, 18.236206224418094], [-66.77199603713562, 18.237704065129336], [-66.77132042844521, 18.237744482985338], [-66.77153885719596, 18.23748909530388], [-66.77128823378018, 18.237565398929625], [-66.76512808384213, 18.239936714533588], [-66.76563238869198, 18.239310961030526]], [[-66.51940704150591, 18.32683648676155], [-66.5165417555581, 18.327685227131845], [-66.51705181207952, 18.327459105391192], [-66.51652565700398, 18.327595685967825], [-66.51705333986706, 18.327222533129245], [-66.51653599796236, 18.327285598156916], [-66.51872721485564, 18.326240697805716], [-66.5200596375859, 18.325197544643398], [-66.51869807576571, 18.32558846922611], [-66.51910849967892, 18.325298237722606], [-66.52796416891692, 18.321256269992062], [-66.52996185693604, 18.320482788512336], [-66.53378593505788, 18.318350487118337], [-66.53138241241236, 18.318704480528247], [-66.5317004796955, 18.31851319982216], [-66.54258602813667, 18.313876835727402], [-66.54895885863489, 18.31085049961977], [-66.54907612106572, 18.31076757722489], [-66.54719569199648, 18.31145813736954], [-66.55101824233077, 18.30956240823749], [-66.55186245632208, 18.309234551469928], [-66.55210426901024, 18.309231761665465], [-66.55175247927453, 18.309480530577787], [-66.55252925184168, 18.30926764916289], [-66.55456066823753, 18.308436676689446], [-66.55627554165682, 18.307560413719948], [-66.55645143826516, 18.307436028733886], [-66.55595900808538, 18.30751511937661], [-66.55797585615787, 18.30635803174952], [-66.55902087848247, 18.30592181561095], [-66.55947958620966, 18.305900213174464], [-66.56125309380646, 18.30498248761378], [-66.56560754496367, 18.303349812454986], [-66.56870313781332, 18.301699020483095], [-66.57175466132786, 18.300415807315833], [-66.5718719262019, 18.30033288319327], [-66.57047664541011, 18.300781294922416], [-66.57126375893563, 18.300258325696607], [-66.57119784529901, 18.300136728787326], [-66.57254483635265, 18.29941969077865], [-66.5767322134775, 18.297837881209666], [-66.57831948350756, 18.29735462844596], [-66.57795888060102, 18.297676912907242], [-66.57905372045131, 18.29727275078626], [-66.58275900591158, 18.295459945776766], [-66.585609727017, 18.29428508919303], [-66.58715023753966, 18.293296636160164], [-66.58996723967348, 18.292179266722858], [-66.58913911831212, 18.292596667441916], [-66.58924756757213, 18.292587260596], [-66.59232553059914, 18.291083500781845], [-66.59709921884041, 18.289087078570578], [-66.59884053525315, 18.287990267894383], [-66.59742493446643, 18.28771293270748], [-66.61681626152438, 18.277700871147395], [-66.61964054311733, 18.27674656121055], [-66.61996588985959, 18.276718340004926], [-66.6196462947889, 18.27714619297296], [-66.6197547464921, 18.277136784399367], [-66.62404750789673, 18.27601871635564], [-66.62463957416568, 18.27600373441597], [-66.62368537720265, 18.276577573078875], [-66.6246863361163, 18.276508932957444], [-66.62453534878969, 18.276649345286238], [-66.6249017033678, 18.276726692587363], [-66.6253692277468, 18.276631573542108], [-66.63051501631358, 18.275112133181857], [-66.63445177002264, 18.273606627238618], [-66.63329676820729, 18.27428882421273], [-66.63399000079617, 18.27410137698648], [-66.63902312214309, 18.27195513666031], [-66.64340248258205, 18.270338488844242], [-66.65431294274815, 18.26571815036454], [-66.65938553821918, 18.26391405359454], [-66.66720193680416, 18.260707933764976], [-66.66884783508756, 18.260183221197572], [-66.6690896512567, 18.26018043033331], [-66.66906320826324, 18.260400978040003], [-66.66958054772476, 18.260337914740013], [-66.6747029607215, 18.258565871987606], [-66.67141384840284, 18.260488078983684], [-66.67098580407213, 18.260925338797634], [-66.67221400490737, 18.260527795445785], [-66.67905282259191, 18.257642916402126], [-66.68509148969609, 18.25471831810889], [-66.6932918726818, 18.251442513422717], [-66.70029049086376, 18.248343706501302], [-66.70628356084528, 18.246023259274633], [-66.70968381852045, 18.24496442171894], [-66.7061881521211, 18.246595353536136], [-66.70088831124748, 18.24872835459636], [-66.69469865681671, 18.25179336521839], [-66.69558388456805, 18.251571074170094], [-66.69532444798143, 18.251720893344803], [-66.68814112594447, 18.25501759801376], [-66.6835402693313, 18.25736278361014], [-66.66704257032912, 18.264723058446133], [-66.66535988216972, 18.265778409318628], [-66.66563541731044, 18.265718131307935], [-66.6630337859091, 18.267053259315357], [-66.65984008823878, 18.268403369262447], [-66.6620665518912, 18.267064409502872], [-66.65983433656722, 18.26800373750004], [-66.64009005738878, 18.277155216636714], [-66.63223418223647, 18.280019194637784], [-66.63368233961003, 18.27912969134253], [-66.63288066124211, 18.279326544354895], [-66.63593371254419, 18.277806758925685], [-66.63656984466729, 18.27742419924119], [-66.6359689652275, 18.277512696729826], [-66.63806054358841, 18.276403689403256], [-66.63674879929391, 18.276826668003554], [-66.63699213732642, 18.27658730766483], [-66.63654952815332, 18.276698451265336], [-66.63690131788904, 18.276449682353014], [-66.63671813589741, 18.276411010626095], [-66.6392450439723, 18.275027800198554], [-66.62427750861022, 18.281709712600072], [-66.62508800362994, 18.281439342978942], [-66.62462776463423, 18.28169751873718], [-66.61540574081812, 18.2856621391666], [-66.61238066029703, 18.28672480462717], [-66.60656770140274, 18.289557074739413], [-66.59837460728129, 18.292995935078764], [-66.596542465507, 18.293955123230628], [-66.59639148410456, 18.294095532771937], [-66.59670802115697, 18.294140826055475], [-66.59531849447994, 18.29498886781935], [-66.59047007943123, 18.296937208670297], [-66.58544423998663, 18.29924650676925], [-66.5819838262706, 18.30058337639059], [-66.57685682050607, 18.303065139776123], [-66.57210804747072, 18.305077586542634], [-66.56995784085647, 18.306228053672903], [-66.57095151438685, 18.305996356838495], [-66.56555932036414, 18.308228307636327], [-66.56430468594058, 18.30884639484759], [-66.56747194061744, 18.30771683260719], [-66.56319949572678, 18.30956064862677], [-66.56207974659473, 18.309948783405023], [-66.56291668705111, 18.30945786434952], [-66.56274960709457, 18.309508732726812], [-66.56025795518397, 18.31059787989869], [-66.56178083936496, 18.309756457963754], [-66.5597582396209, 18.31051391382843], [-66.56047791172227, 18.310105919955287], [-66.557694632041, 18.31116580118636], [-66.5589243606638, 18.310531685572563], [-66.55507115285718, 18.312011754539675], [-66.55234803514097, 18.31279360091762], [-66.54883780389922, 18.314098416521375], [-66.54858718048344, 18.31417472014712], [-66.54871325608511, 18.314018282203275], [-66.54849635512188, 18.314037097622784], [-66.54625686033879, 18.31481336611949], [-66.53292947751271, 18.32057093140371], [-66.5334483412808, 18.320271296901577], [-66.53328126132426, 18.320322165278874], [-66.52710042598848, 18.32331365756446], [-66.52743458938254, 18.323211919750065], [-66.52723378104926, 18.323320279121077], [-66.51940704150591, 18.32683648676155]], [[-66.78135712404382, 18.069550688376726], [-66.78022057828814, 18.069818902026686], [-66.78058734142812, 18.06929207498164], [-66.77822366188985, 18.069832784053247], [-66.77848320936955, 18.069579179757554], [-66.77855345247025, 18.06917362257504], [-66.78149444470925, 18.067184397088752], [-66.78207953191361, 18.06648636119293], [-66.78151550654468, 18.06640574053265], [-66.78044070458152, 18.06669785440796], [-66.7803173917621, 18.066355073131607], [-66.77973266575835, 18.06646314123822], [-66.80243187490383, 18.05241197322529], [-66.80767163374765, 18.048302965041543], [-66.80832271560027, 18.04741409949299], [-66.80884587995614, 18.046987146634823], [-66.81736383612403, 18.041570198620505], [-66.81575773478613, 18.042128753709427], [-66.81637147858821, 18.041697523954273], [-66.81631805195921, 18.041539150847267], [-66.8145801415824, 18.0421843808045], [-66.81476556059663, 18.041961093342838], [-66.81609583944136, 18.041335120612764], [-66.8188591914601, 18.040319660669645], [-66.81925054677707, 18.03997938267979], [-66.81909821736096, 18.039959761877835], [-66.8204162936774, 18.039093021680934], [-66.82062241023776, 18.038681046715585], [-66.82040426831803, 18.038557271040155], [-66.82077916956557, 18.038190954376457], [-66.81984042320673, 18.038181665942727], [-66.81988182756504, 18.03780428714575], [-66.82091983602459, 18.037084855574275], [-66.82099007723825, 18.036679298480813], [-66.81956939371291, 18.037014567282224], [-66.818992981784, 18.036988163770378], [-66.81898484676513, 18.03682765212583], [-66.82317791878528, 18.034162516184423], [-66.82537353723924, 18.032396212058597], [-66.82713214825088, 18.031562293334478], [-66.82781984455116, 18.031395728745093], [-66.82985038960248, 18.03025398857685], [-66.83488737699415, 18.027817146759148], [-66.83612336699517, 18.02652522857778], [-66.83583516103072, 18.026512026821855], [-66.8359795325969, 18.02607615280531], [-66.83887505296813, 18.024384050293722], [-66.83795275947705, 18.02440080170798], [-66.83687777845793, 18.02498789884629], [-66.8354570918439, 18.0253231689109], [-66.83709239432646, 18.024146466473084], [-66.8372284487291, 18.023845065338193], [-66.83656552366176, 18.02390319571976], [-66.83813926020609, 18.022407610967736], [-66.84286309014274, 18.020360986039083], [-66.84395470857758, 18.01950494187426], [-66.84521917612038, 18.01877481309656], [-66.8452481939187, 18.018451651448018], [-66.844840566677, 18.018470906237823], [-66.8452566901382, 18.018022195303356], [-66.8452692569558, 18.01767299371777], [-66.851533738129, 18.014373689863362], [-66.86154849254841, 18.00534633283039], [-66.88104219300854, 17.99493265761859], [-66.88186576585719, 17.994759673983175], [-66.88166389586222, 17.994956921507793], [-66.88202216278272, 17.994859550607405], [-66.88372309630961, 17.994081988654365], [-66.88405659628752, 17.99409304952444], [-66.88778807177704, 17.992173748666353], [-66.8872229646933, 17.993863031284658], [-66.88739988439934, 17.99406920123086], [-66.88719376475031, 17.99448117745941], [-66.88725126197743, 17.994719805125484], [-66.8788302211343, 18.003242825392118], [-66.87628040635795, 18.005186754977405], [-66.87435635765436, 18.00723520671152], [-66.8751880674089, 18.0072227346316], [-66.87533614837258, 18.00745708296334], [-66.87505996656583, 18.007979633022345], [-66.8751133943965, 18.0081380049552], [-66.87606434637233, 18.00838805959256], [-66.87714728644305, 18.0082564560986], [-66.87934218129413, 18.00767008872534], [-66.88075861705241, 18.00754954853881], [-66.87942797700705, 18.0087654890581], [-66.88004154175317, 18.00862924256595], [-66.86909020629159, 18.01410750451897], [-66.86838976411772, 18.014918253956946], [-66.86759484786681, 18.015358043733034], [-66.87076618952956, 18.01373336003675], [-66.87280875685157, 18.01312737177248], [-66.87020144175942, 18.014832674954896], [-66.87009422489747, 18.015105898878396], [-66.86942280052196, 18.01559348666783], [-66.8687144023852, 18.015948741198248], [-66.86911796331914, 18.015849229412016], [-66.8684300848742, 18.016310778527604], [-66.8685535767496, 18.016358576540952], [-66.86817867550207, 18.01672489320465], [-66.86656814425245, 18.017793161434653], [-66.86681105860677, 18.017808501728123], [-66.86674099644907, 18.01791907555858], [-66.86547652890629, 18.018649204336278], [-66.86567414924716, 18.01866668551559], [-66.86550111799457, 18.01883575465467], [-66.86592112990925, 18.018762282805483], [-66.86566158363122, 18.01901588592703], [-66.86589211211093, 18.019085444454028], [-66.86695453060278, 18.018847546463952], [-66.86650124814699, 18.019458909928815], [-66.86689649191743, 18.01949387102424], [-66.86573481252653, 18.020460487845373], [-66.86685065764739, 18.0203809629623], [-66.86697821703223, 18.02050901679792], [-66.86918956904141, 18.019948686835306], [-66.86937887221876, 18.020100640896274], [-66.87041245196825, 18.019890921291736], [-66.87341075928973, 18.018435307997734], [-66.8736083796306, 18.018452789177047], [-66.87186622268838, 18.019312746575007], [-66.87251676428444, 18.01930883207867], [-66.87486010129982, 18.01836684524794], [-66.8720468505903, 18.02018914004364], [-66.87319578222059, 18.019866708160155], [-66.86344273871053, 18.025100654340267], [-66.86140017018687, 18.025706643778683], [-66.85941510129365, 18.02655125853488], [-66.85900729379429, 18.02686549776184], [-66.85900711164965, 18.027160482288046], [-66.8595630019997, 18.027080591303772], [-66.85938997074712, 18.027249660442852], [-66.86001592016619, 18.027059196891322], [-66.85704238407766, 18.02840637597751], [-66.85619386094012, 18.028982777083748], [-66.85803437612252, 18.028869020870307], [-66.85835124177338, 18.029149027503696], [-66.85935580063585, 18.029262470810902], [-66.85984587659526, 18.029078425042204], [-66.85750235743524, 18.030315396399143], [-66.85388234726008, 18.031746745803947], [-66.85060026388585, 18.032679444200944], [-66.85373055810055, 18.03084217394977], [-66.85412191461917, 18.03050189478577], [-66.85418383746766, 18.030230811748112], [-66.85102135751535, 18.030836069073175], [-66.85053146370059, 18.030725130315663], [-66.85068415243028, 18.030154783417462], [-66.8467676203288, 18.03170740277385], [-66.84613353280217, 18.03173735594403], [-66.84268212637122, 18.033509347002543], [-66.83894640122762, 18.03564337656456], [-66.83589837118264, 18.037610842711345], [-66.83509920836633, 18.03826535992816], [-66.83489308991895, 18.03867733498256], [-66.83280044176152, 18.040385142625617], [-66.8286779678653, 18.042054756121697], [-66.82497496991755, 18.044535846383457], [-66.82499956089286, 18.044722396612798], [-66.8229897207667, 18.04567544557681], [-66.82239242794535, 18.046132715269007], [-66.81929521783677, 18.047727080868057], [-66.81592236737967, 18.048959044299746], [-66.81516443106739, 18.049531164808442], [-66.81310097976426, 18.05062082753995], [-66.80998731867494, 18.052189153201958], [-66.80804347199539, 18.052951373687385], [-66.80429535909015, 18.055139621571985], [-66.80182798874114, 18.056918762615734], [-66.801753678131, 18.057244063975972], [-66.8022065993862, 18.057222668300323], [-66.80225170885167, 18.05751551428898], [-66.80261811387973, 18.057578653769944], [-66.80253973696182, 18.05782369813376], [-66.80288950457415, 18.058155784641237], [-66.8026504786733, 18.058515683433047], [-66.80188015459936, 18.059142022264325], [-66.79980839042307, 18.06036615544014], [-66.79639395655168, 18.06227048093181], [-66.79124586195758, 18.064605307676786], [-66.78988231566042, 18.06576917075933], [-66.78510487265977, 18.06795240954454], [-66.78300869845114, 18.068695009138956], [-66.78135712404382, 18.069550688376726]], [[-66.74288366268132, 18.091560480191642], [-66.73954797121881, 18.092629791092936], [-66.73909098365586, 18.092570929772165], [-66.73754662611049, 18.093153385086435], [-66.73712254479933, 18.0931466012024], [-66.73560684694037, 18.093995861394134], [-66.73093237732495, 18.096120602433366], [-66.73230424078564, 18.094822266469162], [-66.73198737822345, 18.094542258572574], [-66.73212750322422, 18.094321111996756], [-66.7334415101442, 18.09337411606663], [-66.7327003872149, 18.09338230754901], [-66.73242881437584, 18.093100161203928], [-66.7319100818187, 18.093017400831954], [-66.73230586395869, 18.092167410964215], [-66.73327805802758, 18.09134382460832], [-66.7323311754482, 18.091174025704188], [-66.7324012376059, 18.09106345187373], [-66.73224484256738, 18.090963575160444], [-66.73255392942428, 18.090493103712326], [-66.73219159499435, 18.09051021879044], [-66.73892173900596, 18.086545336849134], [-66.73927611867464, 18.08607272568932], [-66.73925152649767, 18.085886176634126], [-66.7403392576807, 18.084654892209873], [-66.74416574441517, 18.08222160122466], [-66.74659207160647, 18.080229871188674], [-66.74816137944075, 18.079243998403587], [-66.75022925945393, 18.077644623705144], [-66.75040229070652, 18.077475554566064], [-66.75027897788708, 18.077132773289712], [-66.74879654748054, 18.077444143128975], [-66.74838485272937, 18.077383142096505], [-66.74943117835244, 18.076529237643378], [-66.74945187898724, 18.076340548876487], [-66.7500863277145, 18.075720627917097], [-66.75160202557346, 18.07487136772536], [-66.7511202655759, 18.07492094178655], [-66.75184529992674, 18.074296741403767], [-66.75377287159283, 18.073213498981495], [-66.75571708067466, 18.07186130953271], [-66.75604262160097, 18.07141687675843], [-66.75599751093382, 18.07112403194392], [-66.75661125593757, 18.07069280101462], [-66.75613781619222, 18.070607900930952], [-66.75700297245514, 18.069762555235553], [-66.75679721520838, 18.06958456250074], [-66.7596968018874, 18.06797271698558], [-66.76092429258026, 18.067110256212068], [-66.76106441878268, 18.066889108462103], [-66.76067749217577, 18.06671967448502], [-66.76176911061063, 18.065863630320198], [-66.76083868021364, 18.065719870178956], [-66.76079763705593, 18.065507281186722], [-66.76141970111023, 18.06494157728671], [-66.76401037998832, 18.063505219956664], [-66.76363159148896, 18.06349629636093], [-66.76463262309856, 18.062644532793648], [-66.76417563553561, 18.062585671472874], [-66.76466589055099, 18.062106642441172], [-66.76459194234313, 18.061841974838053], [-66.765469483279, 18.06094241208327], [-66.7648230091924, 18.061026582401887], [-66.7611240806411, 18.06358792839687], [-66.75948452970613, 18.06497935836447], [-66.75770115055023, 18.0659217100332], [-66.75408466642628, 18.068318267486646], [-66.74891144248731, 18.07135149496544], [-66.74846259183025, 18.071453145200167], [-66.74912180870176, 18.070724791296165], [-66.74875540676238, 18.070661650552], [-66.74977714020847, 18.069621197043677], [-66.74830284790947, 18.07009307726429], [-66.74764416940754, 18.06993648020513], [-66.74665994997927, 18.070224315920246], [-66.74593527991773, 18.070258547250617], [-66.74384741978395, 18.07086667522658], [-66.74175512973844, 18.071984516343626], [-66.73892596641774, 18.072895820239122], [-66.7378097588946, 18.073565314085553], [-66.73715885918662, 18.0741591951079], [-66.73622806758902, 18.07460540275587], [-66.73603044724814, 18.07458792157656], [-66.73605114788296, 18.07439923280967], [-66.73675972816437, 18.073748993753046], [-66.73532665807906, 18.07413847970289], [-66.73563981433242, 18.07374826398799], [-66.73811513944267, 18.072424619025945], [-66.73951973318789, 18.071473342498283], [-66.73965596784817, 18.070876956926238], [-66.7424032269981, 18.069245490520068], [-66.74551724928803, 18.067087197068847], [-66.7443601819535, 18.06724911622269], [-66.74359889435561, 18.06656104785709], [-66.74294835396122, 18.066564961179278], [-66.74331918769934, 18.066118388693305], [-66.74262335329149, 18.06612444290134], [-66.74229817476746, 18.065978906712257], [-66.74237248537759, 18.06565360535202], [-66.7422573106657, 18.065471334457015], [-66.74520236921249, 18.06356236596715], [-66.74841068343481, 18.062070016704027], [-66.74987259226252, 18.06165235236865], [-66.75166411141298, 18.060870510992213], [-66.75976947017085, 18.056867481961003], [-66.76420138783423, 18.05413743166494], [-66.76449384036408, 18.053935905980133], [-66.76461344498767, 18.053608463734047], [-66.766714230051, 18.05206116764649], [-66.76978278167482, 18.050199995995822], [-66.76988556862506, 18.050436485213407], [-66.77020261333189, 18.05042150858379], [-66.77017784209895, 18.050529942791602], [-66.775350707926, 18.048086681838818], [-66.77771049712376, 18.047170733770983], [-66.77717901869305, 18.0477321582476], [-66.77549860674502, 18.048616014696762], [-66.77677934621258, 18.048206909119113], [-66.77669690058357, 18.0483716988348], [-66.77680393838955, 18.048393458174303], [-66.77651555216747, 18.048675240855538], [-66.7771620231654, 18.048591071800125], [-66.77712893785763, 18.04883397762639], [-66.77962053489264, 18.047831355864396], [-66.78306769595987, 18.046274091072465], [-66.78636677606342, 18.044482477948797], [-66.78800614485374, 18.043386032507403], [-66.79204652694253, 18.041291244638348], [-66.79305958511316, 18.040975230537693], [-66.79548130144977, 18.039788196994852], [-66.8003456175878, 18.036930457701168], [-66.80379684616446, 18.035453448731516], [-66.80732663380367, 18.03343641087184], [-66.81075309114739, 18.03206783611], [-66.81135427122055, 18.031985806677227], [-66.81124705435862, 18.03225903060073], [-66.81246605003363, 18.031826024797734], [-66.81441414636727, 18.030849075608376], [-66.81576105953906, 18.02995415711499], [-66.8156416382618, 18.029986613660718], [-66.81589711823206, 18.02965275354275], [-66.8157612416837, 18.029659172588783], [-66.81638330264931, 18.029093469951974], [-66.81591799792284, 18.029169081512855], [-66.81611986791779, 18.028971833988237], [-66.81588102536325, 18.029036747079694], [-66.8169397344576, 18.028128626741335], [-66.81633023722092, 18.028345129055758], [-66.81637977659811, 18.028128261903333], [-66.81560149776293, 18.028299104652906], [-66.81763203972557, 18.02715736574786], [-66.81729022687449, 18.02728077532209], [-66.81778048188986, 18.02680174629039], [-66.8195843826246, 18.025965689117776], [-66.82012381890523, 18.02585975945966], [-66.82146241800218, 18.02509931258473], [-66.82102558961581, 18.025736714723433], [-66.8244518667019, 18.024663124398742], [-66.82649479642619, 18.023467167171116], [-66.8284513889793, 18.0220607618371], [-66.82914351519129, 18.021384484106633], [-66.82902408962367, 18.02141694308971], [-66.82941969579639, 18.020861935221777], [-66.82915201141078, 18.02095502796197], [-66.82927974985158, 18.020788098534588], [-66.8287362460615, 18.02081377237043], [-66.82762428819244, 18.02126853751293], [-66.82448178836076, 18.022865041560475], [-66.81974982031655, 18.02475115610778], [-66.81597729858063, 18.026457869236832], [-66.81056116028734, 18.029475756422162], [-66.80633924952483, 18.032169070749102], [-66.80441999193356, 18.033117841552922], [-66.8032298350009, 18.03352266897038], [-66.803884805307, 18.033009042507107], [-66.80376538402973, 18.033041499052835], [-66.80390957653995, 18.032900608299293], [-66.80362543688327, 18.032967663539797], [-66.80376963059514, 18.032826771612108], [-66.80492706033195, 18.032074883494904], [-66.80511247934616, 18.031851596033242], [-66.80496421623783, 18.03191223222771], [-66.80505904842683, 18.03169322536359], [-66.80542156500141, 18.03138112575927], [-66.81046723075721, 18.028219843270705], [-66.81160007260739, 18.027281403660965], [-66.81829694916658, 18.023854412072133], [-66.82243180653408, 18.02213058269082], [-66.8347997598986, 18.016236796025062], [-66.83743573158847, 18.014798298983315], [-66.83761708000458, 18.01449475696258], [-66.83736178029194, 18.014533632643396], [-66.83809070189457, 18.01428467252004], [-66.84409156619162, 18.011158717228103], [-66.84376213681183, 18.0112279109171], [-66.84392278150443, 18.011113058926455], [-66.84530649126853, 18.010645456866033], [-66.84590378408988, 18.010188187173835], [-66.84568139251607, 18.010279140202336], [-66.84579674628391, 18.01016642783433], [-66.84697876819769, 18.00960108877232], [-66.84748547539546, 18.009148098503516], [-66.84732076130639, 18.00918269476094], [-66.8479467126125, 18.008992231120356], [-66.8484410351373, 18.008593457910933], [-66.84830515979061, 18.008599875782817], [-66.84902594448737, 18.008190404103967], [-66.85042610832087, 18.007748840717387], [-66.85087920863201, 18.00743246177873], [-66.85080914338562, 18.007543036872388], [-66.85096147400338, 18.007562656500195], [-66.85143509589338, 18.00735257205766], [-66.85215588059013, 18.006943100378805], [-66.85185528995271, 18.006984115682265], [-66.8524237440317, 18.006555024375604], [-66.85357692531608, 18.006017863788184], [-66.8547630147393, 18.00553278054845], [-66.85456114474434, 18.005730028073067], [-66.85533942357952, 18.005559185323495], [-66.85857675680185, 18.00374367323768], [-66.85828430307033, 18.003945200096638], [-66.87035573330688, 17.99817268455661], [-66.87190009085225, 17.99759022924234], [-66.87242713937125, 17.997538517906808], [-66.87516996981114, 17.996416763467572], [-66.87484036257706, 17.996780939245422], [-66.87623627675649, 17.996554104562776], [-66.87866206248955, 17.995447326753155], [-66.87895026536532, 17.99546052977228], [-66.87865781283546, 17.995662055457085], [-66.8806469523268, 17.994897695259965], [-66.88124813360163, 17.99481566465305], [-66.86154849254841, 18.00534633283039], [-66.851533738129, 18.014373689863362], [-66.8452692569558, 18.01767299371777], [-66.8452566901382, 18.018022195303356], [-66.844840566677, 18.018470906237823], [-66.8452481939187, 18.018451651448018], [-66.84521917612038, 18.01877481309656], [-66.84395470857758, 18.01950494187426], [-66.84286309014274, 18.020360986039083], [-66.83813926020609, 18.022407610967736], [-66.83656552366176, 18.02390319571976], [-66.8372284487291, 18.023845065338193], [-66.83709239432646, 18.024146466473084], [-66.8354570918439, 18.0253231689109], [-66.83687777845793, 18.02498789884629], [-66.83795275947705, 18.02440080170798], [-66.83887505296813, 18.024384050293722], [-66.8359795325969, 18.02607615280531], [-66.83583516103072, 18.026512026821855], [-66.83612336699517, 18.02652522857778], [-66.83510570105852, 18.027645937908375], [-66.83393181605064, 18.02837178852588], [-66.82985038960248, 18.03025398857685], [-66.82781984455116, 18.031395728745093], [-66.82713214825088, 18.031562293334478], [-66.82537353723924, 18.032396212058597], [-66.82317791878528, 18.034162516184423], [-66.81997756361454, 18.036110359091904], [-66.8189147827204, 18.036938226045336], [-66.81956939371291, 18.037014567282224], [-66.82099007723825, 18.036679298480813], [-66.82091983602459, 18.037084855574275], [-66.81988182756504, 18.03780428714575], [-66.81984042320673, 18.038181665942727], [-66.82077916956557, 18.038190954376457], [-66.82040426831803, 18.038557271040155], [-66.82062241023776, 18.038681046715585], [-66.8204162936774, 18.039093021680934], [-66.81909821736096, 18.039959761877835], [-66.81925054677707, 18.03997938267979], [-66.8188591914601, 18.040319660669645], [-66.81609583944136, 18.041335120612764], [-66.81476556059663, 18.041961093342838], [-66.8145801415824, 18.0421843808045], [-66.81631805195921, 18.041539150847267], [-66.81637147858821, 18.041697523954273], [-66.81575773478613, 18.042128753709427], [-66.81736383612403, 18.041570198620505], [-66.80884587995614, 18.046987146634823], [-66.80832271560027, 18.04741409949299], [-66.80767163374765, 18.048302965041543], [-66.80243187490383, 18.05241197322529], [-66.77973266575835, 18.06646314123822], [-66.7803173917621, 18.066355073131607], [-66.78044070458152, 18.06669785440796], [-66.78151550654468, 18.06640574053265], [-66.78207953191361, 18.06648636119293], [-66.78149444470925, 18.067184397088752], [-66.77855345247025, 18.06917362257504], [-66.77830186095345, 18.06988272177829], [-66.78058734142812, 18.06929207498164], [-66.78022057828814, 18.069818902026686], [-66.78052523523333, 18.069858143719653], [-66.77883650612178, 18.07087647305047], [-66.7796064689951, 18.0708401020084], [-66.77968873745516, 18.070970295466665], [-66.77916132773555, 18.071611974591413], [-66.77440015974835, 18.074116235313465], [-66.77048344430057, 18.07596384037021], [-66.76669411227034, 18.078234481262378], [-66.76192073986782, 18.080497974606658], [-66.76170648211121, 18.080749440453857], [-66.76189171898079, 18.080821137518402], [-66.76147152801015, 18.081189592630594], [-66.76062670997976, 18.082436218522467], [-66.76101345753071, 18.082900635762552], [-66.75986823220924, 18.083893291257528], [-66.7579696752528, 18.084653373294458], [-66.75565499672217, 18.085862166176803], [-66.75453490194722, 18.086156419763807], [-66.75244261190171, 18.087274260880854], [-66.74974100796584, 18.08831361861197], [-66.74372351054342, 18.09170851849307], [-66.74348466369852, 18.091773434021878], [-66.74336542147722, 18.0915109073046], [-66.74288366268132, 18.091560480191642]], [[-66.73028165358424, 18.096419501455912], [-66.7282760619105, 18.09715782289014], [-66.72830915030697, 18.096914915800667], [-66.72806623715431, 18.09689957433305], [-66.72605250857468, 18.09747738421178], [-66.72519603067589, 18.097598289236313], [-66.7250725388005, 18.097550491222965], [-66.7251838250589, 18.097357523032684], [-66.72504794971222, 18.09736394090457], [-66.72366016935, 18.09775128840592], [-66.72382099618726, 18.097341451889065], [-66.72289463638839, 18.0972779463069], [-66.72382560704195, 18.096536755395924], [-66.72315029541463, 18.096649102925927], [-66.72358694045468, 18.096306686487576], [-66.72317117819408, 18.096165429632833], [-66.72317135725005, 18.095870446369826], [-66.722479594642, 18.09595675396279], [-66.72239732498026, 18.09582656167867], [-66.7226897805988, 18.095625034730663], [-66.7225827439945, 18.09560327421701], [-66.72171794584351, 18.095858653386397], [-66.72166451801284, 18.095700281453542], [-66.72113339889572, 18.095671738230006], [-66.72114171485758, 18.0955372665225], [-66.72060228166562, 18.09564319491741], [-66.71622414994484, 18.09794165062032], [-66.71442856637363, 18.09864323491128], [-66.71280989821811, 18.099550991585787], [-66.71026469120778, 18.100690225941133], [-66.70972932243657, 18.100876411421524], [-66.70906232985979, 18.10085428598082], [-66.70744384076025, 18.101467059392323], [-66.7072874438347, 18.10136718276809], [-66.70515022646838, 18.101897193370274], [-66.70412496268074, 18.101972441267304], [-66.69942572183238, 18.10420561651435], [-66.69578871733123, 18.106495878297526], [-66.69560329831701, 18.106719165759188], [-66.69560718677047, 18.107094404844467], [-66.69423550236576, 18.108097757545668], [-66.68854743432313, 18.111423463737772], [-66.68444937045923, 18.113574610815252], [-66.68303239324273, 18.114580103228146], [-66.68262033608929, 18.11510907115904], [-66.6809194025624, 18.115886633112083], [-66.67897555588286, 18.116648853597507], [-66.67914045211656, 18.116319272813875], [-66.67869991553434, 18.11628645143015], [-66.67780628293133, 18.116570006547725], [-66.67784343763556, 18.11640735645468], [-66.67749755727503, 18.116450510206633], [-66.67585005157882, 18.11738644409253], [-66.67069382196584, 18.11956075919295], [-66.66982495750707, 18.119735881365916], [-66.66692537082805, 18.12134772688108], [-66.66133674274042, 18.12364973097912], [-66.6608590502523, 18.123779560862587], [-66.6611435480209, 18.123122539096073], [-66.66070301452736, 18.123089716449144], [-66.66104501072476, 18.12267132117456], [-66.65829829183139, 18.123417836528514], [-66.65860737868829, 18.122947365080396], [-66.65725675732065, 18.12317206005135], [-66.65690680636202, 18.123134959244226], [-66.65708408726869, 18.122751161401215], [-66.65648697350329, 18.12291344783041], [-66.65712567188463, 18.122078798167088], [-66.65807716102836, 18.12144390301543], [-66.65904122128003, 18.120459803840834], [-66.6583207977839, 18.120279307730474], [-66.65814812584492, 18.119858409169396], [-66.65681413760265, 18.119814159551186], [-66.65760534565773, 18.118704146252664], [-66.65718126314492, 18.11869736354278], [-66.65725132410095, 18.11858679088647], [-66.65969392630572, 18.116916082787334], [-66.66082269755778, 18.115897388618517], [-66.6604729256551, 18.11556530454839], [-66.65984308898422, 18.11538052784049], [-66.66236795347166, 18.11384001572602], [-66.66255743879366, 18.113696985260784], [-66.66251639563595, 18.113484396268547], [-66.66322072626328, 18.113048885915852], [-66.66383871971945, 18.112402927456767], [-66.66658597886939, 18.110771461050597], [-66.66610422007349, 18.110821033937636], [-66.66759550790015, 18.1094902401645], [-66.66951087823959, 18.108166229101254], [-66.66985287323531, 18.10774783500082], [-66.6693217541182, 18.10771929177728], [-66.6698203262971, 18.107105789863922], [-66.67463953296965, 18.10395520458158], [-66.67752673497571, 18.1023975761258], [-66.67764633651062, 18.102070135142917], [-66.67995306216702, 18.100405846089817], [-66.68022092560858, 18.100017770086616], [-66.68527915509331, 18.096507287275664], [-66.68497042943703, 18.09638779093457], [-66.68497874660055, 18.096253318052916], [-66.68544459278526, 18.095292754265667], [-66.68592246124065, 18.0948679423824], [-66.68897049008397, 18.092900477409763], [-66.69023902822488, 18.09225060319114], [-66.69187432641708, 18.09107390319067], [-66.69285077014005, 18.090035588130846], [-66.69384755329725, 18.089398552093343], [-66.69397529482671, 18.089231621402757], [-66.6938024426301, 18.089105707278833], [-66.69527727638733, 18.087748874831853], [-66.69497261824047, 18.087709634313036], [-66.69610121043657, 18.086985923407227], [-66.69683528126346, 18.085047315827566], [-66.69782428871537, 18.083659800445353], [-66.69842989749857, 18.083068059045647], [-66.70090947226291, 18.08152968537967], [-66.70234733346055, 18.080040518499533], [-66.7064829101406, 18.077136754803], [-66.70665187199673, 18.076887429930697], [-66.70650379103304, 18.07665308159896], [-66.70746360042898, 18.075883712302446], [-66.70651246939717, 18.075928640928094], [-66.70803648441967, 18.0749449078547], [-66.70834557127657, 18.074474436406582], [-66.70975423132955, 18.07360341687534], [-66.70816883371515, 18.073973281934173], [-66.70843262776026, 18.07350495019775], [-66.7117647950586, 18.07147043115876], [-66.71540975552266, 18.06963566428314], [-66.71577651866264, 18.06910883723809], [-66.7176423496249, 18.068001693327272], [-66.72290172859037, 18.06547389848107], [-66.72546799743614, 18.063556007569623], [-66.72729649034785, 18.062906499452204], [-66.72968882957252, 18.062632595258062], [-66.73284353381955, 18.06127685858829], [-66.73175191847338, 18.062132901489914], [-66.73188779502173, 18.06212648244388], [-66.73416125013703, 18.06100008500645], [-66.7340747339099, 18.061084620163065], [-66.7347624302102, 18.060918055573683], [-66.73467591518474, 18.06100258955615], [-66.73494766707977, 18.06098975263823], [-66.73481586112955, 18.061076426243336], [-66.73517412616302, 18.060979055432004], [-66.73485283489079, 18.06120875950235], [-66.73513697025712, 18.061141706699196], [-66.73499277774691, 18.06128259745274], [-66.7343749664354, 18.061633571385617], [-66.7348114293308, 18.061586139473473], [-66.73460549182641, 18.06170313117582], [-66.73457665308405, 18.061731309561356], [-66.73624061096265, 18.06082141443835], [-66.73555680311584, 18.061363218113016], [-66.7356226175065, 18.061467372897436], [-66.73536307002678, 18.06172097719313], [-66.7357542431991, 18.061675683729483], [-66.7356512771929, 18.061734177774905], [-66.73556476096577, 18.06181871293152], [-66.7355359222234, 18.061846891317057], [-66.73749197451994, 18.061325437035254], [-66.73743836454463, 18.061462049628606], [-66.7409060471907, 18.060011079332796], [-66.74123547536882, 18.059941886817946], [-66.74191910227266, 18.05969506649534], [-66.74197677855574, 18.05963871089841], [-66.74102140095854, 18.05989836696479], [-66.74168857567997, 18.05962550787929], [-66.74430755304387, 18.05904592321592], [-66.74717812192455, 18.0577572393493], [-66.74837234516498, 18.057432668928264], [-66.75023799398258, 18.05662050954365], [-66.7518854996788, 18.05568457565775], [-66.7515971146584, 18.055966357164834], [-66.75313740040399, 18.05530364846564], [-66.75698016335356, 18.053191378243124], [-66.75903086878313, 18.052745900360208], [-66.76828091140423, 18.048635168060386], [-66.77423666503414, 18.045216367953937], [-66.77765552761556, 18.04280233049533], [-66.7793527529466, 18.041354545019853], [-66.78078193457844, 18.04058981998473], [-66.78316224844376, 18.03978016514981], [-66.78268437689968, 18.04020497829628], [-66.7826512915919, 18.04044788412255], [-66.78489554676422, 18.03993963285987], [-66.78428568712525, 18.040746104137654], [-66.78290993641276, 18.04166919984243], [-66.78264225082549, 18.041762293756776], [-66.78315727827547, 18.041174829343113], [-66.78168723254188, 18.041431982122994], [-66.77960733025802, 18.04249560491746], [-66.77490754795141, 18.045613732390873], [-66.77577234301373, 18.045358354484684], [-66.77557047301876, 18.0455556020093], [-66.77391483230367, 18.046331024250648], [-66.77374180105109, 18.046500093389728], [-66.77306223856802, 18.046827170797812], [-66.77293043381945, 18.046913843228772], [-66.77281507884994, 18.047026556770923], [-66.77278624010758, 18.04705473515646], [-66.77573925461726, 18.045601261574152], [-66.77462711769225, 18.04635100997966], [-66.77533551462734, 18.045995756623388], [-66.77516248337477, 18.046164825762467], [-66.77407104708456, 18.046725885401088], [-66.77396401048026, 18.046704124887434], [-66.77407936424808, 18.04659141251943], [-66.77388581141665, 18.046654187162392], [-66.77186765292531, 18.047741710182205], [-66.77125408817919, 18.047877956674355], [-66.77096163564934, 18.048079482359164], [-66.77137758005459, 18.0479257546877], [-66.76756347370274, 18.050304831050884], [-66.7690170653669, 18.05002163959716], [-66.76840332156482, 18.050452869352313], [-66.76923521037531, 18.05014541400939], [-66.7713234298227, 18.04894731833327], [-66.77099400044291, 18.049016512022266], [-66.77475467707708, 18.04647906381528], [-66.77583779620376, 18.046052477058318], [-66.77509224336276, 18.046570381681782], [-66.77543812372328, 18.04652722792983], [-66.77509613061457, 18.04694562194121], [-66.77529375095544, 18.04696310312052], [-66.77520723592998, 18.047047637102988], [-66.77790902321217, 18.04571329367152], [-66.78011223402511, 18.044992454590755], [-66.77875311334931, 18.04564660696957], [-66.77783895796577, 18.045823868765176], [-66.76988593102733, 18.049846516250046], [-66.77129847833213, 18.049350736978237], [-66.766714230051, 18.05206116764649], [-66.76461344498767, 18.053608463734047], [-66.76449384036408, 18.053935905980133], [-66.75976947017085, 18.056867481961003], [-66.75166411141298, 18.060870510992213], [-66.74987259226252, 18.06165235236865], [-66.74841068343481, 18.062070016704027], [-66.74520236921249, 18.06356236596715], [-66.7422573106657, 18.065471334457015], [-66.74237248537759, 18.06565360535202], [-66.74229817476746, 18.065978906712257], [-66.74262335329149, 18.06612444290134], [-66.74331918769934, 18.066118388693305], [-66.74294835396122, 18.066564961179278], [-66.74359889435561, 18.06656104785709], [-66.7443601819535, 18.06724911622269], [-66.74551724928803, 18.067087197068847], [-66.7424032269981, 18.069245490520068], [-66.73965596784817, 18.070876956926238], [-66.73951973318789, 18.071473342498283], [-66.73811513944267, 18.072424619025945], [-66.73563981433242, 18.07374826398799], [-66.73532665807906, 18.07413847970289], [-66.73675972816437, 18.073748993753046], [-66.73605114788296, 18.07439923280967], [-66.73603044724814, 18.07458792157656], [-66.73622806758902, 18.07460540275587], [-66.73715885918662, 18.0741591951079], [-66.7378097588946, 18.073565314085553], [-66.73892596641774, 18.072895820239122], [-66.74175512973844, 18.071984516343626], [-66.74384741978395, 18.07086667522658], [-66.74593527991773, 18.070258547250617], [-66.74665994997927, 18.070224315920246], [-66.74764416940754, 18.06993648020513], [-66.74830284790947, 18.07009307726429], [-66.74977714020847, 18.069621197043677], [-66.74875540676238, 18.070661650552], [-66.74912180870176, 18.070724791296165], [-66.74846259183025, 18.071453145200167], [-66.74891144248731, 18.07135149496544], [-66.75408466642628, 18.068318267486646], [-66.75770115055023, 18.0659217100332], [-66.75948452970613, 18.06497935836447], [-66.7611240806411, 18.06358792839687], [-66.7648230091924, 18.061026582401887], [-66.765469483279, 18.06094241208327], [-66.76459194234313, 18.061841974838053], [-66.76466589055099, 18.062106642441172], [-66.76417563553561, 18.062585671472874], [-66.76463262309856, 18.062644532793648], [-66.76363159148896, 18.06349629636093], [-66.76401037998832, 18.063505219956664], [-66.76141970111023, 18.06494157728671], [-66.76079763705593, 18.065507281186722], [-66.76083868021364, 18.065719870178956], [-66.76176911061063, 18.065863630320198], [-66.76067749217577, 18.06671967448502], [-66.76106441878268, 18.066889108462103], [-66.76092429258026, 18.067110256212068], [-66.7596968018874, 18.06797271698558], [-66.75679721520838, 18.06958456250074], [-66.75700297245514, 18.069762555235553], [-66.75613781619222, 18.070607900930952], [-66.75661125593757, 18.07069280101462], [-66.75599751093382, 18.07112403194392], [-66.75604262160097, 18.07141687675843], [-66.75571708067466, 18.07186130953271], [-66.75377287159283, 18.073213498981495], [-66.75184529992674, 18.074296741403767], [-66.7511202655759, 18.07492094178655], [-66.75160202557346, 18.07487136772536], [-66.7500863277145, 18.075720627917097], [-66.74945187898724, 18.076340548876487], [-66.74943117835244, 18.076529237643378], [-66.74838485272937, 18.077383142096505], [-66.74879654748054, 18.077444143128975], [-66.75027897788708, 18.077132773289712], [-66.75040229070652, 18.077475554566064], [-66.75022925945393, 18.077644623705144], [-66.74816137944075, 18.079243998403587], [-66.74659207160647, 18.080229871188674], [-66.74416574441517, 18.08222160122466], [-66.7403392576807, 18.084654892209873], [-66.73925152649767, 18.085886176634126], [-66.73927611867464, 18.08607272568932], [-66.73892173900596, 18.086545336849134], [-66.73219159499435, 18.09051021879044], [-66.73255392942428, 18.090493103712326], [-66.73224484256738, 18.090963575160444], [-66.7324012376059, 18.09106345187373], [-66.7323311754482, 18.091174025704188], [-66.73327805802758, 18.09134382460832], [-66.73230586395869, 18.092167410964215], [-66.7319100818187, 18.093017400831954], [-66.73242881437584, 18.093100161203928], [-66.7327003872149, 18.09338230754901], [-66.7334291266729, 18.093428331951863], [-66.73212750322422, 18.094321111996756], [-66.73198737822345, 18.094542258572574], [-66.73230424078564, 18.094822266469162], [-66.73182230173211, 18.095166823793356], [-66.73134018362263, 18.095806364380557], [-66.73028165358424, 18.096419501455912]], [[-66.66092330192475, 18.106238895223978], [-66.6589304561246, 18.106333031809612], [-66.6609319802889, 18.105514454553113], [-66.6609401141061, 18.10567496737181], [-66.66208922788105, 18.105057550962115], [-66.66305699323989, 18.104743676573158], [-66.66449874168934, 18.103629749952447], [-66.67091130073756, 18.10056479569298], [-66.67931761013179, 18.095930784743246], [-66.67877817385116, 18.09603671440136], [-66.67859293818323, 18.09596501616267], [-66.67861364190674, 18.09577632613258], [-66.67638583771516, 18.0963106173323], [-66.6767649855281, 18.095729573227874], [-66.67660858860256, 18.09562969660364], [-66.67578501575392, 18.09580268023906], [-66.67608578853599, 18.095466680409395], [-66.67790632359777, 18.09436167747347], [-66.68072753215722, 18.09299487749627], [-66.68150192682928, 18.092448793224065], [-66.68169159120724, 18.092010779495823], [-66.68208294463717, 18.091670501595022], [-66.68754455359657, 18.088355492609143], [-66.68503261403865, 18.088956836612017], [-66.68493796090563, 18.08888086021313], [-66.68506976994455, 18.08879418534482], [-66.68493389339619, 18.088800604390855], [-66.68386315894247, 18.089172974088438], [-66.6839003136467, 18.089010323995392], [-66.68231491723397, 18.089380187880078], [-66.6816479215685, 18.089358063702573], [-66.68231952499998, 18.088575492650136], [-66.68203131903553, 18.088562290894217], [-66.68196975429896, 18.088243407405862], [-66.68286763655607, 18.087745123584355], [-66.68247239707598, 18.08771016005158], [-66.68291753833553, 18.08693828746857], [-66.68474639244786, 18.085698811561937], [-66.68464360549763, 18.085462322344352], [-66.6843718536026, 18.085475159262273], [-66.68425667889072, 18.08529288836727], [-66.6869750992983, 18.083689600346638], [-66.68585111606987, 18.08360861484836], [-66.68585943323339, 18.083474141966704], [-66.6844838603752, 18.084102255582625], [-66.68699227388191, 18.08253570353111], [-66.6841923074155, 18.082828862515058], [-66.68811751908277, 18.080551801313653], [-66.68611635611909, 18.080780410780942], [-66.68691126928131, 18.080340622268057], [-66.68637183300066, 18.080446551926176], [-66.6869404692243, 18.07972247609331], [-66.68660697044805, 18.079711414049083], [-66.6891114955013, 18.07776962291229], [-66.69260412843626, 18.075915235145658], [-66.69447031751045, 18.074218124708825], [-66.69592002192282, 18.073559692995673], [-66.69645945511476, 18.073453764600757], [-66.6962122953967, 18.07365315057387], [-66.69652933701485, 18.073638175207453], [-66.69859703797206, 18.072333783772013], [-66.70245182319232, 18.07075726545348], [-66.70498889518379, 18.069457519453582], [-66.70530593989062, 18.069442542823964], [-66.70523587584589, 18.069553116743474], [-66.7064343487404, 18.069013817618508], [-66.70565182025113, 18.06939938907201], [-66.70547047183503, 18.069702931092746], [-66.70696104034913, 18.069552071634835], [-66.70701446697814, 18.069710444741837], [-66.70740971074856, 18.069745405837264], [-66.70905685524417, 18.069399439740575], [-66.71311351354808, 18.06762567263422], [-66.71425006050542, 18.067357457810115], [-66.7172441212615, 18.06611657195684], [-66.71708754098965, 18.066311681032964], [-66.71892010449949, 18.065742427474614], [-66.72237133187448, 18.06426541967911], [-66.72354892198953, 18.064209793847237], [-66.72546799743614, 18.063556007569623], [-66.72290172859037, 18.06547389848107], [-66.7176423496249, 18.068001693327272], [-66.71577651866264, 18.06910883723809], [-66.71540975552266, 18.06963566428314], [-66.7117647950586, 18.07147043115876], [-66.70843262776026, 18.07350495019775], [-66.70816883371515, 18.073973281934173], [-66.70975423132955, 18.07360341687534], [-66.70834557127657, 18.074474436406582], [-66.70803648441967, 18.0749449078547], [-66.70651246939717, 18.075928640928094], [-66.70746360042898, 18.075883712302446], [-66.70650379103304, 18.07665308159896], [-66.70665187199673, 18.076887429930697], [-66.7064829101406, 18.077136754803], [-66.70234733346055, 18.080040518499533], [-66.70090947226291, 18.08152968537967], [-66.69842989749857, 18.083068059045647], [-66.69782428871537, 18.083659800445353], [-66.69683528126346, 18.085047315827566], [-66.69610121043657, 18.086985923407227], [-66.69497261824047, 18.087709634313036], [-66.69527727638733, 18.087748874831853], [-66.6938024426301, 18.089105707278833], [-66.69397529482671, 18.089231621402757], [-66.69384755329725, 18.089398552093343], [-66.69285077014005, 18.090035588130846], [-66.69187432641708, 18.09107390319067], [-66.69023902822488, 18.09225060319114], [-66.68897049008397, 18.092900477409763], [-66.68592246124065, 18.0948679423824], [-66.68544459278526, 18.095292754265667], [-66.68497874660055, 18.096253318052916], [-66.68497042943703, 18.09638779093457], [-66.68527915509331, 18.096507287275664], [-66.68022092560858, 18.100017770086616], [-66.67995306216702, 18.100405846089817], [-66.67764633651062, 18.102070135142917], [-66.67752673497571, 18.1023975761258], [-66.67463953296965, 18.10395520458158], [-66.6698203262971, 18.107105789863922], [-66.6693217541182, 18.10771929177728], [-66.66984048667534, 18.107802052149253], [-66.66897126290299, 18.108567142022377], [-66.66850170852243, 18.108857482287192], [-66.66417773012222, 18.110134373081326], [-66.66496061792508, 18.109158833927665], [-66.66277385689119, 18.10990571411962], [-66.66122561518269, 18.11011292791126], [-66.66237119981776, 18.108530304716126], [-66.66259802010161, 18.10792963972069], [-66.6611364736762, 18.10775733509271], [-66.66142079118718, 18.10739529776335], [-66.66039570765717, 18.10717556122323], [-66.66092330192475, 18.106238895223978]], [[-66.66034296453147, 18.139571715286763], [-66.65143527930836, 18.142674084522792], [-66.65015064829865, 18.14270795227836], [-66.64767143473492, 18.143656358155127], [-66.6352128988355, 18.149554422981076], [-66.62051823849231, 18.156121253151607], [-66.62111146380423, 18.155583727637133], [-66.62335626352346, 18.15419052288489], [-66.62633404926609, 18.152628615094766], [-66.62651964733628, 18.1521103443701], [-66.62718700111367, 18.151542502021595], [-66.62683705015503, 18.151505401214475], [-66.62698955982876, 18.15123003757928], [-66.6260632000299, 18.151166531997113], [-66.62661944969355, 18.150496673312677], [-66.62633124252743, 18.150483472730905], [-66.62650020747223, 18.150234146595402], [-66.6240623963798, 18.150805173764244], [-66.62375366763483, 18.15068567868635], [-66.6230783590962, 18.150798024953154], [-66.62057862086492, 18.151640137597003], [-66.62032350329693, 18.15138402875161], [-66.61864752005894, 18.151758173233837], [-66.61877526158842, 18.15159124254325], [-66.61804652092877, 18.151545219314546], [-66.6181330371559, 18.151460684157932], [-66.61802599934991, 18.15143892481843], [-66.6153615470296, 18.152315633719702], [-66.61669219136529, 18.151099690763065], [-66.62015191495976, 18.1491932268229], [-66.62110765495925, 18.14834360179316], [-66.62504082138776, 18.14652203667346], [-66.62525914545213, 18.146350827822683], [-66.62449325008825, 18.146467454687027], [-66.62586086698353, 18.14538384616355], [-66.63273484659508, 18.14186803882057], [-66.63422613442172, 18.140537245047433], [-66.63386379690311, 18.140554361388745], [-66.63392979034971, 18.14036353291016], [-66.63367042621633, 18.1403221515055], [-66.63382700219782, 18.140127044866727], [-66.63598935319938, 18.138898631093372], [-66.63663618539792, 18.13822449424875], [-66.63562313031596, 18.138540507086205], [-66.63111319264496, 18.14092563639422], [-66.62956883630123, 18.14150809053434], [-66.63042160909286, 18.140716960724173], [-66.63436345079681, 18.138170956196806], [-66.63444996702394, 18.138086421040192], [-66.63431002296616, 18.13801258426395], [-66.63389001105148, 18.13808605611314], [-66.63491988260512, 18.137206112986167], [-66.63862288175453, 18.13472502155026], [-66.64033656115498, 18.133303274748624], [-66.64312504372026, 18.131589412897533], [-66.64439800748252, 18.130429827975174], [-66.64873473364332, 18.12850875224339], [-66.65153080976924, 18.127840354263217], [-66.65328110361735, 18.127140908420756], [-66.65823989383244, 18.12465412878896], [-66.66133674274042, 18.12364973097912], [-66.66637761738389, 18.12158812942085], [-66.66982495750707, 18.119735881365916], [-66.67069382196584, 18.11956075919295], [-66.67428092588919, 18.11807733235141], [-66.67617541344917, 18.11723699458126], [-66.67749755727503, 18.116450510206633], [-66.67784343763556, 18.11640735645468], [-66.67780628293133, 18.116570006547725], [-66.67869991553434, 18.11628645143015], [-66.67914045211656, 18.116319272813875], [-66.67897555588286, 18.116648853597507], [-66.68241439978655, 18.11522606168723], [-66.68303239324273, 18.114580103228146], [-66.68444937045923, 18.113574610815252], [-66.68854743432313, 18.111423463737772], [-66.69423550236576, 18.108097757545668], [-66.69560718677047, 18.107094404844467], [-66.69560329831701, 18.106719165759188], [-66.69578871733123, 18.106495878297526], [-66.69942572183238, 18.10420561651435], [-66.70382843955277, 18.102093712393035], [-66.7072874438347, 18.10136718276809], [-66.70744384076025, 18.101467059392323], [-66.70906232985979, 18.10085428598082], [-66.70972932243657, 18.100876411421524], [-66.71026469120778, 18.100690225941133], [-66.71280989821811, 18.099550991585787], [-66.71442856637363, 18.09864323491128], [-66.71622414994484, 18.09794165062032], [-66.71977446036456, 18.096030906082614], [-66.72105113232269, 18.09554154468269], [-66.72113339889572, 18.095671738230006], [-66.72166451801284, 18.095700281453542], [-66.72171794584351, 18.095858653386397], [-66.7225827439945, 18.09560327421701], [-66.7226897805988, 18.095625034730663], [-66.72239732498026, 18.09582656167867], [-66.722479594642, 18.09595675396279], [-66.72317135725005, 18.095870446369826], [-66.72317117819408, 18.096165429632833], [-66.72358694045468, 18.096306686487576], [-66.72315029541463, 18.096649102925927], [-66.72382560704195, 18.096536755395924], [-66.72289463638839, 18.0972779463069], [-66.72382099618726, 18.097341451889065], [-66.72366016935, 18.09775128840592], [-66.72504794971222, 18.09736394090457], [-66.7251838250589, 18.097357523032684], [-66.7250725388005, 18.097550491222965], [-66.72519603067589, 18.097598289236313], [-66.72605250857468, 18.09747738421178], [-66.72806623715431, 18.09689957433305], [-66.72830915030697, 18.096914915800667], [-66.72818547937561, 18.097162101050326], [-66.7285149087554, 18.097092907361333], [-66.73174781206602, 18.0957871084166], [-66.73712254479933, 18.0931466012024], [-66.73754662611049, 18.093153385086435], [-66.73909098365586, 18.092570929772165], [-66.73954797121881, 18.092629791092936], [-66.74271894859227, 18.091595076449064], [-66.74336542147722, 18.0915109073046], [-66.74348466369852, 18.091773434021878], [-66.74384293182068, 18.091676061947343], [-66.74974100796584, 18.08831361861197], [-66.75244261190171, 18.087274260880854], [-66.75453490194722, 18.086156419763807], [-66.75565499672217, 18.085862166176803], [-66.75845975121221, 18.084469327525763], [-66.75868621029545, 18.08445863031954], [-66.75832776311734, 18.084850985657077], [-66.75913895129301, 18.08473221908104], [-66.75880933976858, 18.085096397296244], [-66.75882154538557, 18.08533716349987], [-66.75985105762562, 18.085047188073055], [-66.76016385267836, 18.08524694014737], [-66.7616586665562, 18.084881354422876], [-66.76068240617954, 18.085624683782346], [-66.76028680000684, 18.086179691650283], [-66.75942996090744, 18.086890564464024], [-66.75953699751174, 18.08691232497768], [-66.7591413956294, 18.087467330408263], [-66.75927727217774, 18.08746091136223], [-66.76147234917347, 18.086579559462763], [-66.76440855030016, 18.08569001490677], [-66.77147554008324, 18.08299638632134], [-66.7735179252606, 18.082685382583282], [-66.77304801276811, 18.083565689374105], [-66.7747569022579, 18.083243622328617], [-66.77453433042648, 18.08362955979427], [-66.77554313894302, 18.083528274397548], [-66.77066607693142, 18.08703019853982], [-66.77207437458213, 18.08674914797194], [-66.77223890961524, 18.087009534977522], [-66.77242007897537, 18.08700097621979], [-66.77210692272202, 18.08739119193469], [-66.76956984952889, 18.088690939108737], [-66.76896017203458, 18.089202425860314], [-66.77126635434573, 18.088423089122628], [-66.76974640992137, 18.089487076755095], [-66.76962680649945, 18.08981451782703], [-66.7705903222042, 18.089715372142003], [-66.77327954266879, 18.088730230296118], [-66.7733865792731, 18.08875199080977], [-66.77325866177634, 18.08921390350016], [-66.77512006093987, 18.088616472819474], [-66.77468748220758, 18.089039146254247], [-66.7737731446794, 18.08951139257606], [-66.77527202915536, 18.089226061410642], [-66.7733483416524, 18.090684545355543], [-66.77288674632342, 18.091430379264715], [-66.77338902669817, 18.09148710087379], [-66.77331896265343, 18.0915976747933], [-66.76918392622997, 18.093616487437618], [-66.76792352928531, 18.094426870774388], [-66.76785753463703, 18.094617700427122], [-66.76867279032216, 18.09457918967336], [-66.76873028566226, 18.09481781742849], [-66.76827293878571, 18.095348923807876], [-66.76732144535163, 18.09598382139688], [-66.76642799180458, 18.095972393251454], [-66.76262256381686, 18.097627028943773], [-66.76274623474822, 18.09737984369411], [-66.76264344659633, 18.097143355650676], [-66.76164277618733, 18.097405151428752], [-66.76193134026371, 18.09682838665866], [-66.76186145836363, 18.096643976051965], [-66.75978580264517, 18.0974928714057], [-66.76054374324781, 18.096920748459656], [-66.75835273376151, 18.097882356181394], [-66.75776394024834, 18.09791016846573], [-66.75488930076952, 18.099118597773277], [-66.75306912502133, 18.09963363300904], [-66.75007081769985, 18.101089246303044], [-66.74938312139957, 18.10125581089243], [-66.74946150260782, 18.101010764091264], [-66.74883555010005, 18.101201228905992], [-66.74882741319416, 18.101040717350497], [-66.75308259329613, 18.097809512582028], [-66.75398490546493, 18.096801515619433], [-66.75557066427994, 18.09584168277139], [-66.75658408176417, 18.094935700970577], [-66.74864787009575, 18.098394419340078], [-66.7400154597302, 18.102449160970025], [-66.72767173614038, 18.109119465654338], [-66.72492058853696, 18.11037569297523], [-66.7261813509726, 18.108975339411895], [-66.72630095130582, 18.108647899603163], [-66.71982700777869, 18.111098985937126], [-66.71253726590653, 18.114473536425365], [-66.70629384777041, 18.116994182549526], [-66.70738546311658, 18.116138139647905], [-66.70754628995384, 18.11572830313105], [-66.70667335987265, 18.115823169392687], [-66.70672289924984, 18.115606302240263], [-66.70658702390315, 18.115612720112146], [-66.70484911352634, 18.11625795006938], [-66.70395973057741, 18.116326776483024], [-66.70132393674183, 18.117470291435914], [-66.70017057451446, 18.11830243537539], [-66.6987537794426, 18.119012943262078], [-66.69678479912783, 18.12047356691868], [-66.69642635194971, 18.12086592225622], [-66.69657868256748, 18.120885541884025], [-66.69633134070476, 18.121379912383343], [-66.69653302855507, 18.121477649384932], [-66.696339295466, 18.12183540846505], [-66.69426716888744, 18.123649510604224], [-66.6936781932296, 18.123972307414764], [-66.6938345913568, 18.124072182864847], [-66.69315078230834, 18.12461398771366], [-66.69307240110008, 18.124859034514824], [-66.69179979974008, 18.125428650473825], [-66.69257382892118, 18.12547253642818], [-66.69233055765659, 18.126047161486575], [-66.68920911657165, 18.12686501024122], [-66.68154058620014, 18.130230637133728], [-66.68023082584557, 18.13096290562312], [-66.67987255892507, 18.13106027652351], [-66.67972447796139, 18.130825928191772], [-66.67924272225419, 18.13087549981561], [-66.67570904495985, 18.132517299764153], [-66.67531787178753, 18.132562593227803], [-66.67570922521746, 18.132222315327], [-66.6744408692212, 18.13257720501942], [-66.67542951735952, 18.131779657337365], [-66.67535538580535, 18.1318099754346], [-66.67125307657773, 18.13417584877866], [-66.67028495310696, 18.13507968969363], [-66.67093549350135, 18.13507577637144], [-66.66934955254169, 18.13633059374569], [-66.66412307982802, 18.138910466028626], [-66.6621710950409, 18.1395121761327], [-66.66214243964485, 18.139245368817885], [-66.66195720277527, 18.13917367175334], [-66.66034296453147, 18.139571715286763]], [[-66.65941987451171, 18.106305141047297], [-66.65903316894531, 18.10484576266892], [-66.65836522363281, 18.104541726351354], [-66.65741603710937, 18.105028184966216], [-66.6569238671875, 18.104359304054054], [-66.65674809179687, 18.10484576266892], [-66.65509580517578, 18.102413469594595], [-66.65270526220704, 18.099798754222974], [-66.6513693701172, 18.097913725506757], [-66.65066627001953, 18.096271927364867], [-66.64940068896485, 18.091407341216218], [-66.64918975878906, 18.088245358952705], [-66.64328371240235, 18.085630643581084], [-66.64282669726562, 18.08581306587838], [-66.642650921875, 18.085448221283784], [-66.64342433300781, 18.08398884543919], [-66.64342433300781, 18.08289431418919], [-66.64296731640626, 18.079063451013514], [-66.64272123144531, 18.079002642736487], [-66.6419478203125, 18.079853945945946], [-66.6419478203125, 18.08186058868243], [-66.64085801464844, 18.081799780405404], [-66.6402252241211, 18.082103816722974], [-66.63945181298828, 18.08107009375], [-66.63910026220704, 18.077968919763514], [-66.63874871289063, 18.076813580236486], [-66.63498712304687, 18.077482458614867], [-66.63372154199219, 18.077178422297298], [-66.63213956494141, 18.07602308277027], [-66.63024119335938, 18.07511097381757], [-66.62894045751953, 18.073225945101353], [-66.62862406152344, 18.073043522804056], [-66.62654991455078, 18.07352998141892], [-66.62623351855468, 18.073773211993245], [-66.62510855810547, 18.073590789695945], [-66.62482731835938, 18.073834020270272], [-66.62349142626952, 18.078090533783783], [-66.6229289453125, 18.078333761824325], [-66.62278832617187, 18.07857699239865], [-66.6225422397461, 18.080097176520272], [-66.62166336425781, 18.079914754222973], [-66.62131181347657, 18.080218790540542], [-66.62067902294922, 18.079853945945946], [-66.61716351953125, 18.079306679054056], [-66.61624948925781, 18.07979313766892], [-66.61533545751954, 18.080826863175677], [-66.61357770654297, 18.081738974662162], [-66.61283945019531, 18.082651083614866], [-66.61262852001953, 18.082651083614866], [-66.6116793334961, 18.081982202702704], [-66.61118716357421, 18.08204301097973], [-66.61080045800782, 18.08246866131757], [-66.60964034130859, 18.08228623902027], [-66.60921848095703, 18.082103816722974], [-66.60890208642579, 18.081556552364866], [-66.60837476025391, 18.081252516047297], [-66.60802320947265, 18.080766057432434], [-66.60739041894531, 18.080766057432434], [-66.60696855859375, 18.080522826858108], [-66.60651154345703, 18.07882022043919], [-66.60658185302734, 18.0748069375], [-66.6056678227539, 18.074624515202704], [-66.60496472119141, 18.074259670608107], [-66.60419131152344, 18.07438128462838], [-66.60299604003906, 18.075415010135135], [-66.60246871386718, 18.077056808277028], [-66.60204685351562, 18.07772568918919], [-66.60123828759765, 18.078212147804056], [-66.60074611767578, 18.07882022043919], [-66.60057034228515, 18.079367487331083], [-66.60050003271485, 18.082529469594597], [-66.5995508461914, 18.08508337668919], [-66.59891805566406, 18.085022570945945], [-66.59782825, 18.085448221283784], [-66.5974415444336, 18.08605629391892], [-66.59621111816406, 18.086846791385135], [-66.59557832763672, 18.088488589527028], [-66.59564863720703, 18.09013038766892], [-66.593750265625, 18.090069579391894], [-66.59301200927734, 18.091589763513515], [-66.59251983935546, 18.09189379983108], [-66.59143003222655, 18.09207622212838], [-66.5900589868164, 18.088671011824324], [-66.58984805664062, 18.088488589527028], [-66.58707080810547, 18.08733325], [-66.58193817285157, 18.08398884543919], [-66.58148115771485, 18.083806423141894], [-66.58102414111328, 18.083928037162163], [-66.58098898632812, 18.08325915625], [-66.58063743554688, 18.082225433277028], [-66.5802507314453, 18.07924587331081], [-66.57972340527344, 18.077360844594594], [-66.57979371484375, 18.077178422297298], [-66.57856328857422, 18.07517177956081], [-66.57817658300782, 18.07492855152027], [-66.57764925830078, 18.07517177956081], [-66.57680553759765, 18.076813580236486], [-66.57603212646484, 18.07742165287162], [-66.57487200976563, 18.07675277195946], [-66.5726572421875, 18.075050165540542], [-66.57311425878906, 18.074016440033784], [-66.57346580810547, 18.073773211993245], [-66.57388766845703, 18.073894826013515], [-66.57388766845703, 18.07371240371622], [-66.57582119628906, 18.073225945101353], [-66.57617274707032, 18.072678680743245], [-66.5791609243164, 18.05820653125], [-66.58074290136719, 18.05516616554054], [-66.58165693164062, 18.054558092905406], [-66.58302797851562, 18.052429833614866], [-66.585594296875, 18.049085431587837], [-66.5862622421875, 18.04793009206081], [-66.5872465834961, 18.047747669763513], [-66.58812545898438, 18.045619413006758], [-66.58826607958984, 18.043856000844595], [-66.58801999462891, 18.039964329391893], [-66.5876332890625, 18.039781907094596], [-66.58397716503906, 18.036194274493244], [-66.58348499365235, 18.033093100506758], [-66.58366076904296, 18.031025649493245], [-66.58408262939453, 18.030052732263513], [-66.58415294042969, 18.028897392736486], [-66.5832389086914, 18.02579621875], [-66.58320375390625, 18.024397651182433], [-66.58366076904296, 18.020566788006757], [-66.58373108007812, 18.020141135135134], [-66.5839068540039, 18.020141135135134], [-66.5839420102539, 18.019958715371622], [-66.58453964599609, 18.01564139358108], [-66.58411778417968, 18.015945429898647], [-66.58482088574219, 18.011871338682433], [-66.58531305566406, 18.005547374155405], [-66.58534821191407, 18.003297503378377], [-66.5859810024414, 17.999831484797298], [-66.58622708740234, 17.999223409628378], [-66.58601615722657, 17.998858567567567], [-66.58809030419921, 17.9880348589527], [-66.5885824741211, 17.98237977787162], [-66.58847700976563, 17.98110282179054], [-66.58861763037109, 17.980798785472974], [-66.58907464550781, 17.98085959375], [-66.58910980029297, 17.979825868243243], [-66.58939104003906, 17.9795826402027], [-66.58939104003906, 17.979339409628377], [-66.58809030419921, 17.979521831925673], [-66.58569976123047, 17.98055555743243], [-66.5839420102539, 17.981954125], [-66.58214910302735, 17.984082381756757], [-66.58109445214843, 17.966265830236484], [-66.58014526562499, 17.94632102195946], [-66.58032104101562, 17.946381830236486], [-66.5804265053711, 17.946199407939186], [-66.58056712597656, 17.946564252533783], [-66.5819030180664, 17.947780400337837], [-66.58422325, 17.949422198479727], [-66.58562945166015, 17.949969462837835], [-66.58650832714844, 17.949969462837835], [-66.58777390820312, 17.9493613902027], [-66.58868793994141, 17.948449278716215], [-66.58921526464843, 17.947476361486487], [-66.58953166064452, 17.94589537162162], [-66.59076208691405, 17.94510487668919], [-66.59121910205079, 17.944618418074324], [-66.59146518701172, 17.943037425675673], [-66.59160580761719, 17.94328065625], [-66.5913245678711, 17.944983262668917], [-66.59248468310547, 17.946503444256756], [-66.59259014892578, 17.945408913006755], [-66.59280107910156, 17.944983262668917], [-66.59269561328125, 17.946138602195944], [-66.59280107910156, 17.946564252533783], [-66.5930471640625, 17.94680748057432], [-66.59385572998046, 17.94705071114865], [-66.59512131103516, 17.94698990287162], [-66.59863681591797, 17.945956179898648], [-66.60042972167969, 17.94480084037162], [-66.60166014794922, 17.94328065625], [-66.6021874741211, 17.94157804983108], [-66.60264448925781, 17.937868803209458], [-66.60362883056641, 17.936895885979727], [-66.60376945117187, 17.936348619087838], [-66.60440224169922, 17.936348619087838], [-66.60489441162109, 17.93598377449324], [-66.60517565136719, 17.93610538851351], [-66.60563266796875, 17.935558124155403], [-66.6062654584961, 17.935132471283783], [-66.60710917919921, 17.93507166554054], [-66.60746072998047, 17.933916326013513], [-66.6079880546875, 17.93349067314189], [-66.60837476025391, 17.933612289695944], [-66.60942941113281, 17.93324744510135], [-66.60988642773438, 17.933429867398647], [-66.61238243505859, 17.933125828547297], [-66.61350739550781, 17.93336905912162], [-66.61371832568359, 17.933855517736486], [-66.6138237915039, 17.935010857263514], [-66.61340193115234, 17.93561892989865], [-66.6131558461914, 17.936652655405403], [-66.61248789941406, 17.937747186655404], [-66.61234728027344, 17.93768638091216], [-66.61252305419922, 17.936531041385134], [-66.61213635009766, 17.93628781081081], [-66.6120660390625, 17.936470233108107], [-66.61139809375, 17.93561892989865], [-66.61153871435546, 17.93488924324324], [-66.61111685400391, 17.934646012668917], [-66.61104654296875, 17.934950048986487], [-66.61058952783203, 17.934706820945944], [-66.60999189208984, 17.93531489358108], [-66.610027046875, 17.93543650760135], [-66.60988642773438, 17.93543650760135], [-66.60925363574219, 17.934524398648648], [-66.60816383007813, 17.93446359037162], [-66.60795289990234, 17.934646012668917], [-66.60781227929688, 17.934585206925675], [-66.60756619433593, 17.935375701858106], [-66.60774196972656, 17.935679738175676], [-66.60753103955078, 17.935558124155403], [-66.60739041894531, 17.93598377449324], [-66.60749588476563, 17.936166196790538], [-66.60756619433593, 17.936166196790538], [-66.60753103955078, 17.935862160472972], [-66.60777712451171, 17.936348619087838], [-66.60949972216797, 17.94066594087838], [-66.6103434428711, 17.94230773902027], [-66.61122231835937, 17.942672583614865], [-66.61139809375, 17.942672583614865], [-66.61143324853515, 17.942490161317565], [-66.61153871435546, 17.942733389358107], [-66.61174964453124, 17.942794197635134], [-66.61185510888672, 17.943219847972973], [-66.61308553515624, 17.943949537162162], [-66.61357770654297, 17.94407115118243], [-66.61428080664062, 17.944010342905404], [-66.61459720263672, 17.943767114864865], [-66.6147729765625, 17.944010342905404], [-66.61561669873046, 17.942125316722972], [-66.61572216308593, 17.94224693074324], [-66.61491359716797, 17.9441927652027], [-66.61505421777343, 17.9443751875], [-66.61501906298828, 17.944740032094593], [-66.61568700830078, 17.94589537162162], [-66.61287460498046, 17.948692509290538], [-66.60904270556641, 17.950699152027028], [-66.60957003173829, 17.953800326013514], [-66.6093591015625, 17.954043556587838], [-66.60939425634766, 17.95422597635135], [-66.60964034130859, 17.954286784628376], [-66.61020282226562, 17.95398274831081], [-66.61055437304688, 17.95398274831081], [-66.61083561279297, 17.955989391047297], [-66.61111685400391, 17.956293427364862], [-66.6116793334961, 17.956293427364862], [-66.61301522558594, 17.95580696875], [-66.6131558461914, 17.955989391047297], [-66.61329646533203, 17.958239261824325], [-66.61290975976563, 17.958786528716214], [-66.6126636748047, 17.958604106418917], [-66.61213635009766, 17.958786528716214], [-66.61192541992187, 17.95927298733108], [-66.61203088427735, 17.960185096283784], [-66.61192541992187, 17.96067155489865], [-66.61143324853515, 17.960793171452703], [-66.61122231835937, 17.961279630067565], [-66.61125747314453, 17.962009316722973], [-66.61171448828125, 17.963772728885136], [-66.61196057470703, 17.96413757347973], [-66.61210119384765, 17.963955151182432], [-66.61234728027344, 17.964076767736486], [-66.61290975976563, 17.964988876689187], [-66.61308553515624, 17.96492806841216], [-66.61406987646484, 17.96541452956081], [-66.61389410107422, 17.966022602195945], [-66.61406987646484, 17.966387446790538], [-66.6144917368164, 17.965779371621622], [-66.61484328759765, 17.966083407939188], [-66.61491359716797, 17.96675228885135], [-66.6151596821289, 17.96693471114865], [-66.61551123291015, 17.96675228885135], [-66.61600340283204, 17.967117133445946], [-66.61624948925781, 17.96833328125], [-66.61674165917968, 17.968758931587836], [-66.61681196875, 17.96918458445946], [-66.61716351953125, 17.969671043074325], [-66.6177963100586, 17.96997507939189], [-66.618183015625, 17.96997507939189], [-66.6185697211914, 17.97027911570946], [-66.61871034179687, 17.970157501689187], [-66.61916735693359, 17.970339923986486], [-66.61941344189454, 17.97027911570946], [-66.62085479833985, 17.971556069256756], [-66.62162820947266, 17.97258979476351], [-66.62261255078126, 17.973076253378377], [-66.62486247314453, 17.973380289695946], [-66.62542495410156, 17.97362352027027], [-66.62746394628907, 17.973562711993242], [-66.62915138769532, 17.973076253378377], [-66.62929200683594, 17.973076253378377], [-66.6293623178711, 17.9733194839527], [-66.63027634814453, 17.973197867398646], [-66.63228018554688, 17.97222495016892], [-66.6335106118164, 17.971981722128376], [-66.63414340234375, 17.971495263513514], [-66.63460041748047, 17.971434455236487], [-66.63530351904296, 17.97100880489865], [-66.63660425488281, 17.970704766047298], [-66.63765890576173, 17.970643960304052], [-66.63850262792968, 17.970339923986486], [-66.63976820898438, 17.970218307432432], [-66.64050646386718, 17.969914271114863], [-66.64142049560547, 17.969914271114863], [-66.64215875048828, 17.969671043074325], [-66.64243999169922, 17.969367006756755], [-66.6439868125, 17.9692453902027], [-66.64708045556641, 17.96748197804054], [-66.64933037792969, 17.965718565878376], [-66.65066627001953, 17.964441609797298], [-66.65231855664062, 17.962374161317566], [-66.65470909960938, 17.96024590456081], [-66.65615045605469, 17.958725720439187], [-66.65709964111328, 17.95744876689189], [-66.65850584277344, 17.95507727956081], [-66.66061514599609, 17.952523372466214], [-66.66170495166016, 17.948996545608107], [-66.66174010644531, 17.94680748057432], [-66.66188072705079, 17.947354747466214], [-66.66202134765625, 17.94759797804054], [-66.66219712158203, 17.94759797804054], [-66.6620565024414, 17.95258417820946], [-66.66163464208985, 17.954286784628376], [-66.6610018515625, 17.9556245464527], [-66.66036905957031, 17.956293427364862], [-66.65906832373047, 17.957083922297297], [-66.6586464633789, 17.95775280320946], [-66.65847068798828, 17.95842168412162], [-66.65847068798828, 17.959698637668918], [-66.65794336328125, 17.962009316722973], [-66.65766212207032, 17.966022602195945], [-66.65811913720704, 17.966813097128377], [-66.6582597578125, 17.96748197804054], [-66.6586464633789, 17.971860105574322], [-66.65882223876953, 17.972407372466215], [-66.6592440991211, 17.972528986486484], [-66.65949018408203, 17.97289383108108], [-66.65878708398438, 17.97386674831081], [-66.66237289697266, 17.97927860135135], [-66.65913863330078, 17.98542014358108], [-66.66413064941406, 17.993142675675674], [-66.6630056875, 17.995210126689187], [-66.6623377421875, 17.99806807010135], [-66.66268929296875, 17.99806807010135], [-66.66381425341797, 17.997459997466215], [-66.66409549462891, 17.99867614527027], [-66.66648603613281, 18.00354073141892], [-66.66592355664062, 18.004452842905405], [-66.66497437011719, 18.005304143581082], [-66.66430642480469, 18.007797244932434], [-66.66479859472656, 18.00968227364865], [-66.66602902099609, 18.012783447635133], [-66.66609933056641, 18.01339152027027], [-66.66592355664062, 18.01606704391892], [-66.66574778125, 18.016614310810812], [-66.66518530029298, 18.017222383445947], [-66.6650446796875, 18.01789126435811], [-66.66557200585937, 18.02129647466216], [-66.66567747021485, 18.023303117398648], [-66.66602902099609, 18.024519265202702], [-66.66659150195312, 18.025005723817568], [-66.66623995117187, 18.025492182432433], [-66.66623995117187, 18.02591783277027], [-66.66578293603516, 18.026282677364865], [-66.66638057177734, 18.028775778716216], [-66.66704851708984, 18.03011354054054], [-66.66743522265625, 18.035160548986486], [-66.66834925292969, 18.036559119087837], [-66.66891173388672, 18.037957686655407], [-66.66975545458985, 18.038504953547296], [-66.67035309033203, 18.039660293074324], [-66.67102103710937, 18.04014675168919], [-66.6714780522461, 18.04166693581081], [-66.67172413720704, 18.04191016385135], [-66.67211084277344, 18.04184935810811], [-66.67260301269532, 18.042092586148648], [-66.67295456347657, 18.04251823902027], [-66.67330611425781, 18.044038420608107], [-66.6741849897461, 18.0445856875], [-66.67530995166015, 18.04628829391892], [-66.67597789697265, 18.04628829391892], [-66.67650522167969, 18.04720040287162], [-66.67713801220704, 18.047869283783783], [-66.67678646289063, 18.04793009206081], [-66.67668099707032, 18.047686861486486], [-66.67559119140626, 18.05060561570946], [-66.67534510644532, 18.051760955236485], [-66.67530995166015, 18.053037908783786], [-66.67457169531251, 18.055348587837837], [-66.67407952539062, 18.055835046452703], [-66.67295456347657, 18.057780880912162], [-66.67288425390625, 18.059422679054055], [-66.67344673339844, 18.06264546706081], [-66.67295456347657, 18.06477372635135], [-66.67179444677734, 18.065442607263513], [-66.67098588085938, 18.065564221283783], [-66.67014216015625, 18.06659794679054], [-66.67014216015625, 18.067449247466218], [-66.66880626953125, 18.06994234881757], [-66.66870080371093, 18.070915266047297], [-66.66891173388672, 18.071948991554056], [-66.67017731494141, 18.07328675337838], [-66.67091557128906, 18.07590146875], [-66.67105619189454, 18.078759414695945], [-66.67137258642578, 18.078881028716218], [-66.67175929199219, 18.079489101351353], [-66.67228661816407, 18.07967152364865], [-66.67330611425781, 18.08149574408784], [-66.67446622949218, 18.082103816722974], [-66.67509902148437, 18.084596918074325], [-66.67618882714844, 18.086117102195946], [-66.67091557128906, 18.09390044256757], [-66.6708101069336, 18.093839634290543], [-66.66887657910156, 18.097001616554056], [-66.66522045507813, 18.098278570101353], [-66.66472828515626, 18.09943390962838], [-66.66388456445313, 18.100346021114866], [-66.6623377421875, 18.100893285472974], [-66.66212681201172, 18.10180539695946], [-66.6620565024414, 18.10484576266892], [-66.66170495166016, 18.105757874155408], [-66.66110731591797, 18.105940296452705], [-66.66082607617187, 18.105636260135135], [-66.66054483496094, 18.104906570945946], [-66.65998235546876, 18.106061910472974], [-66.65941987451171, 18.106305141047297]], [[-66.54236025167411, 18.22890881778799], [-66.53988560000072, 18.234025859860523], [-66.53377485289303, 18.24524203914019], [-66.53008887521283, 18.251265282102683], [-66.52982861676644, 18.25160948194635], [-66.52976211135663, 18.25150828287181], [-66.52962681839801, 18.25161965796824], [-66.52316637651559, 18.263149699307636], [-66.5210298747448, 18.266454924996722], [-66.5157457560478, 18.276496799667914], [-66.51525447097339, 18.277018183542914], [-66.51541724420085, 18.276208430821892], [-66.51502169375121, 18.27666400280951], [-66.51513231040393, 18.276092114538116], [-66.51450345639404, 18.27703863410175], [-66.51463700040651, 18.27639589234264], [-66.51224828907993, 18.280480532968813], [-66.51183611286301, 18.28091080497695], [-66.51221381945143, 18.27905342728239], [-66.51220979548383, 18.27883581825944], [-66.5119913697001, 18.27882069619979], [-66.51281678331291, 18.276269882067982], [-66.51195287254522, 18.27717598929331], [-66.51216552897397, 18.276442127864446], [-66.51181583419923, 18.276755989924172], [-66.5118536428943, 18.276179058997908], [-66.51142483830668, 18.276584035876976], [-66.51293582157538, 18.27222130094172], [-66.51657123019787, 18.2639005240039], [-66.51681941578605, 18.26290350004387], [-66.51835909672486, 18.259218892156944], [-66.5186468380435, 18.258176309838273], [-66.51821803441126, 18.258581283764865], [-66.51759950526882, 18.259649257829714], [-66.51731229453968, 18.259846705090617], [-66.51766479327733, 18.258373952231334], [-66.51695682780657, 18.259411588512247], [-66.51702386640923, 18.2586676476786], [-66.51657213446187, 18.259143478045374], [-66.51667014766689, 18.25876390071538], [-66.51897450616369, 18.25317626311062], [-66.52116544308946, 18.24931940752929], [-66.5226965445482, 18.24604471960671], [-66.52408780274261, 18.243508926067033], [-66.52385904948805, 18.243372354356577], [-66.52406137844595, 18.242517043276916], [-66.52869249576861, 18.232116041834566], [-66.52959071829446, 18.229570267405148], [-66.52932013498061, 18.229793012747596], [-66.52961820116668, 18.228871884930143], [-66.53414728036132, 18.218632854747316], [-66.53472276135058, 18.216547692007914], [-66.5390374387291, 18.20651114878838], [-66.54146797915958, 18.20206719406178], [-66.54332812565815, 18.198235735077045], [-66.5486804977557, 18.188826429095542], [-66.54980694294663, 18.187262361434346], [-66.54896490191852, 18.18978787748461], [-66.55300512728253, 18.18282324832551], [-66.55316334760091, 18.182641019741368], [-66.55290885946488, 18.18373420012107], [-66.55302524807597, 18.18391129048777], [-66.55587601621737, 18.179472273996037], [-66.55549026169372, 18.180894433644706], [-66.55633352012312, 18.179745422267363], [-66.5562395282823, 18.180342613470717], [-66.55638112214076, 18.180135083852555], [-66.5614445355184, 18.170391855516804], [-66.56158612842148, 18.170184328851118], [-66.5615276709469, 18.170518347822476], [-66.56170881793241, 18.170265264696088], [-66.56493501573001, 18.164282634054473], [-66.5658407556016, 18.16301721272872], [-66.5678568447937, 18.159317287649987], [-66.56799213679693, 18.15920591550603], [-66.5677542760762, 18.160324393967276], [-66.5687121760813, 18.15882110038901], [-66.57156802676587, 18.152909427655104], [-66.57365062397116, 18.14931069680049], [-66.57499830246753, 18.146602852596505], [-66.57953595853887, 18.135953907299744], [-66.582174600841, 18.131403617179103], [-66.58539502668023, 18.12467200789939], [-66.5871972436903, 18.12032943767866], [-66.58969884860184, 18.11535914523641], [-66.59134686926113, 18.111416412622766], [-66.59600843128929, 18.102224910796366], [-66.59837649027757, 18.097897366018177], [-66.60102196667242, 18.092405781467626], [-66.60331266219059, 18.088700723021862], [-66.60312293407699, 18.089363728010536], [-66.60326452698007, 18.08915620134485], [-66.60470164180478, 18.0864786949248], [-66.60737687540069, 18.07997496920498], [-66.60911835731132, 18.076280180445746], [-66.60926852709109, 18.075662738666125], [-66.60874171025384, 18.076447289922708], [-66.60922950195013, 18.074863161966995], [-66.61008361583644, 18.072990470033098], [-66.61460252638597, 18.06569676013751], [-66.61483355561738, 18.06551957125576], [-66.61472293896466, 18.066091459527158], [-66.61522682748678, 18.065377764710757], [-66.61740341392948, 18.061181847503203], [-66.61704058676558, 18.06253315366416], [-66.61729454431213, 18.062285108342223], [-66.6196958574384, 18.05800815867259], [-66.6218157308385, 18.054677637854432], [-66.62154689291202, 18.055431757662443], [-66.62207773727566, 18.05486480762592], [-66.62063379096163, 18.058483603625465], [-66.62146042197574, 18.057309294166576], [-66.62110617429192, 18.058250680363184], [-66.62135382929063, 18.05809879146092], [-66.62114747540973, 18.05873649647011], [-66.62126614095305, 18.05859982329213], [-66.6201948203323, 18.061833895941355], [-66.62259210853557, 18.05733934020125], [-66.62256287932058, 18.057506351163163], [-66.61899625208474, 18.065614566583317], [-66.61801314874303, 18.067502474241497], [-66.61788993124601, 18.068266668603883], [-66.61733563058115, 18.06974960528795], [-66.61738953514666, 18.070043110453472], [-66.61664672376946, 18.073565556799135], [-66.61239961653848, 18.082013021174777], [-66.61025225931076, 18.086041927420418], [-66.60909658586023, 18.08777300309105], [-66.60793635689721, 18.090131607748983], [-66.60599027005183, 18.09499546818008], [-66.60561081807603, 18.096321471409077], [-66.60626662436867, 18.095521704428204], [-66.60509151858452, 18.098386375769326], [-66.60480150128905, 18.0997427186802], [-66.60580927833327, 18.0983153290474], [-66.60571756602809, 18.098598751855665], [-66.6045029035581, 18.1015089845079], [-66.60262613224764, 18.105315140560673], [-66.60054650043439, 18.110821745703355], [-66.59867147451129, 18.115159276221696], [-66.59800602660422, 18.118059236234927], [-66.59564829413141, 18.122508233616397], [-66.59154224661062, 18.131593311234536], [-66.59037746473852, 18.13457944002935], [-66.58655111060115, 18.14218671728292], [-66.58775142423607, 18.138937421106526], [-66.58645818089468, 18.14109363541827], [-66.58720220967315, 18.13894769374553], [-66.58730477743526, 18.137940590380712], [-66.58704451994426, 18.1382847872719], [-66.58955470077709, 18.132904582668193], [-66.59090290986293, 18.129351603406437], [-66.5881203951221, 18.134423188587856], [-66.58432099587087, 18.14217721357378], [-66.58167901545754, 18.14873153735463], [-66.57719404490243, 18.158297485041942], [-66.57598340735544, 18.161425323764647], [-66.57595417814045, 18.161592334726564], [-66.57625801368151, 18.16142019039762], [-66.57619325365908, 18.16185036578865], [-66.57477223826359, 18.165398300497596], [-66.57291611573264, 18.16944736850528], [-66.57179141853246, 18.171542805781623], [-66.57072115744265, 18.17308661021325], [-66.5704006935309, 18.173233459413122], [-66.57047805535302, 18.17261097497863], [-66.56958491892912, 18.173684085362986], [-66.56553786207579, 18.181590004101587], [-66.5621912507441, 18.187177938306025], [-66.55754578554176, 18.197239873271737], [-66.55364032159152, 18.20493826534465], [-66.54881947971403, 18.21600226397279], [-66.5455950289518, 18.222516267182026], [-66.54443654797956, 18.225406241455108], [-66.5429639039954, 18.22834691040633], [-66.54236025167411, 18.22890881778799]], [[-66.5677542760762, 18.160324393967276], [-66.56799213679693, 18.15920591550603], [-66.5658407556016, 18.16301721272872], [-66.56493501573001, 18.164282634054473], [-66.56170881793241, 18.170265264696088], [-66.5615276709469, 18.170518347822476], [-66.56158612842148, 18.170184328851118], [-66.5614445355184, 18.170391855516804], [-66.55638112214076, 18.180135083852555], [-66.5562395282823, 18.180342613470717], [-66.55633352012312, 18.179745422267363], [-66.55549026169372, 18.180894433644706], [-66.55587601621737, 18.179472273996037], [-66.55302524807597, 18.18391129048777], [-66.55290885946488, 18.18373420012107], [-66.55316334760091, 18.182641019741368], [-66.55300512728253, 18.18282324832551], [-66.54896490191852, 18.18978787748461], [-66.54980694294663, 18.187262361434346], [-66.54964872262825, 18.18744459001849], [-66.54841393936483, 18.18926678050846], [-66.54628951045227, 18.193224830313916], [-66.54355513092194, 18.197840937172348], [-66.54363249274407, 18.197218452737857], [-66.54508676297016, 18.193721114192], [-66.5550145998341, 18.173085931987472], [-66.55775057113284, 18.165934419955736], [-66.55687178094063, 18.167346598714666], [-66.55683450379041, 18.16707839163069], [-66.55779346237108, 18.163884832787296], [-66.55927696181216, 18.160220483279524], [-66.56132053387648, 18.155822175725785], [-66.56185471374792, 18.153251196879456], [-66.56066403912402, 18.154400304873906], [-66.56158344197425, 18.151252304389157], [-66.56265020968593, 18.148645755876817], [-66.56275277840342, 18.147638649559525], [-66.55769164100263, 18.157068117303073], [-66.55791287430807, 18.15592434076028], [-66.55861104385286, 18.15392011681832], [-66.55859267105019, 18.15336344427121], [-66.55954479814154, 18.15111117500732], [-66.55929942007506, 18.150949300364903], [-66.55983709236925, 18.149441068551766], [-66.55974363467669, 18.149193116894466], [-66.55914628490325, 18.149658867856456], [-66.55825716984357, 18.15094959211417], [-66.55811785291735, 18.150843358187654], [-66.55857641635403, 18.14942623824138], [-66.55830180907257, 18.14943137456088], [-66.55818769904172, 18.148940518751562], [-66.5593943126211, 18.14559507100591], [-66.56259811104503, 18.138838163644653], [-66.56431491569437, 18.134682864662928], [-66.56470697372126, 18.133164545642117], [-66.5668984395885, 18.128462556900956], [-66.56751119677257, 18.126645604198007], [-66.56518952500404, 18.12998630103806], [-66.56465465927619, 18.130335637201227], [-66.56460705465514, 18.129945980466445], [-66.56552592951928, 18.127643110189048], [-66.56595754067322, 18.12607923766001], [-66.56559121848318, 18.126367801638192], [-66.56557914562497, 18.125714977521824], [-66.56422797375046, 18.127360077645097], [-66.56425318064585, 18.126975455762295], [-66.56401182654697, 18.127031190142826], [-66.56564952069081, 18.122967004925904], [-66.56676670054526, 18.1195912145459], [-66.56630464373043, 18.119945590411458], [-66.56632354712258, 18.1196571279008], [-66.56607589047586, 18.119809018701], [-66.56642436784931, 18.11811865196836], [-66.5695599119173, 18.11072917886989], [-66.56962467289512, 18.110299000526386], [-66.56800063912652, 18.112480611434723], [-66.5688059319459, 18.108841755140656], [-66.56743411129187, 18.11024394330902], [-66.56622627770783, 18.11221289123217], [-66.56623888115551, 18.112020580290768], [-66.56828928470915, 18.106680983157528], [-66.57278283214096, 18.096705120356283], [-66.57359966722908, 18.09456422323635], [-66.57359564326146, 18.094346614213404], [-66.57338124048997, 18.09454910412917], [-66.57312956152364, 18.094483384008488], [-66.57320692334577, 18.093860899574], [-66.57253046471483, 18.094417762402855], [-66.57252644074721, 18.094200153379905], [-66.5749597913028, 18.088597295200447], [-66.57306866855387, 18.092064392579474], [-66.57278775776918, 18.09216568827112], [-66.57300724568724, 18.09049053726276], [-66.57273893930562, 18.090399519060533], [-66.5751476135553, 18.084336147706104], [-66.57439606743108, 18.085201736275184], [-66.57421089482996, 18.085237212276564], [-66.57496980303296, 18.082585199070216], [-66.57405145875829, 18.084042934289847], [-66.57433745304155, 18.08246897940355], [-66.57261312748768, 18.085343933084502], [-66.57355720664383, 18.082656445774717], [-66.57557154949316, 18.07842514918289], [-66.57569476699017, 18.077660954820505], [-66.57933769651717, 18.07062052318346], [-66.57942940882236, 18.0703371003752], [-66.5791588264639, 18.07055984276517], [-66.58010465005201, 18.068403732873424], [-66.5801797375453, 18.0680950071332], [-66.57997793657347, 18.068105188005507], [-66.5800134683363, 18.06784202062392], [-66.58057406894564, 18.0662629323706], [-66.58361456615603, 18.06116090793772], [-66.58577505481752, 18.056094560543325], [-66.58614190499364, 18.05496086635779], [-66.58517368107645, 18.056342702482368], [-66.5862822814508, 18.053376832066707], [-66.58528482571526, 18.054925684003617], [-66.58531405753364, 18.054758668191287], [-66.5864100544603, 18.05198510871703], [-66.586418632985, 18.051575191705155], [-66.5863521249718, 18.051473997481033], [-66.58623346038387, 18.051610667706534], [-66.5863148478216, 18.051205790397052], [-66.58851033765644, 18.046721410678842], [-66.58796689340389, 18.04748066385388], [-66.58829418784957, 18.046392528026985], [-66.58663462587693, 18.04883729851402], [-66.59008205437657, 18.041710896180028], [-66.58919294192027, 18.043001615587325], [-66.59235263170468, 18.03691779072159], [-66.5934521210541, 18.035206978280524], [-66.59745734620014, 18.027660378492765], [-66.60263365576611, 18.017031493490524], [-66.60789362874668, 18.0056839705866], [-66.61676449286954, 17.988621927507932], [-66.62358654451458, 17.974364075334663], [-66.63080361506438, 17.960495789184016], [-66.63088272487727, 17.96040467436468], [-66.63051184977815, 17.96132076247974], [-66.63081796389945, 17.96083485270818], [-66.63051762173652, 17.962069741117837], [-66.6305801057821, 17.961953326319012], [-66.63051709114704, 17.962914876175606], [-66.63096252219457, 17.96253520033056], [-66.63245126300454, 17.960464964518653], [-66.62798953554986, 17.976093604499283], [-66.634159273325, 17.963698266340078], [-66.6331968213662, 17.96582908110275], [-66.63178385225791, 17.969812235755533], [-66.62716025583978, 17.98149358249866], [-66.62433659524807, 17.989146129314083], [-66.62467194118774, 17.988493203730194], [-66.62229651916527, 17.994607176098125], [-66.62211711756713, 17.995391633690076], [-66.62233554430624, 17.995406752797255], [-66.62110827838856, 17.99850929639089], [-66.62097875834371, 17.999369647172944], [-66.62344430255094, 17.99550765527211], [-66.6226125854349, 17.998154628776064], [-66.61390920696691, 18.016846165989406], [-66.6093669963385, 18.028122637320987], [-66.60629043937918, 18.03433295934281], [-66.60829795169458, 18.03104294937801], [-66.61070381937793, 18.02613847367355], [-66.61134300085867, 18.02531340376072], [-66.61120262440149, 18.0268974380518], [-66.61709213820374, 18.01682503531493], [-66.6177061153925, 18.016384582434483], [-66.62112833960015, 18.00964279713288], [-66.62209307013919, 18.007198216927588], [-66.62493001743161, 18.00157500670434], [-66.62681362379018, 17.996827553269174], [-66.63029658405267, 17.989437983553596], [-66.63182943254678, 17.98669466819864], [-66.63112496305753, 17.988795043709857], [-66.63122472329793, 17.988946838947484], [-66.6332385329544, 17.98556068226384], [-66.6351296566587, 17.98209358193234], [-66.6390540240011, 17.97410672734877], [-66.64297786075403, 17.966965007822967], [-66.64573622977844, 17.960587774408815], [-66.64835019577467, 17.95557697111321], [-66.65187165319203, 17.949832108304115], [-66.65568942784932, 17.94263475101489], [-66.65556393177206, 17.943712710819888], [-66.65596578312154, 17.943160984310538], [-66.65732378648538, 17.940574594607767], [-66.65846966400993, 17.937876931276087], [-66.65804207682359, 17.93965841282807], [-66.65725044698286, 17.941414689963143], [-66.66172805545918, 17.933635166913103], [-66.66134860087998, 17.934961174992512], [-66.66161865525237, 17.935583562809892], [-66.66469817404494, 17.931281122879028], [-66.6665343336528, 17.9292107855996], [-66.66615032451652, 17.931164319713833], [-66.66671214417514, 17.93096173423549], [-66.66708476466162, 17.93057702058599], [-66.66693861884947, 17.93141207138856], [-66.66824165551344, 17.930222449588275], [-66.6680703028059, 17.931442122273648], [-66.66717155133858, 17.93483302986289], [-66.66724838421923, 17.93505567858823], [-66.66853304808055, 17.933309384240836], [-66.67052392942186, 17.92999408399738], [-66.66986303702727, 17.932266515023315], [-66.67367398019525, 17.926010447313587], [-66.67163390506784, 17.931471491145153], [-66.67202315296963, 17.931112075577204], [-66.6719543680242, 17.931324644897757], [-66.66975030131266, 17.936218939729905], [-66.66854368512989, 17.939564392325973], [-66.66868930295597, 17.939574471730758], [-66.66853510920859, 17.939974304487432], [-66.66636429307626, 17.944919202231024], [-66.66639124535901, 17.945065954813785], [-66.66697196936515, 17.94457490387231], [-66.6670488022458, 17.94479755259765], [-66.66728385379682, 17.944837974636787], [-66.66635640205598, 17.94755076002812], [-66.66430827803798, 17.952576588766266], [-66.66425611790446, 17.952814461018782], [-66.66462874099433, 17.95242974251887], [-66.6639821974348, 17.955041237068972], [-66.66475667187416, 17.954104792059706], [-66.66519580037384, 17.953821272634332], [-66.66542227409278, 17.95427161273988], [-66.66608613187942, 17.953907056002013], [-66.66397271629411, 17.96020819814143], [-66.66449323318692, 17.959519798454103], [-66.66437631563436, 17.96018784124723], [-66.66468015117542, 17.960015696918287], [-66.66590863449437, 17.95828965799757], [-66.6656312196912, 17.959453692919517], [-66.66804058075269, 17.95561196129578], [-66.6678382508394, 17.956467275327917], [-66.66818794561414, 17.95615341326819], [-66.66804984608919, 17.957423684014593], [-66.66551324095968, 17.961812005828182], [-66.66412373240404, 17.964879167085073], [-66.66009960386585, 17.972714229383488], [-66.6574362862132, 17.976804003376685], [-66.65366839119841, 17.984077259760966], [-66.65268878027945, 17.987027914452337], [-66.6502158765968, 17.99267632614002], [-66.64880921003638, 17.996563324373135], [-66.6459006712322, 18.003557999566908], [-66.64480869566975, 18.00654917291453], [-66.64523347533438, 18.00592658996499], [-66.64531661076288, 18.00605308227066], [-66.64172477923505, 18.0145459147232], [-66.64123698753875, 18.016130042678917], [-66.64058520261032, 18.01714742353315], [-66.63575281586071, 18.026713467837567], [-66.63151778148794, 18.035813756329578], [-66.62884360742297, 18.0406272138318], [-66.6251210374936, 18.048603895345956], [-66.62295303148638, 18.052389889636686], [-66.62179280252336, 18.054748494294618], [-66.6196958574384, 18.05800815867259], [-66.61729454431213, 18.062285108342223], [-66.61704058676558, 18.06253315366416], [-66.61740341392948, 18.061181847503203], [-66.61522682748678, 18.065377764710757], [-66.61472293896466, 18.066091459527158], [-66.61483355561738, 18.06551957125576], [-66.61460252638597, 18.06569676013751], [-66.61008361583644, 18.072990470033098], [-66.60922950195013, 18.074863161966995], [-66.60874171025384, 18.076447289922708], [-66.60926852709109, 18.075662738666125], [-66.60911835731132, 18.076280180445746], [-66.60737687540069, 18.07997496920498], [-66.60470164180478, 18.0864786949248], [-66.60326452698007, 18.08915620134485], [-66.60312293407699, 18.089363728010536], [-66.60331266219059, 18.088700723021862], [-66.60102196667242, 18.092405781467626], [-66.59837649027757, 18.097897366018177], [-66.59600843128929, 18.102224910796366], [-66.59134686926113, 18.111416412622766], [-66.58969884860184, 18.11535914523641], [-66.5871972436903, 18.12032943767866], [-66.58539502668023, 18.12467200789939], [-66.582174600841, 18.131403617179103], [-66.57953595853887, 18.135953907299744], [-66.57499830246753, 18.146602852596505], [-66.57365062397116, 18.14931069680049], [-66.57156802676587, 18.152909427655104], [-66.56927452468139, 18.157773381750836], [-66.5677542760762, 18.160324393967276]], [[-66.5228021382396, 18.23690002899776], [-66.517959957212, 18.245499483743192], [-66.51870625936392, 18.243039786328662], [-66.52131498755004, 18.236434861534303], [-66.52582113842954, 18.226266687791657], [-66.52643389561361, 18.22444973508871], [-66.52655309174641, 18.223467926852965], [-66.52843844253697, 18.21925185083584], [-66.52987433831238, 18.215197841640812], [-66.52884765596524, 18.21691369968922], [-66.52863955504895, 18.217020032130783], [-66.5288109077565, 18.215800359445414], [-66.5287902554182, 18.215557455293396], [-66.52854890131934, 18.215613189673928], [-66.52916166206218, 18.21379622916809], [-66.52905559996655, 18.213740591404665], [-66.52866634946137, 18.21410001182303], [-66.52864570068186, 18.213857099868125], [-66.53236826705245, 18.20588042615686], [-66.53234359334994, 18.205419908131482], [-66.53293342221885, 18.20367381186872], [-66.53254417431707, 18.204033227436668], [-66.53371753566924, 18.20063717867751], [-66.53577598715809, 18.195732799590164], [-66.53874647941838, 18.189466844655332], [-66.53930708002771, 18.18788775640201], [-66.53895738525297, 18.188201618461736], [-66.53890803524455, 18.18728058726139], [-66.53904560513541, 18.186855448620282], [-66.53868330951637, 18.187361616770996], [-66.53869591296406, 18.187169305829595], [-66.54014790460991, 18.183985732726356], [-66.53885291423315, 18.185610574470473], [-66.53728050905322, 18.18839945113654], [-66.53714521869799, 18.188510821382557], [-66.53714749467483, 18.18819706079035], [-66.53691646544341, 18.1883742496721], [-66.5369124414758, 18.188156640649154], [-66.53680007943572, 18.188197154454986], [-66.53615459445174, 18.189118383739963], [-66.53599235181377, 18.18908300140322], [-66.53601755706114, 18.188698381418355], [-66.53811153770944, 18.18353083979984], [-66.5380679596594, 18.18335878723759], [-66.53703952767349, 18.18454327756879], [-66.5366130026215, 18.18463448605276], [-66.53631948934449, 18.184928089733333], [-66.53722803934119, 18.18250376495472], [-66.53970899191442, 18.177290568360455], [-66.54113630985776, 18.173646477231834], [-66.54085312405161, 18.17406153056321], [-66.5415180404138, 18.17200670856022], [-66.54137872348758, 18.171900474633706], [-66.53911270167193, 18.176066051104847], [-66.53853600423678, 18.176774706218858], [-66.53704270791434, 18.17947247101806], [-66.5350077153301, 18.18346085860745], [-66.53358548348871, 18.185632285691007], [-66.53093423773888, 18.190374886753048], [-66.53079492081264, 18.190268652826532], [-66.53123685848205, 18.188826232900773], [-66.53341974486919, 18.18453416412396], [-66.53425320737261, 18.182418565085573], [-66.53425145938185, 18.18188719547042], [-66.533133593671, 18.183041343167265], [-66.53315249706314, 18.182752880656608], [-66.53458558792025, 18.17985776521361], [-66.53470022854057, 18.179503485965164], [-66.53437118610412, 18.180060252176908], [-66.5355984520218, 18.176957708583274], [-66.52904121173225, 18.190243836775995], [-66.52705890631222, 18.193149224857994], [-66.52271833878528, 18.201348742426752], [-66.52570371047011, 18.194576715958316], [-66.52981150337827, 18.18602301280574], [-66.53288456435605, 18.17874995155362], [-66.53293042003095, 18.178608241625724], [-66.53256812441191, 18.17911440977644], [-66.53295387989095, 18.177692247175298], [-66.53466612998321, 18.174164474228395], [-66.53735222068406, 18.16693706605408], [-66.53186227965104, 18.17677150772422], [-66.5277252558799, 18.18549222373665], [-66.5263488797134, 18.18752194089231], [-66.52619065843963, 18.187704172428926], [-66.52604504156895, 18.187694090071666], [-66.52610350069155, 18.18736006920237], [-66.5259848361036, 18.18749673942787], [-66.52674723768475, 18.18590747030224], [-66.52692033577965, 18.185219172082434], [-66.52616879225883, 18.186084755801097], [-66.5264920627369, 18.184779010951257], [-66.52628221643326, 18.184353968927255], [-66.5263510004233, 18.184141402559174], [-66.5253845218935, 18.186054613149317], [-66.52642836224543, 18.183518918124687], [-66.52488290934824, 18.186454547373515], [-66.52538102851537, 18.184991869068604], [-66.52289028001616, 18.189238478001823], [-66.52281117115866, 18.189329589868688], [-66.52354487246629, 18.187062198545142], [-66.52246375236076, 18.18932969133621], [-66.52256806811364, 18.18885395758654], [-66.52223902567721, 18.18941072379829], [-66.52331611825633, 18.186925629787165], [-66.52343075983204, 18.186571347586238], [-66.52321635801593, 18.186773834549534], [-66.52409795477448, 18.184202760140632], [-66.52397929018655, 18.184339430366133], [-66.52252099503745, 18.18761916284152], [-66.52286719643406, 18.186242556701078], [-66.52205491425502, 18.18775592968413], [-66.52233005212597, 18.186905658306863], [-66.52178660787341, 18.187664911481903], [-66.52020562321339, 18.190863708112317], [-66.52015171864788, 18.19057020294679], [-66.52003305405995, 18.190706873172292], [-66.52167302582865, 18.18632892546523], [-66.5302647886502, 18.15985408320868], [-66.53089592124033, 18.15859379820243], [-66.53207330656011, 18.155415358466215], [-66.53566232796284, 18.148081429466533], [-66.53597876955497, 18.147716969345776], [-66.53596616610729, 18.147909280287177], [-66.5366512042183, 18.146942497493974], [-66.53885246601152, 18.14320709641386], [-66.54931866362946, 18.12328532022894], [-66.56959403161265, 18.082865037969945], [-66.58842021547169, 18.04446943021174], [-66.59008205437657, 18.041710896180028], [-66.58663462587693, 18.04883729851402], [-66.58829418784957, 18.046392528026985], [-66.58796689340389, 18.04748066385388], [-66.58851033765644, 18.046721410678842], [-66.5863148478216, 18.051205790397052], [-66.58623346038387, 18.051610667706534], [-66.5863521249718, 18.051473997481033], [-66.586418632985, 18.051575191705155], [-66.5864100544603, 18.05198510871703], [-66.58531405753364, 18.054758668191287], [-66.58528482571526, 18.054925684003617], [-66.5862822814508, 18.053376832066707], [-66.58521551278375, 18.055983383531522], [-66.58517368107645, 18.056342702482368], [-66.58614190499364, 18.05496086635779], [-66.5856437858265, 18.056423544662703], [-66.58327922021635, 18.061813833521608], [-66.58057406894564, 18.0662629323706], [-66.5800134683363, 18.06784202062392], [-66.57997793657347, 18.068105188005507], [-66.5801797375453, 18.0680950071332], [-66.58010465005201, 18.068403732873424], [-66.5791588264639, 18.07055984276517], [-66.57942940882236, 18.0703371003752], [-66.57933769651717, 18.07062052318346], [-66.57569476699017, 18.077660954820505], [-66.57557154949316, 18.07842514918289], [-66.57355720664383, 18.082656445774717], [-66.57261312748768, 18.085343933084502], [-66.57433745304155, 18.08246897940355], [-66.57405145875829, 18.084042934289847], [-66.57496980303296, 18.082585199070216], [-66.57421089482996, 18.085237212276564], [-66.57439606743108, 18.085201736275184], [-66.5751476135553, 18.084336147706104], [-66.57273893930562, 18.090399519060533], [-66.57300724568724, 18.09049053726276], [-66.57278775776918, 18.09216568827112], [-66.57306866855387, 18.092064392579474], [-66.5749597913028, 18.088597295200447], [-66.57252644074721, 18.094200153379905], [-66.57253046471483, 18.094417762402855], [-66.57320692334577, 18.093860899574], [-66.57312956152364, 18.094483384008488], [-66.57338124048997, 18.09454910412917], [-66.57359564326146, 18.094346614213404], [-66.57359966722908, 18.09456422323635], [-66.57278283214096, 18.096705120356283], [-66.56828928470915, 18.106680983157528], [-66.56623888115551, 18.112020580290768], [-66.56622627770783, 18.11221289123217], [-66.56743411129187, 18.11024394330902], [-66.5688059319459, 18.108841755140656], [-66.56800063912652, 18.112480611434723], [-66.56962467289512, 18.110299000526386], [-66.5695599119173, 18.11072917886989], [-66.56642436784931, 18.11811865196836], [-66.56607589047586, 18.119809018701], [-66.56632354712258, 18.1196571279008], [-66.56630464373043, 18.119945590411458], [-66.56676670054526, 18.1195912145459], [-66.56564952069081, 18.122967004925904], [-66.56401182654697, 18.127031190142826], [-66.56425318064585, 18.126975455762295], [-66.56422797375046, 18.127360077645097], [-66.56557914562497, 18.125714977521824], [-66.56559121848318, 18.126367801638192], [-66.56595754067322, 18.12607923766001], [-66.56552592951928, 18.127643110189048], [-66.56460705465514, 18.129945980466445], [-66.56465465927619, 18.130335637201227], [-66.56518952500404, 18.12998630103806], [-66.56751119677257, 18.126645604198007], [-66.5668984395885, 18.128462556900956], [-66.56470697372126, 18.133164545642117], [-66.56431491569437, 18.134682864662928], [-66.56259811104503, 18.138838163644653], [-66.5593943126211, 18.14559507100591], [-66.55818769904172, 18.148940518751562], [-66.55830180907257, 18.14943137456088], [-66.55857641635403, 18.14942623824138], [-66.55811785291735, 18.150843358187654], [-66.55825716984357, 18.15094959211417], [-66.55914628490325, 18.149658867856456], [-66.55974363467669, 18.149193116894466], [-66.55983709236925, 18.149441068551766], [-66.55929942007506, 18.150949300364903], [-66.55954479814154, 18.15111117500732], [-66.55859267105019, 18.15336344427121], [-66.55861104385286, 18.15392011681832], [-66.55791287430807, 18.15592434076028], [-66.55769164100263, 18.157068117303073], [-66.56275277840342, 18.147638649559525], [-66.56265020968593, 18.148645755876817], [-66.56158344197425, 18.151252304389157], [-66.56066403912402, 18.154400304873906], [-66.56185471374792, 18.153251196879456], [-66.56111418095097, 18.1564598777825], [-66.55927696181216, 18.160220483279524], [-66.55779346237108, 18.163884832787296], [-66.55683450379041, 18.16707839163069], [-66.55687178094063, 18.167346598714666], [-66.55775057113284, 18.165934419955736], [-66.5550145998341, 18.173085931987472], [-66.54508676297016, 18.193721114192], [-66.54363249274407, 18.197218452737857], [-66.54355513092194, 18.197840937172348], [-66.53838337686844, 18.20784229318729], [-66.53818560081962, 18.208070080130074], [-66.53827959170505, 18.20747289187919], [-66.5379631501129, 18.20783735199995], [-66.53793619783015, 18.207690599417187], [-66.53825089143153, 18.206794769681277], [-66.53815970971583, 18.206233057431774], [-66.53551476486584, 18.210879503972084], [-66.53194866821947, 18.21814258433447], [-66.52841127280202, 18.22608378394229], [-66.52409993353467, 18.23411629350161], [-66.5228021382396, 18.23690002899776]], [[-66.4133537448682, 18.158313696615682], [-66.4130992971056, 18.158352193513853], [-66.41215834124411, 18.159588317443674], [-66.41213604892309, 18.159380124427788], [-66.41200775660407, 18.159503324632006], [-66.40896482782946, 18.163708043570082], [-66.40853726843984, 18.163952367547726], [-66.40877155888934, 18.163497777566334], [-66.40868002179896, 18.163371915034215], [-66.40851710968411, 18.163536276179762], [-66.4084846211611, 18.163369543939616], [-66.40803453520942, 18.16390468608072], [-66.40799185090933, 18.16377941288864], [-66.40671060460033, 18.165801520019958], [-66.40687778342081, 18.16522136389793], [-66.40632809918466, 18.165464204215326], [-66.40683746548441, 18.164389182889675], [-66.4066603251279, 18.164511786880418], [-66.40456048433745, 18.16727248525185], [-66.40455241983318, 18.16710605111844], [-66.40435085401529, 18.167228358717704], [-66.40706083229486, 18.161189878036886], [-66.41156095427617, 18.15305229298548], [-66.41139401156427, 18.153133434485227], [-66.41214573095023, 18.151770260754525], [-66.4115856144035, 18.152553576469938], [-66.41196455855405, 18.151809646814726], [-66.41169777813892, 18.152097506271225], [-66.41182820215568, 18.15176641115786], [-66.41171010748127, 18.151848148871082], [-66.41169801280488, 18.1515984933642], [-66.41243147190949, 18.150110344548157], [-66.41246206297582, 18.1499859605181], [-66.41210161564013, 18.150355848908703], [-66.41295553722546, 18.148079052848004], [-66.4140781362577, 18.145805515328682], [-66.4149519809151, 18.14444382353055], [-66.41615615261642, 18.14183859984257], [-66.4174210375434, 18.139982632180853], [-66.42008975964764, 18.135108020392206], [-66.4207964269272, 18.134326483000848], [-66.42278860535383, 18.13110704694462], [-66.4238806151873, 18.12895789001242], [-66.42852918493318, 18.12111320128294], [-66.43015901712482, 18.11797253906237], [-66.43409642339729, 18.111824187006643], [-66.43493588249991, 18.11000464497049], [-66.43502575391432, 18.109340381755896], [-66.43950571671496, 18.100786707064195], [-66.43971368280377, 18.100040706136376], [-66.43913743954097, 18.100491148414367], [-66.43920075337135, 18.10003448544511], [-66.44614670142101, 18.08922356592854], [-66.44999067170379, 18.082658236785747], [-66.45007627641255, 18.08240976854763], [-66.44966081356687, 18.082903744589224], [-66.45134755974289, 18.079930111000284], [-66.45180570833128, 18.079561406435516], [-66.45177914930463, 18.079769008396113], [-66.45216402108399, 18.07939941638457], [-66.45207841637522, 18.079647884622688], [-66.45325129487989, 18.078664080242902], [-66.45539595540325, 18.07582075326854], [-66.45516569699343, 18.076358561180477], [-66.45756503952045, 18.072977726128595], [-66.45874218473075, 18.071578126772327], [-66.46138601535186, 18.06770123924806], [-66.4614367637313, 18.067992948301224], [-66.4622288029212, 18.067461952135847], [-66.46212280292319, 18.067793345355952], [-66.46245669165715, 18.06763105719827], [-66.46385579653196, 18.066026226976007], [-66.46375999417857, 18.066316157705117], [-66.46394733362234, 18.066152089508122], [-66.46504100582162, 18.06479306348082], [-66.46565187074778, 18.064301456818576], [-66.46562127968146, 18.064425840848628], [-66.46590631851038, 18.064262959920402], [-66.46610575118791, 18.064348548945542], [-66.4676801008301, 18.062329995019407], [-66.46761892014008, 18.06257876136426], [-66.46836424112267, 18.061839277519187], [-66.46829286278803, 18.062129506355035], [-66.46856154023493, 18.06213276489641], [-66.46791368583908, 18.063372445474343], [-66.46779749006399, 18.06374529774251], [-66.46805810487417, 18.063582118707547], [-66.46738772349134, 18.065112619176617], [-66.46786626592635, 18.064660991345114], [-66.4678397068997, 18.06486859330571], [-66.46802491133556, 18.06491242517605], [-66.46832014780911, 18.06470808175683], [-66.46704696744702, 18.066896621306302], [-66.46988833040372, 18.062814209967485], [-66.47228957327268, 18.059724487755293], [-66.47476029082415, 18.05605342902575], [-66.47569128701716, 18.054359749521716], [-66.47612358057678, 18.05270160819647], [-66.47676740293296, 18.051378709688], [-66.48194739850122, 18.043166202112854], [-66.48286985984032, 18.042304114277037], [-66.48294100350901, 18.042512898348214], [-66.48325260136458, 18.04214241545939], [-66.48323410497466, 18.042516454996324], [-66.48423790575951, 18.04182169218362], [-66.48328605012307, 18.04459631388258], [-66.48117767592134, 18.048188602206974], [-66.48037900366211, 18.049842301165008], [-66.48037070491681, 18.050174878210946], [-66.47959432540351, 18.052036768457192], [-66.48018693004833, 18.0514201867096], [-66.48005627323316, 18.05225029128706], [-66.47889928533597, 18.054065983726545], [-66.47739347875773, 18.05749924071938], [-66.4726147177935, 18.06517601509813], [-66.46909633749938, 18.07191163312918], [-66.46644634458347, 18.0759131959168], [-66.46326375336527, 18.08277763862986], [-66.46356918561588, 18.082531836162573], [-66.45990449069754, 18.088766661247288], [-66.45835409947726, 18.09178353220835], [-66.45142617704299, 18.103218439717292], [-66.44999601219484, 18.105945678055978], [-66.4477085987373, 18.109369455816175], [-66.4466455157368, 18.11060410125635], [-66.444934580208, 18.11307842383153], [-66.44175482426049, 18.118237934642043], [-66.43698033000187, 18.125498914044314], [-66.43581527946796, 18.12714816890746], [-66.43453023722789, 18.12858804348596], [-66.43232629678137, 18.131971247917186], [-66.43176428320287, 18.132463445634723], [-66.43005547937179, 18.134729873300753], [-66.42996180871613, 18.134811909120714], [-66.42983161936534, 18.13464399132706], [-66.42843844542952, 18.136623154034808], [-66.42842018514818, 18.136498178949466], [-66.42555629376186, 18.140871411894672], [-66.42313062687417, 18.143960836000126], [-66.4214562100405, 18.146685112188923], [-66.42029329451451, 18.14812646698474], [-66.41636585122069, 18.154732369456497], [-66.41571206732847, 18.155597715833686], [-66.41529873804808, 18.155883793523202], [-66.41326197642204, 18.158686841832402], [-66.4133537448682, 18.158313696615682]], [[-66.32531136842843, 18.29954835123122], [-66.33085844626925, 18.289843249029886], [-66.32914157980146, 18.291943239119576], [-66.32900735841099, 18.291692103395377], [-66.32953521923312, 18.290243045975725], [-66.32935617853467, 18.290074537126777], [-66.3294275568693, 18.28978430829093], [-66.33186316142894, 18.28286922367623], [-66.33433695222725, 18.27699421497893], [-66.33612353279632, 18.27381386859142], [-66.33564096018918, 18.27418227504945], [-66.3357286980383, 18.273725910186933], [-66.3355923449501, 18.273682669371883], [-66.3350628194697, 18.274341601057245], [-66.33590844230973, 18.272397382042485], [-66.34119490534036, 18.262855458876118], [-66.34306115967921, 18.259052311765004], [-66.34518163042488, 18.25570967550456], [-66.34476190087356, 18.256619446522635], [-66.34502464738146, 18.256248372578522], [-66.34700876172876, 18.252862500661212], [-66.34766088138761, 18.25120702682205], [-66.34907255171338, 18.248853824577367], [-66.34824162602202, 18.249841776660556], [-66.34843109716351, 18.249469813554413], [-66.35292505353986, 18.24145690892454], [-66.35471803251231, 18.237652872651402], [-66.35946240792177, 18.22951824803463], [-66.36118401042711, 18.22600443715441], [-66.36188474676767, 18.224848567277565], [-66.3626016098243, 18.22402557083814], [-66.36351220928543, 18.22241481803135], [-66.36391131219172, 18.222086979744102], [-66.36304956076808, 18.223698328764367], [-66.3631432299811, 18.223616294659664], [-66.36311453925673, 18.224031791529406], [-66.36173702312996, 18.22734185176095], [-66.36248637615223, 18.226685585846422], [-66.36570881495722, 18.221651349943244], [-66.36718166410544, 18.219049384796637], [-66.37011763553181, 18.212888889465116], [-66.37142947146451, 18.210742400018997], [-66.37269815232256, 18.2094686649101], [-66.37502421948315, 18.206086940696192], [-66.37623835272052, 18.203939269139497], [-66.376405531541, 18.20335911301747], [-66.37829004760381, 18.199680939276448], [-66.3818648715327, 18.194110375678655], [-66.38314801487346, 18.192379386545213], [-66.38316010954985, 18.19262904205209], [-66.38469793862936, 18.190360537955268], [-66.38489950300462, 18.190238232071263], [-66.38485255199889, 18.190528753855663], [-66.38494622265455, 18.1904467180357], [-66.38590353845544, 18.189044456351535], [-66.38711933923634, 18.187686907098623], [-66.39182079236957, 18.179926027354977], [-66.39620378177949, 18.174157342756903], [-66.39534606282044, 18.175851907980032], [-66.39589598316518, 18.17511005304036], [-66.39592230608324, 18.175401465702045], [-66.39887796591572, 18.170655087540112], [-66.40056234572805, 18.168388361767345], [-66.40067024275783, 18.168348086545116], [-66.40051942531937, 18.16876210319754], [-66.40177814464138, 18.16703081595736], [-66.4022035690231, 18.16699439204705], [-66.4027859760233, 18.166419272790453], [-66.40270037131454, 18.16666774102857], [-66.40305868406725, 18.166505750977624], [-66.40104967823683, 18.170889347159317], [-66.40241439424669, 18.168826671857218], [-66.40346728104518, 18.16763348719278], [-66.40365248548105, 18.16767731906312], [-66.4032590788478, 18.168878502742878], [-66.40375185096711, 18.168468630350926], [-66.40409380378041, 18.168472778054326], [-66.406352290405, 18.165963511786156], [-66.40663329719425, 18.165717412927386], [-66.40671060460033, 18.165801520019958], [-66.40799185090933, 18.16377941288864], [-66.40803453520942, 18.16390468608072], [-66.4084846211611, 18.163369543939616], [-66.40851710968411, 18.163536276179762], [-66.40868002179896, 18.163371915034215], [-66.40877155888934, 18.163497777566334], [-66.40853726843984, 18.163952367547726], [-66.40896482782946, 18.163708043570082], [-66.41200775660407, 18.159503324632006], [-66.41213604892309, 18.159380124427788], [-66.41215834124411, 18.159588317443674], [-66.41330086479104, 18.158229882471662], [-66.41331082590216, 18.158687436330624], [-66.41529873804808, 18.155883793523202], [-66.41613772781878, 18.1550622773011], [-66.41838245553362, 18.15151322806408], [-66.42029329451451, 18.14812646698474], [-66.4214562100405, 18.146685112188923], [-66.42313062687417, 18.143960836000126], [-66.42555629376186, 18.140871411894672], [-66.42940595887504, 18.135179429859647], [-66.42983161936534, 18.13464399132706], [-66.42996180871613, 18.134811909120714], [-66.43005547937179, 18.134729873300753], [-66.43176428320287, 18.132463445634723], [-66.43232629678137, 18.131971247917186], [-66.43453023722789, 18.12858804348596], [-66.43581527946796, 18.12714816890746], [-66.4466455157368, 18.11060410125635], [-66.4477085987373, 18.109369455816175], [-66.45027915212445, 18.105491682572808], [-66.45176362704207, 18.104137397019453], [-66.45309775529577, 18.10219910058922], [-66.45326066741062, 18.102034739443678], [-66.4532789291346, 18.102159712813766], [-66.45480845802616, 18.100223787478136], [-66.45790260595474, 18.095312750063925], [-66.46020828113627, 18.09201394567382], [-66.46118575756044, 18.09102777191469], [-66.45927255077325, 18.095121442525453], [-66.45939064544766, 18.09503970481223], [-66.45254406288404, 18.106641935616608], [-66.45270507609958, 18.106186459916117], [-66.45263393574108, 18.105977670686755], [-66.4523937143526, 18.10605792818266], [-66.45235719234728, 18.105807979727228], [-66.45163416512833, 18.10675565487293], [-66.45175652506573, 18.10625812389848], [-66.45103562954452, 18.106997904135035], [-66.45160404483656, 18.105882011373684], [-66.45196282836382, 18.104721993793436], [-66.4503659536022, 18.107031364167778], [-66.4474591418072, 18.111778338543186], [-66.44328365059678, 18.117799046312232], [-66.44086367998212, 18.121761815810196], [-66.43933201795019, 18.12390563777023], [-66.43950939297267, 18.12328402087246], [-66.43934648085782, 18.123448382018005], [-66.43926917302683, 18.123364276653113], [-66.43840552457141, 18.124684507675504], [-66.43718309114611, 18.127164757993395], [-66.43238773269125, 18.135506686464023], [-66.43155017393057, 18.13761734133987], [-66.42986745835161, 18.140674194574604], [-66.4302013485282, 18.14051190470167], [-66.42990587925624, 18.14121525758498], [-66.42790350462761, 18.14447615441695], [-66.42607803568953, 18.1481134601652], [-66.4210974727988, 18.156411556765487], [-66.41920062739364, 18.160339087906653], [-66.41756889817025, 18.163188632129348], [-66.41748732550116, 18.163520318298005], [-66.41781314973085, 18.163191596006914], [-66.41766849789734, 18.163480932237803], [-66.41540740735785, 18.16719612265968], [-66.41420916472796, 18.170175682276078], [-66.40936235576334, 18.179722936971686], [-66.40754731913584, 18.182819767321917], [-66.40732512336274, 18.18352401281019], [-66.40479559148494, 18.186736930068413], [-66.40445956961062, 18.187107114850498], [-66.40445150510635, 18.18694068071709], [-66.4041704983171, 18.187186779575857], [-66.40362461145467, 18.18801185073082], [-66.39922242539203, 18.19565160670104], [-66.39879653023576, 18.196686058140653], [-66.39934431599751, 18.196152101540637], [-66.3984825660165, 18.19776344884565], [-66.39848636381512, 18.198345677955537], [-66.39817263239428, 18.19892405919644], [-66.39329806763402, 18.206890766019555], [-66.391739848443, 18.209242186497253], [-66.39035497180986, 18.210888773874316], [-66.38658427833612, 18.217454990463885], [-66.38675762276155, 18.21675015392032], [-66.38649700795138, 18.216913332955283], [-66.38726722185972, 18.215176123130576], [-66.38615315623875, 18.216618070696935], [-66.38629377603259, 18.216245516535505], [-66.38613086391773, 18.216409877681052], [-66.38459303814841, 18.21867837661969], [-66.38432435883396, 18.218675121521244], [-66.38285790953174, 18.220653395066968], [-66.38146496881924, 18.22213354658295], [-66.38148133020127, 18.221967407113347], [-66.38013344490537, 18.2228659171318], [-66.38060842234016, 18.22133305072631], [-66.37961885123958, 18.22206956897856], [-66.37884294063329, 18.222933435138437], [-66.37470610168329, 18.22899619816902], [-66.37307270822654, 18.231055614929748], [-66.37123751097576, 18.23373635735494], [-66.3708564351275, 18.234688181919303], [-66.36842010457343, 18.23881708917161], [-66.36812653233324, 18.239811560052804], [-66.36786994956273, 18.24005795701831], [-66.3678822803477, 18.23980859790291], [-66.36754222643371, 18.240095564754455], [-66.36770727211383, 18.23972330525683], [-66.36417347011924, 18.244629011141807], [-66.36394131281011, 18.244875704498796], [-66.36409616228825, 18.244544905776912], [-66.36386400540403, 18.244791597406227], [-66.36211228260692, 18.2474317647872], [-66.36229985340647, 18.246768688841367], [-66.36149122003613, 18.247964833940443], [-66.36244071117643, 18.245897116614728], [-66.3622329797536, 18.246144104635526], [-66.35628537088174, 18.254887903039858], [-66.34724455045267, 18.266546692400915], [-66.34035598571931, 18.27652661473507], [-66.33350394112372, 18.286756488967587], [-66.32284184433576, 18.305007564952035], [-66.31854612531058, 18.311317907058708], [-66.32005146442444, 18.308882672436994], [-66.32209889115948, 18.305040139265678], [-66.32274484852357, 18.303509340689875], [-66.32531136842843, 18.29954835123122]], [[-66.40663329719425, 18.165717412927386], [-66.40409380378041, 18.168472778054326], [-66.40375185096711, 18.168468630350926], [-66.4032590788478, 18.168878502742878], [-66.40365248548105, 18.16767731906312], [-66.40346728104518, 18.16763348719278], [-66.40241439424669, 18.168826671857218], [-66.4010252509079, 18.170889054210765], [-66.40305868406725, 18.166505750977624], [-66.40270037131454, 18.16666774102857], [-66.4027859760233, 18.166419272790453], [-66.4022035690231, 18.16699439204705], [-66.40177814464138, 18.16703081595736], [-66.40092469052043, 18.16830958964694], [-66.40051942531937, 18.16876210319754], [-66.40067024275783, 18.168348086545116], [-66.40056234572805, 18.168388361767345], [-66.39887796591572, 18.170655087540112], [-66.39592230608324, 18.175401465702045], [-66.39589598316518, 18.17511005304036], [-66.39534606282044, 18.175851907980032], [-66.39620378177949, 18.174157342756903], [-66.39182079236957, 18.179926027354977], [-66.38711933923634, 18.187686907098623], [-66.38590353845544, 18.189044456351535], [-66.38494622265455, 18.1904467180357], [-66.38485255199889, 18.190528753855663], [-66.38489950300462, 18.190238232071263], [-66.38469793862936, 18.190360537955268], [-66.38310106386774, 18.192669908329613], [-66.38308896919135, 18.192420252822732], [-66.37938798650872, 18.197906118272662], [-66.38065097109374, 18.195759037771257], [-66.37917266178108, 18.196988642903076], [-66.3795314434408, 18.195828628765756], [-66.37929525595953, 18.195992100749276], [-66.37695922582027, 18.198916274547155], [-66.37688191985681, 18.19883216573933], [-66.37576595346899, 18.199983002193676], [-66.37639341444314, 18.1988262431548], [-66.37638535036379, 18.19865980729372], [-66.37609628093783, 18.19873946857615], [-66.37623903429693, 18.19815901606264], [-66.37329380303994, 18.20236492571241], [-66.37220629644563, 18.203599271318176], [-66.37121435567119, 18.205042702544784], [-66.372202498647, 18.203017042208284], [-66.3719805394074, 18.203222271346604], [-66.3693426411679, 18.207473489641107], [-66.36879888600319, 18.208090665886917], [-66.36864024059399, 18.20783923205598], [-66.36788045526113, 18.20903597336853], [-66.36670331005082, 18.210435572724798], [-66.36820485179098, 18.207418107265514], [-66.36721504602444, 18.208653638424792], [-66.36629021501146, 18.210222639234964], [-66.3656283670399, 18.21092154975107], [-66.36619678088931, 18.209805658704973], [-66.36489324370193, 18.21161957110515], [-66.3695970650664, 18.2031517801024], [-66.36947493979496, 18.203150298169827], [-66.36981522837492, 18.20236431841126], [-66.36872368787337, 18.203515449529412], [-66.36934735291645, 18.20177645793772], [-66.36908270606659, 18.20185641904214], [-66.36913772115166, 18.201732333118827], [-66.37485790875195, 18.19182140728095], [-66.3763715451685, 18.189053597328552], [-66.37663855838203, 18.188266728407957], [-66.3756651125549, 18.189336121812882], [-66.3757303252846, 18.189170573398574], [-66.38520034504762, 18.173774376608986], [-66.385390989094, 18.1709073506954], [-66.3872404127189, 18.16826836886794], [-66.39077065344837, 18.16228141752312], [-66.39547187234056, 18.155019548958823], [-66.40133267973468, 18.144736068959517], [-66.40757693078339, 18.132793854864424], [-66.4096542450118, 18.130323974656452], [-66.41250770408752, 18.126491217109265], [-66.41161323176738, 18.1284348416258], [-66.41229760485837, 18.127445114661487], [-66.41232796125873, 18.12781974353846], [-66.41566636304039, 18.122911664831207], [-66.41486769120607, 18.124565362061563], [-66.41558668740306, 18.12353446899774], [-66.41486342450044, 18.124981157038047], [-66.41624640223426, 18.123043455106036], [-66.41634007102238, 18.122961422729006], [-66.41610981448011, 18.12349922719801], [-66.4164600645961, 18.123170799570726], [-66.41852551838913, 18.119952252676526], [-66.41726040066375, 18.122307229802338], [-66.41720538557868, 18.122431315725652], [-66.4173825259352, 18.12230871173491], [-66.41641477782372, 18.124251448817095], [-66.41623123575367, 18.124997747851655], [-66.41887886417342, 18.121703089437275], [-66.42053501741556, 18.118853843321318], [-66.42126444779069, 18.117282471416544], [-66.42631188620182, 18.10960895557917], [-66.42674797713516, 18.10853304509149], [-66.42639772515163, 18.108861476161707], [-66.42842879237219, 18.105185079017062], [-66.43034129558642, 18.102588445399693], [-66.42834271688886, 18.10643157478448], [-66.43347102728139, 18.099923406341336], [-66.43403090771953, 18.099639105248198], [-66.43414853306201, 18.100555393349023], [-66.43527066318725, 18.09927987991607], [-66.4380643491438, 18.092701812999266], [-66.43921706846781, 18.09130191897919], [-66.4393188017602, 18.09138632073557], [-66.44017201977256, 18.090606561668267], [-66.4403854460258, 18.091232920755235], [-66.44369159208286, 18.085659100343744], [-66.44390335554537, 18.085495330253487], [-66.44373001298749, 18.08620016335412], [-66.44428372926332, 18.086040540967268], [-66.44689863305146, 18.083078164935024], [-66.4453544055686, 18.08597035891748], [-66.4454480743567, 18.08588832654045], [-66.44775991370057, 18.08246484344406], [-66.44895128715252, 18.081107001242597], [-66.45112060593569, 18.077764961195626], [-66.45159914981332, 18.07731333164887], [-66.45250098119723, 18.077033181702067], [-66.45432598267094, 18.074393898324935], [-66.452720809164, 18.07703584574522], [-66.45183866576129, 18.07873011458929], [-66.45203003580211, 18.078649266038095], [-66.44966081356687, 18.082903744589224], [-66.45007627641255, 18.08240976854763], [-66.44999067170379, 18.082658236785747], [-66.44614670142101, 18.08922356592854], [-66.43920075337135, 18.10003448544511], [-66.43913743954097, 18.100491148414367], [-66.43971368280377, 18.100040706136376], [-66.43950571671496, 18.100786707064195], [-66.43502575391432, 18.109340381755896], [-66.43493588249991, 18.11000464497049], [-66.43409642339729, 18.111824187006643], [-66.43015901712482, 18.11797253906237], [-66.42852918493318, 18.12111320128294], [-66.4238806151873, 18.12895789001242], [-66.42278860535383, 18.13110704694462], [-66.4207964269272, 18.134326483000848], [-66.42008975964764, 18.135108020392206], [-66.4174210375434, 18.139982632180853], [-66.41615615261642, 18.14183859984257], [-66.4149519809151, 18.14444382353055], [-66.4137195873964, 18.146466520001905], [-66.41220761377059, 18.15002445913153], [-66.41210161564013, 18.150355848908703], [-66.41246206297582, 18.1499859605181], [-66.41169801280488, 18.1515984933642], [-66.41171010748127, 18.151848148871082], [-66.41182820215568, 18.15176641115786], [-66.41169777813892, 18.152097506271225], [-66.41196455855405, 18.151809646814726], [-66.4115856144035, 18.152553576469938], [-66.41214573095023, 18.151770260754525], [-66.40706083229486, 18.161189878036886], [-66.40435085401529, 18.167228358717704], [-66.40455241983318, 18.16710605111844], [-66.40456048433745, 18.16727248525185], [-66.40683746548441, 18.164389182889675], [-66.40632809918466, 18.165464204215326], [-66.40687778342081, 18.16522136389793], [-66.40685525830139, 18.165512180346138], [-66.40671060460033, 18.165801520019958], [-66.40663329719425, 18.165717412927386]], [[-66.31763306547201, 18.29650271540429], [-66.31691620241538, 18.297325711843712], [-66.31805919342669, 18.294969254500586], [-66.31757448725426, 18.295545559310693], [-66.31758278455695, 18.295212983980008], [-66.31867076192582, 18.29298061084494], [-66.3198441097624, 18.29099878065111], [-66.32002148622752, 18.290377162038084], [-66.32291810037788, 18.285671650153674], [-66.32526739665579, 18.280502070770485], [-66.32483367352877, 18.280871071726736], [-66.32491927823753, 18.28062260348862], [-66.32709096669456, 18.27657365046729], [-66.32786331416817, 18.274628542290507], [-66.33357946972879, 18.26463439852209], [-66.33790055245426, 18.25632830290648], [-66.34164658724329, 18.2502608011172], [-66.3432010090606, 18.247327149801936], [-66.34263686191683, 18.248027245871555], [-66.34290790572742, 18.247323596596754], [-66.34455599820038, 18.24430790946153], [-66.34385336482805, 18.245172661340497], [-66.338437179911, 18.253548644342093], [-66.3341530866552, 18.261106666042018], [-66.33240539589777, 18.263830051353533], [-66.33151945512134, 18.26494208936004], [-66.32508856820182, 18.27555133465873], [-66.32321685225591, 18.277982123470306], [-66.32000460778538, 18.28297490204067], [-66.31800056892338, 18.28544567141067], [-66.31613478391647, 18.288250792707732], [-66.31742835956781, 18.28597932817627], [-66.32074540684246, 18.27886700828039], [-66.32113667846781, 18.277873724667963], [-66.32094530698436, 18.277954574934412], [-66.32103091313576, 18.277706104981043], [-66.33143713115109, 18.25820438724103], [-66.33050044012768, 18.2590247196373], [-66.33053316289174, 18.258692440698095], [-66.33004229298191, 18.25939342248681], [-66.33022773208374, 18.258938241450128], [-66.3300852133906, 18.259019681056614], [-66.32712125294526, 18.264098639707413], [-66.32623317902848, 18.265418574338323], [-66.32612931403837, 18.265542067491094], [-66.32609682407274, 18.2653753369662], [-66.32586466863114, 18.265622026880262], [-66.32363203415007, 18.269420733339416], [-66.32223886021424, 18.271399896047168], [-66.32177051398122, 18.27181006310293], [-66.31933845013279, 18.27552317537876], [-66.31939962895527, 18.275274412476836], [-66.31922865276107, 18.275272337761297], [-66.32077667617502, 18.272962376331662], [-66.3223289662946, 18.270236619925544], [-66.32256538988446, 18.26957413331975], [-66.3222499960978, 18.269362383655753], [-66.3225494959668, 18.26874225041823], [-66.32505887053149, 18.26511324007679], [-66.32582078756208, 18.263708603855093], [-66.3260510459719, 18.263170795943157], [-66.32591468957352, 18.263127560286293], [-66.33136359869725, 18.25441929663024], [-66.33376127699091, 18.25024833411639], [-66.33403042376973, 18.249253566843716], [-66.33573543022709, 18.246404908340118], [-66.33775986251078, 18.24385121743106], [-66.33836052979231, 18.24340107325981], [-66.33614189032957, 18.247740548065536], [-66.3373477281318, 18.245925448396594], [-66.33742290052999, 18.246217455556497], [-66.33881797480775, 18.24452940568844], [-66.33913337046195, 18.24474115190951], [-66.34033090765132, 18.243258632729432], [-66.34127566275409, 18.24260473619425], [-66.34282771676507, 18.240377994410412], [-66.34267476576134, 18.240999909414917], [-66.3429903960815, 18.240712642728962], [-66.34579523991816, 18.236380279504203], [-66.3503005892655, 18.230114063931676], [-66.35099089329547, 18.229498669452852], [-66.35366768134661, 18.224790490082356], [-66.35555552443351, 18.222692572980527], [-66.36014291679956, 18.21509664543772], [-66.36032005715609, 18.214974041446975], [-66.35997147127345, 18.216092596536225], [-66.36335255693027, 18.211309792748732], [-66.36837367242335, 18.203344864249672], [-66.36916617907762, 18.201815845713174], [-66.36933312323215, 18.20173470249817], [-66.36872368787337, 18.203515449529412], [-66.36981522837492, 18.20236431841126], [-66.36947493979496, 18.203150298169827], [-66.3695970650664, 18.2031517801024], [-66.36489324370193, 18.21161957110515], [-66.36619678088931, 18.209805658704973], [-66.3656283670399, 18.21092154975107], [-66.36629021501146, 18.210222639234964], [-66.36721504602444, 18.208653638424792], [-66.36820485179098, 18.207418107265514], [-66.36670331005082, 18.210435572724798], [-66.36788045526113, 18.20903597336853], [-66.36864024059399, 18.20783923205598], [-66.36879888600319, 18.208090665886917], [-66.3693426411679, 18.207473489641107], [-66.3719805394074, 18.203222271346604], [-66.372202498647, 18.203017042208284], [-66.37121435567119, 18.205042702544784], [-66.37220629644563, 18.203599271318176], [-66.37329380303994, 18.20236492571241], [-66.37623903429693, 18.19815901606264], [-66.37609628093783, 18.19873946857615], [-66.37638535036379, 18.19865980729372], [-66.37639341444314, 18.1988262431548], [-66.37576595346899, 18.199983002193676], [-66.37688191985681, 18.19883216573933], [-66.37695922582027, 18.198916274547155], [-66.37929525595953, 18.195992100749276], [-66.3795314434408, 18.195828628765756], [-66.37917266178108, 18.196988642903076], [-66.38065097109374, 18.195759037771257], [-66.37829004760381, 18.199680939276448], [-66.376405531541, 18.20335911301747], [-66.37623835272052, 18.203939269139497], [-66.37502421948315, 18.206086940696192], [-66.37269815232256, 18.2094686649101], [-66.37142947146451, 18.210742400018997], [-66.37011763553181, 18.212888889465116], [-66.36718166410544, 18.219049384796637], [-66.36570881495722, 18.221651349943244], [-66.36248637615223, 18.226685585846422], [-66.36173702312996, 18.22734185176095], [-66.36311453925673, 18.224031791529406], [-66.3631432299811, 18.223616294659664], [-66.36304956076808, 18.223698328764367], [-66.36391131219172, 18.222086979744102], [-66.36351220928543, 18.22241481803135], [-66.3626016098243, 18.22402557083814], [-66.36188474676767, 18.224848567277565], [-66.36118401042711, 18.22600443715441], [-66.35946240792177, 18.22951824803463], [-66.35471803251231, 18.237652872651402], [-66.35292505353986, 18.24145690892454], [-66.34843109716351, 18.249469813554413], [-66.34824162602202, 18.249841776660556], [-66.34907255171338, 18.248853824577367], [-66.34766088138761, 18.25120702682205], [-66.34700876172876, 18.252862500661212], [-66.34502464738146, 18.256248372578522], [-66.34476190087356, 18.256619446522635], [-66.34518163042488, 18.25570967550456], [-66.34306115967921, 18.259052311765004], [-66.34119490534036, 18.262855458876118], [-66.33590844230973, 18.272397382042485], [-66.33586172452733, 18.272188892635118], [-66.3352304676221, 18.27276341912117], [-66.33325298447659, 18.275026591688754], [-66.33336918211923, 18.274653735977655], [-66.33321243374178, 18.274693420144594], [-66.33118183585314, 18.27737179147519], [-66.32757239068582, 18.282983517729562], [-66.32496744987633, 18.28640344417784], [-66.32276327332121, 18.290285663231344], [-66.32061268185886, 18.292754657720216], [-66.31765725669234, 18.29700202297512], [-66.31707484782459, 18.29757714567465], [-66.31763306547201, 18.29650271540429]], [[-66.3082487444315, 18.328783296233144], [-66.30793714657591, 18.329153779121967], [-66.30804717674606, 18.32890560727533], [-66.30787216995482, 18.328820312913997], [-66.30880339750361, 18.326627625661125], [-66.30836564233691, 18.32691340868683], [-66.30842065742198, 18.326789322763517], [-66.30813158655339, 18.3268689857612], [-66.3068932620957, 18.328517349747067], [-66.30701348846782, 18.328227717124694], [-66.30687096977468, 18.32830915673118], [-66.3068527080507, 18.328184183361092], [-66.30748040513345, 18.32652840969994], [-66.30594257605395, 18.328796913796765], [-66.30421101243749, 18.331853170818025], [-66.30405899967268, 18.33047903592211], [-66.30053159608146, 18.334761051921454], [-66.30353397412124, 18.330223161439218], [-66.30494161384995, 18.32778673954874], [-66.30606634457992, 18.325305307120264], [-66.3131405849486, 18.314371187399473], [-66.31383325534227, 18.313048885104475], [-66.31373958799679, 18.31313091576625], [-66.31384771969253, 18.312591627636998], [-66.31372156238142, 18.312506927773885], [-66.31274005391755, 18.313409883602475], [-66.31306208077353, 18.31249893047382], [-66.31264258733081, 18.312909686869613], [-66.3130317258158, 18.312124299881592], [-66.3122169268405, 18.313445125402204], [-66.31164424671039, 18.314976809697107], [-66.30881307808812, 18.319017763703116], [-66.31112728523829, 18.3148873710753], [-66.30987069905663, 18.316410761691078], [-66.310473970678, 18.31475469163844], [-66.31017873564709, 18.31495903334241], [-66.3103499450646, 18.31446209686618], [-66.30640897896964, 18.31952920174681], [-66.30261812343, 18.325679332126594], [-66.30240232937042, 18.325759882571052], [-66.30185241046831, 18.32650173579547], [-66.30188916569696, 18.326252673059134], [-66.3016121909474, 18.326581989848446], [-66.3004184496891, 18.32864674158134], [-66.29898069111125, 18.330209518257316], [-66.29910708308833, 18.329795205213408], [-66.29881184805741, 18.329999546917374], [-66.2975614274807, 18.331398257111616], [-66.2984864912921, 18.329330246837348], [-66.29791428006897, 18.32986390704588], [-66.29797546075899, 18.329615140701026], [-66.29786756186166, 18.329655419366187], [-66.29690218198142, 18.33089124518927], [-66.29947746953859, 18.325599654598303], [-66.2995182568069, 18.32543380979251], [-66.29867713347093, 18.32646322436669], [-66.298854744602, 18.325342592846646], [-66.30597617021745, 18.313618940162108], [-66.31009664591788, 18.307722320044054], [-66.31099065119857, 18.30677671617096], [-66.31254294131816, 18.30405095976484], [-66.31693636117112, 18.29774180321168], [-66.31765725669234, 18.29700202297512], [-66.32061268185886, 18.292754657720216], [-66.32276327332121, 18.290285663231344], [-66.32496744987633, 18.28640344417784], [-66.32757239068582, 18.282983517729562], [-66.33118183585314, 18.27737179147519], [-66.33321243374178, 18.274693420144594], [-66.33336918211923, 18.274653735977655], [-66.33325298447659, 18.275026591688754], [-66.33414912289764, 18.273873091191255], [-66.33414699119992, 18.274080986100405], [-66.33586172452733, 18.272188892635118], [-66.33581667055338, 18.272770532417393], [-66.3350628194697, 18.274341601057245], [-66.3355923449501, 18.273682669371883], [-66.3357286980383, 18.273725910186933], [-66.33564096018918, 18.27418227504945], [-66.33612353279632, 18.27381386859142], [-66.33433695222725, 18.27699421497893], [-66.33186316142894, 18.28286922367623], [-66.3294275568693, 18.28978430829093], [-66.32935617853467, 18.290074537126777], [-66.32953521923312, 18.290243045975725], [-66.32900735841099, 18.291692103395377], [-66.32914157980146, 18.291943239119576], [-66.33085844626925, 18.289843249029886], [-66.33074225193678, 18.2902160995828], [-66.32531136842843, 18.29954835123122], [-66.32274484852357, 18.303509340689875], [-66.32209889115948, 18.305040139265678], [-66.31991700836801, 18.309130549619816], [-66.31575337759294, 18.315899924075094], [-66.31485084076853, 18.317677114458224], [-66.31224969589012, 18.321679273459317], [-66.30791865162861, 18.329527816943646], [-66.3082487444315, 18.328783296233144]], [[-66.41944943798894, 18.04986113746915], [-66.41896150826729, 18.049990335082423], [-66.41911502176418, 18.04979665411069], [-66.418667702646, 18.05002937777802], [-66.41970540638194, 18.048985465940504], [-66.41940661331331, 18.04911923813874], [-66.41951626572063, 18.04898089457005], [-66.42062997267723, 18.047951638253327], [-66.42044756444098, 18.04791646490568], [-66.42062300971321, 18.04769511414056], [-66.41976724511909, 18.04819995357482], [-66.41992076107705, 18.048006270419354], [-66.4181182638651, 18.049285484458725], [-66.41765725090502, 18.049292284959705], [-66.41696347320234, 18.04963697218499], [-66.41422073878933, 18.05137283816056], [-66.41380881228832, 18.051516691294626], [-66.41399771594135, 18.05123414197336], [-66.41332587001399, 18.05155115940526], [-66.41324638175999, 18.051408244466113], [-66.4054948608396, 18.057186218673596], [-66.40584076238953, 18.056838247676772], [-66.40313365514092, 18.05877236599453], [-66.40194022538313, 18.05937158449665], [-66.40208700891603, 18.059208503318377], [-66.4013458881848, 18.0594802664668], [-66.40345343778775, 18.057462435715603], [-66.40559835060245, 18.05570699241401], [-66.40819684431877, 18.053113978747763], [-66.41625492313854, 18.046374396845913], [-66.42188228381417, 18.040888587167615], [-66.42112271479375, 18.04131628055855], [-66.42144668611556, 18.04099597832434], [-66.4320646195566, 18.031911113532097], [-66.43912490561051, 18.02545759768095], [-66.4371925651854, 18.026966955822356], [-66.43731742095123, 18.02683154122296], [-66.44045118896494, 18.024182252989533], [-66.44110910586988, 18.02335218939365], [-66.44749453069086, 18.017661677429135], [-66.45332171457237, 18.012852345527868], [-66.45442219523432, 18.012171412826476], [-66.45599992708163, 18.01068937289073], [-66.45749365386925, 18.009733392238605], [-66.4615422478308, 18.006526858198725], [-66.46930129903474, 17.99963392561966], [-66.47392182932485, 17.99577213365211], [-66.47492089396574, 17.994975952590448], [-66.47243356154006, 17.99720762836877], [-66.48891128917424, 17.983957671502957], [-66.48920335227886, 17.983854499098182], [-66.48643939219323, 17.98647940130976], [-66.48610219703785, 17.987148024975575], [-66.48702897494424, 17.98675257274848], [-66.48956910940129, 17.985073335111558], [-66.49739663508953, 17.979310015394095], [-66.49174489648026, 17.983897996530242], [-66.46816221892196, 18.0047411674121], [-66.46751427937275, 18.005381769818975], [-66.468766533476, 18.004443024252943], [-66.46799373816094, 18.00521904125921], [-66.46848317831312, 18.00486684829593], [-66.46829253122957, 18.005085269060974], [-66.46714842402523, 18.00610866204086], [-66.46878370989015, 18.00479720902138], [-66.46507626457841, 18.008037624442526], [-66.46472363461167, 18.008416194202034], [-66.4657446294807, 18.007592344377763], [-66.46384791776717, 18.009299953830578], [-66.46398971139169, 18.009231604338677], [-66.46378386741891, 18.00944709073618], [-66.46466155978011, 18.008914584723044], [-66.46353938189004, 18.00991031009327], [-66.46454865843388, 18.00921179071806], [-66.46303323687921, 18.01048256185529], [-66.46379605483854, 18.00989600603803], [-66.45901226824301, 18.01442806304177], [-66.45862250560349, 18.014831371441637], [-66.45888416754651, 18.01472233685298], [-66.45857713809164, 18.015109700980176], [-66.46251607718483, 18.012041512692722], [-66.46494157178722, 18.01059534812713], [-66.45308832456267, 18.020686021409166], [-66.44936370037573, 18.023572254245607], [-66.445887279751, 18.026410651049535], [-66.44812015421421, 18.02483165144985], [-66.4487177363432, 18.024564110267885], [-66.44841244940498, 18.02501560410426], [-66.45363578782688, 18.021078661113055], [-66.45043448597879, 18.02374682580296], [-66.44847894591155, 18.02579396553419], [-66.44554754084554, 18.028099504737252], [-66.4438905592997, 18.029725749394796], [-66.4449065667214, 18.028996629073163], [-66.44510069483003, 18.02890647094098], [-66.4451582513087, 18.029077055673515], [-66.44831616116163, 18.027038474137555], [-66.44618667978337, 18.02908397468214], [-66.43992413120327, 18.034287821646362], [-66.43895175278502, 18.03467447950577], [-66.43908832441498, 18.034413736641053], [-66.43875414119024, 18.03463637718882], [-66.43874218677064, 18.034474585793202], [-66.43802648130088, 18.034846939597365], [-66.43529419333802, 18.036967590134832], [-66.43046607655847, 18.040980738790708], [-66.42885991751906, 18.042808171188753], [-66.4274862911361, 18.04401059180331], [-66.41767583706353, 18.051369204797126], [-66.41944943798894, 18.04986113746915]], [[-66.41964880639546, 18.03966048772195], [-66.41416554608615, 18.043770597194722], [-66.41368782826741, 18.043997456494438], [-66.41460067623753, 18.043088959256316], [-66.41366914543102, 18.043866263861503], [-66.41378552780232, 18.043697320499348], [-66.41272716571329, 18.044258786088523], [-66.41296167233925, 18.043985028951212], [-66.4127810041586, 18.044013987496474], [-66.41357573124898, 18.04321030069682], [-66.41228784843415, 18.043950794951442], [-66.41243788090597, 18.043628851346845], [-66.40703909875904, 18.047787144072394], [-66.40202311227937, 18.051285607499818], [-66.40386401249195, 18.049471540839917], [-66.40414388571588, 18.048919455317023], [-66.40380796152168, 18.049077965124837], [-66.41578804002876, 18.039203130858816], [-66.42561694239052, 18.031688587622487], [-66.43152163500106, 18.026670920259466], [-66.430313005893, 18.027267206577783], [-66.43461107283075, 18.02350272367817], [-66.43892631618266, 18.020092425547], [-66.44178449231705, 18.0170391268912], [-66.45610361020027, 18.00531869222218], [-66.45775085294586, 18.004169028414587], [-66.4710111411928, 17.992435812553058], [-66.47985015348878, 17.986612349951237], [-66.47957677322057, 17.98684671498895], [-66.48257745154325, 17.98458643110014], [-66.48471135213546, 17.98381768469023], [-66.49013357247998, 17.979408730035797], [-66.49300789016176, 17.977506851851103], [-66.494308995263, 17.97641803719566], [-66.49467357964933, 17.976201258831775], [-66.49419435294729, 17.976651112450725], [-66.49507877773354, 17.976088004460394], [-66.49304073748166, 17.97843821237052], [-66.49085393818021, 17.980600247843515], [-66.48762990423724, 17.984380440904932], [-66.48891128917424, 17.983957671502957], [-66.47243356154006, 17.99720762836877], [-66.47492089396574, 17.994975952590448], [-66.47392182932485, 17.99577213365211], [-66.46930129903474, 17.99963392561966], [-66.4615422478308, 18.006526858198725], [-66.45749365386925, 18.009733392238605], [-66.45599992708163, 18.01068937289073], [-66.45442219523432, 18.012171412826476], [-66.45332171457237, 18.012852345527868], [-66.44597910913619, 18.01893244856637], [-66.44090998940005, 18.023537078181423], [-66.44045118896494, 18.024182252989533], [-66.4371925651854, 18.026966955822356], [-66.43912490561051, 18.02545759768095], [-66.43893425852696, 18.025676018445996], [-66.43032141979278, 18.033425043043955], [-66.41964880639546, 18.03966048772195]], [[-66.24124881279317, 18.180569863158706], [-66.24027666737494, 18.18124364492434], [-66.24440253551833, 18.17754165254726], [-66.24833648716418, 18.174568193762443], [-66.24902828780299, 18.173872253952528], [-66.24917309581922, 18.17335791915885], [-66.24955613004194, 18.17298520952167], [-66.25328748264569, 18.170068377922544], [-66.25426438096403, 18.16901274377882], [-66.25166843254499, 18.170585526392383], [-66.2514117580493, 18.170599831478402], [-66.25225208719874, 18.16980493801566], [-66.25641207362322, 18.166524192299995], [-66.25675124520916, 18.166206821096633], [-66.25489641752134, 18.167507840561775], [-66.26048537519634, 18.16255688350401], [-66.26589239372952, 18.1581449988495], [-66.2677958378681, 18.156406787419495], [-66.26758650794814, 18.1564940155516], [-66.26765230081305, 18.156411008355175], [-66.27407161028178, 18.150854619023676], [-66.28005428162967, 18.146202860796855], [-66.28379862506698, 18.1426505838599], [-66.2863873744276, 18.140534155288893], [-66.28867036930278, 18.138294973772574], [-66.29107694652154, 18.136430493698594], [-66.29553676179526, 18.132218738929065], [-66.29827276533042, 18.130513473899917], [-66.3042387309058, 18.12608177562479], [-66.31768142738899, 18.11438373311091], [-66.3257927797956, 18.10877083291763], [-66.3250892608316, 18.109592103176603], [-66.32159114297878, 18.11274529264937], [-66.32077970856868, 18.113769040431496], [-66.32268687074061, 18.11244621232607], [-66.32282866682618, 18.112377860650437], [-66.32268362180169, 18.112605074752395], [-66.32328445533065, 18.112178668960375], [-66.32315461366467, 18.112408812031628], [-66.32328120639173, 18.112337531386697], [-66.32471238925335, 18.111305695504676], [-66.32124293313984, 18.114400615390597], [-66.31982916370065, 18.116073756732774], [-66.32191699159216, 18.114721972265823], [-66.31652196712281, 18.12347422663115], [-66.30462961325597, 18.133238383907358], [-66.30347030269311, 18.134258847917945], [-66.30458598425254, 18.133580846369586], [-66.3044105389803, 18.133802197134703], [-66.30188607697622, 18.13605860949183], [-66.29260138985362, 18.14412465370542], [-66.28564007520964, 18.14976791855052], [-66.28148333526302, 18.15288980402359], [-66.28218685577421, 18.152068532733843], [-66.28202985879118, 18.152133953256445], [-66.27555299439099, 18.157519756824637], [-66.2734566940188, 18.158838011375874], [-66.26968171641988, 18.16209730222272], [-66.268906946502, 18.162522064460624], [-66.26314856741607, 18.166802406047424], [-66.2594780186827, 18.169730960983536], [-66.25917249719728, 18.169895331944456], [-66.25956051732014, 18.169427893835415], [-66.25753024189903, 18.17095026624941], [-66.25676719185354, 18.171249697007486], [-66.25514861084729, 18.17234109122823], [-66.2549881319253, 18.172278250270928], [-66.25511971610794, 18.17211223690885], [-66.2549998502505, 18.172152919821873], [-66.25331373540986, 18.17326319049909], [-66.25339124659996, 18.173054852853607], [-66.2518588822645, 18.174258563250813], [-66.25519327471748, 18.17120139306333], [-66.2523762765061, 18.172986735288834], [-66.24550141308013, 18.17902943918585], [-66.23834098288019, 18.184857591665775], [-66.23724723063503, 18.18550792560448], [-66.23763327524121, 18.184689233880032], [-66.23916691299891, 18.1829754074411], [-66.23899796314346, 18.182879035537304], [-66.23912107393157, 18.182679493412465], [-66.24124881279317, 18.180569863158706]], [[-66.32191699159216, 18.114721972265823], [-66.31982916370065, 18.116073756732774], [-66.32124293313984, 18.114400615390597], [-66.32471238925335, 18.111305695504676], [-66.32328120639173, 18.112337531386697], [-66.32315461366467, 18.112408812031628], [-66.32328445533065, 18.112178668960375], [-66.32268362180169, 18.112605074752395], [-66.32282866682618, 18.112377860650437], [-66.32268687074061, 18.11244621232607], [-66.32077970856868, 18.113769040431496], [-66.32148821898826, 18.112853037455377], [-66.32643573098363, 18.10822496116635], [-66.3363438845911, 18.100566212177444], [-66.34117096495669, 18.09735030025502], [-66.35101285660483, 18.089200312711636], [-66.356561907318, 18.08500719822617], [-66.35905818068544, 18.083383297992288], [-66.36669284767903, 18.07720002357979], [-66.3727734571173, 18.072535249018824], [-66.38335600040223, 18.063539252576113], [-66.38364283905123, 18.063243688982254], [-66.38328498554276, 18.063429866399726], [-66.38340983884754, 18.063294453984064], [-66.38523402927935, 18.061700450490363], [-66.38805230091297, 18.05940499222313], [-66.3904708285431, 18.05770230675928], [-66.40205766092453, 18.04810252044399], [-66.40219272613224, 18.048064769714774], [-66.40196495038414, 18.048307925905668], [-66.40365106276373, 18.04719765741218], [-66.40393442038767, 18.04677383118546], [-66.40580247190907, 18.04512449028872], [-66.40520686529678, 18.04574328508609], [-66.40631732486165, 18.044872890164914], [-66.40465187083515, 18.046465604906743], [-66.40409188646514, 18.047282656413763], [-66.40333255199194, 18.047997472680155], [-66.40513852868179, 18.04684652230442], [-66.40528032476736, 18.046778170628787], [-66.40517914329351, 18.046950045143973], [-66.40552179590453, 18.04676093657347], [-66.40524342818898, 18.04709003111382], [-66.40625270719387, 18.046391509554873], [-66.40619538680961, 18.046508046667014], [-66.40665790373087, 18.04627825621427], [-66.40321212036217, 18.049409637046757], [-66.4030653343682, 18.049572720408758], [-66.40414388571588, 18.048919455317023], [-66.40386401249195, 18.049471540839917], [-66.40202311227937, 18.051285607499818], [-66.40703909875904, 18.047787144072394], [-66.41243788090597, 18.043628851346845], [-66.41228784843415, 18.043950794951442], [-66.41357573124898, 18.04321030069682], [-66.4127810041586, 18.044013987496474], [-66.41296167233925, 18.043985028951212], [-66.41272716571329, 18.044258786088523], [-66.41378552780232, 18.043697320499348], [-66.41366914543102, 18.043866263861503], [-66.41460067623753, 18.043088959256316], [-66.41368782826741, 18.043997456494438], [-66.41416554608615, 18.043770597194722], [-66.41946987918429, 18.03975357700716], [-66.43032141979278, 18.033425043043955], [-66.42144668611556, 18.04099597832434], [-66.42112271479375, 18.04131628055855], [-66.42188228381417, 18.040888587167615], [-66.41625492313854, 18.046374396845913], [-66.40819684431877, 18.053113978747763], [-66.40512411626985, 18.056062112162856], [-66.40333856092484, 18.05740838809521], [-66.40251795193961, 18.057537236304487], [-66.4020419741765, 18.05782822749711], [-66.39479683372802, 18.063321071665072], [-66.39470737057937, 18.0633676157312], [-66.39695845632349, 18.06134556519728], [-66.39424786404155, 18.06315142409668], [-66.39343746850646, 18.063377932961625], [-66.39389128149425, 18.062827487656154], [-66.39362289113443, 18.062967121007496], [-66.38903276200591, 18.066834775158927], [-66.38912523954626, 18.06634224579102], [-66.38819846163987, 18.066737698018116], [-66.38678073715906, 18.067708335343994], [-66.38217437135245, 18.07237029519802], [-66.38079877036667, 18.073221461044213], [-66.38118829599792, 18.07253103195263], [-66.3806176315444, 18.072676174869347], [-66.37438478111758, 18.07702451551327], [-66.37733613934786, 18.074340054962967], [-66.37495648135175, 18.076082135740926], [-66.37201011302986, 18.078671864604857], [-66.37238989831367, 18.078458017394], [-66.37166943593553, 18.079212226790762], [-66.36497801807364, 18.084492866149024], [-66.36143429816174, 18.087637262284883], [-66.35827987179495, 18.08980410426997], [-66.36023715437884, 18.087821094247914], [-66.3600362978534, 18.08794185114278], [-66.3601172885214, 18.08786177716094], [-66.36193300956694, 18.08623424168997], [-66.35918053325928, 18.08844669057704], [-66.35882267728975, 18.088632870178245], [-66.3592276432878, 18.088232490747675], [-66.3573374229828, 18.089622380746086], [-66.35877834865292, 18.088113960799603], [-66.35463182060924, 18.091333507959117], [-66.35433477005729, 18.09153140986653], [-66.35455233390245, 18.091190591989193], [-66.35367139260234, 18.091881960428655], [-66.35510059840007, 18.090498871962], [-66.3490534060623, 18.0947235223743], [-66.33979262531784, 18.103113151562862], [-66.33111201820206, 18.11059392974184], [-66.31789813634197, 18.121251577147646], [-66.32191699159216, 18.114721972265823]], [[-66.30786971286591, 18.26049103804524], [-66.29703347647974, 18.264196512110477], [-66.28257038417287, 18.27016954248697], [-66.28694200559075, 18.267557816878398], [-66.28656723733133, 18.267555640527338], [-66.28710176897269, 18.26697098441019], [-66.28682973919275, 18.266914787151112], [-66.28686590344861, 18.2666965384219], [-66.28858693094041, 18.26555442120568], [-66.28867436431194, 18.26540408737924], [-66.28840233303335, 18.26534789130351], [-66.28859249782197, 18.26514353988727], [-66.30085509563835, 18.25735802676589], [-66.30412705211869, 18.255722983053204], [-66.30884183975255, 18.253870059739448], [-66.31006966881044, 18.25306317025168], [-66.3143842582635, 18.25098425952152], [-66.31796918129994, 18.249535685154783], [-66.32032210671547, 18.24797592365313], [-66.32469332742154, 18.245743900770915], [-66.32748798747086, 18.243970845216722], [-66.329598880804, 18.243117072601013], [-66.33243944055373, 18.241632963621882], [-66.33500836417295, 18.23971295797554], [-66.33724822454873, 18.23826957113188], [-66.3416707128718, 18.236105464335783], [-66.34191731273033, 18.23593785052951], [-66.3417017124566, 18.23591839301528], [-66.34405940611192, 18.23470715458049], [-66.34526120278979, 18.234246008650633], [-66.34658659709505, 18.233416280165116], [-66.34815819482758, 18.232798638348907], [-66.34702296381226, 18.23342401660153], [-66.34688923002851, 18.233665106579263], [-66.34710999647199, 18.233653385501444], [-66.34643696558895, 18.234130607462024], [-66.34666269923719, 18.234277558621613], [-66.34793126332444, 18.233790793117613], [-66.3467236980182, 18.234852672262782], [-66.34088818305335, 18.2381866922003], [-66.33999398501503, 18.23905533796506], [-66.33752262664316, 18.24095250461366], [-66.33764562609245, 18.24115347443048], [-66.3374091608916, 18.241448581998014], [-66.33514346710076, 18.243047861570123], [-66.33284220723218, 18.244295837498967], [-66.33016021579134, 18.246332218870744], [-66.32982101639152, 18.24668134509551], [-66.33039607981672, 18.246606666042375], [-66.3306013464678, 18.246688480624805], [-66.3304676154659, 18.2469295695351], [-66.32844831978676, 18.24855108719784], [-66.33013775079884, 18.248165593790503], [-66.32920658708103, 18.25001189373719], [-66.32517933251587, 18.25224331464485], [-66.32505076490186, 18.252453226030536], [-66.32549229629014, 18.252429785058236], [-66.32392546957925, 18.253395948873877], [-66.32310380479684, 18.25363824291663], [-66.31753058566606, 18.2565212636256], [-66.31293880026335, 18.258575155688735], [-66.31004220893738, 18.2596428232641], [-66.3082752789633, 18.260495994972697], [-66.30786971286591, 18.26049103804524]], [[-66.2532114505401, 18.30793040597045], [-66.24920189272767, 18.30797992889148], [-66.24822623040984, 18.308208323254572], [-66.24701986445716, 18.308131095288104], [-66.24689170033682, 18.307961302879992], [-66.24628583479311, 18.308033203607515], [-66.24587033578487, 18.307710901021903], [-66.24591186795732, 18.30727162180374], [-66.24633353352388, 18.306613489515122], [-66.24777219611441, 18.305477533291374], [-66.24630333258085, 18.30604115645035], [-66.24792979171053, 18.302074111636124], [-66.26069592308215, 18.29389101253475], [-66.2651144418072, 18.290618978286503], [-66.26926012783001, 18.288050153415245], [-66.2718391876056, 18.286257640346818], [-66.27750103946147, 18.282085178699766], [-66.28020846360556, 18.2802726073259], [-66.28205825917502, 18.278730726711192], [-66.2876477739581, 18.274994767024126], [-66.28812567284776, 18.274563224242375], [-66.28786934032652, 18.274223641676933], [-66.28808017385914, 18.273894574940954], [-66.29086449878713, 18.272183877638305], [-66.29459885436471, 18.270210826804117], [-66.29616468346885, 18.270193918203216], [-66.29829087634621, 18.269436460640808], [-66.29754074721299, 18.270001658176287], [-66.29794631331038, 18.270006615103743], [-66.29747854629655, 18.270565652714193], [-66.29655374938524, 18.2712416670731], [-66.29690784890066, 18.271368558743898], [-66.2992858090895, 18.270412308899076], [-66.3014118030019, 18.269844702166125], [-66.30179173593237, 18.269815701108477], [-66.3012109038788, 18.27049111337692], [-66.30529379358892, 18.269055834348602], [-66.30588932401128, 18.269046291872623], [-66.30998254734406, 18.267548655776103], [-66.31159050829743, 18.26652291440122], [-66.31435853350807, 18.265665157028195], [-66.3195057195443, 18.262712042814613], [-66.32791352804959, 18.25913549823872], [-66.3300240221696, 18.258661427166025], [-66.3301366892794, 18.258924754166948], [-66.330459988175, 18.259048866328794], [-66.33365961314624, 18.257850322441218], [-66.33057722177776, 18.259850568293484], [-66.3313372866037, 18.259602715348727], [-66.33673047153849, 18.257051540768785], [-66.3367614711233, 18.25686446944828], [-66.33601710783658, 18.25682893483589], [-66.337255070269, 18.256149538993476], [-66.33696217128141, 18.256407909066947], [-66.33814330071397, 18.256071477273483], [-66.33821503382944, 18.256204531120098], [-66.33874896579401, 18.256189428558766], [-66.3418559899408, 18.255172396973776], [-66.34328848597299, 18.255016875624253], [-66.34276945412404, 18.255507996081153], [-66.3414851912794, 18.256278148074866], [-66.33946153235283, 18.257171437693593], [-66.33628694215489, 18.258973493238], [-66.33089872442486, 18.261683340055345], [-66.33028212454668, 18.262197300577427], [-66.33044109206871, 18.262369871427058], [-66.33073379209132, 18.262301352183044], [-66.33071312334732, 18.262426067502787], [-66.32881742807744, 18.26367900154243], [-66.32356791133593, 18.26630643061945], [-66.33163135577036, 18.263110189677032], [-66.33585711075146, 18.262510571781853], [-66.33793780592342, 18.261084465033928], [-66.33938639864294, 18.260265855535774], [-66.34072173013959, 18.259753470457635], [-66.34125009672128, 18.26014924803137], [-66.34211269399935, 18.260037228326276], [-66.34487078480046, 18.258862126478434], [-66.34754621175301, 18.25818588163981], [-66.34782341198321, 18.25821089805605], [-66.34772047881928, 18.258454767542744], [-66.34807974300577, 18.258550481804836], [-66.34765847964968, 18.25882891018375], [-66.34957383899443, 18.258400519357323], [-66.3492245077188, 18.25862215075339], [-66.34940930737271, 18.258638828758663], [-66.32995439699226, 18.271154866716625], [-66.32582520836858, 18.272680900712896], [-66.32569684100272, 18.272700961385027], [-66.32618507501371, 18.272207060351732], [-66.32568194088711, 18.27222494348946], [-66.32480881102141, 18.272589171092214], [-66.32171608731345, 18.274651774128586], [-66.32031835871726, 18.27591800350665], [-66.3169273696038, 18.278460005922103], [-66.31235565048645, 18.280958737288753], [-66.30512360199845, 18.284419881743478], [-66.30446587194284, 18.284993418873267], [-66.30579046910502, 18.28492309358969], [-66.3079832304268, 18.2843298672826], [-66.30828606232524, 18.28438884286729], [-66.30537793652435, 18.286657975805834], [-66.30059121681003, 18.288567696102437], [-66.29817252437371, 18.289203820896052], [-66.29627782949242, 18.289507498653517], [-66.29362266907339, 18.290438732082105], [-66.2930011047723, 18.290794019299337], [-66.29144917539519, 18.292236202077984], [-66.28857245138958, 18.293938559786323], [-66.28739072099707, 18.2948445450197], [-66.28526929357763, 18.295950526716414], [-66.28472502927357, 18.29602798646185], [-66.28312760090785, 18.296801519939073], [-66.2807395073445, 18.29763027613854], [-66.28135610444082, 18.2971163166839], [-66.27757584916283, 18.298800420943024], [-66.2782027798818, 18.298224104420182], [-66.274967188121, 18.299451047390853], [-66.27309236056009, 18.3003894152813], [-66.27211152929067, 18.300648989303877], [-66.27215802866786, 18.30036838232312], [-66.27241496364775, 18.30013841026531], [-66.27229176245162, 18.300127292345387], [-66.26994936962373, 18.30143484594938], [-66.26613314755618, 18.3031473492916], [-66.26250789020219, 18.303896096948208], [-66.25771083686521, 18.305868174313005], [-66.2553835431179, 18.307461894983106], [-66.2528408508437, 18.308846306242078], [-66.25264571756712, 18.308891985305003], [-66.25261511869414, 18.308699353899147], [-66.2532114505401, 18.30793040597045]], [[-66.18930525674497, 18.323080152540903], [-66.18412826897884, 18.325081232146697], [-66.18547533241669, 18.323177532059265], [-66.18829065692947, 18.32127976343611], [-66.18875325649037, 18.320751904301808], [-66.19151234618141, 18.31862754735513], [-66.19270401098345, 18.318038906596573], [-66.19678173174198, 18.316634807227743], [-66.19957082490974, 18.31527263299196], [-66.19983809073042, 18.314980304933385], [-66.19846719315602, 18.31514138636826], [-66.19833386008408, 18.31500277361964], [-66.20034818855844, 18.313222583719494], [-66.20039448618881, 18.313131828635637], [-66.19978345597404, 18.31323490677187], [-66.20034361928363, 18.312684209823168], [-66.20526983862823, 18.30993266740096], [-66.20531633800542, 18.309652060420206], [-66.20493660682178, 18.309491209580955], [-66.20485990650154, 18.309199483496936], [-66.20667353481778, 18.307875853978125], [-66.20728019900324, 18.307044548865324], [-66.207054465355, 18.30689759770574], [-66.2070906338914, 18.306679346725744], [-66.20828289558837, 18.305521153478804], [-66.21144138760032, 18.304382187266377], [-66.2138608786784, 18.30298665808748], [-66.21571484131219, 18.302362855278805], [-66.22193465823416, 18.299728058893518], [-66.22453934967798, 18.297969504993542], [-66.22831483671618, 18.29593687766755], [-66.22926030237149, 18.295136147988902], [-66.2302979653576, 18.294533609801462], [-66.23289689095488, 18.293375788049357], [-66.23598405056315, 18.291724065263956], [-66.23787914465757, 18.291040685963473], [-66.23963137069914, 18.28952164659729], [-66.23927707371743, 18.289584604572607], [-66.23930290713248, 18.289428711844156], [-66.2401710712921, 18.28890581082065], [-66.24010967179929, 18.28871039990584], [-66.24110640079105, 18.287977588564086], [-66.24265752874456, 18.28729481123816], [-66.24497865593352, 18.286681525442287], [-66.25129603938603, 18.284023890175163], [-66.25430549828548, 18.28302969758792], [-66.25875421945223, 18.280329995221106], [-66.26366970296367, 18.2780205137768], [-66.26436300187889, 18.277798279222832], [-66.2647375668928, 18.277990308654136], [-66.26529733377112, 18.27781931218101], [-66.27125048305052, 18.274907291481824], [-66.27501503957113, 18.273506573712414], [-66.27876966189771, 18.271788510168935], [-66.28151722139437, 18.27086561633466], [-66.28327918138181, 18.269853773456095], [-66.29629904610388, 18.264478323156244], [-66.30622121863003, 18.261006803539452], [-66.30803404552266, 18.26044257947336], [-66.3082752789633, 18.260495994972697], [-66.31004220893738, 18.2596428232641], [-66.31293880026335, 18.258575155688735], [-66.31753058566606, 18.2565212636256], [-66.32334007103272, 18.253532986178556], [-66.32423863510034, 18.253392567390367], [-66.32330847177113, 18.254289611054876], [-66.3251520980004, 18.253728166381837], [-66.3249976982545, 18.254093970611876], [-66.32435030053837, 18.254605150557563], [-66.32665096073018, 18.253926728184535], [-66.32140661144159, 18.25652297878541], [-66.32017918031364, 18.25695016661426], [-66.31822208555094, 18.25800768973909], [-66.31705625566264, 18.258440436585857], [-66.31566389348433, 18.259485636658315], [-66.31290083419528, 18.260502066152842], [-66.30484195903566, 18.264236680991587], [-66.29643294689626, 18.268952334929903], [-66.29508171767725, 18.269937957327212], [-66.28888673528043, 18.27336611608288], [-66.28793113924796, 18.274039349749483], [-66.28786934032652, 18.274223641676933], [-66.28812567284776, 18.274563224242375], [-66.2876477739581, 18.274994767024126], [-66.28205825917502, 18.278730726711192], [-66.28020846360556, 18.2802726073259], [-66.27091955686402, 18.28690247611367], [-66.2651144418072, 18.290618978286503], [-66.26069592308215, 18.29389101253475], [-66.24832025872733, 18.30179290149747], [-66.24476593456389, 18.303434107270064], [-66.2442832702163, 18.30351712591751], [-66.24428346918128, 18.303327275088048], [-66.24393950304037, 18.303327877062603], [-66.24242453934272, 18.30379240565932], [-66.23719072135859, 18.306136448246626], [-66.2340065989616, 18.307241455406515], [-66.23174130438389, 18.30846103343561], [-66.23062694107756, 18.308771845539027], [-66.22851067982785, 18.30984664864369], [-66.224648957273, 18.310890503867828], [-66.22480852318864, 18.310493521045736], [-66.22453649191004, 18.310437324970007], [-66.22315009454323, 18.31069194206513], [-66.22357652685092, 18.310382334026727], [-66.22264179424688, 18.310741003794913], [-66.21965220416651, 18.312369885331787], [-66.21705784634536, 18.314066082163563], [-66.21600488253183, 18.314572305181795], [-66.21520904988131, 18.31465870638019], [-66.21393531962431, 18.315176650476243], [-66.21089426146328, 18.31692746793981], [-66.20875793392823, 18.317557431740955], [-66.2090096999565, 18.317358639342633], [-66.20838853636724, 18.31733422383351], [-66.2081884358859, 18.317221230659023], [-66.20816300318265, 18.316997420661117], [-66.2074699032324, 18.317029804385623], [-66.20742917248357, 18.316709678151067], [-66.20928889946522, 18.315485144377863], [-66.20830290352474, 18.31577589580915], [-66.19238464694767, 18.323927675535167], [-66.1881062275297, 18.325788334101986], [-66.18754129448165, 18.325990509167166], [-66.18726926191987, 18.32593431297553], [-66.18861572568093, 18.324600166443915], [-66.18844125686782, 18.32452113243788], [-66.18849272344978, 18.324399197694532], [-66.18967485605279, 18.323113508551454], [-66.18930525674497, 18.323080152540903]], [[-66.21144138760032, 18.304382187266377], [-66.20828289558837, 18.305521153478804], [-66.20848856145258, 18.30522326651822], [-66.20806233089174, 18.305343022659727], [-66.20379424081588, 18.30714132640913], [-66.2032913099348, 18.306969356466613], [-66.2057932699615, 18.30526482015643], [-66.20523887099978, 18.30521478614061], [-66.20349260827102, 18.305943243712804], [-66.20155141272934, 18.30652752833512], [-66.20075578032697, 18.306424078819962], [-66.2012080475484, 18.305958576869763], [-66.20273890896839, 18.305020810953874], [-66.20421393756162, 18.303476754104015], [-66.20308924063262, 18.30384992327563], [-66.2028333088232, 18.30313063798383], [-66.20229420790703, 18.303176920204653], [-66.20246410744532, 18.30271758031436], [-66.20173484323921, 18.302968212768075], [-66.20084661279424, 18.303046274488068], [-66.20102147803863, 18.302745608018526], [-66.20091894708519, 18.30260977359552], [-66.19937318276772, 18.30307152268328], [-66.20009768023273, 18.302472365979348], [-66.19993354932281, 18.30233097265433], [-66.19831068675515, 18.30288069731699], [-66.19777675479058, 18.302895799878325], [-66.19831128643195, 18.302311143761173], [-66.20117270961012, 18.300512470883625], [-66.20127564277405, 18.30026860139693], [-66.20220043968536, 18.299592587038024], [-66.20201564003145, 18.29957590903275], [-66.20326910503812, 18.298802976462643], [-66.2025758061229, 18.29902521101661], [-66.20343383562482, 18.298374816231842], [-66.20165221006383, 18.298562117080532], [-66.20170884131684, 18.298409004928477], [-66.20477056544001, 18.29653347321261], [-66.20404150148205, 18.29659425495277], [-66.20188967415459, 18.29731775441417], [-66.1997535455845, 18.297757867385855], [-66.1998769457456, 18.297579134476315], [-66.20090447535719, 18.29684910264352], [-66.20254283771725, 18.29620584232061], [-66.20347776928625, 18.295657321722967], [-66.20505533183028, 18.294249096929427], [-66.205219863452, 18.294010787528084], [-66.20497863001135, 18.29395737202875], [-66.20503526276306, 18.29380425869335], [-66.20628355881813, 18.293062505782736], [-66.20838432027544, 18.292081238338326], [-66.21054648272424, 18.291295380625385], [-66.21614016607033, 18.288477497561008], [-66.22172908117662, 18.28531109142976], [-66.22490843811568, 18.283857560135566], [-66.2266757660197, 18.282624686768052], [-66.22555663725542, 18.282586974737168], [-66.22689196597022, 18.282074590726467], [-66.22992765621467, 18.28054480375185], [-66.23358431386526, 18.27922928204838], [-66.23590087605996, 18.2780776201054], [-66.23786273478191, 18.277368622298216], [-66.24158675951868, 18.275457927464792], [-66.24505364752875, 18.273967056586077], [-66.25031806866642, 18.271815643153843], [-66.25180223024554, 18.27134833623151], [-66.26557462280799, 18.263129474172906], [-66.265682521678, 18.263044278106964], [-66.26461962495362, 18.263233155467038], [-66.26635118781492, 18.26183882928572], [-66.26813878096927, 18.26086094439226], [-66.26843684740977, 18.26057139584264], [-66.26812368188868, 18.260574777326152], [-66.26827788266961, 18.26039882392557], [-66.26763088288342, 18.260530302212334], [-66.26825264743265, 18.25998516428155], [-66.26942384523753, 18.25933138694583], [-66.27156037173756, 18.258511572315225], [-66.27304950052147, 18.2582029376303], [-66.27541196091789, 18.25734022344573], [-66.2785291184392, 18.256450685506096], [-66.28042461324543, 18.255387603479257], [-66.28198507593167, 18.25559172418396], [-66.28209794200646, 18.255665200355427], [-66.281928244215, 18.255934688348823], [-66.2826058400923, 18.25599584253535], [-66.28208661077706, 18.256676812638364], [-66.28130567952532, 18.25723923184823], [-66.29080698512666, 18.25366644013478], [-66.29027782140189, 18.25403006576298], [-66.29275274865996, 18.253620529292885], [-66.29183808362447, 18.25442403848049], [-66.29079525318545, 18.255057755144076], [-66.28800616279955, 18.256419928312418], [-66.2893309589267, 18.256159752199377], [-66.29306014833453, 18.254217879957245], [-66.29458027670323, 18.253722173951818], [-66.29752336890509, 18.252373898212355], [-66.29740533666057, 18.252331600632942], [-66.29814513345433, 18.251828760281565], [-66.30042075887283, 18.25054682625171], [-66.30186378899134, 18.250139095821183], [-66.30270115531299, 18.249613414221283], [-66.30339445272953, 18.24939118085066], [-66.30563451207028, 18.247757943177543], [-66.30680054092356, 18.247135345501317], [-66.31251622461352, 18.245467688651843], [-66.30248115833678, 18.25377068242724], [-66.30349775464892, 18.253672561218465], [-66.3033483221078, 18.254197037685913], [-66.30257195734902, 18.255297831859547], [-66.30263315659367, 18.255683093487914], [-66.30206285990958, 18.25610629679126], [-66.30225759247435, 18.256440320454693], [-66.28859249782197, 18.26514353988727], [-66.28840233303335, 18.26534789130351], [-66.28867436431194, 18.26540408737924], [-66.28858693094041, 18.26555442120568], [-66.28686590344861, 18.2666965384219], [-66.28682973919275, 18.266914787151112], [-66.28710176897269, 18.26697098441019], [-66.28656723733133, 18.267555640527338], [-66.28694200559075, 18.267557816878398], [-66.28151722139437, 18.27086561633466], [-66.27876966189771, 18.271788510168935], [-66.27501503957113, 18.273506573712414], [-66.27125048305052, 18.274907291481824], [-66.26529733377112, 18.27781931218101], [-66.2647375668928, 18.277990308654136], [-66.26436300187889, 18.277798279222832], [-66.26366970296367, 18.2780205137768], [-66.26029521403122, 18.279519724249823], [-66.25754705485778, 18.281012171639915], [-66.25430549828548, 18.28302969758792], [-66.25129603938603, 18.284023890175163], [-66.24497865593352, 18.286681525442287], [-66.24265752874456, 18.28729481123816], [-66.24148136651677, 18.28778991526903], [-66.24044370224749, 18.288392453340563], [-66.24006853605812, 18.288769978648425], [-66.2401710712921, 18.28890581082065], [-66.23944677279206, 18.289315116695118], [-66.23927707371743, 18.289584604572607], [-66.23963137069914, 18.28952164659729], [-66.23787914465757, 18.291040685963473], [-66.23598405056315, 18.291724065263956], [-66.23289689095488, 18.293375788049357], [-66.2302979653576, 18.294533609801462], [-66.22926030237149, 18.295136147988902], [-66.22831483671618, 18.29593687766755], [-66.22453934967798, 18.297969504993542], [-66.22193465823416, 18.299728058893518], [-66.21571484131219, 18.302362855278805], [-66.2138608786784, 18.30298665808748], [-66.21144138760032, 18.304382187266377]], [[-66.15762527965532, 18.22823578912778], [-66.1576015715267, 18.228565125958053], [-66.15757158324215, 18.228981702345575], [-66.15756621351134, 18.229056294910514], [-66.15756175442937, 18.229118237375243], [-66.15757340409237, 18.228956408360947], [-66.1575680345853, 18.22903099781799], [-66.15757654417034, 18.228912788582324], [-66.15757968411745, 18.228869170621266], [-66.157620913579, 18.228296439622913], [-66.15767420150615, 18.22755620080858], [-66.15769031047486, 18.227332426221665], [-66.15770641944356, 18.227108651634747], [-66.15773772708668, 18.226673747635658], [-66.15775920556246, 18.226375383591698], [-66.157814314209, 18.225609852610308], [-66.15778928707637, 18.225957512126683], [-66.15775260992616, 18.226467005582812], [-66.15774724019536, 18.22654159814775], [-66.15772039198878, 18.226914554756647], [-66.15771279260511, 18.227020120107895], [-66.15770519344518, 18.22712568235125], [-66.15769759428527, 18.227231244594606], [-66.15767793652887, 18.227504316471506], [-66.1577245354975, 18.22685699601611], [-66.15840354841107, 18.217424620977585], [-66.15820264162677, 18.220215478263945], [-66.158205372995, 18.22017753599668], [-66.158180438868, 18.220523903543455], [-66.15817911973316, 18.220542228047126], [-66.15823523216503, 18.21976275317836], [-66.15824151219012, 18.219675515438677], [-66.15822094391572, 18.21996123559822], [-66.15808438000056, 18.22185828650651], [-66.1580436522544, 18.222424048023907], [-66.1580275432857, 18.222647822610824], [-66.15798144603247, 18.223288173585264], [-66.15796624748887, 18.223499301179867], [-66.15792156224528, 18.224120037498604], [-66.15795478383716, 18.223658546254963], [-66.15872181163964, 18.213003529607704], [-66.15597126482801, 18.2512122124921], [-66.16806814712358, 18.083170738862293], [-66.16701738136742, 18.09776724577891], [-66.16791134138714, 18.085348975068737], [-66.1677213033098, 18.087988851838453], [-66.16560332034555, 18.117410397800132], [-66.16403522595294, 18.13919327425311], [-66.15978893561837, 18.198179785640136], [-66.1592027894861, 18.20632211995641], [-66.15769198142267, 18.22730921457663], [-66.15762481417967, 18.228242255191564], [-66.15755400514331, 18.229225885066082], [-66.15750121915525, 18.229959151291563], [-66.15749139021163, 18.230095688138796], [-66.15748470147682, 18.230188603389838], [-66.15749239386611, 18.23008174606899], [-66.1574942145855, 18.23005645390193], [-66.15749198515638, 18.230087423580347], [-66.15747678661279, 18.23029855117495], [-66.15746381772206, 18.23047870598324], [-66.15744861917847, 18.230689833577845], [-66.15744730004363, 18.230708158081516], [-66.15746614038055, 18.230446441227333], [-66.1574692804585, 18.230402821448706], [-66.15747465018931, 18.23032822888377], [-66.15748093034523, 18.230240989326518], [-66.15748629985231, 18.230166399869475], [-66.15748943993027, 18.230122780090852], [-66.15750331933901, 18.22992997699992], [-66.15762700772363, 18.22821178400486], [-66.15762345893594, 18.228261081294843], [-66.15762973909186, 18.22817384173759], [-66.15762527965532, 18.22823578912778]], [[-66.17117655503196, 18.03999089857497], [-66.15608292473378, 18.249661110760364], [-66.15607937594609, 18.249710408050348], [-66.15607805694208, 18.249728730736454], [-66.1560735976364, 18.249790676309075], [-66.15589049129481, 18.25233426222823], [-66.15511540352159, 18.26310124238271], [-66.15507558642427, 18.2636543537999], [-66.1550679871335, 18.26375991786082], [-66.15505724767189, 18.263909102990695], [-66.15505592866788, 18.263927425676798], [-66.15505055893708, 18.264002018241737], [-66.17117655503196, 18.03999089857497]], [[-66.38629267846761, 17.970698810312154], [-66.39729619620199, 17.970468848620847], [-66.39788082541486, 17.970453474218267], [-66.39369941097523, 17.9705214278008], [-66.40601263198343, 17.970202074319555], [-66.39869696723433, 17.970357331038542], [-66.39858257668867, 17.9703565203406], [-66.40392895655735, 17.9702057393695], [-66.39633082606719, 17.970343813605034], [-66.40528170571017, 17.97008954415721], [-66.40702924480888, 17.970053135184088], [-66.40436522990078, 17.970124253332422], [-66.414521568481, 17.970018407627297], [-66.40086399210549, 17.97038244955667], [-66.40185815458972, 17.970365640491934], [-66.40094100330828, 17.970420947070874], [-66.4017960831862, 17.970421585992447], [-66.40127147686539, 17.970442807536465], [-66.40174737830284, 17.970437505893536], [-66.40157862386948, 17.970441731575423], [-66.35720284556635, 17.971192026765486], [-66.39192971059143, 17.970318041384054], [-66.39238160297207, 17.970310400894295], [-66.37201494130808, 17.97087845691733], [-66.40199430920691, 17.970254918762617], [-66.38629267846761, 17.970698810312154]], [[-66.08500906345976, 17.978101220449986], [-66.02474113214653, 17.979411165362407], [-66.10757974292184, 17.97716926807193], [-66.05639815959911, 17.978134819450684], [-66.05885740623862, 17.978064418689627], [-66.18361342112348, 17.975297693531182], [-66.31898002236616, 17.97198376365947], [-66.31997418485038, 17.971966954594738], [-66.31787010382865, 17.97204095713714], [-66.349291222298, 17.971340891035545], [-66.34947198150981, 17.97133783480144], [-66.34905610999614, 17.971348983409726], [-66.35702209012045, 17.97119508293592], [-66.40175938308128, 17.970438675341317], [-66.40194013852718, 17.970435619170882], [-66.4066765141185, 17.970339068817673], [-66.40307836338411, 17.970432843108505], [-66.40412688975604, 17.970410997663947], [-66.40311437721935, 17.970436351403116], [-66.40364464631041, 17.970426013316686], [-66.40348789288959, 17.970431408510027], [-66.43290097786213, 17.96981470014713], [-66.39165848107434, 17.97087021508002], [-66.39150173141942, 17.97087561020969], [-66.40540370415758, 17.970587035287185], [-66.3979575367639, 17.97086389743283], [-66.40139123359337, 17.970826427279945], [-66.40024598749031, 17.97085951481953], [-66.40095700499552, 17.97084612073875], [-66.3880464669922, 17.971200276705865], [-66.41235258869229, 17.97077833533228], [-66.38019799534476, 17.971623925761474], [-66.22581797465263, 17.975193454772015], [-66.08500906345976, 17.978101220449986]], [[-65.96403254039923, 17.980027264098602], [-65.96453244762766, 17.980024301414907], [-65.9101706368615, 17.981010685721852], [-66.04073810107377, 17.977869849411007], [-66.04091319751532, 17.977855909719313], [-66.03847298016622, 17.977897168338533], [-66.07509827846677, 17.976794831417013], [-66.1331856106172, 17.975324129860873], [-66.3173872699615, 17.971528980944306], [-66.31756802917329, 17.9715259247102], [-66.29374503416237, 17.972087916752336], [-66.36640631511776, 17.970766053708005], [-66.34163512772483, 17.971411325199213], [-66.32385303157294, 17.971580230257178], [-66.29739774199243, 17.97216477011012], [-66.30697492042202, 17.971909518187992], [-66.30678216396359, 17.971911404846974], [-66.29144906536222, 17.972318872578434], [-66.291629824574, 17.972315816344327], [-66.2887243445582, 17.972404741116407], [-66.29665792510606, 17.97232000844753], [-66.29170068321066, 17.972539691960456], [-66.29523676254153, 17.972501863170137], [-66.2941035212169, 17.972536120157503], [-66.18361342112348, 17.975297693531182], [-66.05885740623862, 17.978064418689627], [-66.05226046651055, 17.97815537220714], [-66.06145212825737, 17.97790389366665], [-66.05317469683462, 17.97800679170911], [-66.05824993650272, 17.977860595169734], [-66.05725646028816, 17.97785680659099], [-66.04080622869519, 17.97817611524889], [-65.96403254039923, 17.980027264098602]], [[-65.91412366742337, 17.98129243856057], [-65.83427037849593, 17.982853928818702], [-65.83884570716971, 17.982710695026697], [-65.83662861190757, 17.982742691520535], [-65.80643881296987, 17.983356063604937], [-65.88601287479673, 17.98149873866626], [-65.95986673746503, 17.980169063355802], [-65.9114526242374, 17.98139386836219], [-65.91135024550191, 17.981394226935954], [-65.91412366742337, 17.98129243856057]], [[-65.95774782002398, 17.979601033267095], [-65.95988791488097, 17.9795305390193], [-65.95761782123874, 17.979526376782086], [-66.01462626892051, 17.978084896009562], [-66.02761088637162, 17.977675963877306], [-66.02405646402002, 17.977722337165986], [-66.02921213217583, 17.977511650275588], [-66.0504882305737, 17.976939196970374], [-66.14119581218603, 17.97492656671299], [-66.13298631191088, 17.975160066677297], [-66.1400634433073, 17.975115890261396], [-66.13187229635045, 17.975340845438865], [-66.13327598834016, 17.975322601775655], [-66.13311924571695, 17.975327996729245], [-66.07509827846677, 17.976794831417013], [-66.03847298016622, 17.977897168338533], [-66.04091319751532, 17.977855909719313], [-66.04073810107377, 17.977869849411007], [-65.95774782002398, 17.979601033267095]], [[-66.49203917872957, 17.969159277938008], [-66.3059091214607, 17.97354148161452], [-66.31611895148274, 17.97327553296853], [-66.3091555205964, 17.97334111778952], [-66.31842623125986, 17.973066344361033], [-66.41252134312565, 17.970774109650392], [-66.55238958001024, 17.967723050208694], [-66.53657717298407, 17.968238807159832], [-66.54241438705773, 17.96817716773659], [-66.53726711268742, 17.968316347862828], [-66.53906765016622, 17.968316097620757], [-66.53805513762953, 17.968341451359922], [-66.53868144721376, 17.968340468645867], [-66.49203917872957, 17.969159277938008]], [[-65.99192367129262, 18.24927172337936], [-65.97625176301243, 18.253474361948395], [-66.02447120035283, 18.240543654291777], [-66.02210046836312, 18.241179398808985], [-66.17105293353754, 18.20123573905882], [-65.99148381614788, 18.24938967660723], [-65.99192367129262, 18.24927172337936]], [[-65.98997902566269, 18.249793206973393], [-65.89696237919011, 18.27473690487115], [-66.04210701238692, 18.23581436788137], [-65.98628981598974, 18.250782519526854], [-65.99958451144143, 18.24721736338575], [-65.98946957407276, 18.249929823456878], [-65.99125857745656, 18.249450077498828], [-65.98997902566269, 18.249793206973393]], [[-65.96497527787163, 18.282188921484376], [-65.96011027871621, 18.283117001953126], [-65.95931971537162, 18.28314512578125], [-65.95396821706082, 18.2824139109375], [-65.95141409206082, 18.2828920125], [-65.94867752956081, 18.283735721484376], [-65.94788696621622, 18.283117001953126], [-65.94703559206081, 18.281907684375], [-65.94673152787162, 18.281204593359377], [-65.94673152787162, 18.279517175390627], [-65.94636665287163, 18.2788984546875], [-65.94630584206081, 18.278420353125], [-65.94654909037163, 18.27777350859375], [-65.94776534206082, 18.27642357421875], [-65.94855590287163, 18.27583297734375], [-65.95183977787163, 18.274904896875], [-65.95488040456081, 18.273470591015627], [-65.95542771706081, 18.272795623828127], [-65.95554934121623, 18.271783171875], [-65.95518446621622, 18.271220698828124], [-65.95250871706081, 18.269280167578124], [-65.95074515287163, 18.268295839453124], [-65.95019784037163, 18.268155221484374], [-65.94618421537163, 18.267536501953124], [-65.94144084290541, 18.266411555859374], [-65.93894752871623, 18.266270937890624], [-65.93651503040542, 18.266692791796874], [-65.93426496706081, 18.266552173828124], [-65.93256221621623, 18.26598970078125], [-65.93225815456081, 18.2656522171875], [-65.93256221621623, 18.26452727109375], [-65.93292709121623, 18.264161663671874], [-65.93353521706082, 18.262952347265625], [-65.93383927871622, 18.259690004296875], [-65.93335277956082, 18.25912753125], [-65.93177165540541, 18.258480687890625], [-65.93098109206082, 18.257580731250002], [-65.93037296621623, 18.257355741796875], [-65.92946077871622, 18.257383865625002], [-65.93025134206081, 18.256427661328125], [-65.93262302956082, 18.255330839062502], [-65.93408252956081, 18.253277812500002], [-65.93377846790541, 18.25246222734375], [-65.93353521706082, 18.251056044140626], [-65.93353521706082, 18.24993109921875], [-65.93317034206082, 18.249509244140626], [-65.93262302956082, 18.249312378515626], [-65.93262302956082, 18.24914363671875], [-65.93079865456082, 18.248693658984376], [-65.93049459290542, 18.248384298046876], [-65.93104190540541, 18.247709330859376], [-65.93158921790541, 18.247315599609376], [-65.93146759121622, 18.2469499921875], [-65.93061621706082, 18.246246901171876], [-65.93177165540541, 18.244981337109376], [-65.93231896790542, 18.243322041796876], [-65.93256221621623, 18.2431533], [-65.93298790456082, 18.243040805859376], [-65.93475146621623, 18.243378289453126], [-65.93529877871622, 18.243265794140626], [-65.93669746790542, 18.242562703125], [-65.93700152956082, 18.242056477734376], [-65.93748802871622, 18.241662746484376], [-65.93943403040541, 18.240706543359376], [-65.94046784206081, 18.24076278984375], [-65.94162328040541, 18.24121276875], [-65.94241384121622, 18.241325262890626], [-65.94387334121622, 18.241269015234376], [-65.94569771621622, 18.2414940046875], [-65.94934646621623, 18.24115652109375], [-65.95080596621622, 18.241184644921876], [-65.95147490287162, 18.24095965546875], [-65.95232627956082, 18.238597269140627], [-65.95256952787163, 18.23842852734375], [-65.95433309206082, 18.238119167578127], [-65.95475877787163, 18.23764106484375], [-65.95445471621622, 18.23707859296875], [-65.95293440287162, 18.23609426484375], [-65.95244790371622, 18.235588039453127], [-65.95238709037163, 18.235250555859377], [-65.95348171537162, 18.233872496484373], [-65.95415065456082, 18.2337037546875], [-65.95621827787163, 18.23376000234375], [-65.95810346621622, 18.2335068890625], [-65.96011027871621, 18.2335068890625], [-65.95986702787162, 18.232522562109374], [-65.96047515371622, 18.23063827734375], [-65.96090084206081, 18.23024454609375], [-65.96187384037162, 18.229738320703124], [-65.96442796537163, 18.229260219140624], [-65.96485365371622, 18.228922735546874], [-65.96491446706081, 18.228557128125], [-65.96454959206082, 18.227938407421874], [-65.96552259037162, 18.227375934375], [-65.96540096621622, 18.226954079296874], [-65.96552259037162, 18.2267853375], [-65.96874565456082, 18.2255197734375], [-65.96844159037163, 18.224676064453124], [-65.96862402787163, 18.2239729734375], [-65.96844159037163, 18.223551118359374], [-65.96771184037162, 18.222735533203124], [-65.96692127956082, 18.22217306015625], [-65.96631315371621, 18.221019990234375], [-65.96570502787162, 18.22059813515625], [-65.96540096621622, 18.21983879765625], [-65.96540096621622, 18.21938881875], [-65.96546177956081, 18.219079458984375], [-65.96613071621623, 18.218488862109375], [-65.96765102956081, 18.2179263890625], [-65.96880646537163, 18.217701399609375], [-65.96917134037163, 18.217420163671875], [-65.97020515456082, 18.215479632421875], [-65.96923215371622, 18.21477654140625], [-65.96825915287162, 18.21379221328125], [-65.96807671537162, 18.2134547296875], [-65.96801590456081, 18.2126672671875], [-65.96716452787163, 18.21154232109375], [-65.96692127956082, 18.210895477734375], [-65.96461040287163, 18.209770531640626], [-65.96448877871622, 18.2095455421875], [-65.96491446706081, 18.2095455421875], [-65.96564421706081, 18.209179934765626], [-65.96576584121622, 18.20901119296875], [-65.96564421706081, 18.20881432734375], [-65.96570502787162, 18.208420597265626], [-65.96698209037163, 18.207886246875], [-65.96813752871623, 18.207098785546876], [-65.97044840287163, 18.20628319921875], [-65.97129977956081, 18.205720726171876], [-65.97184709206081, 18.204989511328126], [-65.97324577871622, 18.20434266796875], [-65.97330659206081, 18.203723947265626], [-65.97312415456082, 18.203442711328126], [-65.97190790287162, 18.20307710390625], [-65.97136059037163, 18.202655248828126], [-65.97129977956081, 18.202458383203126], [-65.97209034037162, 18.201895911328126], [-65.97434040371623, 18.201164696484376], [-65.97464446537163, 18.20068659375], [-65.97519177787163, 18.200461604296876], [-65.97920540287163, 18.199899132421876], [-65.98005677956081, 18.199646019140626], [-65.98309740371622, 18.199392905859376], [-65.98388796452703, 18.199252287890626], [-65.98419202871622, 18.1990272984375], [-65.98486096537162, 18.19835233125], [-65.98516502702704, 18.19762111640625], [-65.98571233952703, 18.196974273046877], [-65.98540827787163, 18.195736831640627], [-65.98504340287163, 18.1951462359375], [-65.98528665371622, 18.1947525046875], [-65.98589477702703, 18.194386897265623], [-65.98571233952703, 18.193711930078123], [-65.98668534037162, 18.193402569140623], [-65.98771915202703, 18.192699478125], [-65.98814484037162, 18.192333870703123], [-65.98820565371622, 18.191912016796874], [-65.98917865202704, 18.19129329609375], [-65.98923946537163, 18.19011210234375], [-65.98960434037163, 18.189409011328124], [-65.99307065287162, 18.188452808203124], [-65.99465177702703, 18.187665345703124], [-65.99665858952703, 18.187468480078124], [-65.99757077702704, 18.186652894921874], [-65.99933434121621, 18.18631541015625], [-66.00158440202704, 18.185134217578124], [-66.00359121452703, 18.185668566796874], [-66.00815215202702, 18.1859779265625], [-66.01271308952703, 18.186062298046874], [-66.01344283952703, 18.18589355625], [-66.01423340287162, 18.185471701171874], [-66.01703077871622, 18.18476861015625], [-66.01940246621622, 18.1848248578125], [-66.02299040287163, 18.185274835546874], [-66.02609184037162, 18.186652894921874], [-66.02682159037163, 18.18682163671875], [-66.03010546537162, 18.186849759375], [-66.03022708952703, 18.18701850234375], [-66.02955815287162, 18.188452808203124], [-66.03010546537162, 18.189943360546874], [-66.03059196452703, 18.190337091796874], [-66.03077440202702, 18.191602655859374], [-66.03180821368244, 18.193177580859373], [-66.03314608952702, 18.19402128984375], [-66.03326771368243, 18.194668133203123], [-66.03381502618244, 18.194864998828123], [-66.03509208868243, 18.19596182109375], [-66.03545696368244, 18.195933697265627], [-66.03661240202703, 18.196664912109377], [-66.03728133868243, 18.198239837109377], [-66.03843677702703, 18.198633568359377], [-66.04105171537162, 18.198999174609376], [-66.04135577702702, 18.19936478203125], [-66.04178146537163, 18.200461604296876], [-66.04476127618243, 18.203386463671876], [-66.04415315287162, 18.203780194921876], [-66.04354502702702, 18.20513013046875], [-66.04360584037163, 18.205439490234376], [-66.04427477702703, 18.206311323046876], [-66.04433559037162, 18.207155033203126], [-66.04202471368244, 18.208279978125], [-66.04147740118243, 18.209039316796876], [-66.04080846452703, 18.20960178984375], [-66.03940977787163, 18.210023644921876], [-66.03910571368243, 18.2107267359375], [-66.03855840118243, 18.2113173328125], [-66.03855840118243, 18.211626692578125], [-66.03874083868243, 18.21173918671875], [-66.05856571537161, 18.21438281015625], [-66.06191040118243, 18.215001529687502], [-66.06215365202702, 18.215395260937502], [-66.06349152533784, 18.216154599609375], [-66.06537671368243, 18.216745196484375], [-66.06634971452702, 18.21758890546875], [-66.06738352618243, 18.217954512890625], [-66.06908627702703, 18.21885446953125], [-66.07078902533783, 18.219360694921875], [-66.07297827533783, 18.2204575171875], [-66.07462021283784, 18.22099186640625], [-66.07516752533783, 18.2216387109375], [-66.07760002618242, 18.222426172265624], [-66.07912033952702, 18.22343862421875], [-66.07918115033783, 18.2235792421875], [-66.07893790202702, 18.22391672578125], [-66.07942440118244, 18.22478855859375], [-66.08076227702702, 18.2255197734375], [-66.08246502533784, 18.2259135046875], [-66.08562727618244, 18.22771341796875], [-66.08781652618244, 18.227404058203124], [-66.08824221452703, 18.2270946984375], [-66.09103958783784, 18.227797789453124], [-66.09219502618242, 18.22782591328125], [-66.09408021452703, 18.2282477671875], [-66.09736408952702, 18.227994655078124], [-66.09924927533784, 18.2286414984375], [-66.09985740118243, 18.22917584765625], [-66.10168177618243, 18.22965394921875], [-66.09602621368244, 18.238400403515627], [-66.10843196368243, 18.252518473828125], [-66.12217558699324, 18.259352520703125], [-66.12217558699324, 18.259493138671875], [-66.12168908783784, 18.25966188046875], [-66.12053364949324, 18.259830622265625], [-66.11949983783784, 18.259549386328125], [-66.11773627618243, 18.2594087671875], [-66.11676327533783, 18.259155655078125], [-66.11518215118242, 18.2582556984375], [-66.11244558868243, 18.25760885390625], [-66.11074283783783, 18.2578619671875], [-66.10952658868243, 18.2576651015625], [-66.10539133699324, 18.25780571953125], [-66.10356696199324, 18.2576651015625], [-66.10022227618244, 18.25839631640625], [-66.09578296283783, 18.25867755234375], [-66.09322883783784, 18.258143203125], [-66.09140446283783, 18.257243246484375], [-66.08872871368243, 18.256962010546875], [-66.08647865033784, 18.256427661328125], [-66.08258665202702, 18.256315166015625], [-66.08149202702702, 18.256146424218752], [-66.07723515118244, 18.254487130078125], [-66.07620133952703, 18.254346510937502], [-66.07206608783784, 18.254318388281252], [-66.06793083868243, 18.253080946875002], [-66.06014683952702, 18.253446554296875], [-66.05564671537162, 18.255049601953125], [-66.05406558868243, 18.255274591406252], [-66.05138983952703, 18.255274591406252], [-66.05053846537162, 18.255415209375002], [-66.04974790202702, 18.256005806250002], [-66.04968708868243, 18.256315166015625], [-66.05005196368244, 18.258086956640625], [-66.04974790202702, 18.258536934375], [-66.04926140287162, 18.25879004765625], [-66.04524777787162, 18.259718128125], [-66.04238958868243, 18.26067433125], [-66.04020033868244, 18.261096186328125], [-66.04117333952702, 18.2613774234375], [-66.04397071537161, 18.26171490703125], [-66.04281527702703, 18.2623336265625], [-66.04202471368244, 18.263008594921875], [-66.04311933868243, 18.26413353984375], [-66.04397071537161, 18.264752260546874], [-66.04348421368243, 18.265567845703124], [-66.03953140202702, 18.2662428140625], [-66.03788946452703, 18.26677716328125], [-66.03649077787162, 18.26745213046875], [-66.03065277787162, 18.268802066015624], [-66.02323365118244, 18.272401892578127], [-66.02718646537163, 18.273217477734377], [-66.02955815287162, 18.272992489453127], [-66.03065277787162, 18.27310498359375], [-66.03089602618243, 18.273217477734377], [-66.03071358868243, 18.273414343359377], [-66.03077440202702, 18.2736393328125], [-66.03156496537162, 18.274145558203127], [-66.03107846368243, 18.2743143], [-66.03162577618244, 18.2746236609375], [-66.03132171452702, 18.275270504296877], [-66.03083521537162, 18.27524238046875], [-66.02870677618243, 18.275748605859377], [-66.02907165118243, 18.275861101171877], [-66.02560533868244, 18.277267283203127], [-66.02372015287162, 18.277745384765627], [-66.02335527787162, 18.27737977734375], [-66.02244309037162, 18.277126665234377], [-66.01836865202702, 18.277070417578127], [-66.01411177871621, 18.276001719140627], [-66.00967246537162, 18.2757767296875], [-66.00869946452703, 18.277014169921877], [-66.00863865371622, 18.277239159375], [-66.00900352871622, 18.277632890625], [-66.00851702702703, 18.278589094921877], [-66.00869946452703, 18.2792921859375], [-66.00833458952702, 18.27971403984375], [-66.00699671621622, 18.280192142578127], [-66.00450340202703, 18.28050150234375], [-66.00255740287163, 18.281260841015627], [-66.00134115371621, 18.281513954296877], [-66.00097627871622, 18.281513954296877], [-66.00109790287162, 18.280473378515627], [-66.00134115371621, 18.2798827828125], [-66.00261821621622, 18.2782234875], [-66.00036815287163, 18.278589094921877], [-65.99434771537162, 18.278589094921877], [-65.99416527787163, 18.27962966953125], [-65.99361796537163, 18.280473378515627], [-65.99288821537162, 18.281120223046877], [-65.99112465371621, 18.281992055859376], [-65.98996921537163, 18.28196393203125], [-65.99106384037162, 18.29028853125], [-65.98352308952703, 18.290485396875], [-65.98017840371622, 18.290176037109376], [-65.97707696621622, 18.289529192578126], [-65.97044840287163, 18.2870824359375], [-65.96667802871622, 18.28460755546875], [-65.96594827871623, 18.283201372265626], [-65.96497527787163, 18.282188921484376]], [[-65.95877273094514, 18.207510208325644], [-65.9550758202941, 18.21084482554331], [-65.95207138970778, 18.21300404172753], [-65.9490365280342, 18.21579217495227], [-65.94868715438807, 18.215740926092394], [-65.94819924558, 18.216011585599492], [-65.94804718341432, 18.215948417381377], [-65.94827900442345, 18.215379688223784], [-65.94954024761847, 18.213904623988032], [-65.94973129318497, 18.21261480479233], [-65.95045529850218, 18.211413381483126], [-65.95034182402065, 18.21086551172909], [-65.9512086415993, 18.208980143301872], [-65.9507496726831, 18.208887277965854], [-65.94934084176643, 18.209502994324506], [-65.94925481569545, 18.208856992947016], [-65.94964834506305, 18.20823025742126], [-65.94957713721956, 18.20813808550793], [-65.94923462574756, 18.208062303486628], [-65.94831648897117, 18.20831071782906], [-65.94796582278774, 18.20809071717438], [-65.94687911473709, 18.208421670086153], [-65.94687265016506, 18.207577914240904], [-65.9457527264366, 18.20863442766257], [-65.94541299898326, 18.20846200421641], [-65.94502374642921, 18.208726704013387], [-65.94503617692658, 18.208508886979985], [-65.94476765731672, 18.208428635447156], [-65.94348513029458, 18.208506114435504], [-65.94322347314477, 18.208401328718992], [-65.94187192706525, 18.209592427306035], [-65.94113568756758, 18.210577524802698], [-65.94047642318067, 18.21102736532625], [-65.94135159544237, 18.208852070455936], [-65.94115855917599, 18.208501956191917], [-65.94069680492758, 18.20850573336502], [-65.94097387685099, 18.207861914524553], [-65.94087949581102, 18.207505840612413], [-65.9420699284787, 18.20507031647891], [-65.94190692758292, 18.20495957105227], [-65.94134094875724, 18.20516259180747], [-65.94116979183647, 18.204907628831712], [-65.94189528994858, 18.203440811218584], [-65.94192999682178, 18.20244985851129], [-65.94402981632187, 18.200924134338855], [-65.94445825122075, 18.198872302113596], [-65.94531134547876, 18.19703599994723], [-65.94549532918545, 18.19620485796717], [-65.94540224228227, 18.19601753374332], [-65.94501726522822, 18.195920198895774], [-65.94510537772715, 18.19499837513898], [-65.94660988222111, 18.19490748448727], [-65.94843521647194, 18.194363080638396], [-65.94956568264195, 18.19422243234767], [-65.95030172348153, 18.193671478843218], [-65.95194496179555, 18.192824535832326], [-65.95201616832547, 18.192916708829916], [-65.95245882753284, 18.192721137921435], [-65.95311401433617, 18.192199187089937], [-65.95362788007347, 18.19209578917905], [-65.95710798660093, 18.18944958659092], [-65.9570708919976, 18.18966889280066], [-65.95719421132998, 18.189661443976203], [-65.95691157136928, 18.190498545666383], [-65.9574556714212, 18.19020037157841], [-65.95702783146893, 18.190949771889045], [-65.95630660885683, 18.192054554857656], [-65.95444358477013, 18.194120697853148], [-65.95382768352759, 18.1956291298359], [-65.95245405973031, 18.19715922010463], [-65.95216326374461, 18.197852104245698], [-65.95348199043485, 18.196518278246128], [-65.95463880982263, 18.19567660362919], [-65.9563894546206, 18.193665485582418], [-65.95736805756897, 18.1930275240591], [-65.95881378574444, 18.19262664439866], [-65.95843378178108, 18.19363845861603], [-65.95868708556137, 18.194033169691377], [-65.95940661803405, 18.19362792393464], [-65.96050187737062, 18.192572900711568], [-65.9616516359262, 18.19218990324827], [-65.96233854795362, 18.191207785064538], [-65.96224824506912, 18.19092381941583], [-65.96297076021854, 18.189987788242025], [-65.96432638285404, 18.188868800024927], [-65.96505168230806, 18.187836126404008], [-65.96678711127645, 18.186139467899746], [-65.96858986727737, 18.18402873013744], [-65.97013444933735, 18.183187746836673], [-65.9707692482764, 18.18230525149725], [-65.97217400103762, 18.18161742687517], [-65.97256583997985, 18.181690229583545], [-65.97089585215954, 18.184106486843056], [-65.9733372865969, 18.181619505996963], [-65.97360043522805, 18.18145889849382], [-65.97416492285832, 18.181521269936027], [-65.97489539406111, 18.18116360138781], [-65.97634450120187, 18.179363648387888], [-65.97786461752803, 18.178090011293506], [-65.9793474400209, 18.177469826445584], [-65.97947891566422, 18.177606594147985], [-65.97995588574219, 18.177288357432367], [-65.98108157645197, 18.175604416146523], [-65.9822495337998, 18.174376172701383], [-65.98176958207272, 18.175225194772064], [-65.98199692892378, 18.1754526442512], [-65.98136750067752, 18.17657599964886], [-65.98140718195498, 18.176694194922213], [-65.98199374730302, 18.176417574682734], [-65.98195943671836, 18.176540239467617], [-65.98220329165038, 18.1766219822213], [-65.9817748567515, 18.17867381444656], [-65.98086428002587, 18.180368878314738], [-65.97984838324423, 18.181660292084516], [-65.97943148362155, 18.182457267497153], [-65.97726005998945, 18.18475910767867], [-65.97656201057384, 18.18612779264609], [-65.97552831288799, 18.18739616236877], [-65.97333938834026, 18.192014431219302], [-65.97252637296181, 18.193100639652346], [-65.97006325680928, 18.195058325279966], [-65.968878789781, 18.19643227755708], [-65.96850733841711, 18.19672002037889], [-65.96859654610883, 18.196401091324848], [-65.96830595009476, 18.196659830389443], [-65.96741745108689, 18.198015902575932], [-65.96731730335152, 18.19828725550572], [-65.96767910852263, 18.19812068727019], [-65.96678354868257, 18.199935436610318], [-65.96096712854379, 18.205906416179662], [-65.95877273094514, 18.207510208325644]], [[-65.92440360309652, 18.251239069925155], [-65.92233013710013, 18.252063766749124], [-65.9210735670072, 18.252308507333684], [-65.91813477491351, 18.25475317936521], [-65.91669700439088, 18.255732419544717], [-65.91612843889108, 18.255597938816823], [-65.91426581109292, 18.2567957938899], [-65.91305021510071, 18.257327480520363], [-65.91011549984893, 18.259844261899577], [-65.90976742005368, 18.259961763750248], [-65.90866251349672, 18.261137961621603], [-65.90816495820994, 18.261529796737243], [-65.9070439395746, 18.2619834144339], [-65.9063091925859, 18.262703118648894], [-65.90651356518448, 18.262232521114758], [-65.90570094580863, 18.262450442647644], [-65.90564346231339, 18.26230920441146], [-65.90539682307677, 18.26232410410489], [-65.90434293412946, 18.262797785451447], [-65.90257617856668, 18.264086322239258], [-65.90224739144293, 18.263961473895097], [-65.90156773919172, 18.264050769910725], [-65.9011057875988, 18.264488689991776], [-65.90088251758964, 18.264333349860326], [-65.90028630604881, 18.26473114468609], [-65.89941710102599, 18.265844865593493], [-65.89886892310453, 18.26607093039578], [-65.89806833896513, 18.26693932275568], [-65.897639404106, 18.267085827341305], [-65.89660998192014, 18.26799216241947], [-65.89547872185948, 18.269869387639293], [-65.89303877890345, 18.27209097526572], [-65.89250820585524, 18.27277422593879], [-65.89126516116654, 18.27340404521496], [-65.8904056023365, 18.274396591536078], [-65.88931610998127, 18.274824186894968], [-65.88753155220071, 18.27608968071995], [-65.88820623004767, 18.274891236723672], [-65.88838335260785, 18.274084627843038], [-65.88840950716752, 18.27381774550904], [-65.88778604616017, 18.27387952694379], [-65.88801378901384, 18.27323868952277], [-65.89276856281002, 18.266728884682188], [-65.89925438451749, 18.256110843548594], [-65.90043646381565, 18.253965244773923], [-65.90054218118782, 18.253500606887904], [-65.90159925044232, 18.252061996194076], [-65.90166120706802, 18.251407055855537], [-65.9029359769808, 18.250317069227133], [-65.9115240062044, 18.23894494939641], [-65.91568296446236, 18.23196465248143], [-65.9165873768905, 18.231765304461852], [-65.91948907409494, 18.22953993966232], [-65.91979727498226, 18.229738386468505], [-65.92019876143083, 18.229690013506332], [-65.92229827962875, 18.225824817702055], [-65.92505149286272, 18.2217030653082], [-65.92582502430825, 18.220064518693857], [-65.92653570316524, 18.21804387167857], [-65.93233272667489, 18.209541627764263], [-65.93432245065873, 18.206068960498314], [-65.93513546632312, 18.204982751043012], [-65.93564157363751, 18.20386684657633], [-65.93705656885167, 18.20175541436908], [-65.93755581427787, 18.20066404204157], [-65.9376808240356, 18.19995705498298], [-65.93819767404912, 18.19932286954851], [-65.93936195084358, 18.197154228833263], [-65.94113616484064, 18.19453872588514], [-65.94564469437519, 18.187175533899833], [-65.94700051566878, 18.185622401690527], [-65.94741851048424, 18.18542832098064], [-65.94659992678254, 18.186707813285658], [-65.94569651353319, 18.19071781562425], [-65.94591292005467, 18.19089769000139], [-65.94628974211135, 18.190850807237812], [-65.94610038668425, 18.19144108922164], [-65.94669988351752, 18.192851979526395], [-65.94613350708975, 18.193923289288264], [-65.9455866233051, 18.19431810377884], [-65.94510537772715, 18.19499837513898], [-65.94501726522822, 18.195920198895774], [-65.94540224228227, 18.19601753374332], [-65.94549532918545, 18.19620485796717], [-65.94531134547876, 18.19703599994723], [-65.94445825122075, 18.198872302113596], [-65.94402981632187, 18.200924134338855], [-65.94192999682178, 18.20244985851129], [-65.94189528994858, 18.203440811218584], [-65.94116979183647, 18.204907628831712], [-65.94134094875724, 18.20516259180747], [-65.94190692758292, 18.20495957105227], [-65.9420699284787, 18.20507031647891], [-65.94087949581102, 18.207505840612413], [-65.94097387685099, 18.207861914524553], [-65.94069680492758, 18.20850573336502], [-65.94115855917599, 18.208501956191917], [-65.94135159544237, 18.208852070455936], [-65.94047642318067, 18.21102736532625], [-65.94113568756758, 18.210577524802698], [-65.94187192706525, 18.209592427306035], [-65.94322347314477, 18.208401328718992], [-65.94348513029458, 18.208506114435504], [-65.94476765731672, 18.208428635447156], [-65.94503617692658, 18.208508886979985], [-65.94502374642921, 18.208726704013387], [-65.94541299898326, 18.20846200421641], [-65.9457527264366, 18.20863442766257], [-65.94687265016506, 18.207577914240904], [-65.94687911473709, 18.208421670086153], [-65.94796582278774, 18.20809071717438], [-65.94831648897117, 18.20831071782906], [-65.94923462574756, 18.208062303486628], [-65.94957713721956, 18.20813808550793], [-65.94964834506305, 18.20823025742126], [-65.94925481569545, 18.208856992947016], [-65.94934084176643, 18.209502994324506], [-65.9507496726831, 18.208887277965854], [-65.9512086415993, 18.208980143301872], [-65.95034182402065, 18.21086551172909], [-65.95045529850218, 18.211413381483126], [-65.94973129318497, 18.21261480479233], [-65.94954024761847, 18.213904623988032], [-65.94827900442345, 18.215379688223784], [-65.94804718341432, 18.215948417381377], [-65.94819924558, 18.216011585599492], [-65.94868715438807, 18.215740926092394], [-65.9490365280342, 18.21579217495227], [-65.94717777944749, 18.217496283303245], [-65.94711880447092, 18.217620438286723], [-65.94832624546575, 18.21694453404514], [-65.94751323008728, 18.218030742478184], [-65.94704829553169, 18.21899944899856], [-65.94657818762784, 18.21929315255275], [-65.94672099960334, 18.218609208456996], [-65.94533643707595, 18.220091721517207], [-65.94537054900255, 18.220403200724537], [-65.94494012237615, 18.22081509955208], [-65.94515951317386, 18.220464186405632], [-65.94451805071877, 18.220937070914275], [-65.94440994561648, 18.220630062302735], [-65.94420577196192, 18.220666514822405], [-65.94386027752725, 18.221121519240423], [-65.94294880455283, 18.22177954339138], [-65.94300628804807, 18.221920781627567], [-65.94266487045532, 18.222447895393277], [-65.94149134375662, 18.223869422772392], [-65.9417791570656, 18.22370732404839], [-65.94191749328354, 18.223819560695883], [-65.94233827371716, 18.223528836454623], [-65.94225015990467, 18.224450661295684], [-65.94294930451308, 18.223684871031015], [-65.94270505197895, 18.224471417284008], [-65.94284338979638, 18.224583651824982], [-65.94407549415548, 18.22390625744681], [-65.94438667771955, 18.22357391883593], [-65.94435087565354, 18.22396197684047], [-65.94449199748962, 18.223977569956585], [-65.94561321404134, 18.223089807307467], [-65.94545687637567, 18.22338867373387], [-65.94570759348183, 18.223445883326125], [-65.94558686053765, 18.223790834655933], [-65.94607198532707, 18.22361681657369], [-65.94416390927012, 18.225323904237595], [-65.94348385941682, 18.226281489259897], [-65.94322031449714, 18.227310384685456], [-65.9442907104978, 18.22669099667545], [-65.94283752651512, 18.22841884032768], [-65.94315129703925, 18.228424002177633], [-65.94309063163733, 18.229247695395237], [-65.94163207696187, 18.230734678989236], [-65.94113322811015, 18.230957762372075], [-65.94111691708777, 18.23066932721184], [-65.94089772523408, 18.23058609534382], [-65.94012478873518, 18.23092221004354], [-65.93637716177663, 18.23729881541785], [-65.9354723517464, 18.238366452444108], [-65.93498404533622, 18.23950540095788], [-65.93040917971837, 18.245111953386452], [-65.92996761570379, 18.245910418997685], [-65.92851870590756, 18.24727622908966], [-65.92801279725124, 18.24795798956413], [-65.92517544571618, 18.25030005943842], [-65.92440360309652, 18.251239069925155]], [[-65.90684531201185, 18.243882458506917], [-65.90581459597512, 18.244620042874537], [-65.90561728449467, 18.24463196223278], [-65.90570927620503, 18.244216391753877], [-65.90555313748338, 18.244081113165812], [-65.90438816178468, 18.24477857125589], [-65.90365639804456, 18.244967488009305], [-65.90381183917552, 18.24363158288794], [-65.90293358130705, 18.243564048573525], [-65.90005187539244, 18.247018246825654], [-65.89622537818151, 18.24908241411458], [-65.89337708660278, 18.251376907864607], [-65.8930071264343, 18.251399258489016], [-65.89271264989522, 18.251151745359977], [-65.8914243545782, 18.251856653296766], [-65.89115175841236, 18.251704291393988], [-65.89079959943403, 18.25174968504323], [-65.89045857944336, 18.251408509802264], [-65.88970772066223, 18.2514056328203], [-65.88677061870794, 18.253150767639955], [-65.88473902306106, 18.255299450227046], [-65.88511494886895, 18.254215527746247], [-65.88735240830982, 18.251330855427618], [-65.88835995143602, 18.25032936803893], [-65.88931597642043, 18.248125071579928], [-65.89028493346196, 18.24760828362064], [-65.89316216361901, 18.244950266111754], [-65.89416582753374, 18.24344252544517], [-65.89371760000313, 18.243831380225625], [-65.89348468380119, 18.24379721468046], [-65.89460798678087, 18.241341626897057], [-65.89685469481242, 18.239204068998816], [-65.89715752500696, 18.239161655746766], [-65.89879947078364, 18.238145960941072], [-65.89973043508763, 18.236811442603077], [-65.90073966835322, 18.23511041800252], [-65.90046299271837, 18.234885948920574], [-65.90047005355058, 18.234427271766936], [-65.90018243918561, 18.234155225476467], [-65.90072007335196, 18.233013296627504], [-65.9061336112889, 18.224148324645995], [-65.90624768100297, 18.223393761463146], [-65.90663027004096, 18.222719450835392], [-65.90663196018038, 18.22201991362352], [-65.90721245724494, 18.220031249616376], [-65.90715238707557, 18.219552509897103], [-65.9085553480809, 18.216790606800835], [-65.90866792631364, 18.216301436837654], [-65.9103336389199, 18.2142472132004], [-65.91184152237913, 18.212757249209215], [-65.9135638219459, 18.209807225113185], [-65.91476350451784, 18.208118814315814], [-65.91518597377731, 18.207128553946944], [-65.9170202566302, 18.204991791802357], [-65.91739061280128, 18.204101154277794], [-65.91812685229895, 18.20311605678113], [-65.9184890537586, 18.20208120062319], [-65.91921156759447, 18.201145170533646], [-65.92044188048364, 18.198393696659032], [-65.9211944294042, 18.197697036429123], [-65.921420483432, 18.197755735135715], [-65.92205508371296, 18.1973073837885], [-65.92311991167631, 18.196881278628208], [-65.92326789568651, 18.196872338582896], [-65.92342532694548, 18.197176368965767], [-65.92329773182718, 18.197545853457], [-65.92360056202172, 18.19750344020495], [-65.92695217558261, 18.19418968449736], [-65.928994313957, 18.192956866018946], [-65.9296259312753, 18.193039301111057], [-65.93060473316767, 18.191967194573273], [-65.93117071199335, 18.19176417381808], [-65.932398937141, 18.19058052616201], [-65.93306615889485, 18.190709047179784], [-65.93354720581473, 18.190462919811853], [-65.9355251968919, 18.188679253288733], [-65.93699449295293, 18.187673989811206], [-65.93870416365019, 18.185375925718528], [-65.94050801512986, 18.183868081636717], [-65.94177890423171, 18.182271843836936], [-65.9432016581547, 18.18117291716322], [-65.94459865220708, 18.179472587007606], [-65.9454333493007, 18.178915673793032], [-65.94597764669716, 18.17818335679711], [-65.94879998134665, 18.17572160145087], [-65.94930549371443, 18.17590812889881], [-65.94840028768158, 18.177844052825225], [-65.94775862656842, 18.178751081326077], [-65.94764883235435, 18.179143609864404], [-65.94791327512229, 18.179151752049542], [-65.94713586286582, 18.180284047492513], [-65.94711080218539, 18.181153825613524], [-65.94638122751732, 18.182548532856703], [-65.9464056929652, 18.182981187672574], [-65.94568725597125, 18.18398932710981], [-65.94370240243401, 18.185797527816618], [-65.94326899313089, 18.186740212061228], [-65.94387873138949, 18.186727494842817], [-65.94479835936129, 18.186213688302978], [-65.94552753802675, 18.185687267959953], [-65.94640768337916, 18.184621122154553], [-65.94666655651031, 18.184822549295923], [-65.94647998641544, 18.185316188770635], [-65.94700051566878, 18.185622401690527], [-65.94556105603435, 18.1873011790199], [-65.94113616484064, 18.19453872588514], [-65.93936195084358, 18.197154228833263], [-65.93819767404912, 18.19932286954851], [-65.9376808240356, 18.19995705498298], [-65.93755581427787, 18.20066404204157], [-65.93705656885167, 18.20175541436908], [-65.9357320751801, 18.20371666823283], [-65.93513546632312, 18.204982751043012], [-65.93432245065873, 18.206068960498314], [-65.93233272667489, 18.209541627764263], [-65.92653570316524, 18.21804387167857], [-65.92582502430825, 18.220064518693857], [-65.92505149286272, 18.2217030653082], [-65.92229827962875, 18.225824817702055], [-65.92019876143083, 18.229690013506332], [-65.91979727498226, 18.229738386468505], [-65.91948907409494, 18.22953993966232], [-65.9165873768905, 18.231765304461852], [-65.91568296446236, 18.23196465248143], [-65.9115240062044, 18.23894494939641], [-65.90589187238801, 18.246424257533274], [-65.90593861449767, 18.24608377565299], [-65.90560018118114, 18.246080101895114], [-65.90558108614012, 18.245888308159735], [-65.90635292904571, 18.24494929665074], [-65.90637500676348, 18.244610304969054], [-65.90684531201185, 18.243882458506917]], [[-65.92974444965228, 18.24852869340603], [-65.9271962039635, 18.250877416351123], [-65.92712499612001, 18.250785244437793], [-65.92677413099257, 18.25099938879758], [-65.92729247117386, 18.250099811227706], [-65.9273186270471, 18.249832927809447], [-65.92713503991489, 18.249795780844835], [-65.92440360309652, 18.251239069925155], [-65.92517544571618, 18.25030005943842], [-65.92801279725124, 18.24795798956413], [-65.92851870590756, 18.24727622908966], [-65.92996761570379, 18.245910418997685], [-65.93040917971837, 18.245111953386452], [-65.93498404533622, 18.23950540095788], [-65.9354723517464, 18.238366452444108], [-65.93637716177663, 18.23729881541785], [-65.94012478873518, 18.23092221004354], [-65.94097171738215, 18.230581624810036], [-65.94113322811015, 18.230957762372075], [-65.94187742337523, 18.23055102852326], [-65.94265055881816, 18.229780768809068], [-65.94414083900365, 18.22783361684058], [-65.94449856601929, 18.227594940341625], [-65.94495067276135, 18.22771233883907], [-65.94543172070887, 18.227466211409137], [-65.94548771169515, 18.22787284292699], [-65.9458589657145, 18.228019243013126], [-65.9458643364073, 18.22826010307136], [-65.94630013212698, 18.228089066408568], [-65.94656178956272, 18.228193851102827], [-65.94633404670905, 18.228834688523843], [-65.94655453110006, 18.229086672186668], [-65.94699848313068, 18.229059852050735], [-65.94854883188606, 18.227591441908043], [-65.94880273089889, 18.22668372004651], [-65.9495295215483, 18.225385654228187], [-65.95026426956464, 18.224665949951188], [-65.95067948036144, 18.22456851066616], [-65.95084228259914, 18.225113400085007], [-65.95018132910042, 18.22626277775843], [-65.95060340178543, 18.22614080633423], [-65.94854376278137, 18.229690052459397], [-65.94663379895454, 18.232530821265378], [-65.94669625582641, 18.233781207544215], [-65.94469041976421, 18.236531294635462], [-65.94299517231946, 18.24025147503045], [-65.93957274691768, 18.242604771924558], [-65.93849827276155, 18.243152051671135], [-65.93512925298549, 18.24557447751574], [-65.93479768184307, 18.245546270596435], [-65.93272829371621, 18.246443076706093], [-65.92974444965228, 18.24852869340603]], [[-65.92326279762466, 18.209464695876036], [-65.92274278075014, 18.210697478988735], [-65.92192165826046, 18.21359746779369], [-65.92178974043996, 18.213349052951255], [-65.92187113353347, 18.212289040378984], [-65.92074330668851, 18.215610208649856], [-65.92185124592527, 18.211349016369617], [-65.92194475671478, 18.210371004470208], [-65.9217707705801, 18.2099989873126], [-65.92131419825301, 18.211580578579724], [-65.92103104278917, 18.211838957628334], [-65.92099754885992, 18.211531751116222], [-65.9189187363908, 18.21848491638952], [-65.91836305367188, 18.2197984975633], [-65.91725865848925, 18.22432529302997], [-65.91716743684397, 18.223546872743082], [-65.91663884718973, 18.22496325413577], [-65.91678162853943, 18.22327163259497], [-65.91731102106118, 18.220813629585784], [-65.9172426642742, 18.219545596968036], [-65.91704581488646, 18.219663186224338], [-65.91608202753314, 18.22288637064035], [-65.91566260881329, 18.223672349909865], [-65.91512258635838, 18.225333538309663], [-65.91695539697089, 18.217843140087364], [-65.91842571210682, 18.212651562442804], [-65.9192376932884, 18.208239940858352], [-65.91866417690423, 18.209593922746038], [-65.9186249677488, 18.209409115937326], [-65.91835678679142, 18.20968829876557], [-65.91813421659714, 18.21035669301237], [-65.91814210534369, 18.209846282818823], [-65.91805293998968, 18.210048279654895], [-65.9180822041073, 18.20976307953419], [-65.91791599109528, 18.210249073879194], [-65.91789678838242, 18.209635857549795], [-65.9177748139945, 18.209857455553724], [-65.91771777277906, 18.209713043541967], [-65.91760151436038, 18.209812240159135], [-65.91761866238723, 18.209445033448624], [-65.91742249875702, 18.209889426151307], [-65.9174322260916, 18.20455892341551], [-65.91845454254234, 18.2007653345245], [-65.91973041713132, 18.192566476186304], [-65.92244448346072, 18.17952244736801], [-65.92298828368492, 18.175390008611803], [-65.92228776418723, 18.177414789969838], [-65.92223357892009, 18.17720918529844], [-65.92211446455312, 18.17736957457525], [-65.92216019180225, 18.17639036006406], [-65.92264248654115, 18.174257957889488], [-65.92381169606192, 18.170733585937185], [-65.92528075863628, 18.163519965319583], [-65.92738186583003, 18.154381962572884], [-65.92809827993082, 18.14996793576488], [-65.92871752282105, 18.147634741049373], [-65.92958803384309, 18.142652713306564], [-65.93057902988495, 18.1381639074133], [-65.9305847458542, 18.138041506026536], [-65.93025734929884, 18.138564291566755], [-65.9306119552858, 18.136775882865923], [-65.93180471369801, 18.133088710496317], [-65.93262377989643, 18.1292083045684], [-65.93365318371234, 18.12594592373362], [-65.93403854083671, 18.12315750265892], [-65.93546747490207, 18.118169122778845], [-65.93585134500665, 18.11609551395731], [-65.93595834328286, 18.115853118090698], [-65.9360096701343, 18.116119925572267], [-65.93622366668669, 18.11563513383904], [-65.93669955969882, 18.113298329604845], [-65.93684794065082, 18.1128527300568], [-65.93693493248446, 18.113038743710874], [-65.93749278786156, 18.111337156280534], [-65.93856220295734, 18.107217962321332], [-65.93891028998843, 18.106593579173982], [-65.93894161039731, 18.10728879617624], [-65.93907570087599, 18.107149204762116], [-65.9391719528521, 18.107478417665636], [-65.93934456759088, 18.107196825380257], [-65.93933313553327, 18.107441630704006], [-65.93943441784023, 18.107321636224153], [-65.93936377104681, 18.10781004002629], [-65.93975541266883, 18.106594448624314], [-65.93986309658344, 18.10667885875431], [-65.94246409784222, 18.098104905795118], [-65.94339724893894, 18.094513313740183], [-65.94330373814942, 18.095491325639593], [-65.9437339047746, 18.094133731682994], [-65.9435882650092, 18.09588655603397], [-65.94396275860436, 18.09503817134251], [-65.9439163464599, 18.095690578173723], [-65.94419527371736, 18.094839786575346], [-65.94402471452678, 18.09610179766705], [-65.94463675517102, 18.094605814908107], [-65.94466590205951, 18.095689042400505], [-65.94432055621503, 18.097620650350784], [-65.94446322107868, 18.097297454739724], [-65.94446104842048, 18.09768546099628], [-65.94451454793011, 18.097564262221294], [-65.94540631635103, 18.09417587384779], [-65.94543981028028, 18.0944830803599], [-65.9455111427121, 18.09432148255437], [-65.94749873353595, 18.086589896994184], [-65.94759075730568, 18.08632669734794], [-65.94756857820492, 18.087143113125183], [-65.94832545562794, 18.084935930181985], [-65.94842959548843, 18.084754737125547], [-65.948374608959, 18.0855907481537], [-65.94906655481479, 18.083749569309237], [-65.95064398545603, 18.07694716818496], [-65.95140657810524, 18.074617585538366], [-65.95491158345312, 18.06136881558206], [-65.95536598386508, 18.06017522888813], [-65.95548864240527, 18.06028044024753], [-65.95566411469758, 18.059937649385564], [-65.9561178302142, 18.058417255011666], [-65.95612423033572, 18.058621662988234], [-65.95647803419823, 18.057874874220538], [-65.95609199143544, 18.06033648929863], [-65.95617669412484, 18.062278935139002], [-65.95593262972513, 18.064090552843016], [-65.95332213558999, 18.075258153311797], [-65.95205301355294, 18.07955613510389], [-65.9513702106105, 18.0829089408109], [-65.95184312883998, 18.082001762766396], [-65.95173384067647, 18.084000592502672], [-65.95116226409752, 18.08770341744306], [-65.95413832736075, 18.079976313402113], [-65.95414255556715, 18.08056872595188], [-65.95481232318434, 18.079543958651076], [-65.95480157602208, 18.080115571654794], [-65.95562761235655, 18.07813480139621], [-65.9556589336276, 18.078830014164883], [-65.95575735751885, 18.078771222495206], [-65.95566030341828, 18.07948362952482], [-65.95592562682212, 18.079265645273164], [-65.95592631171746, 18.079592452953136], [-65.95603971085825, 18.07955446337973], [-65.9560189031534, 18.08102448859996], [-65.9553139209911, 18.085193712634442], [-65.95432944316205, 18.088518494657585], [-65.95344922230349, 18.090293658561407], [-65.95326163305825, 18.090554447067156], [-65.95321030620681, 18.090287639585586], [-65.95313611622144, 18.090510435967705], [-65.95031105700552, 18.10046759711022], [-65.94649408165108, 18.117323613375607], [-65.94489756392086, 18.12214437647433], [-65.9439344630681, 18.125694362653363], [-65.94340644021791, 18.12880598357271], [-65.9406069854416, 18.139580763104245], [-65.93943456667995, 18.147271616472448], [-65.93748618501152, 18.15518800884135], [-65.93601060434347, 18.16356565077885], [-65.93330317247471, 18.174077234897727], [-65.93235710167663, 18.178628443662717], [-65.93137696916396, 18.181177213172745], [-65.93067564754183, 18.184243614463913], [-65.93027531430575, 18.18701123767593], [-65.92873572228619, 18.193344831932343], [-65.92791608755937, 18.19553000680077], [-65.92755016686301, 18.19619479066202], [-65.92746603258291, 18.195947578431362], [-65.92736189186026, 18.196128775721384], [-65.92341460379642, 18.210653133044477], [-65.9234938249748, 18.209981125045402], [-65.92340900493718, 18.20940710936836], [-65.92326279762466, 18.209464695876036]], [[-65.9557452405659, 18.078689220138983], [-65.9556589336276, 18.078830014164883], [-65.95562761235655, 18.07813480139621], [-65.95480157602208, 18.080115571654794], [-65.95481232318434, 18.079543958651076], [-65.95414255556715, 18.08056872595188], [-65.95413832736075, 18.079976313402113], [-65.95116226409752, 18.08770341744306], [-65.95173384067647, 18.084000592502672], [-65.95184312883998, 18.082001762766396], [-65.9513702106105, 18.0829089408109], [-65.95205301355294, 18.07955613510389], [-65.95332213558999, 18.075258153311797], [-65.95599470287665, 18.063785751554455], [-65.95621316209366, 18.061156517144784], [-65.95609199143544, 18.06033648929863], [-65.95650866971177, 18.058243283542822], [-65.95647803419823, 18.057874874220538], [-65.95612423033572, 18.058621662988234], [-65.95630839510427, 18.05672683608264], [-65.9561835639059, 18.057009630979792], [-65.9569954262531, 18.053966442925393], [-65.95806564347333, 18.048805629033055], [-65.9579301823418, 18.048291609320824], [-65.95780820955912, 18.048513201407804], [-65.95778397577234, 18.04834919414514], [-65.95795682410717, 18.045330750867137], [-65.95781061593249, 18.0453883416084], [-65.95774294478389, 18.044447114987257], [-65.95655098763396, 18.047092671657317], [-65.95587538768058, 18.0496082637244], [-65.95600959538838, 18.048100244697174], [-65.95574495687988, 18.048645036628802], [-65.955741414431, 18.04837942752542], [-65.95567293955271, 18.04847982675436], [-65.9562850965639, 18.0456154206159], [-65.95717069932155, 18.039285769039616], [-65.95849561001248, 18.033110156286238], [-65.95904729812105, 18.02846731157007], [-65.9585750647869, 18.029701297294544], [-65.96036226377416, 18.021821691887276], [-65.96023114807812, 18.020531657111704], [-65.95960767710062, 18.022272436727224], [-65.96063159854333, 18.016395606286583], [-65.9608621745942, 18.01384837678336], [-65.95969582262695, 18.017311550159075], [-65.95798864694254, 18.02347752763413], [-65.95788164866633, 18.023719923500746], [-65.95770834828916, 18.02367470978952], [-65.95744085297018, 18.02428069861437], [-65.95773841613646, 18.022347883818732], [-65.95769634856534, 18.022224279820193], [-65.95747595114834, 18.022504665260215], [-65.95746886452625, 18.021973455520623], [-65.95723634941325, 18.022171840287783], [-65.95719645536248, 18.021660225799103], [-65.95823100587617, 18.016580214201433], [-65.95927687121834, 18.012623824893122], [-65.96145023105966, 18.00091417256107], [-65.96142885482642, 18.000688966721818], [-65.96117633401394, 18.0013157593263], [-65.96097880059305, 18.001106536669045], [-65.96183433550337, 17.99610371106355], [-65.96262654395754, 17.989383645456936], [-65.96289907035042, 17.988328447565355], [-65.962871978891, 17.988225641429498], [-65.96197106681366, 17.990102404623816], [-65.9617763909463, 17.989831983389973], [-65.96175147140201, 17.989341172680923], [-65.96137057619919, 17.989985152762543], [-65.96130713239482, 17.989636342924754], [-65.96087628173647, 17.990667124967793], [-65.96096990889293, 17.988320689688866], [-65.96016456389636, 17.99019985810673], [-65.96009186081169, 17.989707844785908], [-65.95929005986923, 17.991852616390208], [-65.9591909494774, 17.991584606296865], [-65.9600829539618, 17.9854593567802], [-65.96218599947464, 17.97867020045293], [-65.96243566261448, 17.978104608975258], [-65.9631831635281, 17.977122650162134], [-65.96316247219019, 17.97722425200285], [-65.96430733069506, 17.974904300400986], [-65.96708243445549, 17.965333941219885], [-65.96771584972772, 17.96406317021715], [-65.96785348351746, 17.96418918367282], [-65.96800826533405, 17.96394799041798], [-65.97079822637183, 17.95576686262962], [-65.97080748565213, 17.955910066112654], [-65.97155144325468, 17.95466250242973], [-65.97175183509128, 17.954810522276812], [-65.97175960660873, 17.955668539696372], [-65.97234809749936, 17.95433536158832], [-65.9725634647046, 17.95450418098145], [-65.97265263005862, 17.954302184145376], [-65.97409150755655, 17.949783817111665], [-65.97617112215013, 17.94178903190523], [-65.97675675462506, 17.940517056607355], [-65.97708769449147, 17.94025987593693], [-65.97713113259636, 17.941037093612046], [-65.97667947250882, 17.943537909342492], [-65.97678932920074, 17.943234310665705], [-65.97682705133637, 17.94413392972758], [-65.97701749813515, 17.943811942645244], [-65.97668986798374, 17.947071579178086], [-65.97674405325088, 17.94727718384948], [-65.97685390908062, 17.94697358940628], [-65.97682178580423, 17.94731999402052], [-65.97699222776569, 17.947426410541922], [-65.97797018762016, 17.94526564728845], [-65.97912510752978, 17.942047279236487], [-65.97913139116525, 17.9436201131428], [-65.97923267347221, 17.943500118662946], [-65.980933331806, 17.938498160824423], [-65.98091618464132, 17.938865363301346], [-65.98218095963762, 17.935343402489544], [-65.98125683422514, 17.941815049020136], [-65.9813103329917, 17.94169385192851], [-65.98009882230373, 17.947831470874895], [-65.97987533201281, 17.950909914351296], [-65.9799024242153, 17.95101271880379], [-65.98013779700094, 17.950753132909817], [-65.98019186417679, 17.952327169427903], [-65.9805157174211, 17.951538779017888], [-65.9805021127053, 17.952171590598194], [-65.9809686300702, 17.951060006260487], [-65.97999180641035, 17.956611235866518], [-65.97994893683386, 17.95752924925089], [-65.98012795243723, 17.957452063258717], [-65.98034972125014, 17.957825287261688], [-65.98020762405271, 17.95984371816582], [-65.97704784892544, 17.972529301868004], [-65.976064624401, 17.977876125180828], [-65.97616304903532, 17.97781733182779], [-65.9761872828221, 17.977981339090455], [-65.9744371194699, 17.98643376179658], [-65.97422003090573, 17.9897166073326], [-65.97380689594046, 17.9920754179582], [-65.97420562406546, 17.991391038846043], [-65.9741662985431, 17.992574655416846], [-65.97443379386206, 17.991968666591998], [-65.97456502592505, 17.99189027798805], [-65.97462206874572, 17.992034684082856], [-65.974526385298, 17.993400702238823], [-65.97890783373518, 17.98084801873511], [-65.97913177446321, 17.980833238164884], [-65.97960686621306, 17.97953804963024], [-65.98080328442236, 17.974748056200685], [-65.9815302112272, 17.97249927161517], [-65.98127745681865, 17.975862915212275], [-65.98048411142679, 17.97919251614969], [-65.98007589030631, 17.982470545321664], [-65.97833578835886, 17.990024551577687], [-65.97829360442078, 17.99126937095867], [-65.97715765362797, 17.997837806332655], [-65.97560731518921, 18.004743011909422], [-65.97457573945817, 18.008393397317395], [-65.97457505295759, 18.008066595554375], [-65.97392163210496, 18.009765771844215], [-65.97279300227336, 18.01412856428181], [-65.97143882672175, 18.020589378839254], [-65.97106844410386, 18.023398603693586], [-65.970609012618, 18.02504139945425], [-65.96940916758369, 18.028197362084267], [-65.96737596673984, 18.035539734542535], [-65.96730040610161, 18.035108919798297], [-65.96715774123797, 18.035432115409357], [-65.9625611424366, 18.053616493418748], [-65.96046986218937, 18.064592934941547], [-65.95858286791496, 18.0718777225755], [-65.95705265154264, 18.07698609693543], [-65.9566067091487, 18.07936450281194], [-65.95600461354226, 18.0813304925003], [-65.95603971085825, 18.07955446337973], [-65.95592631171746, 18.079592452953136], [-65.95592562682212, 18.079265645273164], [-65.95566030341828, 18.07948362952482], [-65.9557452405659, 18.078689220138983]], [[-65.95338664948707, 18.0547537582074], [-65.95299500786506, 18.055969349609377], [-65.95355583728174, 18.05283813767271], [-65.95319346063951, 18.053768524720393], [-65.95331977960076, 18.05277091588671], [-65.95318283070637, 18.05297171011101], [-65.95320283714892, 18.052543300590322], [-65.95396131882086, 18.048252877780858], [-65.95158940585007, 18.05499441517335], [-65.95162084348807, 18.054321204562502], [-65.95141256290492, 18.054683594908965], [-65.95142833953584, 18.053662778755463], [-65.95116370263258, 18.054207564770138], [-65.95159341721542, 18.049786313824313], [-65.95143577698312, 18.050088709889327], [-65.9517540313682, 18.048054295803198], [-65.9508551755821, 18.050911476120472], [-65.95076532533275, 18.050786665276576], [-65.95061340193188, 18.05096665572124], [-65.95062128981625, 18.050456249761282], [-65.95042798460176, 18.050839439653792], [-65.95036454165955, 18.050490625582412], [-65.95014482827573, 18.05109782293599], [-65.95056516709221, 18.04790179443687], [-65.95020919131457, 18.049036587777763], [-65.94997381864803, 18.04929617112151], [-65.94930542242676, 18.050974547865305], [-65.94996547860221, 18.046742922642466], [-65.94933629079328, 18.048606107878335], [-65.94926495910453, 18.0487677040005], [-65.94929994005356, 18.048360098259447], [-65.9489910621779, 18.049169288215506], [-65.94896968594466, 18.048944082376252], [-65.9487792382837, 18.049266073692174], [-65.94815576644403, 18.05100685754128], [-65.94809026721056, 18.049677626346945], [-65.94662155632355, 18.052785964125235], [-65.9466294450701, 18.05227555393169], [-65.94645683033133, 18.052557146217072], [-65.94645042860456, 18.05235274415745], [-65.9458076368229, 18.05484873929026], [-65.94478966580768, 18.05786631311793], [-65.94464060082251, 18.057985100752422], [-65.94457647137973, 18.057309484918022], [-65.94416631119712, 18.058238669353933], [-65.94401941812708, 18.05796945241523], [-65.94408938076823, 18.05715423924976], [-65.9431319942795, 18.06058182995898], [-65.94312925309289, 18.059274605156048], [-65.94277545083563, 18.060021388006795], [-65.94279191322407, 18.059327375299677], [-65.9425008681515, 18.06009616877542], [-65.94244028288193, 18.059686153577232], [-65.94224126157908, 18.060191747406726], [-65.94221702779231, 18.06002774014406], [-65.94250464592078, 18.05762491841901], [-65.94247915871027, 18.055438872416886], [-65.94305142092763, 18.052062853473107], [-65.94279821447672, 18.05236284008098], [-65.94002528337451, 18.06154519300552], [-65.93896593054566, 18.064765966281037], [-65.93844237036008, 18.06573314452394], [-65.93887985720342, 18.062169909314314], [-65.93838842041335, 18.06279068039275], [-65.93839413638258, 18.062668279005987], [-65.93914335791204, 18.058234656947075], [-65.93892947858876, 18.0573510210672], [-65.93905877245177, 18.0549237834936], [-65.94069107399856, 18.048653793037325], [-65.94066466669142, 18.048877796264804], [-65.94222128950871, 18.043545422910984], [-65.9425579446013, 18.04316584253716], [-65.94255577268618, 18.043553847110356], [-65.94268060388457, 18.043271052213203], [-65.94274050351572, 18.043354261414784], [-65.9429252359505, 18.043154669802263], [-65.94297942035547, 18.043360278707244], [-65.94369137104859, 18.041090696259047], [-65.94375195718031, 18.041500707223648], [-65.94441681009054, 18.03955672561006], [-65.94709566187485, 18.02965715352544], [-65.95204114983176, 18.00980677243557], [-65.95203543460558, 18.00992917213897], [-65.95212745677006, 18.009665978409675], [-65.95204034770731, 18.010848392368707], [-65.95220084549314, 18.010484797727106], [-65.95216300699057, 18.010953602044747], [-65.95223148100668, 18.01085320704939], [-65.95193106028687, 18.01284722042162], [-65.95214505683926, 18.01236242868839], [-65.95211007514716, 18.01277003611281], [-65.95219924050117, 18.012568039276736], [-65.95461402304844, 18.00490848849987], [-65.9600829539618, 17.9854593567802], [-65.9591909494774, 17.991584606296865], [-65.95929005986923, 17.991852616390208], [-65.96009186081169, 17.989707844785908], [-65.96016456389636, 17.99019985810673], [-65.96096990889293, 17.988320689688866], [-65.96087628173647, 17.990667124967793], [-65.96130713239482, 17.989636342924754], [-65.96137057619919, 17.989985152762543], [-65.96175147140201, 17.989341172680923], [-65.9617763909463, 17.989831983389973], [-65.96197106681366, 17.990102404623816], [-65.962871978891, 17.988225641429498], [-65.96289907035042, 17.988328447565355], [-65.96262654395754, 17.989383645456936], [-65.96183433550337, 17.99610371106355], [-65.96097880059305, 18.001106536669045], [-65.96117633401394, 18.0013157593263], [-65.96142885482642, 18.000688966721818], [-65.96145023105966, 18.00091417256107], [-65.95927687121834, 18.012623824893122], [-65.95823100587617, 18.016580214201433], [-65.95724355314536, 18.021334624964492], [-65.95723634941325, 18.022171840287783], [-65.95746886452625, 18.021973455520623], [-65.95747595114834, 18.022504665260215], [-65.95769634856534, 18.022224279820193], [-65.95773841613646, 18.022347883818732], [-65.95744085297018, 18.02428069861437], [-65.95770834828916, 18.02367470978952], [-65.95788164866633, 18.023719923500746], [-65.95798864694254, 18.02347752763413], [-65.95969582262695, 18.017311550159075], [-65.9608621745942, 18.01384837678336], [-65.96063159854333, 18.016395606286583], [-65.95960767710062, 18.022272436727224], [-65.96023114807812, 18.020531657111704], [-65.96036226377416, 18.021821691887276], [-65.9585750647869, 18.029701297294544], [-65.95904729812105, 18.02846731157007], [-65.95849561001248, 18.033110156286238], [-65.95717069932155, 18.039285769039616], [-65.95605463774217, 18.04679422250602], [-65.95556022605034, 18.048844622324374], [-65.95481192301227, 18.050868201070635], [-65.95489114419065, 18.05019619307156], [-65.95473064640481, 18.050559787713162], [-65.95341728500061, 18.05512216752969], [-65.95338664948707, 18.0547537582074]], [[-65.92336862723346, 18.16451343002905], [-65.92220078750337, 18.168691417341293], [-65.92219724505449, 18.16842580823791], [-65.92196827313344, 18.16888980042509], [-65.9210502137723, 18.171133768646555], [-65.92112737865942, 18.169481343524524], [-65.92067937997423, 18.170879332278073], [-65.92063376995422, 18.170490119176154], [-65.92012655567105, 18.17213171064168], [-65.9202550474096, 18.170746093001217], [-65.92001681620825, 18.171066881705364], [-65.91986420791204, 18.170920064470057], [-65.91972725901763, 18.171120858694355], [-65.91832050405303, 18.175292822797186], [-65.91870014595123, 18.172626801425885], [-65.91856536971503, 18.172439589393626], [-65.91860035066406, 18.172031983652573], [-65.91839207008091, 18.172394373999037], [-65.91846843284358, 18.171783568810138], [-65.91813886363002, 18.17269436060691], [-65.91870609551654, 18.1697675490465], [-65.91852136394392, 18.169967136425438], [-65.91852067904858, 18.16964032874547], [-65.9182503253139, 18.170307520380494], [-65.91818973918217, 18.16989750941589], [-65.91804353175054, 18.169955098473793], [-65.9180606797774, 18.169587891763282], [-65.918956794496, 18.16542348409285], [-65.91900538090391, 18.164383065088128], [-65.91830131735212, 18.16614224325973], [-65.91816436920078, 18.166343035800665], [-65.91814585064019, 18.1660566288346], [-65.91807451895143, 18.166218224956765], [-65.91759085281662, 18.16769701768835], [-65.91672468797314, 18.171903028684458], [-65.91511593692303, 18.17801021280648], [-65.91482489196956, 18.178779003731997], [-65.91461306807535, 18.178875789208668], [-65.91399736775313, 18.181474590477332], [-65.9126405689871, 18.18525975093538], [-65.91255140363309, 18.185461747771452], [-65.91254145945746, 18.18499173660845], [-65.91217553950418, 18.18565651878634], [-65.91233112258304, 18.184373709831956], [-65.91219063123977, 18.18430889495287], [-65.91223772902265, 18.18398329411826], [-65.91301324149231, 18.180694092211386], [-65.91300684062773, 18.18048968591818], [-65.91236770852406, 18.18188286254127], [-65.91277512752008, 18.17964645330243], [-65.91563665470484, 18.168566874165695], [-65.91683456228225, 18.163062060882663], [-65.9168310189712, 18.16279645601287], [-65.91660490472279, 18.163199247073237], [-65.91651151116238, 18.16280883135954], [-65.91617908427618, 18.16378082428313], [-65.91642109238464, 18.160988789456155], [-65.91717168531002, 18.157208776840235], [-65.91709040870256, 18.156900363482762], [-65.91692636760568, 18.15699835325457], [-65.91625648362154, 18.159391543934888], [-65.916225848108, 18.159023134612603], [-65.91588347704617, 18.15952511637319], [-65.91571017741205, 18.1594799009786], [-65.91566170897633, 18.159151890686854], [-65.91635880239207, 18.155493076845918], [-65.91645162828624, 18.15418825726654], [-65.91591880882038, 18.155012232026408], [-65.91535455257869, 18.15650941316354], [-65.91564857231481, 18.15431099604833], [-65.91524915929446, 18.15466856748052], [-65.9146990754348, 18.15722817233042], [-65.91410349866513, 18.15803013901552], [-65.91547368530591, 18.147811653078364], [-65.91493011953995, 18.149207236608365], [-65.91487879268851, 18.148940429126796], [-65.91475396149012, 18.149223224023952], [-65.91439798657466, 18.150358013131257], [-65.91439307186768, 18.149438798818473], [-65.91413986702203, 18.1497387795094], [-65.91324889986339, 18.152085552183355], [-65.9132988553189, 18.151698750221936], [-65.91320683154918, 18.15196194986818], [-65.91320968996489, 18.151900747058008], [-65.91385030896924, 18.149792760731977], [-65.91472573309302, 18.1457299532189], [-65.91551473304936, 18.14317636734482], [-65.91622394341806, 18.13959955586011], [-65.91675824990372, 18.138060768847076], [-65.9178005726779, 18.133838772985605], [-65.91831133027213, 18.132462786389873], [-65.9182877813807, 18.13262558680718], [-65.91837980428825, 18.13236239139452], [-65.91832698967396, 18.132810397849475], [-65.91850532038198, 18.132406404177335], [-65.91923796327515, 18.130035215654836], [-65.91899526940918, 18.132500447035426], [-65.91906374428747, 18.13240004780648], [-65.91903733698032, 18.13262405103396], [-65.91937044950494, 18.13197886410698], [-65.9190850032916, 18.13399368125884], [-65.91931683276619, 18.133468490495073], [-65.91916342234552, 18.1343632931929], [-65.91932106171564, 18.134060901361476], [-65.92359220228072, 18.11874815531173], [-65.92423362427171, 18.11559854481898], [-65.92428712378134, 18.115477346043992], [-65.9243084991524, 18.115702556116833], [-65.92436839964573, 18.115785761084826], [-65.92443973207754, 18.1156241632793], [-65.92448179878652, 18.115747771511423], [-65.92431261099185, 18.117663392046115], [-65.9261103234262, 18.111949027177975], [-65.92646492780793, 18.11016062439409], [-65.92648859392847, 18.108629396363682], [-65.9252894337895, 18.11211216667367], [-65.92893162249004, 18.09592574726686], [-65.92905222548204, 18.09505053981994], [-65.9288503450204, 18.095617338142976], [-65.92886749304725, 18.09525013143246], [-65.92958882111195, 18.091755320620607], [-65.92967307250206, 18.09063410778839], [-65.92958390714804, 18.090836104624458], [-65.93002344953956, 18.088253288221154], [-65.92991645126337, 18.088495684087768], [-65.93248910689593, 18.07779688793663], [-65.9327866699431, 18.075864075691214], [-65.93275031846032, 18.07561806775569], [-65.93258124703259, 18.076165264910866], [-65.9326661841802, 18.07537085552503], [-65.93407945735763, 18.070034867552078], [-65.9344747594007, 18.067716455957015], [-65.93449396371881, 18.068329666369465], [-65.93490629581656, 18.067012477360358], [-65.93548427400316, 18.063514057029817], [-65.93564831435698, 18.063416068941375], [-65.93567106112395, 18.064294888457205], [-65.93580229404911, 18.06421649561967], [-65.93592849578124, 18.06458731439909], [-65.9361068257462, 18.06418332241031], [-65.93617027029364, 18.06453213056474], [-65.93667245264074, 18.063339752399532], [-65.9391094135457, 18.054863787528785], [-65.93892947858876, 18.0573510210672], [-65.93914335791204, 18.058234656947075], [-65.93839413638258, 18.062668279005987], [-65.93838842041335, 18.06279068039275], [-65.93887985720342, 18.062169909314314], [-65.93844237036008, 18.06573314452394], [-65.93896593054566, 18.064765966281037], [-65.94120592495288, 18.05777601572947], [-65.94214833607298, 18.054327625474205], [-65.94279821447672, 18.05236284008098], [-65.94305142092763, 18.052062853473107], [-65.94247915871027, 18.055438872416886], [-65.94250464592078, 18.05762491841901], [-65.94221702779231, 18.06002774014406], [-65.94224126157908, 18.060191747406726], [-65.94244028288193, 18.059686153577232], [-65.9425008681515, 18.06009616877542], [-65.94279191322407, 18.059327375299677], [-65.94277545083563, 18.060021388006795], [-65.94312925309289, 18.059274605156048], [-65.9431319942795, 18.06058182995898], [-65.94408938076823, 18.05715423924976], [-65.94401941812708, 18.05796945241523], [-65.94416631119712, 18.058238669353933], [-65.94457647137973, 18.057309484918022], [-65.94464060082251, 18.057985100752422], [-65.94478966580768, 18.05786631311793], [-65.9458076368229, 18.05484873929026], [-65.94645042860456, 18.05235274415745], [-65.94645683033133, 18.052557146217072], [-65.9466294450701, 18.05227555393169], [-65.94662155632355, 18.052785964125235], [-65.94809026721056, 18.049677626346945], [-65.94815576644403, 18.05100685754128], [-65.9487792382837, 18.049266073692174], [-65.94896968594466, 18.048944082376252], [-65.9489910621779, 18.049169288215506], [-65.94929994005356, 18.048360098259447], [-65.94926495910453, 18.0487677040005], [-65.94933629079328, 18.048606107878335], [-65.94996547860221, 18.046742922642466], [-65.94930542242676, 18.050974547865305], [-65.94997381864803, 18.04929617112151], [-65.95020919131457, 18.049036587777763], [-65.95056516709221, 18.04790179443687], [-65.95014482827573, 18.05109782293599], [-65.95036454165955, 18.050490625582412], [-65.95042798460176, 18.050839439653792], [-65.95062128981625, 18.050456249761282], [-65.95061340193188, 18.05096665572124], [-65.95076532533275, 18.050786665276576], [-65.9508551755821, 18.050911476120472], [-65.9517540313682, 18.048054295803198], [-65.95143577698312, 18.050088709889327], [-65.95159341721542, 18.049786313824313], [-65.95116370263258, 18.054207564770138], [-65.95142833953584, 18.053662778755463], [-65.95141256290492, 18.054683594908965], [-65.95162084348807, 18.054321204562502], [-65.95158940585007, 18.05499441517335], [-65.95396131882086, 18.048252877780858], [-65.95320283714892, 18.052543300590322], [-65.95318283070637, 18.05297171011101], [-65.95331977960076, 18.05277091588671], [-65.95319346063951, 18.053768524720393], [-65.95355583728174, 18.05283813767271], [-65.95299500786506, 18.055969349609377], [-65.95345226508748, 18.05471456602222], [-65.95341728500061, 18.05512216752969], [-65.95349147498597, 18.05489937114757], [-65.95482266931236, 18.0502965923005], [-65.95489114419065, 18.05019619307156], [-65.95481192301227, 18.050868201070635], [-65.95567293955271, 18.04847982675436], [-65.955741414431, 18.04837942752542], [-65.95574495687988, 18.048645036628802], [-65.95600959538838, 18.048100244697174], [-65.95587538768058, 18.0496082637244], [-65.95655098763396, 18.047092671657317], [-65.95774294478389, 18.044447114987257], [-65.95781061593249, 18.0453883416084], [-65.95795682410717, 18.045330750867137], [-65.95778397577234, 18.04834919414514], [-65.95780820955912, 18.048513201407804], [-65.9579301823418, 18.048291609320824], [-65.95806564347333, 18.048805629033055], [-65.9569954262531, 18.053966442925393], [-65.9561835639059, 18.057009630979792], [-65.95630839510427, 18.05672683608264], [-65.95606433070456, 18.058538453786653], [-65.95566411469758, 18.059937649385564], [-65.95548864240527, 18.06028044024753], [-65.95536598386508, 18.06017522888813], [-65.95477817873196, 18.061835210442567], [-65.95140657810524, 18.074617585538366], [-65.95064398545603, 18.07694716818496], [-65.94906655481479, 18.083749569309237], [-65.948374608959, 18.0855907481537], [-65.94842959548843, 18.084754737125547], [-65.94832545562794, 18.084935930181985], [-65.94756857820492, 18.087143113125183], [-65.94759075730568, 18.08632669734794], [-65.94749873353595, 18.086589896994184], [-65.9455111427121, 18.09432148255437], [-65.94543981028028, 18.0944830803599], [-65.94540631635103, 18.09417587384779], [-65.94446104842048, 18.09768546099628], [-65.94446322107868, 18.097297454739724], [-65.94433553146457, 18.097641452447053], [-65.94432627218427, 18.09749824896402], [-65.94466590205951, 18.095689042400505], [-65.94463675517102, 18.094605814908107], [-65.94402471452678, 18.09610179766705], [-65.94419527371736, 18.094839786575346], [-65.9439163464599, 18.095690578173723], [-65.94396275860436, 18.09503817134251], [-65.9435882650092, 18.09588655603397], [-65.9437339047746, 18.094133731682994], [-65.94330373814942, 18.095491325639593], [-65.94339724893894, 18.094513313740183], [-65.94246409784222, 18.098104905795118], [-65.93986309658344, 18.10667885875431], [-65.93975541266883, 18.106594448624314], [-65.93936377104681, 18.10781004002629], [-65.93943441784023, 18.107321636224153], [-65.93933313553327, 18.107441630704006], [-65.93934456759088, 18.107196825380257], [-65.9391719528521, 18.107478417665636], [-65.93907570087599, 18.107149204762116], [-65.93894161039731, 18.10728879617624], [-65.93891028998843, 18.106593579173982], [-65.93856220295734, 18.107217962321332], [-65.93749278786156, 18.111337156280534], [-65.93693493248446, 18.113038743710874], [-65.93684794065082, 18.1128527300568], [-65.93669955969882, 18.113298329604845], [-65.93622366668669, 18.11563513383904], [-65.9360096701343, 18.116119925572267], [-65.93595834328286, 18.115853118090698], [-65.93585134500665, 18.11609551395731], [-65.93546747490207, 18.118169122778845], [-65.93403854083671, 18.12315750265892], [-65.93365318371234, 18.12594592373362], [-65.93262377989643, 18.1292083045684], [-65.93180471369801, 18.133088710496317], [-65.9306119552858, 18.136775882865923], [-65.93025734929884, 18.138564291566755], [-65.9305847458542, 18.138041506026536], [-65.93057902988495, 18.1381639074133], [-65.92763164545593, 18.152447945165473], [-65.9265295401606, 18.15521830676248], [-65.92623632242982, 18.15637510649478], [-65.92601592501283, 18.1566554919348], [-65.92403130822856, 18.162957452988657], [-65.92336862723346, 18.16451343002905]], [[-65.79407268115965, 18.194605283380422], [-65.78234392050956, 18.200063787165465], [-65.78196567224417, 18.20022493998581], [-65.78412516775555, 18.199062229160628], [-65.78116104195566, 18.20040077257925], [-65.78132218868274, 18.200280294185976], [-65.78062515404689, 18.200453881471827], [-65.82250009530405, 18.17913852470687], [-65.82612988543406, 18.176920015032334], [-65.83110178472349, 18.174280228317024], [-65.8501507407233, 18.164782500795937], [-65.8576655307708, 18.161371066220294], [-65.83789780045126, 18.171128141804225], [-65.84510787476376, 18.167788129583194], [-65.84563577178209, 18.167723618812104], [-65.84736587409543, 18.16703832950889], [-65.85610893486879, 18.16308220295534], [-65.86156300870292, 18.16042946564112], [-65.86195533017491, 18.16032729951162], [-65.8604367413338, 18.161158549881335], [-65.86358823901011, 18.159853690613932], [-65.82090226662369, 18.18114114285925], [-65.81735751214053, 18.18305279922901], [-65.8004857958908, 18.19129635420867], [-65.79407268115965, 18.194605283380422]], [[-65.79273749692263, 18.19262336454217], [-65.77134562261595, 18.202282744817232], [-65.78442492863053, 18.195675512514843], [-65.775158136121, 18.19977992173829], [-65.76185723721409, 18.206187908100663], [-65.77215546430453, 18.200791055479026], [-65.80490579883946, 18.184872649502392], [-65.82764499279321, 18.173476135761987], [-65.83462531771588, 18.169847402686546], [-65.83325972001677, 18.170468699428405], [-65.83427280366716, 18.169928495989346], [-65.83403987583661, 18.170024444725996], [-65.85005549079334, 18.162116842573123], [-65.85747769372965, 18.158262009023055], [-65.85722477764214, 18.15832945841434], [-65.86789008366682, 18.15314472068491], [-65.87138320153842, 18.151315111512616], [-65.87025245127501, 18.15180427123309], [-65.8725972402516, 18.150633356533394], [-65.87078193668434, 18.151547426105505], [-65.8746576294807, 18.149718511123883], [-65.87140510591695, 18.151307424091694], [-65.87341769260249, 18.150402251706698], [-65.87396907907292, 18.150137720914334], [-65.87299164179352, 18.15057307755156], [-65.87789033039455, 18.148179171846586], [-65.87289779070446, 18.150478162279974], [-65.87753940473684, 18.148067930792887], [-65.88688548602106, 18.143765227447766], [-65.88705670627965, 18.14369803688241], [-65.8860837561244, 18.144373315963044], [-65.88656368590452, 18.1442404048604], [-65.88581134694243, 18.14464648599467], [-65.8969092718826, 18.139572731691274], [-65.89734331781187, 18.1394133056486], [-65.89574511669537, 18.140286700473453], [-65.90292146332962, 18.137015347089715], [-65.90334351703464, 18.13683882118367], [-65.90165370959365, 18.13773726124067], [-65.90219742958679, 18.13761747791614], [-65.90555371382275, 18.13609869413388], [-65.89275305645364, 18.142558418405514], [-65.89566138716083, 18.141218147010964], [-65.89343010631612, 18.14235633025585], [-65.89434983055637, 18.14195543304936], [-65.89416678533932, 18.14208359590916], [-65.8942722983509, 18.142039464652168], [-65.90607059774486, 18.136485528584064], [-65.915113392879, 18.13198383692659], [-65.91944103630807, 18.129982109618446], [-65.91989298785323, 18.129809296971736], [-65.91738705380827, 18.131100689186635], [-65.92137050272207, 18.129347604329823], [-65.91107002995462, 18.134624496767913], [-65.8937446123915, 18.14315512363857], [-65.86523978271326, 18.15781091328982], [-65.8501507407233, 18.164782500795937], [-65.83110178472349, 18.174280228317024], [-65.82612988543406, 18.176920015032334], [-65.81740538499145, 18.181175050720142], [-65.79273749692263, 18.19262336454217]], [[-65.74088507411392, 18.22026002931235], [-65.73482540876634, 18.222983234208442], [-65.73509606652138, 18.22282432429917], [-65.73470374504939, 18.22292649042867], [-65.73531667771455, 18.222555126352805], [-65.7328796260399, 18.22343879142442], [-65.72652932239377, 18.22629240328964], [-65.7285591590679, 18.2250615488825], [-65.72406571949794, 18.226865757348484], [-65.71428159518052, 18.231322186675094], [-65.71441492504985, 18.231239881849962], [-65.71417799920295, 18.231330130845613], [-65.71443074968337, 18.23118460841845], [-65.71131714239633, 18.23250458194563], [-65.71227651102392, 18.232004537678304], [-65.7117051397801, 18.232240567606855], [-65.68321784236916, 18.24575374764673], [-65.6790530970941, 18.24752073643924], [-65.68026713580727, 18.24683898146002], [-65.68002221318135, 18.246917831531558], [-65.67051723084704, 18.2514609734535], [-65.66955162018479, 18.251835356918214], [-65.68669782659886, 18.243360518734402], [-65.68691476675995, 18.243241769195123], [-65.68454375188777, 18.244258521908208], [-65.68690628253188, 18.242996146690523], [-65.67661408459229, 18.247467512539828], [-65.66457294430106, 18.25314218494906], [-65.67605005284148, 18.247402646852457], [-65.6764719451693, 18.247148045834205], [-65.67552823556815, 18.247514743634135], [-65.6779764591451, 18.246257809651716], [-65.71039075732098, 18.230677520162732], [-65.71853381298826, 18.226605226575558], [-65.71869304102262, 18.22652093614683], [-65.71836450976365, 18.22663623005444], [-65.72000859473101, 18.225789350169617], [-65.7187763243301, 18.226328343284596], [-65.7200718932651, 18.22556825644357], [-65.72257399490077, 18.22434923752355], [-65.72454885423296, 18.22350702511292], [-65.72253659453172, 18.224568345646006], [-65.73317840687444, 18.219583630014178], [-65.73337552529809, 18.21951445384523], [-65.73290583465655, 18.21977872581167], [-65.73405049674933, 18.21927047766983], [-65.73261552077113, 18.220065282127145], [-65.7372796922382, 18.217959659835504], [-65.765364101308, 18.20426113747112], [-65.76185723721409, 18.206187908100663], [-65.775158136121, 18.19977992173829], [-65.78442492863053, 18.195675512514843], [-65.77134562261595, 18.202282744817232], [-65.79344619605214, 18.192310729529485], [-65.79288697840978, 18.192641934433613], [-65.79299648852529, 18.192603503237805], [-65.80198381463856, 18.188256232072682], [-65.81740538499145, 18.181175050720142], [-65.82612988543406, 18.176920015032334], [-65.82269913076169, 18.179033161451443], [-65.81323077483881, 18.183939901336004], [-65.78062515404689, 18.200453881471827], [-65.78132218868274, 18.200280294185976], [-65.78116104195566, 18.20040077257925], [-65.78412516775555, 18.199062229160628], [-65.78196567224417, 18.20022493998581], [-65.76097191521707, 18.21064666860926], [-65.74836323517887, 18.216484997972348], [-65.74088507411392, 18.22026002931235]], [[-65.44235371781278, 18.088699527084305], [-65.44271010311802, 18.08958700633376], [-65.4420317113466, 18.0892858432022], [-65.44142865591071, 18.08850057695842], [-65.4407502641393, 18.088199413826867], [-65.4400033034886, 18.08727969073828], [-65.4397496873812, 18.086155531776267], [-65.44033208283591, 18.085590711998975], [-65.44029094139405, 18.08521957499376], [-65.44056503896212, 18.08536478493991], [-65.44079799994178, 18.085138853173728], [-65.44131876706906, 18.085181844959237], [-65.44192182250495, 18.08596711120302], [-65.44300450362627, 18.0864242322271], [-65.44303193106369, 18.086671655178918], [-65.4434636532759, 18.087075036471113], [-65.44353222215518, 18.087693596428142], [-65.44332669403784, 18.08816695159399], [-65.44235371781278, 18.088699527084305]], [[-65.40137203144266, 18.10652263673231], [-65.40135831800967, 18.106398927833887], [-65.40122812622785, 18.10638817988751], [-65.40120069821899, 18.106140751780725], [-65.4013308900008, 18.1061514997271], [-65.40111841590671, 18.105398482925267], [-65.40136508546591, 18.10529626476463], [-65.4017693802407, 18.105452223105004], [-65.4016803293293, 18.105812607008872], [-65.40185166255297, 18.10619449196046], [-65.40199556833922, 18.10632895396023], [-65.40211204611661, 18.106215987853215], [-65.40200928234366, 18.106452668013624], [-65.40225595190286, 18.106350449852982], [-65.40254376832881, 18.106619369145406], [-65.40257119576624, 18.106866792097225], [-65.38655748725479, 18.105544784840124], [-65.38677673537289, 18.105195149330484], [-65.38673559393104, 18.104824012325274], [-65.38644777693365, 18.104555087877884], [-65.38591329637337, 18.104388387193946], [-65.3853376683749, 18.103850543901984], [-65.3848236692753, 18.102704894202184], [-65.38400136629275, 18.10226926862301], [-65.38342574371917, 18.101731425778897], [-65.38293916663213, 18.100833198583064], [-65.3831584141788, 18.10048355791846], [-65.38389842885275, 18.10017690903936], [-65.38411767097453, 18.0998272679269], [-65.38476863530852, 18.09988100810664], [-65.38589922532793, 18.099606603066672], [-65.3870709622141, 18.099703335479767], [-65.38730391834031, 18.099477408420704], [-65.38751639300584, 18.100230430377504], [-65.38728343687963, 18.100456357436567], [-65.38731086431706, 18.100703780388386], [-65.38805782553919, 18.10162350863194], [-65.39032595697965, 18.102301070967542], [-65.39055891310588, 18.102075143908475], [-65.39057939456656, 18.101096194892612], [-65.39069587776882, 18.100983229233446], [-65.39166208111276, 18.10155331636454], [-65.3925048601311, 18.10100999248], [-65.39249114612666, 18.100886278426607], [-65.39312839645622, 18.10081630455295], [-65.39349154436427, 18.100601125440264], [-65.3939300340327, 18.0999018436632], [-65.39308030903761, 18.099218795580057], [-65.393183073382, 18.098982120574615], [-65.39367641849675, 18.098777689856156], [-65.39345022982678, 18.09790095384596], [-65.39329261060753, 18.097642782947766], [-65.3920523048421, 18.09692749057764], [-65.39183983017655, 18.09617446862084], [-65.39259355885494, 18.095991533795136], [-65.39282651440972, 18.095765601581103], [-65.39334728696188, 18.09580859381446], [-65.3935665296551, 18.095458957856973], [-65.39353910164624, 18.095211529750188], [-65.39378577720177, 18.095109317192364], [-65.39438882664133, 18.09589457783333], [-65.39488217175608, 18.09569014711487], [-65.39566332787189, 18.095754635240983], [-65.39619781442849, 18.095921341527735], [-65.39648562542956, 18.09619026037231], [-65.39681457787249, 18.096830316222093], [-65.39686943331878, 18.097325167280697], [-65.3974313473128, 18.09773929651927], [-65.39767801687202, 18.09763707835863], [-65.39795211986498, 18.09778228875263], [-65.39819202196794, 18.098782733661245], [-65.39862373875526, 18.099186114505592], [-65.39880879083682, 18.099691708803455], [-65.39893898261865, 18.09970245674983], [-65.39926793506157, 18.100342512599617], [-65.39982984905559, 18.10075664183819], [-65.40001489628371, 18.10126224084317], [-65.40030270728478, 18.10153115968774], [-65.40034384872664, 18.101902296692955], [-65.4011798597173, 18.102461630722704], [-65.40122100115916, 18.102832767727918], [-65.40064537915703, 18.10229493003877], [-65.40038499016849, 18.102273433698166], [-65.400083465163, 18.1018808008002], [-65.39970659782564, 18.101972265411643], [-65.40001507480422, 18.10359127588011], [-65.39982325469497, 18.104188339496538], [-65.39989182357425, 18.104806899453568], [-65.40019335400464, 18.105199532799382], [-65.40027563688835, 18.105941806809806], [-65.40108422044159, 18.10625371788774], [-65.40122812622785, 18.10638817988751], [-65.40137203144266, 18.10652263673231]], [[-65.40372921379452, 18.106839815164044], [-65.40410608056044, 18.106748345397634], [-65.40426369977969, 18.10700651629583], [-65.40283157932988, 18.10688828798998], [-65.4030645354561, 18.106662360930915], [-65.40279043845946, 18.106517156139734], [-65.4027630104506, 18.10626972803295], [-65.40250262688696, 18.106248232140196], [-65.4024614854451, 18.105877095134982], [-65.40259167722692, 18.105887843081362], [-65.40242034457468, 18.105505963284738], [-65.40318778668606, 18.10544673735746], [-65.40317407268162, 18.105323023304067], [-65.4035509345941, 18.10523155824477], [-65.40424304036995, 18.105656435429722], [-65.40408542057926, 18.105398259376557], [-65.40433209070991, 18.105296046370885], [-65.40421561236109, 18.105409007322933], [-65.40448970992915, 18.10555421726908], [-65.40451713736658, 18.1058016402209], [-65.40438694558476, 18.105790892274523], [-65.40454456480401, 18.10604906317272], [-65.4041951309004, 18.1063879563388], [-65.40368807235267, 18.106468678158834], [-65.40372921379452, 18.106839815164044]], [[-65.47623460655885, 18.13599309881439], [-65.47624832056327, 18.136116812867783], [-65.47585774521781, 18.13608456902865], [-65.47584403121337, 18.135960854975256], [-65.47477506409649, 18.13562744800457], [-65.474425624768, 18.1359663407228], [-65.47221234820239, 18.135783624290838], [-65.4711091856204, 18.13630545228262], [-65.47019783229788, 18.136230215762282], [-65.46997859017611, 18.13657985687474], [-65.46947153105693, 18.136660573539807], [-65.46948524506136, 18.136784287593198], [-65.46714177671393, 18.136590823214856], [-65.46715549071837, 18.13671453726825], [-65.28096619418817, 18.1212211497243], [-65.28122658317669, 18.121242646064903], [-65.28144582529848, 18.120893004952446], [-65.28326852109375, 18.121043477097427], [-65.28450188088243, 18.120532397499872], [-65.28509798977014, 18.120091286621], [-65.28530351845893, 18.11961793661012], [-65.28598867825802, 18.118816441827384], [-65.28606402001844, 18.118332339163008], [-65.28593382281174, 18.11832159076878], [-65.28589268136987, 18.117950453763566], [-65.28559115636438, 18.117557820865603], [-65.28585153992802, 18.117579316758356], [-65.28613935635397, 18.11784823605078], [-65.28674917981755, 18.11753084438027], [-65.28672851983636, 18.116180758359192], [-65.28578279795312, 18.114631722212234], [-65.28522088395908, 18.114217592973663], [-65.28417934427964, 18.114131608954796], [-65.28359694882494, 18.11469642873209], [-65.28355580738307, 18.114325291726878], [-65.28270608238797, 18.113642243643735], [-65.28304180285859, 18.11317964157923], [-65.28378181753254, 18.11287299270013], [-65.28384344585996, 18.112265181137328], [-65.28443954932277, 18.11182406981061], [-65.2844669767602, 18.11207149276243], [-65.28488498553942, 18.112351165156195], [-65.28581004687004, 18.112550110127113], [-65.28618691420739, 18.112458645515666], [-65.28674187622835, 18.111646397183737], [-65.28769437099272, 18.11209277070929], [-65.28818771068258, 18.11188833954298], [-65.28888658391467, 18.11121055365867], [-65.28914697290321, 18.111232049999273], [-65.28943478390427, 18.11150096884385], [-65.29060652079043, 18.111597701256944], [-65.2907504265767, 18.111732163256715], [-65.29112728791772, 18.111640693042453], [-65.29169596993943, 18.110952164366733], [-65.29158625961828, 18.10996246740449], [-65.29193569894677, 18.10962357468626], [-65.29194941237976, 18.109747283584685], [-65.2922097959434, 18.10976877947744], [-65.29252503495334, 18.1102851264288], [-65.29275122847676, 18.111161857731876], [-65.29318294526408, 18.11156523857622], [-65.29383390959808, 18.111618978755956], [-65.294162862041, 18.112259034605742], [-65.29530040403348, 18.113211007136275], [-65.29636937115036, 18.11354441410696], [-65.29749996659467, 18.113270009514846], [-65.29815092550378, 18.11332374924673], [-65.29813721149934, 18.113200035193337], [-65.29891836761514, 18.11326452331945], [-65.29915132916625, 18.113038596708236], [-65.30016544140828, 18.112877157775287], [-65.30013801397085, 18.112629734823468], [-65.30039840295937, 18.112651231164072], [-65.30135765975511, 18.111994941172515], [-65.30198119665168, 18.111801258400433], [-65.30328989277591, 18.11080607569065], [-65.30371466358648, 18.109983084567308], [-65.3035433303628, 18.10960119961572], [-65.30312532700847, 18.109321527669803], [-65.30330342825984, 18.1086007547071], [-65.30309095359429, 18.1078477327503], [-65.30322114537611, 18.107858480696677], [-65.30356381182348, 18.108622250599854], [-65.30500964570628, 18.10886418780413], [-65.30572917891955, 18.109536487940897], [-65.30578403436584, 18.1100313389995], [-65.30560593368591, 18.11075211711717], [-65.30619526969248, 18.11141366885971], [-65.30651051355586, 18.11193001110395], [-65.30655165499772, 18.112301148109164], [-65.30699708578948, 18.1128282430069], [-65.3089911202333, 18.11336060055132], [-65.31022447945055, 18.112849515798796], [-65.31067667769855, 18.112273947627273], [-65.31069715915923, 18.11129499861141], [-65.30938828993939, 18.109961146732104], [-65.3094361988375, 18.109229620668057], [-65.30962801352186, 18.10863255660378], [-65.31027897785584, 18.108686296783517], [-65.31088880074797, 18.10836889995804], [-65.31110804286976, 18.108019258845584], [-65.31105318799491, 18.10752441294195], [-65.3108681407668, 18.107018813936964], [-65.31026509075579, 18.106233548141034], [-65.30870954655185, 18.105001913974515], [-65.30868211854299, 18.10475448586773], [-65.30905898045546, 18.104663020808434], [-65.30979222767317, 18.105459034998596], [-65.31086119479005, 18.10579244196928], [-65.3115053916678, 18.106948845218277], [-65.31206730509038, 18.107362969301878], [-65.31209473309924, 18.107610397408667], [-65.31238254410032, 18.10787931625324], [-65.31280055230809, 18.10815898349204], [-65.31369818677273, 18.108110510666105], [-65.31415038987417, 18.107534937787467], [-65.31418458533928, 18.106679702824994], [-65.31290313813199, 18.105593273449657], [-65.31256047168462, 18.10482950354648], [-65.31230008812098, 18.104808007653723], [-65.31195741624873, 18.1040442373027], [-65.31239590648863, 18.103344960680598], [-65.31236847847975, 18.103097532573813], [-65.3118339924946, 18.10293083144203], [-65.3115461809221, 18.10266190744249], [-65.31151875348466, 18.10241448449067], [-65.31227248216305, 18.102231549664964], [-65.31250543828926, 18.1020056226059], [-65.31237524650744, 18.10199487465952], [-65.31234781849858, 18.101747446552736], [-65.31275211327336, 18.10190340489311], [-65.31310154717697, 18.10156451172703], [-65.3139991816416, 18.101516038901096], [-65.31415680086086, 18.10177420979929], [-65.31383479439468, 18.10236052591719], [-65.31390336327395, 18.10297908587422], [-65.31420488827946, 18.103371718772188], [-65.31517109704826, 18.103941806351134], [-65.3160824449459, 18.104017042423624], [-65.31653464262246, 18.103441469097135], [-65.31679503161098, 18.10346296543774], [-65.31698684629535, 18.102865901373463], [-65.31684294108054, 18.10273144452866], [-65.31699361432302, 18.101763243459175], [-65.31626036710533, 18.100967229269013], [-65.31652075609385, 18.100988725609618], [-65.31650704208941, 18.100865011556227], [-65.31711686498154, 18.10054761473075], [-65.31710315154855, 18.100423905832326], [-65.31684276256003, 18.10040240949172], [-65.31658914645263, 18.099278250529707], [-65.31670562423002, 18.099165284422693], [-65.31724011078663, 18.099331990709445], [-65.31752792178769, 18.099600909554017], [-65.31804869433986, 18.099643901787378], [-65.31797335800432, 18.100128004899602], [-65.31852155256904, 18.10041841963693], [-65.3185078385646, 18.10029470558354], [-65.31926157266787, 18.100111771205682], [-65.32038539523104, 18.100940029234973], [-65.3210226455606, 18.100870055361316], [-65.32094036267688, 18.100127781350896], [-65.32065254625094, 18.099858862058472], [-65.32046749959426, 18.099353268208457], [-65.32106360848196, 18.098912157329586], [-65.32162552247598, 18.099326286568157], [-65.32200238381702, 18.099234816353896], [-65.32229020081441, 18.09950374080129], [-65.32233134225626, 18.0998748778065], [-65.32292067826283, 18.100536429549038], [-65.32442136759192, 18.10127321781192], [-65.32507233192591, 18.101326957991656], [-65.3253669158081, 18.100493214214822], [-65.32575749115357, 18.10052545805395], [-65.32617549993279, 18.100805130447718], [-65.32613435849093, 18.100433993442508], [-65.32600416128422, 18.10042324504828], [-65.3261206444865, 18.100310279389117], [-65.32740208626892, 18.101396708316603], [-65.32804628314666, 18.102553111565594], [-65.32810113802151, 18.103047957469233], [-65.32784075445787, 18.10302646157648], [-65.32694988259603, 18.101972276040275], [-65.32668949903238, 18.10195078014752], [-65.32634006512878, 18.1022896733136], [-65.32638120657064, 18.10266081031881], [-65.32568233333855, 18.10333859620312], [-65.32530546657263, 18.103430065969533], [-65.32372944033658, 18.10317737566391], [-65.32198902742503, 18.103769177529355], [-65.32152310974772, 18.104221031199632], [-65.32155053775658, 18.104468459306418], [-65.3210434786374, 18.104549175971485], [-65.3203925143034, 18.104495435791748], [-65.31996079751609, 18.104092054947404], [-65.31900830817659, 18.103645681869704], [-65.31769266607563, 18.103414492611805], [-65.31758990173122, 18.103651167617247], [-65.31774752095048, 18.103909338515443], [-65.31799419108113, 18.10380712550977], [-65.31842591329334, 18.104210506801966], [-65.31832314894893, 18.104447181807405], [-65.31862467395443, 18.10483981470537], [-65.3186658153963, 18.105210951710582], [-65.31843285927008, 18.10543687876965], [-65.31754893338498, 18.105609065201126], [-65.31696654335516, 18.10617388542627], [-65.31670615436664, 18.106152389085665], [-65.31671986837108, 18.10627610313906], [-65.31580852047344, 18.10620086706657], [-65.3154453725654, 18.106416046179255], [-65.31537003080498, 18.106900148843632], [-65.3156989886728, 18.107540205141266], [-65.31575384354765, 18.108035051044904], [-65.31519887610182, 18.108847298928985], [-65.31529487241852, 18.109713281837834], [-65.31567868030774, 18.11084818874622], [-65.31528810496228, 18.110815944907092], [-65.3148700967545, 18.11053627766829], [-65.31417122295097, 18.111214058397632], [-65.31373950673509, 18.110810682708255], [-65.31334892596475, 18.110778438421274], [-65.31259519728636, 18.11096137324698], [-65.31224576338275, 18.11130026641306], [-65.31304063293155, 18.1114884634376], [-65.31428093327212, 18.112203755359875], [-65.31519228116974, 18.112278991432365], [-65.31530875951857, 18.112166030480317], [-65.31584324550373, 18.112332731612103], [-65.31595972385256, 18.112219770660055], [-65.31565819884706, 18.111827137762088], [-65.31538410127898, 18.11168192781594], [-65.3150209485175, 18.111897111635745], [-65.31447274795647, 18.1116066912956], [-65.3143014147328, 18.111224806344012], [-65.31501400196932, 18.110670734513093], [-65.31545943818595, 18.11119782985868], [-65.31583629952699, 18.11110635964442], [-65.31568544776398, 18.109745525676963], [-65.31578821753327, 18.109508851119372], [-65.31556202400985, 18.108632119816296], [-65.31579498498951, 18.108406188050115], [-65.31672004689158, 18.108605138176], [-65.3172956743186, 18.109142976312995], [-65.31793291979471, 18.109073007146456], [-65.31825493168577, 18.108486691476408], [-65.31996114913221, 18.108750124573437], [-65.32063954147506, 18.10905129285996], [-65.32082458813174, 18.109556886709974], [-65.31989970475017, 18.111686971621033], [-65.31901577943653, 18.111859163207477], [-65.31904320687394, 18.112106586159296], [-65.31957769343055, 18.112273292446048], [-65.3196804572035, 18.11203661228564], [-65.32075619777295, 18.111267361789885], [-65.32210603533903, 18.110643316085312], [-65.32222251311643, 18.110530349978294], [-65.32214023080415, 18.10978808112284], [-65.32293510035295, 18.10997627814738], [-65.32310643357664, 18.11035816309897], [-65.32302432921342, 18.111944924125485], [-65.32248307520057, 18.11288088090799], [-65.32401101401803, 18.111536062240717], [-65.3242302615647, 18.111186421576107], [-65.32429188446723, 18.110578609565454], [-65.32551847080335, 18.11117018743434], [-65.32644353270541, 18.11136913756022], [-65.32671763569837, 18.11151434795422], [-65.32675877714023, 18.11188548495943], [-65.3264093372403, 18.112224372522693], [-65.32624495056481, 18.113068864693755], [-65.32564884110568, 18.113509970417656], [-65.32570369655197, 18.11400482147626], [-65.32549816786317, 18.114478171487143], [-65.32568321509129, 18.114983770492127], [-65.3263616068627, 18.11528493362368], [-65.32733457766287, 18.114752357685518], [-65.32799925600129, 18.11492981191865], [-65.32908871000373, 18.11428427032132], [-65.32930795212552, 18.113934629208863], [-65.32926681068366, 18.11356349220365], [-65.32982872467768, 18.11397762144222], [-65.3297945237877, 18.114832855956845], [-65.32995214900326, 18.11509103245786], [-65.33047291613055, 18.115134024243364], [-65.33098674213453, 18.113950639354073], [-65.33111693391635, 18.113961387300453], [-65.33143217835116, 18.114477734699662], [-65.33152817466788, 18.11534371760851], [-65.33167208045414, 18.115478179608278], [-65.33242580913252, 18.115295244782573], [-65.3324943780118, 18.115913804739606], [-65.33318648378766, 18.116338681924553], [-65.33356334512868, 18.11624721171029], [-65.33376887924236, 18.115773862147257], [-65.33415945458782, 18.11580610598639], [-65.33426221836078, 18.11556942582598], [-65.33466651313556, 18.115725384166357], [-65.33489946926177, 18.11549945710729], [-65.33507080248546, 18.11588134205888], [-65.33495432413663, 18.11599430301093], [-65.33512565736031, 18.11637618796252], [-65.3350228930159, 18.11661286296796], [-65.33541347378626, 18.116645107254943], [-65.33539976035327, 18.116521398356515], [-65.33687301682004, 18.117010763219728], [-65.33649615490756, 18.11710222827902], [-65.33699644057418, 18.118124169080396], [-65.33770226035446, 18.118672760318734], [-65.33796264934298, 18.11869425665934], [-65.33800379078484, 18.119065393664552], [-65.33855198534955, 18.11935580840188], [-65.33876446543998, 18.12010883080653], [-65.3391961822273, 18.120512211650873], [-65.33970324077504, 18.12043148983084], [-65.34015543902304, 18.11985592165932], [-65.34095030857183, 18.120044118683857], [-65.3419095713639, 18.119387834295118], [-65.34188214335504, 18.119140406188333], [-65.34201233513686, 18.11915115413471], [-65.34210138604826, 18.11879077023084], [-65.34204653060196, 18.118295919172237], [-65.34068280593583, 18.116467216234327], [-65.34061423705654, 18.115848656277297], [-65.34097738496459, 18.11563347716461], [-65.3417585410804, 18.115697965290725], [-65.34251226918734, 18.115515025310053], [-65.34286170908727, 18.11517613774679], [-65.34295075942723, 18.114815748687956], [-65.34277942620355, 18.114433863736366], [-65.34299866832534, 18.11408422262391], [-65.34306029122787, 18.113476410613256], [-65.34275876622237, 18.11308377771529], [-65.34125807689328, 18.11234698945241], [-65.34095655188779, 18.111954356554442], [-65.34073036321782, 18.11107762054425], [-65.34090846446918, 18.11035684758155], [-65.34115513402838, 18.11025462942091], [-65.34200485902349, 18.110937677504054], [-65.3422859025683, 18.112309259417884], [-65.34303286379044, 18.113228987661437], [-65.34338924909568, 18.11411646691089], [-65.34423897409077, 18.114799514994033], [-65.34530794120765, 18.115132921964722], [-65.34684282600186, 18.11501447526513], [-65.34765140955508, 18.11532638634306], [-65.34841885223791, 18.11526716557075], [-65.34991259559025, 18.114777581865944], [-65.35074166060416, 18.114110543928014], [-65.35179691914149, 18.114320237293157], [-65.35176949170406, 18.114072814341338], [-65.35163929992224, 18.11406206639496], [-65.35170092282479, 18.11345425438431], [-65.3515295896011, 18.113072369432718], [-65.35156378506622, 18.112217134470246], [-65.35110463541659, 18.111566330226236], [-65.35113883031025, 18.110711090108797], [-65.35082359187176, 18.110194748312402], [-65.34919271018941, 18.10944720694818], [-65.34934338343191, 18.108479005878692], [-65.34819213343131, 18.107403324897582], [-65.34828118377128, 18.10704293583875], [-65.3484113755531, 18.107053683785125], [-65.34825375633385, 18.10679551288693], [-65.34835652067825, 18.106558837881487], [-65.34850043188939, 18.10669330032911], [-65.34900748501224, 18.106612578061224], [-65.34930901544263, 18.10700521140704], [-65.34939129832634, 18.107747485417462], [-65.34995320632405, 18.108161609053216], [-65.35138532677385, 18.108279837359067], [-65.35187867188858, 18.108075406640605], [-65.35233087556148, 18.107499838916937], [-65.35226230668219, 18.106881278959904], [-65.35170039268816, 18.106467149721333], [-65.35174830158627, 18.10573562365729], [-65.35221421926359, 18.10528376998701], [-65.35261850804204, 18.10543972272457], [-65.35286518359757, 18.105337510166745], [-65.35295423393754, 18.10497712110791], [-65.35262527606973, 18.104337064810277], [-65.35206336750058, 18.103922936019554], [-65.35203594006316, 18.10367551306774], [-65.35281014963078, 18.1025136240712], [-65.35275529475592, 18.10201877816756], [-65.35179585886824, 18.10034602796721], [-65.35109003965941, 18.099797441883837], [-65.3509049924313, 18.099291842878856], [-65.35047327079053, 18.098888466741627], [-65.34952078145103, 18.098442093663927], [-65.34936316166035, 18.09818391761076], [-65.34975373700581, 18.098216161449894], [-65.34995927111949, 18.09774281188686], [-65.34982907933767, 18.097732063940484], [-65.34977422389137, 18.09723721288188], [-65.35003460745502, 18.097258708774635], [-65.35032241902753, 18.097527632774174], [-65.35124748578303, 18.09772657819294], [-65.35156272479297, 18.0982429251443], [-65.35241244978806, 18.098925973227445], [-65.3529195083358, 18.09884525140741], [-65.35275511623543, 18.09968974313062], [-65.35291273545468, 18.099947914028817], [-65.352892253994, 18.10092686304468], [-65.35430389298311, 18.1020240403664], [-65.35587991921918, 18.102276730672017], [-65.35616773022024, 18.10254564951659], [-65.35636649630624, 18.103174957867846], [-65.3570585966572, 18.103599834604946], [-65.35757936920936, 18.103642826838303], [-65.3593197821209, 18.103051024972864], [-65.3599707464549, 18.103104765152597], [-65.36252669489275, 18.10405125193559], [-65.36487016324018, 18.10424471631393], [-65.36663800358916, 18.103900337400308], [-65.36713134870391, 18.103695906681846], [-65.36746706917452, 18.10323330461734], [-65.36755611951448, 18.102872915558507], [-65.36711068872273, 18.10234582066077], [-65.36719973906268, 18.101985431601936], [-65.36793975373664, 18.10167878272284], [-65.36828919363657, 18.101339895159576], [-65.36779567000133, 18.099215290841094], [-65.36819996420466, 18.0993712440265], [-65.36877559220312, 18.099909087318466], [-65.36898806686867, 18.100662109275266], [-65.36946092509784, 18.10143662712482], [-65.37051618363517, 18.101646320489962], [-65.37122199799057, 18.102194911280456], [-65.37182505342646, 18.102980177524238], [-65.37234582597863, 18.103023169757595], [-65.37302421775004, 18.10332433288915], [-65.37340107909107, 18.10323286267489], [-65.37375051841956, 18.10289396995666], [-65.37387376422464, 18.101678345935355], [-65.37507969657591, 18.100919843385977], [-65.37520988835773, 18.100930591332354], [-65.37512083744633, 18.10129097523622], [-65.37572388745733, 18.102076241032155], [-65.37571712000108, 18.103178904101412], [-65.3762927474281, 18.103716742238408], [-65.3768272339847, 18.10388344852516], [-65.37758096266309, 18.103700513699454], [-65.37753982122123, 18.103329376694244], [-65.37838260023958, 18.1027860528097], [-65.37871832013874, 18.10232344559023], [-65.37850584547321, 18.10157042363343], [-65.3786086098176, 18.10133374862799], [-65.37885528537313, 18.101231536070166], [-65.38006815770484, 18.101699399885657], [-65.38028740582294, 18.101349764376018], [-65.3809246561525, 18.10127979050236], [-65.38112341681361, 18.101909098405766], [-65.38073283604325, 18.101876854118785], [-65.38113036279036, 18.103135470373452], [-65.38105502102994, 18.10361957303783], [-65.38092482924812, 18.103608825091452], [-65.38097968412296, 18.104103670995087], [-65.38121958622594, 18.105104115903707], [-65.3818912105411, 18.10650794210452], [-65.38517345479504, 18.10702407066214], [-65.38555032156094, 18.106932600895725], [-65.38624919479304, 18.106254815011418], [-65.38658491526365, 18.10579221294691], [-65.38655748725479, 18.105544784840124], [-65.40283157932988, 18.10688828798998], [-65.40426369977969, 18.10700651629583], [-65.40439389156151, 18.107017264242206], [-65.40452408334333, 18.107028012188586], [-65.40461313425473, 18.10666762828472], [-65.40474332603655, 18.106678376231095], [-65.40455827880844, 18.106172777226114], [-65.40480495379254, 18.106070559513324], [-65.4047775263551, 18.105823136561504], [-65.40503790991875, 18.10584463245426], [-65.40475009891769, 18.105575713609685], [-65.40485286326208, 18.105339038604246], [-65.40525715204053, 18.105494991341804], [-65.40537363581424, 18.105382030837603], [-65.40567516081975, 18.10577466373557], [-65.40557239647535, 18.106011338741013], [-65.40583278003899, 18.106032834633766], [-65.40594925781639, 18.10591986852675], [-65.40589440294153, 18.105425022623113], [-65.40612736392119, 18.10519909085693], [-65.40631917860556, 18.104602026792655], [-65.4065795621692, 18.10462352268541], [-65.40688109259958, 18.105016156031226], [-65.40714147616322, 18.105037651923983], [-65.40702499838584, 18.105150618030997], [-65.40744300116872, 18.105430284821946], [-65.40751833750426, 18.10494618170972], [-65.40738814572244, 18.104935433763345], [-65.40749091006683, 18.104698758757902], [-65.40734700485201, 18.104564301913097], [-65.40747719663383, 18.104575049859477], [-65.40755253839424, 18.104090947195097], [-65.40850502773374, 18.1045373202728], [-65.40866941498066, 18.103692833256705], [-65.40934780675208, 18.10399399638826], [-65.40942314308761, 18.103509893276033], [-65.4099302022068, 18.103429176610966], [-65.4097588689831, 18.10304729165938], [-65.41038240530824, 18.102853603732328], [-65.41021106723112, 18.102471723487856], [-65.41032755043338, 18.10235875782869], [-65.41071812577884, 18.102391001667822], [-65.41073183978328, 18.102514715721217], [-65.41149928189466, 18.102455489793936], [-65.41151299589909, 18.10257920384733], [-65.41186243522758, 18.102240311129098], [-65.41180757978128, 18.101745460070493], [-65.4111429020143, 18.10156801099233], [-65.41111547400544, 18.101320582885545], [-65.4107248932351, 18.101288338598565], [-65.41001907402625, 18.100739752515192], [-65.40975869046261, 18.100718256622436], [-65.40965592611822, 18.10095493162788], [-65.40913515356604, 18.100911939394518], [-65.40912143956162, 18.100788225341127], [-65.4088747700024, 18.100890443501765], [-65.40886105599797, 18.10076672944837], [-65.40783322489807, 18.100804459035047], [-65.40727131632892, 18.100390330244327], [-65.40634625442685, 18.100191380118442], [-65.4060447245679, 18.099798751927594], [-65.40598986912163, 18.09930390086899], [-65.40635302245454, 18.09908872220415], [-65.40632559501712, 18.09884129925233], [-65.40487976056288, 18.09859935689309], [-65.40437270201515, 18.098680078713123], [-65.40408489044263, 18.098411154713585], [-65.40356411789047, 18.098368162480224], [-65.40330373432683, 18.09834666658747], [-65.40295429499834, 18.0986855593057], [-65.40215942544954, 18.09849736228116], [-65.40213199744066, 18.098249934174376], [-65.40155637543853, 18.09771209648523], [-65.40167285321591, 18.097599130378214], [-65.40161799834107, 18.097104284474575], [-65.40108351178446, 18.096937578187823], [-65.4007957007834, 18.09666865934325], [-65.4005969401223, 18.096039351439842], [-65.4003091231249, 18.095770426992452], [-65.39925387001246, 18.09556073407516], [-65.39865081457657, 18.094775467831376], [-65.39786965846076, 18.094710979705262], [-65.39658821667834, 18.093624550777776], [-65.39682117280456, 18.093398623718713], [-65.39748585057154, 18.093576072796875], [-65.39717060670816, 18.093059730552632], [-65.3971294652663, 18.09268859354742], [-65.39736242681741, 18.092462666936207], [-65.39847930283238, 18.092064547842845], [-65.39822568672498, 18.090940388880835], [-65.39808178151017, 18.09080593203603], [-65.39744453060918, 18.09087590075472], [-65.3976774867354, 18.09064997369566], [-65.39749244007872, 18.090144379845643], [-65.39760891785612, 18.090031413738625], [-65.39827359619454, 18.090208867971757], [-65.39834893253007, 18.08972476485953], [-65.39898618285962, 18.089654790985872], [-65.39932190875511, 18.089192189369218], [-65.39972619753357, 18.089348142106775], [-65.40036344843458, 18.089278173388085], [-65.40046621277897, 18.08904149838264], [-65.40028116555085, 18.08853589937766], [-65.40015097376903, 18.088525151431284], [-65.40025373811343, 18.08828847642584], [-65.4007745106656, 18.088331468659202], [-65.40093212988485, 18.088589639557398], [-65.40082936554045, 18.088826314562837], [-65.40135013809262, 18.088869306796198], [-65.40137756610149, 18.089116734902984], [-65.40165166309812, 18.089261939694165], [-65.40200109700173, 18.088923046528084], [-65.4017270000051, 18.088777841736903], [-65.40169957199622, 18.088530413630117], [-65.40191881468945, 18.088180777672626], [-65.4026725427964, 18.087997837691955], [-65.40284388144495, 18.088379723091393], [-65.40323445679041, 18.088411966930526], [-65.40333722113482, 18.088175291925083], [-65.403207029353, 18.088164543978706], [-65.40317960191557, 18.087917121026887], [-65.4035838961189, 18.088073074212296], [-65.40368666046331, 18.087836399206854], [-65.40397447146437, 18.08810531805143], [-65.40436505223472, 18.08813756233841], [-65.40465286380723, 18.08840648633795], [-65.40469400467765, 18.088777618188193], [-65.4049543882413, 18.08879911408095], [-65.40524220523868, 18.08906803852834], [-65.40560535257528, 18.088852854260686], [-65.405536783696, 18.088234294303653], [-65.40565326204482, 18.088121333351605], [-65.40546821481671, 18.087615734346624], [-65.40583136814963, 18.087400555681786], [-65.40609175171328, 18.087422051574542], [-65.40624937093253, 18.087680222472738], [-65.4070168130439, 18.087620996545457], [-65.40704424105276, 18.087868424652243], [-65.40731834347429, 18.088013629891275], [-65.40736625294383, 18.087282108982194], [-65.40787331149157, 18.08720138716216], [-65.40801721727782, 18.08733584916193], [-65.4090313289484, 18.087174405074013], [-65.40901761551541, 18.087050696175588], [-65.40981248506422, 18.087238893200126], [-65.40979877163123, 18.0871151843017], [-65.41057992774704, 18.087179672427816], [-65.41145013420281, 18.086883771495096], [-65.41223129031862, 18.086948259621206], [-65.41250539274014, 18.08709346486024], [-65.41257396219086, 18.087712029972234], [-65.41317701163042, 18.0884972906132], [-65.41452008174026, 18.088975907977883], [-65.41445845883773, 18.08958371998854], [-65.41422550328295, 18.089809652202568], [-65.4141501609511, 18.09029374971198], [-65.41401996916927, 18.090283001765602], [-65.41407482461557, 18.090777852824207], [-65.41384186848936, 18.09100377988327], [-65.41376653215382, 18.091487882995498], [-65.41421196237414, 18.092014972738266], [-65.41437652814157, 18.093499520759114], [-65.41469177200494, 18.094015863003357], [-65.41473291344681, 18.094387000008567], [-65.41486310522863, 18.094397747954943], [-65.4153496768908, 18.095295974702925], [-65.41562377988376, 18.095441185096924], [-65.41580882711187, 18.095946784101905], [-65.41664483810254, 18.096506118131657], [-65.4161377795548, 18.09658683995169], [-65.41599387376854, 18.09645237795192], [-65.41521271765274, 18.096387889825806], [-65.41492490665166, 18.096118970981234], [-65.41477422798428, 18.09708717160287], [-65.41498670264983, 18.09784019355967], [-65.41491136574285, 18.09832429151693], [-65.4151991821688, 18.098593210809355], [-65.41542537083878, 18.099469946819546], [-65.41574060927726, 18.099986288615938], [-65.41775512518177, 18.099539697144493], [-65.41815941453167, 18.09969565503702], [-65.41846094496205, 18.100088288382835], [-65.41944086173898, 18.100782084412355], [-65.42085926818434, 18.10077659866481], [-65.42204471365005, 18.100997044683453], [-65.42253805876479, 18.10079261396499], [-65.42357959844425, 18.10087859798386], [-65.42498429088518, 18.100749398182923], [-65.4254502085625, 18.100297544512646], [-65.42620393724089, 18.10011460968694], [-65.42701928825036, 18.099323857695616], [-65.42680681358483, 18.098570835738816], [-65.42693700536665, 18.098581583685192], [-65.42664919436558, 18.098312664840616], [-65.42671081726812, 18.097704852829963], [-65.4261489032741, 18.097290723591396], [-65.42551842582566, 18.096258034843643], [-65.42560747616562, 18.09589764578481], [-65.42624472706662, 18.09582767706612], [-65.4264776826214, 18.09560174485209], [-65.42534709260198, 18.095876149892053], [-65.4252443228327, 18.096112824449644], [-65.42473726970985, 18.09619354671753], [-65.42475098371429, 18.096317260770924], [-65.42330514926005, 18.09607531841168], [-65.42227731816014, 18.096113047998355], [-65.42051624526742, 18.09535476384272], [-65.42026957513677, 18.095456976848393], [-65.42025586170378, 18.095333267949965], [-65.41972137514718, 18.095166561663213], [-65.41853592968147, 18.094946115644575], [-65.41771363212379, 18.09451049051325], [-65.416918762575, 18.094322293488712], [-65.41622665679914, 18.093897416303765], [-65.41557569246515, 18.093843676124028], [-65.41523302059291, 18.093079905773], [-65.41536321779961, 18.093090654167227], [-65.41532207635775, 18.092719517162017], [-65.41565779682837, 18.092256915097508], [-65.41558922794908, 18.09163835514048], [-65.41578104748689, 18.091041286369087], [-65.41624695973933, 18.090589432250958], [-65.41662382650523, 18.090497962484548], [-65.41702811585513, 18.090653920377072], [-65.41750774696544, 18.09032577560522], [-65.41730898630433, 18.08969646770181], [-65.4168498366547, 18.0890456634578], [-65.41693888699467, 18.088685274398966], [-65.41675383976656, 18.088179675393985], [-65.41710327909504, 18.08784078267575], [-65.41749385444051, 18.087873026514885], [-65.41766518766418, 18.088254911466475], [-65.41793929065715, 18.08840012186047], [-65.4179255766527, 18.08827640780708], [-65.41818596021636, 18.088297903699832], [-65.41817224678336, 18.088174194801407], [-65.41913150900399, 18.0875179052577], [-65.41922055934394, 18.087157516198868], [-65.41894645635098, 18.08701230580487], [-65.41917941790209, 18.086786379193654], [-65.41902179868283, 18.08652820829546], [-65.41912456302724, 18.08629153329002], [-65.41899437124542, 18.08628078534364], [-65.41880931859242, 18.08577518589081], [-65.41893951579912, 18.085785934285035], [-65.4188572329154, 18.085043660274614], [-65.41898742469722, 18.08505440822099], [-65.41907647503719, 18.084694019162157], [-65.41933685860083, 18.08471551505491], [-65.41950819182452, 18.0850974000065], [-65.41975486738005, 18.084995187448676], [-65.41978229481747, 18.085242610400496], [-65.41991248659929, 18.085253358346872], [-65.41988505916187, 18.085005935395056], [-65.42028934794033, 18.085161888132614], [-65.4203921177096, 18.08492521357502], [-65.42117327382542, 18.084989701701133], [-65.42097450773943, 18.084360393349876], [-65.42109099094169, 18.084247427690713], [-65.4210224220624, 18.08362886773368], [-65.42254359285218, 18.083386706980697], [-65.42284511785768, 18.083779339878664], [-65.42288625929953, 18.084150476883874], [-65.42266701717776, 18.08450011799633], [-65.42285206383443, 18.085005711846346], [-65.42263281628776, 18.085355352510952], [-65.42266024372518, 18.08560277546277], [-65.42253005194335, 18.085592027516395], [-65.42255747995223, 18.08583945562318], [-65.42298920216443, 18.086242836915375], [-65.42317424882111, 18.08674843076539], [-65.42401026038321, 18.087307769950105], [-65.42505180006266, 18.087393753968975], [-65.42567533638778, 18.087200066041923], [-65.42602477628772, 18.08686117847866], [-65.42596992084142, 18.086366327420055], [-65.42556562606664, 18.086210369079684], [-65.42553819862921, 18.085962946127864], [-65.42540800684739, 18.085952198181488], [-65.42542848830807, 18.08497324916562], [-65.42512696330257, 18.084580616267655], [-65.42501725298143, 18.083590919305415], [-65.42429771976816, 18.082918619168648], [-65.42427029233073, 18.08267119621683], [-65.42480477831589, 18.082837897348615], [-65.42503773444211, 18.08261197028955], [-65.42529811800576, 18.082633466182305], [-65.42528440400132, 18.08250975212891], [-65.42554479298984, 18.082531248469515], [-65.42557222099872, 18.0827786765763], [-65.42597650977717, 18.082934629313858], [-65.42613412956786, 18.083192805367023], [-65.42636709054752, 18.08296687360084], [-65.42662747411116, 18.082988369493595], [-65.42661376067817, 18.08286466059517], [-65.42690157710412, 18.08313357988759], [-65.42694271854597, 18.083504716892804], [-65.42798425822542, 18.08359070091167], [-65.42810073600282, 18.083477734804656], [-65.42811445000724, 18.083601448858047], [-65.42876541434124, 18.083655189037785], [-65.4295877118989, 18.08409081416911], [-65.42997828724437, 18.08412305800824], [-65.42999200067736, 18.084246766906666], [-65.4302386762329, 18.084144554348846], [-65.43052648723396, 18.08441347319342], [-65.43088964056689, 18.084198294528584], [-65.43112954266985, 18.085198739437203], [-65.43099935088803, 18.085187991490823], [-65.43079381677435, 18.085661341053857], [-65.43018399388222, 18.085978737879334], [-65.42992361031858, 18.085957241986577], [-65.42943721175203, 18.087388049827688], [-65.42979359705727, 18.08827552907714], [-65.42918377416514, 18.088592925902617], [-65.42864252015228, 18.089528882685123], [-65.42868366159415, 18.089900019690337], [-65.43000624481841, 18.091357585623033], [-65.43332286791141, 18.093347509548003], [-65.43585138291552, 18.09404656777636], [-65.43754388692896, 18.094186291974964], [-65.4376603652778, 18.094073331022916], [-65.43920896350498, 18.09407859322175], [-65.44084661806845, 18.093723471964566], [-65.44083290406402, 18.09359975791117], [-65.44144272153126, 18.093282360637847], [-65.44202511698597, 18.09271754086055], [-65.44240198375189, 18.09262607109414], [-65.44286789600432, 18.092174216976012], [-65.44327895823534, 18.09122751224713], [-65.44312810647234, 18.089866678279677], [-65.44373116133679, 18.09065193936849], [-65.44511537288848, 18.091501693738387], [-65.44780150768328, 18.092458928019905], [-65.44892533024645, 18.093287186049196], [-65.45106326990509, 18.09395400043842], [-65.45209109615155, 18.09391627555886], [-65.45250910435932, 18.09419594279766], [-65.45447571136573, 18.094480877390264], [-65.4546607580224, 18.09498647124028], [-65.45519523915412, 18.09515317707918], [-65.45662735960393, 18.09527140538503], [-65.45661364559949, 18.095147691331636], [-65.45700422636983, 18.095179935618617], [-65.45723718249606, 18.094954008559554], [-65.45836777794035, 18.09467960396744], [-65.45938189018239, 18.094518165034486], [-65.45978618438572, 18.094674118219896], [-65.46016304629819, 18.0945826531606], [-65.4616430756461, 18.093969355402404], [-65.46369873299247, 18.09389390093617], [-65.46456893944824, 18.09359800000345], [-65.4651034254334, 18.093764701135235], [-65.46514456687525, 18.094135838140446], [-65.46582295921812, 18.09443700642697], [-65.46586410008852, 18.094808138277212], [-65.46628210344286, 18.09508781022313], [-65.46785812910747, 18.095340495373783], [-65.46885853276996, 18.09505534283529], [-65.469207967245, 18.094716454824177], [-65.46958483401092, 18.094624985057767], [-65.46957112000648, 18.094501271004372], [-65.47019465690305, 18.09430758823229], [-65.47146915270872, 18.094167645192094], [-65.47170211425981, 18.09394171858088], [-65.47249698380863, 18.094129915605418], [-65.47284641771222, 18.09379102243934], [-65.47360014639061, 18.093608087613635], [-65.47358643238617, 18.09348437356024], [-65.47464169149495, 18.093694072080353], [-65.47462797749051, 18.09357035802696], [-65.47617657628915, 18.093575625380762], [-65.47640953184393, 18.09334969316673], [-65.47719068795973, 18.093414181292843], [-65.47733459374598, 18.093548643292614], [-65.47953415630717, 18.093607645671185], [-65.48189810611528, 18.09282216103366], [-65.48379614424239, 18.09248853566923], [-65.48478282847556, 18.092079668629495], [-65.48530360102772, 18.092122660862852], [-65.48565304092766, 18.09178377329959], [-65.4873934538392, 18.091191971434146], [-65.48737973983476, 18.091068257380755], [-65.4876401233984, 18.091089753273508], [-65.48787308494951, 18.090863826662297], [-65.48783194350766, 18.090492689657083], [-65.48826366029498, 18.090896070501426], [-65.48927777796189, 18.090734632016325], [-65.48949702008368, 18.090384990903868], [-65.49000407863142, 18.090304269083834], [-65.49058646866123, 18.08973944885869], [-65.4921829812114, 18.089013185441328], [-65.4922857455558, 18.08877651043589], [-65.49277909067055, 18.088572079717427], [-65.49288185501494, 18.088335404711987], [-65.49430702891655, 18.087227255895186], [-65.49480036860642, 18.087022824728876], [-65.49477294116899, 18.086775401777057], [-65.49514980793491, 18.086683932010644], [-65.49548552840551, 18.086221329946138], [-65.49780834219665, 18.085064708751254], [-65.49888407676978, 18.084295452652682], [-65.4991444657583, 18.084316948993287], [-65.49897312710974, 18.08393506359385], [-65.49939113588896, 18.084214735987615], [-65.49963780544816, 18.084112517826977], [-65.49978171123442, 18.084246979826748], [-65.50017229200476, 18.08427922411373], [-65.50015857800034, 18.084155510060338], [-65.5005628727751, 18.08431146840071], [-65.50066563654806, 18.0840747882403], [-65.50093973411614, 18.084219998186448], [-65.50117269024236, 18.083994071127385], [-65.50118640367535, 18.08411778002581], [-65.50156327101271, 18.084026315414366], [-65.50170717622753, 18.08416077225917], [-65.50169346279453, 18.084037063360743], [-65.50209775699787, 18.084193016546152], [-65.50208404356488, 18.084069307647727], [-65.50259109668772, 18.083988585379842], [-65.50269386103213, 18.0837519103744], [-65.50282405823883, 18.083762658768627], [-65.50285148567626, 18.084010081720447], [-65.50324206102172, 18.08404232555958], [-65.50308444180247, 18.083784154661384], [-65.50321463358429, 18.08379490260776], [-65.50337225280354, 18.084053073505956], [-65.50377654757833, 18.08420903184633], [-65.50468789547595, 18.08428426791882], [-65.50497570647703, 18.084553186763394], [-65.50536628724737, 18.084585431050375], [-65.50619535226129, 18.083918393112445], [-65.50628440260124, 18.08355800405361], [-65.50675032027856, 18.08310615038333], [-65.5072436653933, 18.08290171966487], [-65.5079083377354, 18.083079168295182], [-65.50849767916685, 18.083740720485572], [-65.50975169893674, 18.08457972690909], [-65.51131401116835, 18.08470870316132], [-65.51130029773536, 18.08458499426289], [-65.51206773984674, 18.084525768335613], [-65.51225278650341, 18.085031362185628], [-65.51252688407149, 18.085176572131775], [-65.51381509873504, 18.085160338437856], [-65.51380138530205, 18.085036629539427], [-65.51406176886569, 18.085058125432184], [-65.51404805486125, 18.08493441137879], [-65.5144249221986, 18.084842946767345], [-65.51477435610221, 18.084504053601265], [-65.51516493687257, 18.08453629788825], [-65.5153225560918, 18.084794468786445], [-65.51610371220762, 18.08485895691256], [-65.51608999820319, 18.084735242859164], [-65.51659705732236, 18.084654526194097], [-65.51683001287714, 18.084428593980064], [-65.5169739186634, 18.084563055979835], [-65.51687115431899, 18.084799730985278], [-65.51844718055506, 18.085052421290897], [-65.51874871098543, 18.085445054636715], [-65.5191392863309, 18.085477298475844], [-65.51942709733197, 18.08574621732042], [-65.51941338332753, 18.085622503267025], [-65.52020825344778, 18.085810705446534], [-65.52065368966441, 18.08633780079212], [-65.52144855921323, 18.086525997816658], [-65.52182542655058, 18.086434533205214], [-65.52293553510931, 18.08713907718111], [-65.52451156077393, 18.087391762331766], [-65.52508718877239, 18.087929605623728], [-65.52511461620982, 18.088177028575547], [-65.52580672198566, 18.088601905760495], [-65.52699216745137, 18.088822351779132], [-65.52749922599911, 18.0887416299591], [-65.52804742056382, 18.089032044696427], [-65.53132967024263, 18.089548173701893], [-65.53134338367562, 18.089671882600317], [-65.53242606479694, 18.090129003624398], [-65.53372799346492, 18.090236483983873], [-65.53440638523634, 18.090537647115426], [-65.53505734957032, 18.090591387295163], [-65.53511220501662, 18.091086238353768], [-65.53540001601768, 18.09135515719834], [-65.53593450257428, 18.09152186348509], [-65.53592078856985, 18.0913981494317], [-65.53631136391532, 18.09143039327083], [-65.53619488613792, 18.091543359377848], [-65.53624974101278, 18.092038205281483], [-65.53660612146457, 18.092925689238054], [-65.53715432145417, 18.09321610442323], [-65.5380656693518, 18.093291340495725], [-65.53848367755957, 18.093571007734525], [-65.53900444468685, 18.09361399952003], [-65.53982674224453, 18.09404962465136], [-65.5403475147967, 18.094092616884716], [-65.54036122880113, 18.09421633093811], [-65.54140276848058, 18.094302314956977], [-65.54151925168286, 18.09418934929781], [-65.54193725446574, 18.094469016088762], [-65.54192354103274, 18.094345307190338], [-65.54223878489613, 18.094861649434577], [-65.54210858768943, 18.094850901040353], [-65.54214972913128, 18.095222038045563], [-65.54242383212424, 18.09536724843956], [-65.5424649735661, 18.095738385444772], [-65.54275278456717, 18.096007304289344], [-65.5436641324648, 18.096082540361834], [-65.54378061024218, 18.09596957425482], [-65.54395194889075, 18.096351459654258], [-65.54434252423621, 18.09638370349339], [-65.54558283000165, 18.097098995863515], [-65.54624750834007, 18.097276450096643], [-65.54644626900118, 18.097905758000053], [-65.54612425711012, 18.0984920736701], [-65.54687121833226, 18.099411801913654], [-65.54695350121598, 18.100154075924078], [-65.5470974064308, 18.10028853276888], [-65.5469946420864, 18.10052520777432], [-65.54840628107551, 18.101622385096036], [-65.5485776142992, 18.102004270047626], [-65.54865989718292, 18.10274654405805], [-65.54829674384999, 18.102961722722885], [-65.54822140751446, 18.103445825835113], [-65.54870798460152, 18.104344053030943], [-65.54926989317066, 18.104758181821666], [-65.54980437972726, 18.104924888108417], [-65.55095562972787, 18.106000569089527], [-65.55177793271042, 18.1064361946687], [-65.55252488793623, 18.107355917309437], [-65.55360757448243, 18.107813038781366], [-65.55362128848687, 18.10793675283476], [-65.55549883915698, 18.10858207088338], [-65.55593056136918, 18.10898545217557], [-65.55595798880661, 18.10923287512739], [-65.55560854947812, 18.10957176784562], [-65.55564969091998, 18.109942904850833], [-65.55515634580523, 18.11014733556929], [-65.55471786156167, 18.110846617794206], [-65.55495099620839, 18.112949725772083], [-65.55474546266615, 18.113423080490083], [-65.55515670284623, 18.114805405643175], [-65.55469078574036, 18.11525726446842], [-65.55448525762301, 18.11573061963427], [-65.55441686126791, 18.117441089111363], [-65.55521867736489, 18.118855663258554], [-65.55523239136933, 18.118979377311945], [-65.55497200780569, 18.118957881419192], [-65.5550542906894, 18.119700155429616], [-65.55556828978901, 18.120845805129413], [-65.55563685923973, 18.121464370241412], [-65.55554780832833, 18.12182475414528], [-65.55530113876911, 18.121926972305918], [-65.55538342165283, 18.12266924631634], [-65.55585627988201, 18.123443764165895], [-65.55759687673894, 18.125180997785243], [-65.55766544561823, 18.125799557742276], [-65.5583575459692, 18.126224434479372], [-65.55812458984298, 18.12645036153844], [-65.55735714773161, 18.126509587465716], [-65.5569254255194, 18.126106206173525], [-65.55384871537913, 18.125116728052873], [-65.55084056869327, 18.124745809441404], [-65.55025817381002, 18.125310634373665], [-65.54963463691345, 18.125504317145747], [-65.54929891101796, 18.125966918762405], [-65.54857261034843, 18.126397281694896], [-65.54661972277135, 18.126236061603535], [-65.5448449304493, 18.12535406294666], [-65.54391986911868, 18.12515511797574], [-65.54393358255167, 18.12527882687417], [-65.54302223465405, 18.125203590801675], [-65.54303594865847, 18.12532730485507], [-65.54151477786871, 18.125569465608056], [-65.54142572752875, 18.12592985466689], [-65.54028141808001, 18.126080545205614], [-65.54026770407559, 18.12595683115222], [-65.53961673974159, 18.125903090972482], [-65.53863682296468, 18.125209294942962], [-65.53769804762962, 18.124886635918653], [-65.53509419571854, 18.12467167564756], [-65.53510790915153, 18.124795384545983], [-65.53447065882197, 18.12486535841964], [-65.53448437282641, 18.12498907247303], [-65.53396360027425, 18.124946080239674], [-65.53181194661117, 18.12415555179706], [-65.52983163102522, 18.123746903598914], [-65.52504192513251, 18.12359665455479], [-65.52443210166894, 18.1239140462253], [-65.52366465955755, 18.12397327215258], [-65.52280816710622, 18.124392887138693], [-65.52091013440398, 18.12472651295097], [-65.51992344474594, 18.125135379542858], [-65.51815560382552, 18.125479753301516], [-65.51750463949153, 18.12542601312178], [-65.51676462481758, 18.125732662000875], [-65.51637404404724, 18.125700417713894], [-65.51638775805166, 18.12582413176729], [-65.5159971827062, 18.125791887928155], [-65.51601089613919, 18.12591559682658], [-65.51538735981407, 18.126109284753632], [-65.51470220001497, 18.126910779536367], [-65.51444181645132, 18.126889283643614], [-65.51445553045576, 18.127012997697005], [-65.51419514146724, 18.1269915013564], [-65.513585324, 18.127308898629725], [-65.51231082276944, 18.127448841222073], [-65.51196138344095, 18.127787733940302], [-65.51181747765469, 18.12765327194053], [-65.51131041910695, 18.127733993760565], [-65.51132413253995, 18.127857702658993], [-65.51070060163971, 18.128051391033893], [-65.5107143150727, 18.128175099932317], [-65.51020725652496, 18.12825582175235], [-65.50962486107026, 18.128820641529646], [-65.50806254883864, 18.12869166527742], [-65.5071032920429, 18.129347955268972], [-65.50582879081234, 18.12948789786132], [-65.50584250481678, 18.12961161191471], [-65.50511620357582, 18.130041969692236], [-65.50514363101324, 18.130289392644055], [-65.50491067003358, 18.130515324410236], [-65.50271111232585, 18.13045631732455], [-65.50223148121553, 18.130784462096404], [-65.50065545555093, 18.130531776945748], [-65.49923704853411, 18.130537257538325], [-65.49925076253855, 18.13066097159172], [-65.49670176007744, 18.130940856776412], [-65.49609194261019, 18.131258254049737], [-65.4948106739234, 18.13250085971134], [-65.49461885381415, 18.133097923327767], [-65.49426941991055, 18.133436816493845], [-65.49300863268442, 18.133700473139587], [-65.49228233201491, 18.134130836072078], [-65.49242623722972, 18.13426529291688], [-65.49277584965382, 18.136255434787742], [-65.49314594896349, 18.137266628090586], [-65.49404393504426, 18.141876224890684], [-65.49482526968056, 18.144269748053738], [-65.49484592966175, 18.145619834074814], [-65.49529135988206, 18.146146923817586], [-65.49517488210468, 18.1462598899246], [-65.49529830643024, 18.147373300940234], [-65.49505163629959, 18.147475513945906], [-65.49492144451777, 18.14746476599953], [-65.49481173419663, 18.146475069037287], [-65.49466782355694, 18.146340611744634], [-65.49398231214171, 18.142484036901337], [-65.49383840635547, 18.14234957490157], [-65.49371498260133, 18.1412361690409], [-65.49331746070767, 18.139977548079116], [-65.49246061121534, 18.13573909299135], [-65.4912477383122, 18.135271224020894], [-65.48812310842408, 18.135013271068587], [-65.48569058973668, 18.135180195749083], [-65.48395017682513, 18.135771997614523], [-65.48371721527403, 18.135997924225737], [-65.48392969536445, 18.13675094663039], [-65.47976352579687, 18.136407009659216], [-65.4778859745553, 18.13576168645563], [-65.47736520200314, 18.135718694222273], [-65.47623460655885, 18.13599309881439]], [[-65.38090823183941, 18.15582654133722], [-65.3802709863633, 18.155896510503762], [-65.37973650037813, 18.155729809371977], [-65.37929106416149, 18.15520271402639], [-65.37813304670465, 18.15522969611454], [-65.3779891409184, 18.155095234114768], [-65.37800285492283, 18.15521894816816], [-65.37749579580365, 18.155299664833226], [-65.37720798480258, 18.155030745988654], [-65.37722169880702, 18.15515446004205], [-65.37670092625486, 18.155111467808688], [-65.37641311525378, 18.154842548964115], [-65.37578957835721, 18.155036231736197], [-65.37498099480398, 18.154724320658264], [-65.37448764968924, 18.154928751376726], [-65.37426146101927, 18.15405201536653], [-65.37400107745563, 18.15403051947378], [-65.37353516034975, 18.154482378299022], [-65.37327477136122, 18.154460881958418], [-65.37298696036015, 18.154191963113846], [-65.37233599602617, 18.154138222934108], [-65.37221951767734, 18.154251183886156], [-65.37191799267184, 18.15385855098819], [-65.37203447102067, 18.15374559003614], [-65.37197961557438, 18.153250738977537], [-65.37128750979852, 18.15282586179259], [-65.3703761619009, 18.1527506257201], [-65.37008835089982, 18.152481706875527], [-65.36871108589631, 18.15285832962828], [-65.36816288533528, 18.152567909288138], [-65.36804640755788, 18.152680875395152], [-65.36810126243275, 18.15317572129879], [-65.36756677644757, 18.153009020167005], [-65.36712134565582, 18.152481925269267], [-65.3668609566673, 18.152460428928663], [-65.36625113377517, 18.15277782575414], [-65.36535349988196, 18.15282630373504], [-65.36492178309464, 18.152422922890697], [-65.36502454743903, 18.152186247885258], [-65.36463396666869, 18.152154003598273], [-65.36366776332477, 18.151583916467178], [-65.3631469907726, 18.15154092423382], [-65.36294146265524, 18.15201427939967], [-65.36252345930092, 18.151734607453754], [-65.36231792575869, 18.152207962171754], [-65.36217401997243, 18.152073500171984], [-65.36209173766015, 18.151331231316526], [-65.36180392608765, 18.151062307316987], [-65.36059104775963, 18.15059443789868], [-65.35958370354528, 18.14965321891734], [-65.35617126265609, 18.14912634712046], [-65.35468429218488, 18.148513268203857], [-65.35349884186573, 18.148292826892337], [-65.35247101561927, 18.148330551771895], [-65.3516556591849, 18.149121303315372], [-65.35007963294885, 18.14886861300975], [-65.34725653891599, 18.149003293851113], [-65.34618756637423, 18.148669886432575], [-65.3452213630303, 18.14809979930148], [-65.34443326093775, 18.146808939207684], [-65.34404268559229, 18.14677669536855], [-65.34375486916633, 18.14650777607613], [-65.34354239450079, 18.145754754119327], [-65.34306953627161, 18.144980236269774], [-65.34193199485055, 18.144028268894207], [-65.34031482717265, 18.143404441583375], [-65.3392732874932, 18.143318457564508], [-65.33805364170892, 18.143953251215457], [-65.33715600724429, 18.144001724041395], [-65.33666266270099, 18.14420615991482], [-65.33642970657478, 18.144432086973886], [-65.33648456144962, 18.14492693287752], [-65.33630646076969, 18.145647710995192], [-65.33617626356299, 18.145636962600964], [-65.33547044435416, 18.145088376517588], [-65.33370937146142, 18.144330092361955], [-65.33331879611596, 18.14429784852282], [-65.33181810621544, 18.143561055104975], [-65.33023513400263, 18.142081992831674], [-65.32843291966805, 18.140952571670827], [-65.3281313898091, 18.14055994347998], [-65.32761062268182, 18.14051695169447], [-65.32691851690596, 18.14009207450952], [-65.32645259922865, 18.1405439281798], [-65.32567144311284, 18.140479440053685], [-65.32531506323248, 18.139591961252084], [-65.32463667088963, 18.13929079296556], [-65.32405427600636, 18.139855617897823], [-65.3236637006609, 18.13982337405869], [-65.32314969556498, 18.138677718756075], [-65.32222463366291, 18.13847876863019], [-65.32187519433442, 18.13881766134842], [-65.3214983329934, 18.13890913156268], [-65.32106661078119, 18.138505750270486], [-65.32116937512558, 18.138269075265047], [-65.3210117553349, 18.13801089921188], [-65.31940830223286, 18.13751079110941], [-65.31878476533629, 18.137704473881495], [-65.31895610398486, 18.138086359280933], [-65.3185655232145, 18.138054114993952], [-65.3181338010023, 18.137650733701758], [-65.31746912808876, 18.137473279916478], [-65.31731150344463, 18.137215108570434], [-65.31422802042324, 18.13732829307119], [-65.31394020942217, 18.137059374226617], [-65.31389906798032, 18.136688237221406], [-65.31358382897038, 18.136171890270045], [-65.31315210675818, 18.135768508977854], [-65.31234352320494, 18.13545659789992], [-65.31199408930134, 18.135795491066002], [-65.310952544197, 18.135709506599284], [-65.31066473319594, 18.135440587754708], [-65.31075378353589, 18.135080198695874], [-65.31043854452597, 18.134563851744517], [-65.30895156920131, 18.13395077753503], [-65.30883509085248, 18.13406373848708], [-65.30818412651848, 18.13400999830734], [-65.30758801763079, 18.13445110918621], [-65.30749896729083, 18.134811498245043], [-65.30797182494857, 18.135586010939633], [-65.30789648861304, 18.136070114051858], [-65.30688237637101, 18.13623155298481], [-65.30647808216767, 18.1360755997994], [-65.30649179560066, 18.13619930869783], [-65.30584083126668, 18.136145568518092], [-65.30573806749372, 18.1363822486785], [-65.30534749214826, 18.136350004839368], [-65.30536120558125, 18.136473713737796], [-65.3048678604665, 18.136678144456255], [-65.30434708791434, 18.136635152222897], [-65.30424432414138, 18.136871832383303], [-65.3040867043507, 18.13661365633014], [-65.30331926223931, 18.13667288225742], [-65.30272992080786, 18.13601133006703], [-65.30177743146837, 18.135564956989327], [-65.30160609824469, 18.13518307203774], [-65.30133199525173, 18.13503786164374], [-65.30130456781431, 18.134790438691923], [-65.30090027903584, 18.134634485954365], [-65.3007015178033, 18.134005172895993], [-65.30044112881478, 18.13398367655539], [-65.29973531503082, 18.133435090919864], [-65.29907063669239, 18.133257636686736], [-65.29883767571273, 18.133483568452917], [-65.29844710036727, 18.133451324613784], [-65.29788518637325, 18.133037195375213], [-65.29680250525193, 18.132580074351132], [-65.29439046802521, 18.13176805001576], [-65.29354074245867, 18.131084996777652], [-65.29301996990651, 18.131042004544295], [-65.29293091956654, 18.13140239360313], [-65.29255405280064, 18.13149386336954], [-65.29214976345074, 18.131337905477015], [-65.29210862200888, 18.1309667684718], [-65.2915467085863, 18.1305526443882], [-65.290388690558, 18.13057962132138], [-65.2905600237817, 18.130961506272968], [-65.29018315701578, 18.13105297603938], [-65.2900118237921, 18.13067109108779], [-65.2893608594581, 18.130617350908054], [-65.28866875368226, 18.130192473723106], [-65.28801778934827, 18.13013873354337], [-65.28778483322205, 18.130364660602435], [-65.2871612963255, 18.130558343374517], [-65.28683929043075, 18.131144664647383], [-65.28682557642631, 18.13102095059399], [-65.2864487096604, 18.131112420360402], [-65.2864624230934, 18.131236129258827], [-65.28607184774793, 18.131203885419694], [-65.28564012553572, 18.130800504127503], [-65.28561269809829, 18.130553081175684], [-65.28439287921842, 18.12885884023754], [-65.28309771800669, 18.127648696808812], [-65.28171351187987, 18.12679894288677], [-65.28038415577447, 18.126444039575475], [-65.27935632467457, 18.12648176916215], [-65.27819153919003, 18.12761140916459], [-65.27826010806932, 18.12822996912162], [-65.27899335528703, 18.129025983311777], [-65.27887687208475, 18.129138948970944], [-65.27822591317565, 18.129085209239058], [-65.27780790439643, 18.12880553684529], [-65.27660874007285, 18.128461381480378], [-65.27632092907177, 18.128192462635806], [-65.27580015651961, 18.128149470402445], [-65.27536843973229, 18.1277460895581], [-65.27442966439723, 18.127423430533792], [-65.27325792751107, 18.127326698120697], [-65.27225752927347, 18.12761185110704], [-65.27167513381877, 18.128176670884333], [-65.2715997969118, 18.128660768841595], [-65.27191503592174, 18.129177115792952], [-65.27198360480102, 18.129795675749985], [-65.2717506486748, 18.130021602809048], [-65.27057891178865, 18.129924870395953], [-65.27043500657383, 18.12979041355115], [-65.26894126322149, 18.130279997255954], [-65.26870830709528, 18.130505924315017], [-65.26880430341198, 18.131371907223865], [-65.26870153421414, 18.131608586936427], [-65.2674544658459, 18.131995952928442], [-65.26662540083198, 18.132662990866372], [-65.265974436498, 18.132609250686638], [-65.26638549330414, 18.131662545509904], [-65.26634435186227, 18.131291408504694], [-65.26579615729757, 18.131000993767366], [-65.26514519296357, 18.130947253587628], [-65.2644393731833, 18.130398662349286], [-65.26452842352326, 18.130038273290452], [-65.26439823174144, 18.130027525344076], [-65.26437080430401, 18.129780102392257], [-65.26461747386323, 18.12967788423162], [-65.26400071041923, 18.12876890953726], [-65.26330860464338, 18.128344032352313], [-65.26197924853797, 18.127989129041023], [-65.26081445762857, 18.12911876859561], [-65.26009492441528, 18.128446468458844], [-65.260026355536, 18.127827908501814], [-65.25971111652608, 18.127311561550453], [-65.25816928575513, 18.126203636282362], [-65.2578882422103, 18.124832054368532], [-65.25649709010675, 18.122755928478803], [-65.2550101147821, 18.122142854269313], [-65.25399599711518, 18.122304292754414], [-65.2537218995471, 18.122159082808267], [-65.25368075867668, 18.121787950958023], [-65.25429058156882, 18.12147055413255], [-65.2541534432388, 18.12023342906352], [-65.25369429358918, 18.119582624819508], [-65.25239913780233, 18.118372481838627], [-65.25185093781273, 18.11808206665345], [-65.25113140459946, 18.117409766516683], [-65.25032282104623, 18.11709785543875], [-65.25033653447922, 18.11722156433718], [-65.2492059444598, 18.117495969377146], [-65.24842478834398, 18.11743148125103], [-65.24767106023704, 18.117614421231703], [-65.2469447535712, 18.118044778561377], [-65.2455400659837, 18.118173973655196], [-65.24480005130975, 18.118480622534296], [-65.24465614067006, 18.11834616524164], [-65.24427927875759, 18.118437630300935], [-65.24344326776692, 18.117878296271183], [-65.24355974554432, 18.11776533016417], [-65.2434295537625, 18.117754582217792], [-65.24340212632507, 18.117507159265973], [-65.24363508245128, 18.11728123220691], [-65.24323079310139, 18.117125274314382], [-65.24308688189025, 18.116990811866764], [-65.24320336566396, 18.116877851362567], [-65.242929262671, 18.116732640968568], [-65.24339518034832, 18.11628078729829], [-65.24390223889606, 18.116200065478257], [-65.24413519502227, 18.11597413841919], [-65.24427910023708, 18.116108595263995], [-65.2444092920189, 18.11611934321037], [-65.24426538680409, 18.115984886365567], [-65.2458414124687, 18.116237571516223], [-65.24630733014602, 18.11578571784594], [-65.24656771370967, 18.115807213738698], [-65.24678696125633, 18.11545757307409], [-65.2467595338189, 18.11521015012227], [-65.24699248937368, 18.11498421790824], [-65.24705411227622, 18.114376405897588], [-65.24743097961357, 18.114284941286144], [-65.2474035516047, 18.11403751317936], [-65.24788317729013, 18.113709367959654], [-65.24808871140381, 18.11323601839662], [-65.2479036641757, 18.11273041939164], [-65.24868482029152, 18.112794907517753], [-65.24936320720948, 18.113096075356424], [-65.24979492942168, 18.11349945664862], [-65.2498360702921, 18.113870588498862], [-65.25081598764046, 18.114564389683352], [-65.25106265719967, 18.114462171522714], [-65.2516382846267, 18.11500000965971], [-65.25334450264457, 18.115263447911705], [-65.25357746419567, 18.115037521300493], [-65.25409823132296, 18.115080513086], [-65.2554413014328, 18.115559130450684], [-65.25674323010077, 18.11566661081016], [-65.25786705266394, 18.11649486883945], [-65.2590525029831, 18.11671531015097], [-65.25955956210227, 18.1166345934859], [-65.26027214876736, 18.11608051650002], [-65.26090939424347, 18.11601054733348], [-65.26171103724484, 18.11509608689158], [-65.26233456814508, 18.11490239851668], [-65.26389688580159, 18.115031375216756], [-65.26399965014599, 18.114794700211313], [-65.26489728461063, 18.11474622738538], [-65.26524671851423, 18.114407334219297], [-65.2672133249492, 18.114692263656934], [-65.26717218350733, 18.11432112665172], [-65.26822743719121, 18.114530824723982], [-65.26859059052414, 18.114315646059147], [-65.26844668473788, 18.114181184059376], [-65.26891259699032, 18.113729329941247], [-65.26917298597886, 18.11375082628185], [-65.26914555796998, 18.113503398175066], [-65.26949499187359, 18.113164505008985], [-65.26958404278498, 18.112804121105118], [-65.26994719554646, 18.112588937285313], [-65.26991976810905, 18.112341514333494], [-65.27004995989087, 18.112352262279874], [-65.27013901023084, 18.11199187322104], [-65.27115312789775, 18.11183043473594], [-65.27171503646689, 18.11224456352666], [-65.27190008854843, 18.11275015782452], [-65.27166712756878, 18.112976089590703], [-65.2717082684392, 18.11334722144095], [-65.2713451211026, 18.113562405708603], [-65.27125606533775, 18.11392279431959], [-65.27170150098296, 18.114449884510208], [-65.27252379854062, 18.11488550964153], [-65.27270884576873, 18.115391108646513], [-65.27355857076383, 18.116074156729656], [-65.27387381462721, 18.1165904989739], [-65.27382590030422, 18.117322024590095], [-65.27405209382763, 18.11819875589317], [-65.27449752461939, 18.11872585079091], [-65.276224402047, 18.120339369909015], [-65.27688908038543, 18.120516824142143], [-65.27791690606045, 18.12047909410762], [-65.27796482095488, 18.11974757364639], [-65.27847187407774, 18.119666851378504], [-65.27857463842213, 18.119430176373065], [-65.27883502741065, 18.11945167271367], [-65.27943807742166, 18.1202369385096], [-65.28010275518864, 18.12041438758776], [-65.28011646919308, 18.120538101641156], [-65.28036314417716, 18.120435883928366], [-65.28069209662009, 18.12107593977815], [-65.28096619418817, 18.1212211497243], [-65.46715549071837, 18.13671453726825], [-65.46651823981736, 18.13678450598694], [-65.46644290348183, 18.137268609099166], [-65.46579193914785, 18.137214868919433], [-65.46555898302162, 18.137440795978495], [-65.46560012446349, 18.13781193298371], [-65.46512049335318, 18.138140077755562], [-65.46472991800772, 18.13810783391643], [-65.46418866399486, 18.139043790698935], [-65.46340750787905, 18.13897930257282], [-65.4629141627643, 18.13918373329128], [-65.46239339563702, 18.13914074150577], [-65.46166709496751, 18.13957110443826], [-65.46036516629952, 18.13946362407879], [-65.46001572697104, 18.13980251679702], [-65.45992667605964, 18.140162900700886], [-65.45902904216643, 18.14021137868179], [-65.45892627782204, 18.14044805368723], [-65.45827531348804, 18.140394313507496], [-65.45746672993481, 18.140082402429563], [-65.45656909604162, 18.140130880410464], [-65.45634984849495, 18.140480521075073], [-65.45654860915606, 18.14110982897848], [-65.45588393624251, 18.1409323751932], [-65.45433533801533, 18.140927112994365], [-65.45385570690502, 18.14125525776622], [-65.45391056177986, 18.141750103669857], [-65.45379408400248, 18.14186306977687], [-65.45365017821622, 18.1417286077771], [-65.45236196355268, 18.141744841471024], [-65.45143690165061, 18.14154589134514], [-65.45082707875848, 18.141863288170615], [-65.45084079276292, 18.141987002224006], [-65.44994315829827, 18.14203547504994], [-65.44944981375497, 18.14223991092337], [-65.44946352718796, 18.142363619821793], [-65.44881256285397, 18.14230987964206], [-65.44865494363472, 18.142051708743864], [-65.44812045707812, 18.141885002457112], [-65.4476133985304, 18.141965724277146], [-65.44751063418599, 18.142202399282585], [-65.44644166706911, 18.1418689923119], [-65.44554403317592, 18.141917470292803], [-65.44545498283595, 18.142277859351637], [-65.44479030449753, 18.14210040511851], [-65.44422162304726, 18.142788938949195], [-65.44290598037485, 18.14255774453633], [-65.44255654647124, 18.14289663770241], [-65.44226873004528, 18.142627718409987], [-65.44057622603184, 18.142487994211383], [-65.44034326990563, 18.142713921270445], [-65.4400828809171, 18.14269242492984], [-65.44011030835452, 18.14293984788166], [-65.43970601957606, 18.142783895144103], [-65.43948677145796, 18.143133530653742], [-65.43934286624315, 18.14299907380894], [-65.43896600433068, 18.143090538868233], [-65.43867818790473, 18.14282161957581], [-65.43841780434109, 18.142800123683056], [-65.43843151834551, 18.142923837736447], [-65.43817113478187, 18.142902341843694], [-65.43793817323078, 18.14312826845491], [-65.43784912289081, 18.143488657513743], [-65.43704053933757, 18.14317674643581], [-65.43664996399211, 18.14314450259668], [-65.436417002441, 18.14337042920789], [-65.4358825213093, 18.14320372336899], [-65.4358688078763, 18.143080014470566], [-65.4346833569857, 18.142859568004077], [-65.43466964298128, 18.142735853950683], [-65.43296342553484, 18.142472420853654], [-65.43245636641566, 18.14255313751872], [-65.43248379442453, 18.142800565625507], [-65.43222341086089, 18.142779069732754], [-65.43223712429388, 18.14290277863118], [-65.43132577639625, 18.14282754255869], [-65.43133949040067, 18.14295125661208], [-65.43094890963033, 18.1429190123251], [-65.43096262363477, 18.143042726378493], [-65.43016775351452, 18.142854524198984], [-65.42902344406579, 18.14300521473771], [-65.42867401016218, 18.14334410790379], [-65.42741322293605, 18.14360776454953], [-65.42706378903246, 18.143946657715606], [-65.4266732082621, 18.143914413428625], [-65.42632377435851, 18.144253306594706], [-65.42570023746194, 18.144446989366788], [-65.42535079813345, 18.144785882085017], [-65.42537822557088, 18.145033305036836], [-65.42524803378906, 18.14502255709046], [-65.42547422245903, 18.145899293100655], [-65.42538517211906, 18.14625968215949], [-65.42443962875632, 18.14703968104947], [-65.42436429184934, 18.14752377900673], [-65.42423409464264, 18.1475130306125], [-65.42450143017936, 18.148760904075758], [-65.42519353053032, 18.149185780812854], [-65.42438494640564, 18.148873864579954], [-65.42443980185193, 18.14936871563856], [-65.42534438229332, 18.150546614780307], [-65.42602277406473, 18.150847777911864], [-65.42577610450553, 18.1509499960725], [-65.425714481603, 18.151557808083155], [-65.4253650422745, 18.151896700801384], [-65.42411797390626, 18.1522840667934], [-65.42413168791069, 18.152407780846794], [-65.42311757024378, 18.152569219331895], [-65.42253517478908, 18.153134039109187], [-65.42139087076522, 18.153284730095763], [-65.4203493256609, 18.153198745629044], [-65.4203356122279, 18.153075036730616], [-65.42008894209725, 18.153177249736288], [-65.41999989175729, 18.15353763879512], [-65.41930101852519, 18.154215424679432], [-65.41915711273893, 18.154080962679664], [-65.41904063496155, 18.15419392878668], [-65.4179990898572, 18.15410794431996], [-65.41801280386164, 18.154231658373355], [-65.41747831730504, 18.154064952086603], [-65.41736183952766, 18.154177918193618], [-65.41733441151878, 18.153930490086832], [-65.4168136443915, 18.153887498301323], [-65.41607362971754, 18.15419414718042], [-65.41605991628455, 18.154070438281995], [-65.41477170104957, 18.154086666820948], [-65.41475798761658, 18.153962957922523], [-65.41397683150076, 18.15389846979641], [-65.41396311749634, 18.153774755743015], [-65.41384663971894, 18.153887721850033], [-65.41253099704653, 18.153656527437168], [-65.41255842448396, 18.153903950388987], [-65.41220898515547, 18.154242843107216], [-65.41105096769863, 18.154269825195364], [-65.41106468113162, 18.15439353409379], [-65.41005056403614, 18.154554977733856], [-65.40952979690886, 18.154511985948346], [-65.40964627468625, 18.154399019841332], [-65.4095023689, 18.15426455784156], [-65.40860473500679, 18.154313035822465], [-65.40794005666838, 18.154135581589333], [-65.40715890055256, 18.15407109346322], [-65.40704242277518, 18.154184059570238], [-65.40637774443675, 18.15400660533711], [-65.40575420811163, 18.154200293264157], [-65.40482914620956, 18.154001343138273], [-65.40458247122547, 18.154103560851063], [-65.4037601736678, 18.15366793571974], [-65.40323940654052, 18.15362494393423], [-65.40325311997351, 18.153748652832654], [-65.40125231807343, 18.154318958357493], [-65.39851826895566, 18.15409324969217], [-65.3978810186261, 18.154163223565824], [-65.39714100395214, 18.154469872444924], [-65.3963461338319, 18.15428167026542], [-65.39622965605452, 18.154394636372434], [-65.3955512642831, 18.154093473240877], [-65.39427676847743, 18.154233416281073], [-65.3939136151445, 18.15444859494591], [-65.39235130291289, 18.154319618693684], [-65.3921320607911, 18.15466925980614], [-65.39174148002076, 18.15463701551916], [-65.39137833211271, 18.154852194631847], [-65.39097403790937, 18.15469624144644], [-65.3908027046857, 18.15431435649485], [-65.39054232112206, 18.154292860602094], [-65.39025450412466, 18.154023936154704], [-65.39028193213352, 18.154271364261493], [-65.38994621166292, 18.154733966326], [-65.38980230102321, 18.154599509033343], [-65.38877447477675, 18.1546372339129], [-65.38878818878119, 18.154760947966295], [-65.38852780521754, 18.154739452073542], [-65.38817836588905, 18.15507834479177], [-65.38777407653916, 18.154922386899244], [-65.38780150397658, 18.155169809851063], [-65.38728073142441, 18.155126817617706], [-65.38699292042334, 18.154857898773134], [-65.38634195608935, 18.154804158593397], [-65.38644472043376, 18.154567483587954], [-65.3863008146475, 18.154433021588183], [-65.38617062286568, 18.154422273641806], [-65.38619805030311, 18.154669696593626], [-65.38584861097462, 18.155008589311855], [-65.38466316608034, 18.154788148448183], [-65.38430001274742, 18.155003327113022], [-65.38275141452023, 18.15499806491419], [-65.38179892518075, 18.154551691836485], [-65.3818537800556, 18.155046537740123], [-65.3816071050715, 18.155148755452913], [-65.38164824651336, 18.155519892458123], [-65.3812576711679, 18.15548764861899], [-65.38090823183941, 18.15582654133722]], [[-65.49529830643024, 18.147373300940234], [-65.49584668494035, 18.149992751162355], [-65.49614820994584, 18.15038538406032], [-65.49591525381963, 18.150611311119384], [-65.49627858024817, 18.152725167043638], [-65.49613467446191, 18.152590705043867], [-65.49601125013633, 18.151477294028233], [-65.4952024880626, 18.14883634791336], [-65.49505163629959, 18.147475513945906], [-65.49529830643024, 18.147373300940234]], [[-65.34151529441282, 18.341592848047245], [-65.34083690206997, 18.341291679760722], [-65.34079576119954, 18.34092054791048], [-65.34033661097847, 18.3402697385115], [-65.34043937532287, 18.340033063506056], [-65.34013785031736, 18.339640430608092], [-65.33973355611403, 18.339484477422683], [-65.33956222289035, 18.339102592471093], [-65.33930183932671, 18.33908109657834], [-65.33941831710409, 18.338968130471326], [-65.33926069788484, 18.33870995957313], [-65.33939088966666, 18.338720707519506], [-65.3391030786656, 18.33845178867493], [-65.33904822321931, 18.337956937616326], [-65.3387192653515, 18.337316881318692], [-65.33805459243796, 18.337139427533415], [-65.3378832537894, 18.336757542133974], [-65.3374652510065, 18.336477875343025], [-65.33738296812278, 18.3357356013326], [-65.33709515712172, 18.33546668248803], [-65.33714306601982, 18.33473515642398], [-65.33682782215645, 18.33421881417974], [-65.3358341913751, 18.333401304096824], [-65.33490218349628, 18.331975982003257], [-65.33434026950226, 18.33156185276469], [-65.33385369784008, 18.330663626016708], [-65.33329178384605, 18.330249496778137], [-65.33338083418602, 18.329889107719303], [-65.33216796128289, 18.329421238748846], [-65.33179109451697, 18.329512708515256], [-65.331564905847, 18.328635972505065], [-65.33048222472569, 18.328178851480985], [-65.3304685112927, 18.328055142582556], [-65.32902267683846, 18.327813200223314], [-65.32864581007254, 18.327904669989728], [-65.32820037928079, 18.32737757509199], [-65.32626120028326, 18.327340068606176], [-65.3249660444964, 18.326129925625295], [-65.32478099783972, 18.32562433177528], [-65.32419165583684, 18.324962774429924], [-65.32296506407583, 18.32437119611319], [-65.32259497019105, 18.323360003258195], [-65.32230715918998, 18.323091084413623], [-65.32176572665662, 18.321698006159185], [-65.32129286842745, 18.32092348830963], [-65.32014161300197, 18.31984780688067], [-65.31981266055904, 18.319207751030884], [-65.31832568466295, 18.318594671666432], [-65.31583831110069, 18.31826675044329], [-65.31508458242232, 18.318449685268995], [-65.31443361808832, 18.318395945089257], [-65.31394027297358, 18.318600375807716], [-65.3133853049563, 18.31941261853683], [-65.31299472961084, 18.319380374697698], [-65.31291262039417, 18.320967140431332], [-65.31279614204534, 18.32108010138338], [-65.31304975815274, 18.322204260345394], [-65.31284422946395, 18.322677610356276], [-65.31300184925465, 18.322935786409438], [-65.31287165747283, 18.32292503846306], [-65.3126935567929, 18.323645816580733], [-65.31224135312002, 18.3242213843044], [-65.31239897233925, 18.324479555202597], [-65.31212487477119, 18.32433434525645], [-65.31187820521197, 18.32443656341709], [-65.31129580975727, 18.325001383194383], [-65.31133695119912, 18.325372520199597], [-65.31146714298094, 18.325383268145973], [-65.31123418685473, 18.325609195205036], [-65.31128904230103, 18.32610404626364], [-65.31115884509431, 18.326093297869413], [-65.31133018374288, 18.326475183268855], [-65.3112274139736, 18.326711857826446], [-65.31072036085075, 18.326792580094327], [-65.31086426606556, 18.326927036939132], [-65.31047368529522, 18.32689479265215], [-65.30963767430455, 18.3263354586224], [-65.30942519963901, 18.3255824366656], [-65.30915110207094, 18.32543722671945], [-65.30912367463351, 18.325189803767632], [-65.30861661608577, 18.325270525587666], [-65.30870566642574, 18.324910136528832], [-65.30745165208074, 18.324071130553165], [-65.3071089802085, 18.323307360202136], [-65.30670469143004, 18.32315140746458], [-65.3061632588967, 18.321758329210144], [-65.30235329611385, 18.319972836451484], [-65.2981938994274, 18.318526236858904], [-65.29635749019914, 18.318252055815496], [-65.29611081464361, 18.31835426837332], [-65.2948088914005, 18.318246788461696], [-65.29470612762756, 18.318483468622105], [-65.294082590731, 18.318677151394187], [-65.29350019527628, 18.31924197117148], [-65.29352085525747, 18.320592057192556], [-65.29339065805077, 18.32058130879833], [-65.29343179949262, 18.32095244580354], [-65.2931988433664, 18.321178372862605], [-65.29295911978394, 18.32250696299093], [-65.29258225301803, 18.32259843275734], [-65.29249320267806, 18.322958821816172], [-65.29206148046586, 18.32255544052398], [-65.29182852433964, 18.322781367583044], [-65.29185595177707, 18.323028790534863], [-65.29132146579191, 18.322862089403078], [-65.29120498744308, 18.322975050355126], [-65.29128032435004, 18.322490952397867], [-65.2907184157809, 18.322076823607144], [-65.29079375211643, 18.32159272049492], [-65.28999193601945, 18.32017814634773], [-65.28927240280616, 18.319505846210962], [-65.28859401103475, 18.319204683079406], [-65.28747018847159, 18.318376425050115], [-65.28569540157442, 18.317494426841087], [-65.28221439180594, 18.316348995087182], [-65.2807685573517, 18.31610705272794], [-65.28008339812405, 18.31690855266564], [-65.2792885280038, 18.316720350486136], [-65.27921319166828, 18.31720445359836], [-65.27919947766384, 18.31708073954497], [-65.27856222733428, 18.317150713418627], [-65.27776735721403, 18.31696251123912], [-65.2779044949726, 18.31819963115318], [-65.27767153941782, 18.31842556336721], [-65.27716448029865, 18.318506280032278], [-65.27733581352233, 18.318888164983868], [-65.27707542995869, 18.31886666909111], [-65.27689038330202, 18.318361075241096], [-65.27677390495319, 18.318474036193148], [-65.27610922718621, 18.318296587114986], [-65.27609551318177, 18.31817287306159], [-65.27528692962854, 18.31786096198366], [-65.27499911263115, 18.31759203753627], [-65.27460853728569, 18.31755979369714], [-65.2745948238527, 18.31743608479871], [-65.27379995373245, 18.317247882619206], [-65.27368347595505, 18.31736084872622], [-65.27314898939845, 18.31719414243947], [-65.27299137017921, 18.316935971541273], [-65.27274469519512, 18.317038189254063], [-65.27228555039892, 18.31638738030293], [-65.27149068085012, 18.316199183278393], [-65.27157973119009, 18.31583879421956], [-65.27142211197084, 18.315580623321363], [-65.26996256351217, 18.315214966908727], [-65.26980494429293, 18.31495679601053], [-65.26981865829735, 18.315080510063925], [-65.26953084672485, 18.314811586064383], [-65.26899636073969, 18.314644884932598], [-65.268825027516, 18.31426299998101], [-65.26784510531421, 18.31356920350364], [-65.2672078598381, 18.31363917267018], [-65.26664594584406, 18.313225043431608], [-65.26561812016905, 18.313262773466132], [-65.26547420895791, 18.313128311018513], [-65.26559069273162, 18.313015350514313], [-65.26456962908796, 18.31195041703173], [-65.26351437540407, 18.31174071895947], [-65.26276741475337, 18.310820995870884], [-65.26208902241052, 18.310519827584365], [-65.2618423528513, 18.310622045745003], [-65.26156825528324, 18.310476835798855], [-65.26126672542429, 18.310084207608007], [-65.26086243607439, 18.30992824971548], [-65.26067738884628, 18.3094226507105], [-65.26038957242032, 18.309153731418075], [-65.25834068852653, 18.30812652841787], [-65.25762115531326, 18.307454228281102], [-65.25721686053848, 18.307298269940727], [-65.2542633962033, 18.30509316779877], [-65.25290661208902, 18.304490836380694], [-65.25194040931655, 18.303920754404565], [-65.25122087610326, 18.3032484542678], [-65.249864091989, 18.302646122849723], [-65.24960370842535, 18.302624626956966], [-65.24937074687425, 18.30285055356818], [-65.24928169653428, 18.303210942627015], [-65.24862379164844, 18.301930830927446], [-65.24849359444173, 18.30192008253322], [-65.24842502556244, 18.30130152257619], [-65.24829483378062, 18.301290774629813], [-65.24810978655252, 18.30078517562483], [-65.24770549777405, 18.300629222887274], [-65.24740396734367, 18.300236589541456], [-65.24749301768364, 18.299876200482622], [-65.24733539846439, 18.299618029584426], [-65.24560852046532, 18.29800450531135], [-65.24500546502945, 18.29721923906757], [-65.24347735368782, 18.29623502830072], [-65.24173675683089, 18.294497794681373], [-65.24103770993173, 18.292846540821625], [-65.24107190539685, 18.291991305859153], [-65.24024942931867, 18.289226645690885], [-65.24008486412268, 18.287742102825007], [-65.23963943333092, 18.28721500792727], [-65.23959829188907, 18.28684387092206], [-65.24010534558336, 18.28676315380914], [-65.24063983156852, 18.286929854940926], [-65.24062611813552, 18.2868061460425], [-65.24111946267882, 18.286601710169073], [-65.24137984624247, 18.28662320606183], [-65.24136613280947, 18.2864994971634], [-65.24203081057647, 18.286676946241563], [-65.24204452458089, 18.286800660294958], [-65.24230490814453, 18.28682215618771], [-65.24233233558196, 18.28706957913953], [-65.24262015200792, 18.287338498431954], [-65.24366169168736, 18.28742448245082], [-65.24423731968582, 18.287962325742786], [-65.2447580868131, 18.288005317528295], [-65.24474437280868, 18.2878816034749], [-65.24582705935488, 18.28833872494683], [-65.24714964257915, 18.28979629087953], [-65.24781432091757, 18.289973745112658], [-65.24850642669342, 18.290398622297605], [-65.24928758280923, 18.29046311042372], [-65.25041817825354, 18.290188705831603], [-65.25158990971481, 18.29028543779685], [-65.25191886758262, 18.290925494094484], [-65.25275487857328, 18.291484828124233], [-65.25321402336947, 18.292135637075365], [-65.25322773680246, 18.29225934597379], [-65.2526932508173, 18.292092644842004], [-65.25315240046693, 18.292743449086018], [-65.25277553312958, 18.29283491369746], [-65.252789247134, 18.292958627750853], [-65.25265905535218, 18.292947879804476], [-65.25239867178854, 18.292926383911723], [-65.25317982790436, 18.292990872037834], [-65.2533237336906, 18.293125334037605], [-65.2530907775644, 18.29335126109667], [-65.25337858856547, 18.293620179941243], [-65.25401583946646, 18.293550211222552], [-65.25400212546202, 18.29342649716916], [-65.25449547057677, 18.2932220664507], [-65.25529710815326, 18.29230760556095], [-65.2549681551389, 18.291667544556198], [-65.25522853870254, 18.29168904044895], [-65.25579045269656, 18.292103169687522], [-65.2550572060503, 18.29130716065233], [-65.25543406739132, 18.29121569043807], [-65.25539292594947, 18.29084455343286], [-65.25412519817148, 18.289881838558763], [-65.25379623973224, 18.289241777106163], [-65.25371395741996, 18.288499508250705], [-65.25342614584744, 18.288230584251163], [-65.25350148275442, 18.287746486293905], [-65.25373443888064, 18.28752055923484], [-65.25467321964058, 18.287843218707], [-65.25461836419429, 18.287348367648395], [-65.25418664198207, 18.2869449863562], [-65.25353567764809, 18.286891246176467], [-65.25308347997152, 18.287466819502953], [-65.252185840082, 18.28751529188104], [-65.25189802908093, 18.287246373036467], [-65.25185688763908, 18.286875236031253], [-65.25233651874939, 18.2865470912594], [-65.25122640476577, 18.285842546835653], [-65.25036296576624, 18.285035784699115], [-65.25019163254255, 18.28465389974753], [-65.25017097256138, 18.28330381372645], [-65.25030116976808, 18.28331456212068], [-65.25039022067949, 18.282954178216812], [-65.25065060424313, 18.282975674109565], [-65.25082193689536, 18.28335755390619], [-65.25148661523379, 18.283535008139317], [-65.25237748167075, 18.28458919322767], [-65.25291196822735, 18.284755899514423], [-65.25246653201071, 18.284228804168837], [-65.25204158325107, 18.282722765410202], [-65.25137690491265, 18.282545311177074], [-65.25133576347079, 18.282174174171864], [-65.25220596992656, 18.28187827323914], [-65.25228130683354, 18.281394175281882], [-65.25267188760388, 18.281426419568863], [-65.25265817359944, 18.281302705515472], [-65.25222645138724, 18.280899324223277], [-65.2520139767217, 18.280146302266477], [-65.25099291850293, 18.279081369231744], [-65.2507667304044, 18.27820463837652], [-65.25020481641037, 18.277790509137947], [-65.24997186028415, 18.27801643619701], [-65.2497114767205, 18.277994940304257], [-65.24942366029455, 18.277726021011834], [-65.24923861363789, 18.27722042716182], [-65.24973195818119, 18.27701599128839], [-65.25025272530847, 18.2770589830739], [-65.25110245030356, 18.277742031157047], [-65.25240437897155, 18.277849511516518], [-65.25263733509776, 18.27762358445745], [-65.2528977240863, 18.277645080798056], [-65.253480119541, 18.277080261020764], [-65.25447357180185, 18.275568736066738], [-65.25453519470439, 18.27496092405608], [-65.2543638614807, 18.274579039104495], [-65.25472701424218, 18.27436385528469], [-65.25469958680476, 18.27411643233287], [-65.25546702948758, 18.27405721156056], [-65.25583017682418, 18.273842027292904], [-65.25626189903637, 18.2742454085851], [-65.25678267158855, 18.274288400818456], [-65.25714581949659, 18.27407322170577], [-65.25770773349062, 18.27448735094434], [-65.25809830883608, 18.274519594783474], [-65.25825592805532, 18.27477776568167], [-65.25818059171979, 18.275261868793898], [-65.25724876236148, 18.27616558173727], [-65.25747495046002, 18.277042312592496], [-65.2583932443344, 18.278343920632672], [-65.25846181378512, 18.278962485744668], [-65.25828371253375, 18.27968325870737], [-65.25815352075193, 18.279672510760992], [-65.25819466219379, 18.280043647766202], [-65.25992154019285, 18.281657172039278], [-65.26205947442661, 18.28232398598065], [-65.26310101953095, 18.282409970447368], [-65.26311473353537, 18.282533684500763], [-65.26323121131277, 18.282420718393745], [-65.26401236742858, 18.28248520651986], [-65.26473866866954, 18.282054848742337], [-65.26495791079132, 18.28170520762988], [-65.2658555501094, 18.281656730096827], [-65.26672575656518, 18.281360829164104], [-65.26713004591508, 18.28151678705663], [-65.26711633191064, 18.281393073003237], [-65.26737672089916, 18.28141456934384], [-65.26819207248009, 18.280623822507483], [-65.26935008993694, 18.280596840419335], [-65.27022724294089, 18.281527316609264], [-65.27141269326005, 18.281747757920787], [-65.27189926549366, 18.282645989823735], [-65.27259137126951, 18.283070867008682], [-65.27289290169989, 18.283463500354497], [-65.27301632545402, 18.284576906215165], [-65.27249555290186, 18.284533913981807], [-65.27229002478451, 18.285007269147656], [-65.2723585936638, 18.28562582910469], [-65.27281773788854, 18.28627663290085], [-65.27287259333484, 18.286771483959456], [-65.2729137347767, 18.287142620964666], [-65.27278354299487, 18.28713187301829], [-65.27281097043229, 18.28737929597011], [-65.27268077865047, 18.28736854802373], [-65.27259172831052, 18.287728937082566], [-65.27264658318536, 18.2882237829862], [-65.272906966749, 18.288245278878957], [-65.27346193476629, 18.287433036149842], [-65.27343450732886, 18.287185613198023], [-65.27401690221213, 18.286620788265765], [-65.27452395590642, 18.286540071152846], [-65.27438005012016, 18.286405609153075], [-65.27449652789755, 18.28629264304606], [-65.27595607635622, 18.286658299458697], [-65.27598350379364, 18.286905722410516], [-65.27516815221271, 18.287696469246875], [-65.27531205799897, 18.287830931246642], [-65.27519558022159, 18.28794389735366], [-65.27527786253387, 18.288686166209114], [-65.27556567410637, 18.288955090208656], [-65.2758260630949, 18.28897658654926], [-65.27605901864968, 18.288750654335228], [-65.27631940221332, 18.288772150227985], [-65.27653865033143, 18.28842251471834], [-65.27679903389507, 18.288444010611098], [-65.27776523666755, 18.289014092587227], [-65.27779266410498, 18.289261515539046], [-65.27753228054134, 18.28924001964629], [-65.27754599454576, 18.289363733699684], [-65.27716912777986, 18.289455203466094], [-65.27681969387625, 18.289794096632175], [-65.27551776520826, 18.2896866162727], [-65.27553147864126, 18.28981032517113], [-65.27527109507761, 18.289788829278372], [-65.27483260540917, 18.29048811105544], [-65.27354439074561, 18.29050434474936], [-65.27368830138532, 18.29063880204201], [-65.27393497151597, 18.29053658903634], [-65.27425020995446, 18.29105293083273], [-65.27412001817264, 18.291042182886354], [-65.27403096783267, 18.291402571945188], [-65.27349648127607, 18.291235865658436], [-65.27340743093612, 18.29159625471727], [-65.27314704737248, 18.291574758824517], [-65.27255770594101, 18.290913206634126], [-65.27150245225712, 18.290703508561865], [-65.27151616626156, 18.29082722261526], [-65.27258513337844, 18.291160629585946], [-65.27303056959508, 18.29168772493153], [-65.27291408639282, 18.291800690590698], [-65.27331838059615, 18.291956643776107], [-65.27361990560165, 18.29234927667407], [-65.2744147757219, 18.29253747885358], [-65.27471630615229, 18.292930112199393], [-65.27510688149775, 18.292962356038526], [-65.27545632082624, 18.292623463320297], [-65.27616214003507, 18.29317204940367], [-65.27642252359871, 18.293193545296425], [-65.27665547972494, 18.29296761823736], [-65.27672404860422, 18.29358617819439], [-65.27737501293821, 18.293639918374126], [-65.27749149071559, 18.29352695226711], [-65.27819731049588, 18.29407554350545], [-65.27821102450031, 18.294199257558844], [-65.27823845193774, 18.294446680510664], [-65.27839607115698, 18.29470485140886], [-65.27834121628213, 18.29421000550522], [-65.27803969127663, 18.293817372607254], [-65.2774777772826, 18.293403243368687], [-65.2768405263816, 18.293473212087374], [-65.27690215470902, 18.292865400524573], [-65.27677195750232, 18.292854652130345], [-65.27658691084565, 18.29234905828033], [-65.27735435295703, 18.29228983235305], [-65.27801903129544, 18.29246728658618], [-65.27945115174525, 18.29258551489203], [-65.27956762952265, 18.292472548785014], [-65.27971153530889, 18.292607010784785], [-65.27969782130447, 18.29248329673139], [-65.28008840207481, 18.29251554101837], [-65.28067774350626, 18.29317709320876], [-65.2809381270699, 18.293198589101515], [-65.28092441363691, 18.29307488020309], [-65.28122593864241, 18.293467513101056], [-65.28104089141429, 18.292961914096075], [-65.28117108319611, 18.29297266204245], [-65.2813424164198, 18.293354546994042], [-65.2812396520754, 18.29359122199948], [-65.28134936239654, 18.294580918961724], [-65.28184965348804, 18.29560286021095], [-65.28196613183687, 18.2954898992589], [-65.28191127639057, 18.294995048200295], [-65.28226071029418, 18.294656155034215], [-65.28228119717974, 18.2936772064662], [-65.28276082286517, 18.2933490612465], [-65.28352826554799, 18.293289840474184], [-65.28491247652825, 18.294139589689113], [-65.28622135174442, 18.295473447171236], [-65.28676954630912, 18.295763861908565], [-65.28755764840167, 18.29705472200236], [-65.28775640906278, 18.29768402990577], [-65.28889395105527, 18.298636002436304], [-65.2888186141483, 18.299120100393562], [-65.28896251993456, 18.299254562393333], [-65.28902414283709, 18.29864675038268], [-65.2893735767407, 18.2983078572166], [-65.28914738864216, 18.297431126361374], [-65.28952425540808, 18.297339656594964], [-65.28958587831062, 18.29673184458431], [-65.28857853352484, 18.295790620448003], [-65.28790014175343, 18.29548945731645], [-65.28770138109232, 18.29486014941304], [-65.28819472078217, 18.29465571824673], [-65.28858530155252, 18.29468796253371], [-65.28900330433541, 18.294967629324663], [-65.28898959033098, 18.29484391527127], [-65.28929112076136, 18.295236548617087], [-65.28968169610683, 18.295268792456216], [-65.28978446045122, 18.295032117450777], [-65.29110010312364, 18.295263311863643], [-65.29166201711766, 18.29567744110221], [-65.29214858877984, 18.296575667850192], [-65.29240897776836, 18.296597164190796], [-65.2924226917728, 18.29672087824419], [-65.29291603089122, 18.296516441922915], [-65.29330661166156, 18.296548686209896], [-65.29346423145225, 18.296806862263058], [-65.29437557934988, 18.296882098335548], [-65.29466339577583, 18.29715101762797], [-65.29518416290311, 18.29719400941348], [-65.2951978763361, 18.297317718311906], [-65.29558845710646, 18.29734996259889], [-65.29560217111089, 18.29747367665228], [-65.29599274645635, 18.297505920491414], [-65.29641075466412, 18.297785587730214], [-65.29729467512433, 18.297613400850885], [-65.29768525589468, 18.297645645137866], [-65.29769896989912, 18.29776935919126], [-65.29807583124014, 18.297677888977], [-65.29808954524458, 18.297801603030393], [-65.2991722263659, 18.29825872405447], [-65.3000835796884, 18.298333960574812], [-65.29980947669544, 18.298188750180817], [-65.29991224103985, 18.297952075175374], [-65.29963814347177, 18.297806865229227], [-65.29958328859692, 18.297312019325588], [-65.29971348037874, 18.297322767271964], [-65.29945986427134, 18.296198608309954], [-65.29901443347958, 18.295671513412216], [-65.29910348381955, 18.295311124353383], [-65.29891843716288, 18.294805530503368], [-65.2990486289447, 18.294816278449744], [-65.29882244084617, 18.29393954759452], [-65.29905539640095, 18.293713615380486], [-65.29897311351722, 18.292971341370066], [-65.29885663573984, 18.29308430747708], [-65.29839748609021, 18.292433503233067], [-65.2972462360896, 18.291357822251957], [-65.29698585252596, 18.291336326359204], [-65.29689679676112, 18.29169671497019], [-65.29650622141565, 18.291664471131057], [-65.29607449920346, 18.291261089838862], [-65.29595107487788, 18.290147678823228], [-65.29580716966306, 18.290013221978427], [-65.29617032242454, 18.289798038158622], [-65.29602641720973, 18.289663581313818], [-65.29604013064272, 18.289787290212242], [-65.29553307209498, 18.28986801203228], [-65.29551935809056, 18.289744297978885], [-65.29473820197474, 18.28967980985277], [-65.29485468032357, 18.289566848900723], [-65.2943476212044, 18.28964756556579], [-65.29445038554879, 18.289410890560347], [-65.29405981020332, 18.289378646721218], [-65.29407352420776, 18.28950236077461], [-65.2935527516556, 18.28945936854125], [-65.29317588974313, 18.289550833600543], [-65.29318960374755, 18.289674547653938], [-65.29227825584992, 18.289599311581448], [-65.29226454184548, 18.289475597528053], [-65.29187396107514, 18.289443353241072], [-65.29118185529929, 18.289018476056125], [-65.29051717753231, 18.288841026977963], [-65.28994155495873, 18.28830318413385], [-65.288783532077, 18.288330165774145], [-65.28836552929411, 18.288050498983196], [-65.28772827839312, 18.288120467701887], [-65.28719379240796, 18.2879537665701], [-65.2862138750596, 18.287259965385612], [-65.28500099730303, 18.286792101122273], [-65.28426775008532, 18.285996086932112], [-65.28400736652168, 18.28597459103936], [-65.283836033298, 18.28559270608777], [-65.2823490574019, 18.284979626723317], [-65.28186248031484, 18.284081399527484], [-65.28173228853302, 18.284070651581107], [-65.28162257821188, 18.283080954618864], [-65.28208849531775, 18.28262909579362], [-65.2829861297824, 18.282580622967686], [-65.28321909133349, 18.28235469635647], [-65.28300661124308, 18.28160167395182], [-65.28313680844978, 18.281612422346047], [-65.28310938044092, 18.28136499423926], [-65.28334233656713, 18.2811390671802], [-65.28304081156163, 18.280746434282232], [-65.28279413657754, 18.28084865199502], [-65.28265023079129, 18.28071418999525], [-65.2827667091401, 18.2806012290432], [-65.28236241979022, 18.280445271150676], [-65.28229385091093, 18.279826711193646], [-65.28264328481454, 18.279487818027565], [-65.28302015158044, 18.279396348261155], [-65.28300643814745, 18.27927263936273], [-65.28389035803623, 18.279100447328435], [-65.28423979251127, 18.27876155931732], [-65.28432884827612, 18.278401170706335], [-65.28419865106942, 18.27839042231211], [-65.28414379562312, 18.277895571253506], [-65.28308854251067, 18.27768587833621], [-65.28310225594366, 18.277809587234636], [-65.2825814833915, 18.277766595001278], [-65.28085478448439, 18.278482110920113], [-65.27930618568575, 18.278476843566313], [-65.27933361312319, 18.27872426651813], [-65.27908694356397, 18.27882648467877], [-65.27912808500582, 18.27919762168398], [-65.27899788779912, 18.279186873289753], [-65.27903902924098, 18.279558010294966], [-65.27863473989109, 18.27940205240244], [-65.27766176909091, 18.2799346283406], [-65.27767548309535, 18.280058342393996], [-65.27740138010239, 18.279913132], [-65.27746300300493, 18.279305319989344], [-65.27768225055159, 18.27895567932474], [-65.2775313987886, 18.277594845357285], [-65.27577709392355, 18.27573390328736], [-65.27501641926843, 18.27469046614538], [-65.27497527782656, 18.27431932914017], [-65.27531099772573, 18.273856721920698], [-65.27605101239969, 18.273550073041598], [-65.27749684685392, 18.27379201540084], [-65.27748313284948, 18.27366830134745], [-65.27786000018683, 18.273576836736005], [-65.27802438686233, 18.272732344564943], [-65.27632493687214, 18.271366248398653], [-65.275564262217, 18.270322811256676], [-65.27552312077515, 18.269951674251466], [-65.27539292899333, 18.269940926305086], [-65.27520788176521, 18.269435327300105], [-65.27677019399684, 18.269564303552333], [-65.27718819735117, 18.26984397549825], [-65.27889442022249, 18.27010740904313], [-65.27950423768974, 18.269790011769803], [-65.27959329402603, 18.269429628313787], [-65.27972348580785, 18.269440376260164], [-65.27966863036156, 18.26894552520156], [-65.27978510813894, 18.268832559094545], [-65.27960006148227, 18.26832696524453], [-65.27889424170199, 18.267778374006188], [-65.27795546636693, 18.267455714981878], [-65.2770920273674, 18.266648952845344], [-65.27661916371333, 18.26587443454794], [-65.27674935549516, 18.265885182494316], [-65.27670821462473, 18.26551405064407], [-65.27735917895873, 18.265567790823805], [-65.2773454649543, 18.265444076770414], [-65.27811290706568, 18.265384850843134], [-65.27847606039859, 18.2651696721783], [-65.27855139730556, 18.264685574221037], [-65.27868158908738, 18.264696322167413], [-65.27864044764553, 18.264325185162203], [-65.27888711720473, 18.264222967001565], [-65.27880483432102, 18.26348069299114], [-65.27905150987655, 18.26337848043332], [-65.27902408186769, 18.263131052326536], [-65.27929817943577, 18.263276262272683], [-65.27932560687319, 18.2635236852245], [-65.27997657120717, 18.263577425404236], [-65.28026438220824, 18.263846344248808], [-65.28052477119677, 18.263867840589413], [-65.28060705408049, 18.264610114599837], [-65.28047686229867, 18.26459936665346], [-65.28040152053826, 18.265083469317837], [-65.28027132875644, 18.26507272137146], [-65.27997674972768, 18.265906460441176], [-65.27974378817657, 18.26613238705239], [-65.27985349906916, 18.2671220891696], [-65.28016874293255, 18.267638431413843], [-65.28172428770792, 18.26887007073533], [-65.28292344660662, 18.26921422565239], [-65.28302621095101, 18.268977550646948], [-65.28356069693618, 18.269144251778734], [-65.28347164659621, 18.269504640837567], [-65.28419117980948, 18.270176940974334], [-65.28461612914056, 18.271682984887935], [-65.28490394014163, 18.27195190373251], [-65.28516432913015, 18.271973400073115], [-65.28546585413565, 18.27236603297108], [-65.28572623769931, 18.272387528863835], [-65.28617167391594, 18.27291462420942], [-65.28644577091258, 18.2730598290006], [-65.28682263824993, 18.272968364389158], [-65.28739826025206, 18.273506202078305], [-65.28742568768949, 18.27375362503012], [-65.28729549590767, 18.273742877083745], [-65.28745311569836, 18.274001053136907], [-65.28850160677945, 18.27531340957131], [-65.28845369245646, 18.276044935187507], [-65.2887963643287, 18.276808705538535], [-65.28892655611052, 18.27681945348491], [-65.28896769698093, 18.277190585335156], [-65.28909788876275, 18.277201333281532], [-65.28932407743272, 18.278078069291727], [-65.29033142707196, 18.279019288720917], [-65.29099609998549, 18.279196742506194], [-65.29190068042688, 18.280374641647942], [-65.29230497463023, 18.28053059483335], [-65.29360013041708, 18.281740737814232], [-65.29413461697368, 18.281907444100984], [-65.29488834508062, 18.281724504120312], [-65.29566950119643, 18.281788992246423], [-65.29590246274753, 18.28156306563521], [-65.2958750353101, 18.281315642683392], [-65.29603265452936, 18.281573813581588], [-65.29671104630077, 18.28187497671314], [-65.29673847430963, 18.282122404819926], [-65.29660827710293, 18.282111656425702], [-65.29663570454035, 18.282359079377517], [-65.29619722029679, 18.283058361602432], [-65.29627950260907, 18.28380063045789], [-65.29614931082725, 18.283789882511513], [-65.29607396906682, 18.28427398517589], [-65.295943777285, 18.284263237229514], [-65.29616996538354, 18.28513996808474], [-65.29658797416275, 18.285419640478505], [-65.29675930738644, 18.285801525430095], [-65.29743769915785, 18.28610268856165], [-65.29846552483286, 18.286064958527124], [-65.29882867816579, 18.28584977986229], [-65.29923296751569, 18.286005737754813], [-65.29888353304064, 18.286344625765924], [-65.29862314405212, 18.28632312942532], [-65.29863685805655, 18.286446843478714], [-65.29837647449291, 18.28642534758596], [-65.29839018849734, 18.286549061639352], [-65.29776665160077, 18.286742744411434], [-65.2977940790382, 18.286990167363253], [-65.29766388725638, 18.286979419416877], [-65.29793121679677, 18.288227287277316], [-65.29832179756711, 18.288259531564297], [-65.29833551157155, 18.288383245617688], [-65.29807512258303, 18.288361749277083], [-65.29772568867942, 18.288700642443164], [-65.29695824656804, 18.288759868370445], [-65.29675271787924, 18.289233218381327], [-65.29633470967147, 18.288953551142527], [-65.29662252067254, 18.2892224699871], [-65.29615660899155, 18.289674329260194], [-65.29705424288476, 18.289625851279293], [-65.29734205388581, 18.289894770123865], [-65.29732834045282, 18.28977106122544], [-65.29818483290417, 18.289351446239326], [-65.29788330789866, 18.28895881334136], [-65.2976503523439, 18.289184745555392], [-65.2974927325532, 18.28892656950223], [-65.29873980092144, 18.288539203510215], [-65.29863703657705, 18.288775878515654], [-65.29849313079079, 18.288641416515887], [-65.2983766530134, 18.2887543826229], [-65.29882208380516, 18.289281477520635], [-65.29893856158255, 18.28916851141362], [-65.29908247279369, 18.28930297386124], [-65.29883579723816, 18.289405186419064], [-65.29955533045143, 18.29007748655583], [-65.30050781979092, 18.29052385963353], [-65.30102859234309, 18.290566851866892], [-65.30113135668748, 18.29033017686145], [-65.30163841523522, 18.290249455041415], [-65.30162470180223, 18.29012574614299], [-65.30248119425357, 18.289706131156876], [-65.30376940948855, 18.289689902617923], [-65.30378312292154, 18.289813611516347], [-65.3047218982566, 18.290136270540657], [-65.3047767537029, 18.29063112159926], [-65.3052221893481, 18.29115821178988], [-65.30614725125017, 18.291357161915766], [-65.30613353724573, 18.29123344786237], [-65.30639392080937, 18.291254943755128], [-65.30685983848669, 18.290803090084847], [-65.30692146138922, 18.290195278074194], [-65.30705165317104, 18.290206026020574], [-65.30734623705324, 18.289372282243736], [-65.30720233183843, 18.289237825398935], [-65.30747642883506, 18.289383030190116], [-65.30772309896571, 18.289280817184444], [-65.30775052640314, 18.289528240136264], [-65.30750385684394, 18.2896304582969], [-65.30703117171036, 18.291184975036437], [-65.30711345459409, 18.29192724904686], [-65.30755889023928, 18.29245433923748], [-65.30796317958918, 18.292610297130004], [-65.30868271280245, 18.29328259726677], [-65.30931319567577, 18.29431528646237], [-65.30935433711763, 18.29468642346758], [-65.31001224200348, 18.295966535167153], [-65.31030005842943, 18.296235454459577], [-65.31048510565755, 18.296741053464558], [-65.31106072823113, 18.297278896308672], [-65.3126916147669, 18.298026432965777], [-65.31402096544743, 18.29838133582922], [-65.31408953432671, 18.29899989578625], [-65.31376752786053, 18.29958621190415], [-65.31394580706096, 18.30119446882342], [-65.31427476007534, 18.301834529828174], [-65.3147064817161, 18.3022379059654], [-65.3147613371624, 18.302732757024003], [-65.31565220359934, 18.30378694211236], [-65.31567963103677, 18.30403436506418], [-65.31544667005711, 18.30426029683036], [-65.31545361603385, 18.305486668798043], [-65.31565237669496, 18.306115976701452], [-65.31578256847678, 18.30612672464783], [-65.31583742392307, 18.306621575706433], [-65.31659809857821, 18.30766501284841], [-65.3174478235733, 18.308348060931554], [-65.31920890189092, 18.30910634553504], [-65.32051082513401, 18.309213825446662], [-65.3207575001181, 18.309111607733872], [-65.3213124627105, 18.30829936455691], [-65.32157285169902, 18.308320860897513], [-65.32148380135907, 18.308681249956347], [-65.32163465312206, 18.310042083923804], [-65.32176484490388, 18.31005283187018], [-65.32197731956943, 18.31080585382698], [-65.32281333056008, 18.31136518785673], [-65.32312856957002, 18.31188153480809], [-65.32516374488426, 18.312785024202753], [-65.32573937288272, 18.31332286749472], [-65.32696595921885, 18.3139144453636], [-65.32864474979931, 18.31393046066378], [-65.32874751899715, 18.313693780951223], [-65.32935733703583, 18.313376388832864], [-65.32930248158954, 18.31288153777426], [-65.32941896479181, 18.312768572115093], [-65.3292887675851, 18.312757823720865], [-65.32950801570321, 18.312408188211226], [-65.32974097125799, 18.312182255997193], [-65.32988487704425, 18.312316717996964], [-65.32987116303981, 18.31219300394357], [-65.33026174381015, 18.312225248230554], [-65.3301589800372, 18.312461928390963], [-65.33028240379134, 18.31357533425163], [-65.33004944224024, 18.313801260862842], [-65.32964515346178, 18.313645308125285], [-65.32955610312182, 18.314005697184122], [-65.32942590591512, 18.313994948789894], [-65.32953561623626, 18.314984645752133], [-65.32941913788743, 18.315097606704185], [-65.32947399333372, 18.31559245776279], [-65.3293438015519, 18.31558170981641], [-65.3294397978686, 18.31644769272526], [-65.32995380296452, 18.317593348027877], [-65.33008399474635, 18.317604095974254], [-65.33029646941189, 18.318357117931054], [-65.33117362184441, 18.319287588966017], [-65.3315437157292, 18.320298781821013], [-65.3316739129359, 18.32030953021524], [-65.33201657938326, 18.321073300118417], [-65.33289373238722, 18.32200377630835], [-65.33386688113646, 18.32380023025216], [-65.33513460948588, 18.324762950281222], [-65.33557327767483, 18.3263927035411], [-65.33610776423143, 18.32655940982785], [-65.33659433589361, 18.32745763657583], [-65.33677261509403, 18.329065893495102], [-65.3370604260951, 18.329334812339678], [-65.33745100686545, 18.32936705662666], [-65.33777995987981, 18.33000711763141], [-65.33870502121044, 18.330206062602326], [-65.34030170742767, 18.331808838929025], [-65.34080199851917, 18.332830780178245], [-65.34128180272509, 18.334831669995484], [-65.34187114415654, 18.335493222185875], [-65.34237142982316, 18.336515162987247], [-65.3428168660398, 18.337042258332833], [-65.34362544959303, 18.337354169410766], [-65.34407087981334, 18.337881259153537], [-65.34460536636995, 18.33804796544029], [-65.34490689137544, 18.338440598338252], [-65.34557156971387, 18.338618052571384], [-65.3455989971513, 18.338865475523203], [-65.34600329192608, 18.339021433863575], [-65.34657891935309, 18.33955927200057], [-65.34646243615083, 18.339672237659737], [-65.34693529923345, 18.340446750802176], [-65.3469764406753, 18.340817887807386], [-65.34677091255796, 18.341291242973238], [-65.34651052356944, 18.341269746632634], [-65.34492755135663, 18.33979068435933], [-65.3449001239192, 18.33954326140751], [-65.34445469312745, 18.339016166509776], [-65.34380372879346, 18.33896242633004], [-65.3437146784535, 18.339322815388872], [-65.34333781168758, 18.339414285155286], [-65.34306371411951, 18.33926907520914], [-65.3425840830092, 18.33959721998099], [-65.34282398511216, 18.34059766488961], [-65.34270750733477, 18.340710630996625], [-65.34217302620306, 18.34054392515772], [-65.34205654300078, 18.340656890816888], [-65.34212511188007, 18.341275450773917], [-65.34189215575385, 18.341501377832984], [-65.34151529441282, 18.341592848047245]], [[-65.7481023709735, 18.312274983112065], [-65.74690997410616, 18.310828164677893], [-65.74533394787011, 18.310575474372275], [-65.74462812866126, 18.3100268882889], [-65.7437509756573, 18.30909641209897], [-65.74296287898963, 18.307805552453022], [-65.74237353755818, 18.307144000262635], [-65.74167448580559, 18.305492751110002], [-65.7412564830227, 18.305213084319053], [-65.74033142112063, 18.30501413419317], [-65.73978322113103, 18.304723719007992], [-65.73985855746656, 18.304239615895764], [-65.7403656160143, 18.30415889407573], [-65.74086572915672, 18.30285180544298], [-65.74296928940487, 18.302044819309884], [-65.74011858941408, 18.299603042162484], [-65.73964573118491, 18.29882852431293], [-65.74002936055362, 18.297634396184378], [-65.73996079167433, 18.29701583622735], [-65.73961812522698, 18.296252066324172], [-65.7390150697911, 18.29546680008039], [-65.73848058380594, 18.295300098948605], [-65.73810372189347, 18.295391564007897], [-65.73795981667865, 18.295257107163096], [-65.73732256577765, 18.295327075881787], [-65.73708961022287, 18.295553008095816], [-65.73692521755106, 18.29639749466406], [-65.73667854799184, 18.296499712824698], [-65.73497232997397, 18.296236274572703], [-65.73421860129558, 18.296419209398408], [-65.7305867397641, 18.293912943677046], [-65.72916138677054, 18.292692052301938], [-65.72852414186588, 18.292762026623446], [-65.72530351508959, 18.291638085607325], [-65.7238851140691, 18.29164357180272], [-65.72211032174707, 18.29076157314584], [-65.72119897384944, 18.29068633707335], [-65.72018486217885, 18.29084778116127], [-65.71989704518145, 18.29057885671388], [-65.71986961774402, 18.29033143376206], [-65.72008886529069, 18.289981793097454], [-65.71975990742288, 18.289341736799816], [-65.7186086574223, 18.288266055818706], [-65.71751226229655, 18.287685220741235], [-65.71634052541039, 18.28758848832814], [-65.71536755518166, 18.28812106942127], [-65.71492906494177, 18.288820346043366], [-65.71510039816545, 18.289202230994956], [-65.7148948700481, 18.289675586160804], [-65.71401094958789, 18.289847773040133], [-65.71315445171166, 18.290267387578396], [-65.71235958159141, 18.29007918539889], [-65.7113933782475, 18.289509098267796], [-65.70987220745774, 18.28975125902078], [-65.70913219278378, 18.29005790789988], [-65.70878275888018, 18.29039680106596], [-65.70730272953227, 18.291010098824156], [-65.70674776151499, 18.291822341553267], [-65.70547326085588, 18.29196228930058], [-65.7046646767312, 18.291650373067682], [-65.70426715540898, 18.290391757260867], [-65.7035613356287, 18.289843166022525], [-65.70317075485836, 18.289810921735544], [-65.70270484317736, 18.29026278100864], [-65.70244445418884, 18.290241284668035], [-65.70234168984445, 18.290477959673478], [-65.7019648285034, 18.29056942988774], [-65.70068355981661, 18.29181203554934], [-65.70128660982762, 18.292597301345275], [-65.70236929580237, 18.293054417662237], [-65.70327387624376, 18.294232316803985], [-65.70350006491373, 18.29510905281418], [-65.7033835865649, 18.295222013766228], [-65.70284910057974, 18.295055312634442], [-65.70201308901764, 18.294495973449724], [-65.70137583868808, 18.29456594732338], [-65.70145812100036, 18.29530821617884], [-65.70204746300325, 18.29596977352419], [-65.70208860444511, 18.296340910529405], [-65.70319194497615, 18.298148112419593], [-65.70288365251442, 18.298858142590884], [-65.70160915128386, 18.298998085183232], [-65.70056778470003, 18.301241135753454], [-65.69946462268948, 18.301762968900206], [-65.69912889679398, 18.302225570516864], [-65.69896450954704, 18.303070057532956], [-65.69748448019914, 18.303683355291152], [-65.69713504087065, 18.304022248009385], [-65.69716246830808, 18.3042696709612], [-65.69512729299383, 18.30336618156654], [-65.6920299228724, 18.30102661742481], [-65.69155705921833, 18.300252099127405], [-65.69144734889719, 18.299262402165166], [-65.69128972967793, 18.29900423126697], [-65.69074152968834, 18.29871381608179], [-65.68987809068882, 18.297907053945256], [-65.68836368735529, 18.29704655162898], [-65.68719872335026, 18.29584715659448], [-65.68556784223937, 18.295099620385223], [-65.6843754507969, 18.2936528023989], [-65.68368334502105, 18.29322792521395], [-65.68308029015661, 18.292442664125137], [-65.6819976090353, 18.291985543101056], [-65.68083958558213, 18.292012519586386], [-65.67977061846526, 18.2916791126157], [-65.67765351131197, 18.29469141368168], [-65.67650920785957, 18.294842109823218], [-65.6761871959685, 18.295428425493267], [-65.67590633094417, 18.296385878616377], [-65.67647536401057, 18.300355414411722], [-65.67581068567215, 18.300177960178594], [-65.67517343534259, 18.30024793405225], [-65.67454990387091, 18.30044161727218], [-65.6739537949832, 18.300882728151052], [-65.67295339132073, 18.301167880689544], [-65.67230242698675, 18.30111414050981], [-65.67134993764725, 18.300667767432106], [-65.67034953940966, 18.30095292041845], [-65.6696232381687, 18.301383278195974], [-65.66905455671842, 18.30207181202666], [-65.66902036125332, 18.302927046989133], [-65.66832148802122, 18.303604832873443], [-65.66825986511869, 18.304212644884096], [-65.66802690413903, 18.304438576650277], [-65.6658341090341, 18.30327691120245], [-65.66408674957435, 18.30264233594524], [-65.6639291303551, 18.302384165047044], [-65.66399075325765, 18.30177635303639], [-65.66264768857269, 18.301297736119558], [-65.66220225235605, 18.300770640773973], [-65.66155128802205, 18.300716900594235], [-65.66118814068547, 18.300932084861888], [-65.660612512687, 18.300394241569926], [-65.6605097483426, 18.30063091657537], [-65.65970116478937, 18.300319005497435], [-65.65880353089617, 18.300367483478336], [-65.65824161690215, 18.299953354239765], [-65.65763856146626, 18.299168087995984], [-65.65632291879385, 18.298936893583118], [-65.65518538279768, 18.297984926655403], [-65.65339011443984, 18.298081877462238], [-65.65232114189808, 18.297748470043704], [-65.65181408877523, 18.297829192311585], [-65.65139607999602, 18.29754951991782], [-65.65135493855415, 18.297178382912605], [-65.65108084155752, 18.297033178121428], [-65.65026548997659, 18.297823924957786], [-65.64973100399143, 18.297657223826], [-65.64957338420075, 18.29739904777284], [-65.64892241986676, 18.2973453075931], [-65.64875108664307, 18.29696342264151], [-65.64766840009688, 18.296506301169583], [-65.64704486377175, 18.29669998909663], [-65.64659943298, 18.296172894198897], [-65.64507826219024, 18.29641505495188], [-65.64497549784585, 18.296651729957322], [-65.64471510885731, 18.296630233616717], [-65.64442729785625, 18.296361314772145], [-65.64420805573447, 18.296710955884603], [-65.64394766674594, 18.296689459543998], [-65.64392023930851, 18.29644203659218], [-65.64365985574487, 18.296420540699422], [-65.64326927497453, 18.29638829641244], [-65.6427896492891, 18.296716441632146], [-65.64160419839851, 18.296495995165657], [-65.64137124227229, 18.29672192222472], [-65.64204963461515, 18.297023090511242], [-65.64209077548556, 18.297394222361486], [-65.64184410050147, 18.297496440074276], [-65.64141238371415, 18.297093059229933], [-65.64115199472562, 18.29707156288933], [-65.64103551694824, 18.297184528996343], [-65.64119313616749, 18.29744269989454], [-65.64109037182308, 18.29767937489998], [-65.64082998825944, 18.297657879007225], [-65.64023387937175, 18.298098989886096], [-65.63958291503775, 18.29804524970636], [-65.63898680557861, 18.29848635543026], [-65.63872642201497, 18.298464859537507], [-65.63856880279573, 18.298206688639308], [-65.63804803024355, 18.29816369640595], [-65.6373080155696, 18.29847034528505], [-65.636773529013, 18.2983036389983], [-65.63628018989458, 18.298508075319575], [-65.63553322867244, 18.297588347076022], [-65.63488226433846, 18.297534606896285], [-65.634943887241, 18.296926794885632], [-65.63474512657989, 18.296297486982223], [-65.63410092970214, 18.29514108373323], [-65.6325453854982, 18.293909449566712], [-65.63175051537796, 18.293721247387207], [-65.63164775103357, 18.293957922392647], [-65.63150384581876, 18.293823465547845], [-65.63127088969253, 18.294049392606908], [-65.63086659491775, 18.293893434266536], [-65.63088030892219, 18.294017148319927], [-65.63048973357672, 18.293984904480794], [-65.63050344700972, 18.294108613379223], [-65.62989362411759, 18.294426010204695], [-65.62950304334724, 18.294393765917714], [-65.62951675735167, 18.29451747997111], [-65.62913989601064, 18.29460895018537], [-65.62885207901324, 18.29434002573798], [-65.6285916954496, 18.294318529845224], [-65.62856426801218, 18.294071106893405], [-65.62843407623036, 18.29406035894703], [-65.62853684057475, 18.293823683941586], [-65.62827645701111, 18.293802188048833], [-65.62824902957368, 18.293554765097014], [-65.62785844880334, 18.293522520810033], [-65.62788587624077, 18.293769943761852], [-65.62741996398833, 18.294221797879977], [-65.62734462222792, 18.294705900544358], [-65.62708423866428, 18.2946844046516], [-65.62674851819366, 18.295147006716107], [-65.62646070176771, 18.294878087423683], [-65.62620031820407, 18.29485659153093], [-65.62631679598145, 18.294743625423916], [-65.62517925998529, 18.293791658496197], [-65.62525459689226, 18.29330756053894], [-65.625110691106, 18.293173098539167], [-65.62524088288782, 18.293183846485544], [-65.62495307188676, 18.29291492764097], [-65.62504212222673, 18.292554538582138], [-65.62475430522933, 18.292285614134748], [-65.6245281171308, 18.29140888327952], [-65.62503517567853, 18.291328161459486], [-65.62538461015359, 18.290989273448375], [-65.62591909613874, 18.291155974580157], [-65.62663862935202, 18.291828274716924], [-65.62713197446676, 18.291623843998465], [-65.62711826046232, 18.29150012994507], [-65.62763902758961, 18.29154312173058], [-65.62775550593844, 18.291430160778532], [-65.62762531415662, 18.291419412832155], [-65.6275978867192, 18.291171989880336], [-65.62785827570772, 18.29119348622094], [-65.62787198914071, 18.291317195119365], [-65.62785827570772, 18.29119348622094], [-65.62784456170328, 18.29106977216755], [-65.6279747534851, 18.291080520113926], [-65.62780342026143, 18.290698635162336], [-65.62807751782951, 18.290843845108483], [-65.62806380382507, 18.290720131055092], [-65.62857086237281, 18.290639409235055], [-65.62852972150239, 18.29026827738481], [-65.62865991328421, 18.29027902533119], [-65.62851600749795, 18.29014456333142], [-65.62860505783792, 18.289784174272587], [-65.62873524961974, 18.289794922218963], [-65.6287078221823, 18.289547499267144], [-65.62846115205167, 18.289649712272816], [-65.6282898134031, 18.289267826873377], [-65.62839258317238, 18.289031152315786], [-65.62865296673603, 18.28905264820854], [-65.62859811186117, 18.2885578023049], [-65.62846792007934, 18.288547054358524], [-65.62842677863749, 18.288175917353314], [-65.62813896221154, 18.28790699806089], [-65.62763190851724, 18.287987715173806], [-65.62689866129953, 18.287191700983648], [-65.62636417531438, 18.287024999851862], [-65.6262065555237, 18.2867668237987], [-65.62461681585464, 18.286390424594654], [-65.62458938841722, 18.286143001642834], [-65.62497996918756, 18.286175245929815], [-65.62543216743556, 18.285599677758295], [-65.6256925564241, 18.2856211740989], [-65.62579532076849, 18.285384499093457], [-65.62643257109805, 18.2853145252198], [-65.62653533544244, 18.28507785021436], [-65.62679571900608, 18.285099346107113], [-65.62688476934605, 18.28473895704828], [-65.6275220196756, 18.284668983174623], [-65.62754944711303, 18.28491640612644], [-65.62789888644151, 18.284577513408212], [-65.62856356477994, 18.28475496764134], [-65.62914595480976, 18.284190147416197], [-65.62920758313719, 18.283582335853392], [-65.62967349481818, 18.283130476580297], [-65.62964606738075, 18.28288305362848], [-65.62996807927182, 18.282296737958433], [-65.62986513640692, 18.280204377926932], [-65.62999532818874, 18.28021512587331], [-65.62985142297393, 18.280080669028507], [-65.62952923798724, 18.278337950109464], [-65.62835732800546, 18.275912183107277], [-65.62791189178883, 18.27538508776169], [-65.62737740580367, 18.275218386629906], [-65.62674015490266, 18.275288355348597], [-65.62698683045821, 18.275186142790773], [-65.62670578691338, 18.273814560876943], [-65.62454718670212, 18.271797655311676], [-65.62451975926469, 18.271550232359857], [-65.6238139394844, 18.271001641121515], [-65.62321089004485, 18.27021638048055], [-65.62210077548978, 18.269511830901838], [-65.62179925105572, 18.269119203158837], [-65.62055894471884, 18.268403905633743], [-65.6204013254996, 18.268145734735548], [-65.61783166905363, 18.26707553950198], [-65.61719441815264, 18.267145508220672], [-65.61718070471964, 18.267021799322244], [-65.616920321156, 18.26700030342949], [-65.61642697604125, 18.26720473414795], [-65.61603639527091, 18.267172489860968], [-65.61602268126647, 18.267048775807577], [-65.61521409771323, 18.266736864729644], [-65.61449456992484, 18.26606456504073], [-65.61423418093632, 18.266043068700125], [-65.61405608025639, 18.266763846817792], [-65.61379569126787, 18.266742350477188], [-65.61378197726344, 18.266618636423793], [-65.61328863757358, 18.266823067590103], [-65.61330235157801, 18.266946781643497], [-65.61302824858505, 18.2668015712495], [-65.61213061469185, 18.266850049230403], [-65.6119867089056, 18.26671558723063], [-65.61136317258047, 18.26690927515768], [-65.61031486487333, 18.267925949053105], [-65.6097050419812, 18.268243345878577], [-65.60944465299268, 18.268221849537976], [-65.60901988275354, 18.269044845816282], [-65.6084237732944, 18.269485951540183], [-65.6083758643963, 18.27021747760423], [-65.6085197696111, 18.27035193444903], [-65.60817033028262, 18.27069082716726], [-65.6083279554982, 18.270949003668274], [-65.60822518572891, 18.271185678225866], [-65.60832118204563, 18.272051661134714], [-65.60781412892277, 18.2721323834026], [-65.60780041491834, 18.272008669349205], [-65.60727964236617, 18.271965677115848], [-65.6072933563706, 18.272089391169242], [-65.60623810268672, 18.27187969309698], [-65.60538160481049, 18.272299307635244], [-65.60539531824348, 18.27242301653367], [-65.6048745511162, 18.27238002474816], [-65.60439492000589, 18.272708169520012], [-65.60333966689345, 18.27249847660272], [-65.60237346354953, 18.271928389471626], [-65.60227746723281, 18.271062406562773], [-65.60213355602167, 18.270927944115154], [-65.60226375322839, 18.270938692509382], [-65.60223632579095, 18.270691269557563], [-65.60283242925377, 18.270250158230844], [-65.60333948837294, 18.270169441565777], [-65.60392188382765, 18.269604621788485], [-65.60402464760061, 18.269367941628076], [-65.6039286512839, 18.268501958719227], [-65.60404512906128, 18.26838899261221], [-65.6041616074101, 18.26827603166016], [-65.60558001385547, 18.268270545912618], [-65.60556629985105, 18.268146831859227], [-65.60620355075204, 18.268076863140536], [-65.60630631509643, 18.267840188135096], [-65.60656670408497, 18.2678616844757], [-65.60673109076046, 18.26701719230464], [-65.6063884243131, 18.26625342240146], [-65.60663509444375, 18.26615120939579], [-65.60656652556446, 18.265532649438757], [-65.60585375980743, 18.263757686232733], [-65.60542204302011, 18.26335430538839], [-65.60551109336008, 18.262993916329556], [-65.60457908548126, 18.26156859423599], [-65.60319487392957, 18.260718839866094], [-65.60281801258853, 18.260810310080355], [-65.60259876504186, 18.26115995074496], [-65.60219447569197, 18.261003992852437], [-65.60241371781376, 18.26065435173998], [-65.60267410680228, 18.260675848080584], [-65.60263296536043, 18.260304711075374], [-65.60181743583044, 18.25876642802976], [-65.6007552361698, 18.25733035798981], [-65.60004941638952, 18.256781766751473], [-65.60000827494767, 18.25641062974626], [-65.59972045852172, 18.256141710453836], [-65.5998711371891, 18.2551735098322], [-65.59922017285511, 18.255119769652463], [-65.59886378754987, 18.25423229040301], [-65.5979866345459, 18.25330181421308], [-65.59791806566662, 18.25268325425605], [-65.59825379156212, 18.252220652639394], [-65.59822636355325, 18.25197322453261], [-65.5984730336839, 18.251871011526937], [-65.5981852221114, 18.251602087527395], [-65.59827427245136, 18.25124169846856], [-65.59725321423258, 18.250176765433828], [-65.59708188158035, 18.249794885637208], [-65.59702702613406, 18.249300034578603], [-65.5972325542514, 18.248826679412755], [-65.59716398537212, 18.24820811945572], [-65.59700636615287, 18.247949948557526], [-65.59631426037703, 18.24752507137258], [-65.5959853079341, 18.246885015522793], [-65.59556729972633, 18.246605348283992], [-65.59530691616268, 18.24658385239124], [-65.59474500216865, 18.24616972315267], [-65.5937034624892, 18.2460837391338], [-65.59354584326995, 18.245825568235606], [-65.59288116493153, 18.245648114002474], [-65.59213420428082, 18.24472839091389], [-65.59088018451095, 18.243889384490373], [-65.59020856562067, 18.24248555873741], [-65.5889545458508, 18.24164655231389], [-65.58833777698192, 18.240737577171682], [-65.58726880929359, 18.24040416504603], [-65.58691937539, 18.240743058212107], [-65.58665898640146, 18.240721561871503], [-65.5865562226285, 18.240958242031912], [-65.58629583906486, 18.24093674613916], [-65.58586411685266, 18.240533364846964], [-65.58595316719263, 18.24017297578813], [-65.58576811996451, 18.23966737678315], [-65.58548030896344, 18.239398457938577], [-65.58443876385911, 18.23931247347186], [-65.58301341629043, 18.2380915825446], [-65.58306132518854, 18.237360056480554], [-65.58407543743057, 18.237198617547605], [-65.58485659354638, 18.237263105673716], [-65.58519231944187, 18.23680050405706], [-65.58545270300552, 18.236821999949814], [-65.5856856585603, 18.236596067735785], [-65.58561708968101, 18.235977507778752], [-65.58513051801883, 18.235079281030774], [-65.58561014912914, 18.23475113625892], [-65.58554158024985, 18.23413257630189], [-65.58617883057941, 18.234062602428235], [-65.58651455105003, 18.23360000036373], [-65.58652826448302, 18.233723709262154], [-65.58732313460327, 18.23391191144166], [-65.58789876203029, 18.234449749578655], [-65.58867315068986, 18.235616900774026], [-65.58932410959896, 18.235670640505916], [-65.5899820199097, 18.236950752653332], [-65.5904137421219, 18.237354133945527], [-65.59148270981022, 18.237687546071182], [-65.59264073269195, 18.237660564430882], [-65.59409350769805, 18.23912887830996], [-65.59499808813943, 18.240306777451707], [-65.59541609634721, 18.240586444690507], [-65.59632744424484, 18.240661680762997], [-65.59721136470505, 18.240489493883672], [-65.597300415045, 18.240129104824835], [-65.59778004615532, 18.239800960052982], [-65.59775261871789, 18.239553537101166], [-65.59762242693607, 18.239542789154786], [-65.59795814683524, 18.239080181935314], [-65.60047989980798, 18.240881903680776], [-65.60087047515344, 18.24091414751991], [-65.60082933371159, 18.2405430105147], [-65.5981773943819, 18.23873054127071], [-65.5983829230707, 18.238257191259823], [-65.59810882550262, 18.238111981313676], [-65.59821158984703, 18.237875306308236], [-65.59864331205922, 18.238278687600427], [-65.59900645939582, 18.238063503332775], [-65.59928732984503, 18.237106050657516], [-65.59953399997568, 18.237003837651844], [-65.59995877563969, 18.236180841821387], [-65.60002039854223, 18.235573029810734], [-65.59971886811185, 18.235180396464916], [-65.60006830744034, 18.234841503746686], [-65.60070555834133, 18.234771535028], [-65.60080832211429, 18.23453485486759], [-65.6004930836758, 18.234018513071195], [-65.5994652525759, 18.23405624265787], [-65.59884171567933, 18.234249925429953], [-65.5989581988816, 18.23413695977079], [-65.59883477455602, 18.233023548755153], [-65.59819057824971, 18.231867150661127], [-65.59748475846943, 18.231318559422785], [-65.59696398591727, 18.231275567189428], [-65.59690913104242, 18.23078072128579], [-65.59703932282424, 18.230791469232166], [-65.59712837858909, 18.230431080621184], [-65.5969433259361, 18.22992548116835], [-65.59719000149163, 18.22982326861053], [-65.59727905183159, 18.229462879551694], [-65.59719676894787, 18.228720605541273], [-65.59662114094941, 18.228182762249308], [-65.59656628607456, 18.227687916345673], [-65.59721725040855, 18.227741656525406], [-65.59793678362182, 18.228413956662173], [-65.59847127017842, 18.228580662948925], [-65.59884813151945, 18.228489192734664], [-65.59921128485237, 18.22827401406983], [-65.59964976909595, 18.227574731844914], [-65.59951263133738, 18.226337611930852], [-65.59817633410867, 18.22475633194476], [-65.59677840912397, 18.223782868676437], [-65.59642897522038, 18.224121761842518], [-65.5952709517672, 18.224148738327848], [-65.59459255999579, 18.223847575196295], [-65.59384559934509, 18.22292785210771], [-65.59331111821336, 18.22276114626881], [-65.59280405966564, 18.222841868088842], [-65.59297539231787, 18.223223747885463], [-65.59152955843508, 18.222981810681187], [-65.59102250474079, 18.223062527794106], [-65.59103621874522, 18.223186241847497], [-65.5904743047512, 18.222772112608926], [-65.59060449653302, 18.222782860555306], [-65.59057706909559, 18.222535437603486], [-65.59033039953638, 18.222637655764125], [-65.59041944987635, 18.22227726670529], [-65.59013163830383, 18.22200834270575], [-65.59049478621188, 18.221793163593063], [-65.59042621733259, 18.221174603636033], [-65.59055640911441, 18.22118535158241], [-65.59039878989516, 18.220927180684214], [-65.59076194322809, 18.220712002019376], [-65.59142661557019, 18.22088945064969], [-65.59239282433899, 18.221459538228633], [-65.59344807745144, 18.221669231145928], [-65.59403047290614, 18.221104411368632], [-65.59429085646978, 18.22112590726139], [-65.59439362081419, 18.220889232255946], [-65.59453753202531, 18.221023694703565], [-65.59452381802089, 18.220899980650174], [-65.59491439336635, 18.220932224489307], [-65.59494182080378, 18.221179647441122], [-65.59521591837185, 18.22132485738727], [-65.59543516591852, 18.220975216722664], [-65.59581202725956, 18.220883746508402], [-65.59623003603876, 18.22116341890217], [-65.5968330909032, 18.221948679990984], [-65.59688117289693, 18.223546188516032], [-65.5989849176619, 18.225068243022694], [-65.5991425374526, 18.225326419075856], [-65.59966331000476, 18.225369411309213], [-65.59995112100583, 18.22563833015379], [-65.60073227712164, 18.225702818279903], [-65.60174639478855, 18.2255413797948], [-65.60173268078411, 18.225417665741407], [-65.60260288723988, 18.225121764808687], [-65.60227392937207, 18.224481708511053], [-65.60223956081136, 18.223007908884433], [-65.60208193616722, 18.222749737538386], [-65.60221213337392, 18.222760485932614], [-65.60210242305278, 18.22177078897037], [-65.6022326148346, 18.221781536916748], [-65.60220518739717, 18.221534113964932], [-65.60246557096082, 18.221555609857685], [-65.60275338196189, 18.221824528702257], [-65.60309605383414, 18.222588299053285], [-65.6033701514022, 18.222733508999433], [-65.60323995962038, 18.222722761053056], [-65.60345243371448, 18.22347577785489], [-65.6038704424937, 18.223755450248657], [-65.60362376693816, 18.223857662806477], [-65.60365119437559, 18.224105085758296], [-65.60392529736855, 18.224250296152295], [-65.6039664388104, 18.224621433157505], [-65.60409663059222, 18.224632181103882], [-65.60404872169413, 18.22536370716793], [-65.60469291257554, 18.226520104814107], [-65.6043709066808, 18.227106426086973], [-65.6045903273231, 18.229085820011456], [-65.60451499041612, 18.229569917968718], [-65.60428202943646, 18.2297958497349], [-65.60432317030688, 18.230166981585143], [-65.60587871508226, 18.231398620906628], [-65.60605004830593, 18.231780505858215], [-65.60675586808621, 18.232329097096557], [-65.6071533948333, 18.23358771335122], [-65.6087226476168, 18.234943061123282], [-65.60898303660532, 18.234964557463886], [-65.60908580094971, 18.234727882458444], [-65.6107373420418, 18.236825504688777], [-65.60964112001167, 18.238573704200398], [-65.6123067733458, 18.24050988749778], [-65.6125397348969, 18.240283960886565], [-65.61293031024236, 18.240316204725698], [-65.61297145168422, 18.240687341730908], [-65.612724782125, 18.240789559891546], [-65.61468461567884, 18.24217715195059], [-65.61539720291536, 18.241623080119673], [-65.61555482755949, 18.24188125146572], [-65.615205388231, 18.24222014418395], [-65.61523281566843, 18.24246756713577], [-65.61559596900136, 18.24225238847093], [-65.61553434067393, 18.242860200033732], [-65.61579472966245, 18.242881696374337], [-65.61602768578868, 18.242655769315274], [-65.6160551132261, 18.242903192267093], [-65.61556176811136, 18.24310762298555], [-65.61557548211579, 18.243231337038946], [-65.616007204328, 18.243634718331137], [-65.61639777967346, 18.24366696217027], [-65.6164252071109, 18.24391438512209], [-65.61697340710049, 18.244204800307266], [-65.61687064332753, 18.244441480467675], [-65.61782313209558, 18.244887848390412], [-65.61872076656022, 18.244839375564474], [-65.61898115554874, 18.24486087190508], [-65.61899486898173, 18.244984580803507], [-65.62028307879184, 18.244968351816702], [-65.62029679222483, 18.245092060715127], [-65.62041327599854, 18.24497910021093], [-65.62042698943154, 18.245102809109355], [-65.62068737299518, 18.24512430500211], [-65.62080385134401, 18.245011344050063], [-65.62072851443703, 18.24549544200732], [-65.6210711808844, 18.2462592119105], [-65.62099584454887, 18.246743315022727], [-65.62098213054443, 18.246619600969336], [-65.62086565276705, 18.24673256707635], [-65.62125622811251, 18.246764810915483], [-65.62116717777255, 18.247125199974317], [-65.62190042441881, 18.247921209009508], [-65.62294196409827, 18.248007193028375], [-65.62329140342676, 18.247668300310146], [-65.62329817145445, 18.246565642395854], [-65.62354484101365, 18.246463424235216], [-65.62348998613881, 18.24596857833158], [-65.62386685290471, 18.245877108565168], [-65.62405190013283, 18.24638270757015], [-65.62433971655878, 18.246651626862572], [-65.62527849189384, 18.246974285886882], [-65.62562792579745, 18.246635392720805], [-65.6260047931348, 18.246543928109357], [-65.62610755690775, 18.246307247948952], [-65.62523735045198, 18.246603148881672], [-65.62500438890088, 18.246829075492887], [-65.62487419711906, 18.246818327546507], [-65.62484676968164, 18.24657090459469], [-65.62596365169294, 18.246172791104147], [-65.6266488109206, 18.245371291166446], [-65.62715586461489, 18.245290574053527], [-65.62724492037974, 18.244930185442545], [-65.62771083206073, 18.24447832616945], [-65.62834808296174, 18.24440835745076], [-65.6285810439414, 18.244182425684578], [-65.62897161928686, 18.244214669523707], [-65.62933477261977, 18.243999490858872], [-65.62988973521217, 18.24318724768191], [-65.6301501242007, 18.243208744022514], [-65.63153415666045, 18.2417294582005], [-65.63214397955258, 18.241412061375026], [-65.63253455489804, 18.241444305214156], [-65.63250712746063, 18.24119688226234], [-65.63276751644915, 18.24121837860294], [-65.6324797000232, 18.24094945931052], [-65.63260989180502, 18.240960207256897], [-65.63241113114391, 18.240330899353488], [-65.63280171191425, 18.240363143640472], [-65.63274685646797, 18.239868292581868], [-65.63260295125316, 18.239733835737063], [-65.6322260839158, 18.239825300348507], [-65.63166416992178, 18.239411171109936], [-65.6315818876095, 18.23866890225448], [-65.6317120848162, 18.238679650648706], [-65.63148589072135, 18.237802914190663], [-65.6307937849455, 18.237378037005715], [-65.62906013949019, 18.2368671758019], [-65.62903271205278, 18.236619752850082], [-65.62926567360387, 18.236393826238867], [-65.62965624894933, 18.236426070078], [-65.62995777395484, 18.236818702975967], [-65.63021816294336, 18.23684019931657], [-65.63050597394442, 18.237109118161143], [-65.63049225994, 18.23698540410775], [-65.6307800715125, 18.23725432810729], [-65.63130084406467, 18.237297320340648], [-65.63033464072075, 18.236727233209553], [-65.63048531396325, 18.235759032140066], [-65.63086218072917, 18.235667562373656], [-65.6308073258543, 18.235172716470018], [-65.63054693686578, 18.235151220129413], [-65.63037560364211, 18.234769335177823], [-65.63104028198053, 18.234946789410955], [-65.63127324296019, 18.234720857644774], [-65.63202697163858, 18.23453792281907], [-65.63212973598297, 18.234301247813626], [-65.63263678910582, 18.23422052554574], [-65.63272584487066, 18.23386013693476], [-65.63259564766396, 18.23384938854053], [-65.63256822022655, 18.23360196558871], [-65.63307527877427, 18.233521243768678], [-65.63341100466977, 18.23305864215202], [-65.63390434435964, 18.232854210985714], [-65.6341373053393, 18.23262827921953], [-65.63419892824183, 18.232020467208876], [-65.63443188436804, 18.231794540149814], [-65.63479503770097, 18.231579361484975], [-65.63480875113396, 18.231703070383404], [-65.6350691346976, 18.231724566276156], [-65.6347676096921, 18.23133193337819], [-65.63359587280594, 18.231235200965095], [-65.63330806180487, 18.230966282120523], [-65.63328063436745, 18.230718859168704], [-65.63319158402749, 18.231079248227537], [-65.63352053647041, 18.231719304077323], [-65.63336986322791, 18.23268750514681], [-65.63287651811316, 18.23289193586527], [-65.6328902321176, 18.233015649918663], [-65.63262984855396, 18.23299415402591], [-65.63218441233732, 18.23246705868032], [-65.63149230713292, 18.232042186650343], [-65.63042333944459, 18.231708774524687], [-65.62973123366875, 18.23128389733974], [-65.62814149399969, 18.230907498135693], [-65.62541421233816, 18.229579126401113], [-65.62524287968593, 18.229197246604492], [-65.62557860500998, 18.22873463983287], [-65.62520156514844, 18.22649707501019], [-65.62457108227514, 18.22546438581459], [-65.62328963506783, 18.224377956439252], [-65.6233101219534, 18.223399007871237], [-65.62364584185256, 18.222936400651765], [-65.62442699796837, 18.22300088877788], [-65.62477643729687, 18.222661996059646], [-65.62542740163086, 18.222715736239383], [-65.62597559619557, 18.223006150976712], [-65.62627712662595, 18.223398784322526], [-65.62620178486554, 18.223882886986907], [-65.62644845984963, 18.223780669274117], [-65.6267362708507, 18.22404958811869], [-65.62685274919953, 18.22393662716664], [-65.62672255741771, 18.223925879220264], [-65.62669512998028, 18.223678456268445], [-65.6268253217621, 18.22368920421482], [-65.62711313818805, 18.223958123507245], [-65.62733238030984, 18.223608482394788], [-65.62704456930877, 18.223339563550216], [-65.6270171412999, 18.22309213544343], [-65.6274693395479, 18.222516567271906], [-65.62766115965715, 18.22191950365548], [-65.62801059356075, 18.2215806104894], [-65.62809964390071, 18.221220221430567], [-65.62808593046772, 18.221096512532142], [-65.62782554690408, 18.22107501663939], [-65.6276542136804, 18.2206931316878], [-65.62788716923518, 18.220467199473767], [-65.62794879213772, 18.219859387463114], [-65.62777745891404, 18.219477502511527], [-65.62675640069526, 18.218412569476794], [-65.62603686748199, 18.217740269340027], [-65.62564629213652, 18.217708025500894], [-65.62535170825433, 18.218541769277728], [-65.62410463446119, 18.218929134821895], [-65.62328928345171, 18.21971988681322], [-65.62196010529537, 18.221694013383903], [-65.62145304674763, 18.221774735203937], [-65.62121314464467, 18.220774290295317], [-65.62075400041992, 18.220123486499155], [-65.62047989742696, 18.219978276105156], [-65.6198426470974, 18.220048249978813], [-65.61928073852826, 18.219634121188093], [-65.61992475688551, 18.218461489400145], [-65.62000009322104, 18.21797738628792], [-65.61978761855549, 18.21722436433112], [-65.61991781033731, 18.217235112277496], [-65.6198903828999, 18.216987689325677], [-65.62051391979645, 18.216794006553595], [-65.62067830647194, 18.215949514382533], [-65.62102774580043, 18.215610621664304], [-65.62100031836302, 18.215363198712485], [-65.62137717970404, 18.215271728498223], [-65.62134975226661, 18.215024305546404], [-65.62200071660061, 18.21507804572614], [-65.6223364424961, 18.214615444109484], [-65.62271330383713, 18.214523973895222], [-65.62274749930225, 18.213668738932753], [-65.62245968772973, 18.21339981493321], [-65.62243226029231, 18.213152391981392], [-65.62217187672867, 18.21313089608864], [-65.62252131063227, 18.21279200292256], [-65.6225350246367, 18.21291571697595], [-65.62279540820035, 18.212937212868706], [-65.62278169419591, 18.21281349881531], [-65.62354913687874, 18.212754278043], [-65.6235354228743, 18.212630563989606], [-65.62433029841942, 18.212818766616962], [-65.62454954054121, 18.212469125504505], [-65.62469344575602, 18.21260358234931], [-65.62467973232303, 18.212479873450885], [-65.62454954054121, 18.212469125504505], [-65.62489897444482, 18.212130232338428], [-65.62515936343334, 18.212151728679032], [-65.6252005048752, 18.212522865684242], [-65.62547460187184, 18.212668070475424], [-65.62586518264219, 18.212700314762404], [-65.62596794698658, 18.21246363975696], [-65.62598166099102, 18.212587353810356], [-65.62611185277284, 18.212598101756733], [-65.62596794698658, 18.21246363975696], [-65.62622833055022, 18.212485135649718], [-65.62654356956016, 18.213001482601076], [-65.62656422954133, 18.214351568622153], [-65.62685204596728, 18.214620487914576], [-65.62697546972143, 18.215733893775244], [-65.62772242551868, 18.21665362157095], [-65.6280855788516, 18.21643844290611], [-65.62835967584823, 18.21658364769729], [-65.62885996693973, 18.217605588946515], [-65.6287983440372, 18.21821340095717], [-65.62909986904269, 18.21860603385513], [-65.62916843849342, 18.21922459896713], [-65.63000444948408, 18.219783932996883], [-65.63052522203624, 18.21982692523024], [-65.6312652367102, 18.219520276351144], [-65.63149819283642, 18.219294349292078], [-65.63147076539899, 18.21904692634026], [-65.63160095718081, 18.21905767428664], [-65.63157352917194, 18.21881024617985], [-65.63128571817087, 18.218541327335277], [-65.63120343528716, 18.217799053324853], [-65.63155286919077, 18.217460160158776], [-65.63145687287405, 18.216594177249924], [-65.63167612042072, 18.216244536585318], [-65.6316486929833, 18.2159971136335], [-65.63229965731729, 18.216050853813236], [-65.63288205277199, 18.21548603403594], [-65.63284091133013, 18.21511489703073], [-65.63226528333168, 18.214577053738765], [-65.6321830010194, 18.21383478488331], [-65.631292134011, 18.212780594639987], [-65.63125099314058, 18.212409462789743], [-65.63164156848605, 18.212441706628876], [-65.63236110169932, 18.21311400676564], [-65.63395084136837, 18.213490405969686], [-65.63440304504125, 18.212914838246014], [-65.6343619035994, 18.212543701240804], [-65.63423171181758, 18.212532953294428], [-65.63481410727228, 18.211968133517132], [-65.63507449083592, 18.21198962940989], [-65.63602698017542, 18.21243600248759], [-65.63618459939467, 18.212694173385785], [-65.63643127437875, 18.212591955673], [-65.63700689695233, 18.213129798517112], [-65.63741119115568, 18.213285751702518], [-65.63936407873275, 18.21344697179388], [-65.63969303717201, 18.21408703324648], [-65.64025494574115, 18.214501162037198], [-65.64193374117505, 18.21451717263026], [-65.6425572780716, 18.214323489858177], [-65.64290671197521, 18.213984596692097], [-65.64331100617855, 18.214140549877506], [-65.6437564369703, 18.214667644775243], [-65.6437770969515, 18.216017730796317], [-65.64411976339885, 18.216781500699497], [-65.64550397437911, 18.217631249914426], [-65.64581921338905, 18.218147596865784], [-65.64633998594121, 18.218190589099144], [-65.64746380850438, 18.219018847128435], [-65.64775162493034, 18.21928776642086], [-65.64782019380962, 18.219906326377888], [-65.64821076915509, 18.219938570217018], [-65.64844373070618, 18.219712643605806], [-65.64874525571169, 18.22010527650377], [-65.64878639715354, 18.220476413508983], [-65.64907420815462, 18.220745332353555], [-65.64984165026598, 18.220686106426278], [-65.64999927548156, 18.220944282927288], [-65.65065023439067, 18.220998022659177], [-65.65071880326995, 18.221616582616207], [-65.65097919225848, 18.22163807895681], [-65.65121214781325, 18.22141214674278], [-65.65239759870384, 18.221632593209268], [-65.65263055483005, 18.2214066661502], [-65.6528909383937, 18.221428162042958], [-65.65286351095628, 18.22118073909114], [-65.65329523259705, 18.221584115228364], [-65.65367209450952, 18.221492650169072], [-65.65394619693103, 18.2216378554081], [-65.65385714659106, 18.221998244466935], [-65.65349399382958, 18.22221342828674], [-65.65319940937594, 18.223047166908607], [-65.65323378336156, 18.224520966983075], [-65.6534941723501, 18.22454246332368], [-65.6534393169038, 18.224047612265075], [-65.65355579468118, 18.22393464615806], [-65.65378198335115, 18.224811382168255], [-65.65391217513297, 18.22482213011463], [-65.65455637201072, 18.225978533363627], [-65.65680402199051, 18.22763504471509], [-65.65743449943893, 18.228667733462842], [-65.65763326010004, 18.229297041366248], [-65.65731125363386, 18.229883357484148], [-65.65554341328489, 18.230227736397772], [-65.65415937482881, 18.231707016616966], [-65.653529070476, 18.233003362458305], [-65.65358392592229, 18.23349821351691], [-65.65325515142843, 18.2351871875491], [-65.65268646997815, 18.235875721379788], [-65.65184369095981, 18.236419045264327], [-65.6517957820617, 18.237150571328375], [-65.65242625951014, 18.238183260076124], [-65.65256339784014, 18.239420385145152], [-65.6530978838253, 18.239587086276938], [-65.65373513472629, 18.239517117558247], [-65.65639384151223, 18.24022692373298], [-65.65790129886899, 18.23986105408157], [-65.65886056108961, 18.239204764537863], [-65.66071745177855, 18.238499996565405], [-65.66201938044654, 18.23860747692488], [-65.6628279645712, 18.23891939315778], [-65.66355426524073, 18.23848903022529], [-65.6652604832586, 18.238752468477283], [-65.66612392225814, 18.23955923061382], [-65.66693250581137, 18.239871141691754], [-65.6672751776836, 18.24063491204278], [-65.66735745999588, 18.241377180898237], [-65.6676589850014, 18.241769813796203], [-65.66820718499099, 18.24206022898138], [-65.66924872467044, 18.24214621300025], [-65.66994759847397, 18.241468432270906], [-65.67070132658091, 18.241285492290235], [-65.67155105214745, 18.241968545528344], [-65.67272973501036, 18.24329164990912], [-65.67352460513061, 18.24347985208863], [-65.6745250033682, 18.243194699102286], [-65.675319872917, 18.243382896126825], [-65.6756076844895, 18.243651820126367], [-65.67599149723218, 18.24478672232764], [-65.67639578658206, 18.244942680220163], [-65.6769028451298, 18.24486195840013], [-65.67736198935455, 18.24551276219629], [-65.67792390334859, 18.245926891434863], [-65.67839676700264, 18.246701409732268], [-65.67924649199774, 18.24738445781541], [-65.68115823813297, 18.247174540901558], [-65.68324826946494, 18.248572886509795], [-65.68420075880444, 18.249019259587495], [-65.68405008556194, 18.249987460656982], [-65.68393360178823, 18.250100421161182], [-65.68313873223943, 18.249912224136644], [-65.68303596789502, 18.250148899142083], [-65.68534524077735, 18.251197598482896], [-65.68592781475256, 18.252961813742544], [-65.68503017543448, 18.253010291275597], [-65.68492741109007, 18.253246966281036], [-65.68509874431376, 18.253628851232627], [-65.68778488453343, 18.254586085961993], [-65.6893541427418, 18.255941434181903], [-65.6896693811803, 18.256457775978298], [-65.68958033084033, 18.25681816503713], [-65.6889567945152, 18.25701185296418], [-65.68862107404459, 18.257474455028685], [-65.68808658805943, 18.2573077538969], [-65.68779877648693, 18.25703882989736], [-65.6871752401618, 18.25723251782441], [-65.6867367499219, 18.257931794446506], [-65.6867916053682, 18.25842664550511], [-65.68667512701937, 18.258539606457163], [-65.68696988456863, 18.260034902424383], [-65.68542823231819, 18.261256012193233], [-65.68516784332967, 18.261234515852628], [-65.68494860120788, 18.261584156965085], [-65.68497602864531, 18.261831579916905], [-65.68474307251908, 18.26205750697597], [-65.68411953619396, 18.26225119490302], [-65.68387980718661, 18.26357978458349], [-65.68289312238201, 18.26398864646826], [-65.68212568027063, 18.26404787239554], [-65.6815158573785, 18.264365269221017], [-65.68125547381486, 18.26434377332826], [-65.68076907467686, 18.265774576014405], [-65.68052240511766, 18.265876794175043], [-65.68033058500842, 18.266473857791468], [-65.6803991538877, 18.2670924177485], [-65.68009086142595, 18.26780244791979], [-65.68007037996527, 18.268781396935655], [-65.68096124640223, 18.26983558202401], [-65.68163963274876, 18.270136744707717], [-65.68277717474125, 18.27108871723825], [-65.68331165530152, 18.271255417922184], [-65.68375014554141, 18.270556141300087], [-65.68585371178588, 18.26974916076981], [-65.68595647555884, 18.2695124806094], [-65.68669649023279, 18.269205831730304], [-65.69028703237336, 18.269011930564478], [-65.69141762781766, 18.268737525972362], [-65.6919795363868, 18.269151654763082], [-65.6927264970375, 18.270071377851668], [-65.69284992136308, 18.271184788867302], [-65.69332278501714, 18.271959307164707], [-65.69340506790085, 18.27270158117513], [-65.69372030633934, 18.273217922971522], [-65.6944124121152, 18.27364280015647], [-65.69585147854174, 18.274987400430003], [-65.6963996736779, 18.275277820322298], [-65.6992639145775, 18.275514276933997], [-65.70018220845188, 18.27681588497417], [-65.70101821944255, 18.277375219003922], [-65.70163498888286, 18.278284199301098], [-65.70190908587949, 18.27842940409228], [-65.7023887169898, 18.278101259320426], [-65.70258053167416, 18.27750419525615], [-65.70281349322526, 18.277278268644935], [-65.70380017802987, 18.276869406760166], [-65.70431400403385, 18.275686021870875], [-65.70557479125996, 18.275422365225136], [-65.70618460872721, 18.27510496795181], [-65.70722615383156, 18.275190952418527], [-65.70859665195026, 18.275916997889997], [-65.70911741907754, 18.275959989675506], [-65.70983000574263, 18.27540591268962], [-65.7103370648618, 18.275325196024554], [-65.71080298196769, 18.27487333719931], [-65.71106336553133, 18.274894833092063], [-65.71189937709343, 18.27545417227678], [-65.71279024353038, 18.276508357365138], [-65.71409217219836, 18.27661583772461], [-65.71521599476154, 18.2774440957539], [-65.71602457831477, 18.277756006831833], [-65.7165179234295, 18.277551576113375], [-65.71741555732271, 18.27750309813247], [-65.71835433265777, 18.27782575715678], [-65.71926568055541, 18.27790099322927], [-65.72025237078489, 18.277492131792354], [-65.72052646778153, 18.27763733658353], [-65.72088962111445, 18.277422157918696], [-65.72091010257512, 18.27644320890283], [-65.72032076114367, 18.275781656712443], [-65.72013571391555, 18.275276057707458], [-65.72067696792841, 18.274340100924952], [-65.72006019905953, 18.273431125782746], [-65.72000534361324, 18.27293627472414], [-65.72022459173134, 18.272586639214502], [-65.72060145307238, 18.27249516900024], [-65.7230134902991, 18.27330719333561], [-65.72405502997854, 18.273393177354478], [-65.72519933942728, 18.273242486815754], [-65.72613811476234, 18.273565145840063], [-65.72742632942588, 18.273548912146143], [-65.72874197209829, 18.27378010655901], [-65.73132534254869, 18.27497401584597], [-65.73148296176794, 18.275232186744166], [-65.73148990831612, 18.276458563866814], [-65.7316749549728, 18.27696415771683], [-65.73194905254087, 18.277109367662977], [-65.73281926442154, 18.276813467178105], [-65.733209839767, 18.276845711017238], [-65.73404585075765, 18.27740504504699], [-65.73455290987684, 18.277324328381923], [-65.73497091265972, 18.27760399517287], [-65.73547120375122, 18.278625936422095], [-65.73575901475228, 18.27889485526667], [-65.73595777598483, 18.279524168325043], [-65.73680750097992, 18.28020721640819], [-65.73774628173986, 18.280529875880347], [-65.73823285340204, 18.28142810262833], [-65.73895238718676, 18.282100407920062], [-65.73897981462417, 18.28234783087188], [-65.73926762562525, 18.282616749716453], [-65.73991858995923, 18.28267048989619], [-65.74153575763715, 18.283294317207023], [-65.74320083906662, 18.28318661374669], [-65.74561287629334, 18.28399863808206], [-65.74631869607362, 18.284547229320403], [-65.74794957718451, 18.28529476552966], [-65.75016285375013, 18.28547748196162], [-65.75286270254935, 18.286558430296534], [-65.75313679954598, 18.286703635087715], [-65.75375356898631, 18.287612615384887], [-65.75483625010762, 18.288069736408968], [-65.7553981635302, 18.288483860492573], [-65.75631645797603, 18.28978547368771], [-65.75732380219037, 18.290726692669054], [-65.7578857161844, 18.291140821907625], [-65.75891354185941, 18.291103091873097], [-65.75946174242046, 18.291393512213244], [-65.76104471463326, 18.292872574486548], [-65.76231244241124, 18.29383528936064], [-65.76340884296187, 18.294416124885963], [-65.76427228138996, 18.295222881867534], [-65.76431342283182, 18.295594018872745], [-65.76410789471447, 18.296067374038596], [-65.76538256846919, 18.298256460880374], [-65.76564989858103, 18.29950433389578], [-65.76742468547819, 18.300386332104804], [-65.76747954035304, 18.300881178008442], [-65.76704105610948, 18.301580460233357], [-65.7670684835469, 18.301827883185176], [-65.76800049142571, 18.303253205278743], [-65.7698027057603, 18.30438262643959], [-65.76955603620108, 18.30448484460023], [-65.76958346363851, 18.304732267552048], [-65.76936421609184, 18.305081908216653], [-65.76938487607302, 18.30643199423773], [-65.76888476350203, 18.307739088025446], [-65.7677406325738, 18.31021881360111], [-65.7672884343258, 18.310794381772634], [-65.76644564988257, 18.311337705209322], [-65.76634288610961, 18.31157438536973], [-65.76643888242633, 18.31244036827858], [-65.76623335430898, 18.31291372344443], [-65.76576743663166, 18.31336557711471], [-65.76539057529062, 18.31345704732897], [-65.76446550796368, 18.313258096755238], [-65.76421883840447, 18.313360314915876], [-65.76293756971766, 18.314602920577478], [-65.76267718615402, 18.314581424684725], [-65.7619645989175, 18.31513549651564], [-65.76173164279129, 18.315361423574707], [-65.76172486991015, 18.316464086196113], [-65.76140286344398, 18.317050402314013], [-65.76069027620744, 18.31760447414493], [-65.7604984560982, 18.318201537761354], [-65.75903214075474, 18.318938549572945], [-65.75851831960419, 18.320121929755118], [-65.7582853580531, 18.320347856366332], [-65.7570381117358, 18.318406192476374], [-65.75648991117475, 18.318115772136228], [-65.75503036328753, 18.31775012087856], [-65.7533857681722, 18.31687887061591], [-65.75289919651001, 18.315980643867928], [-65.74919199807157, 18.313958476103828], [-65.7481023709735, 18.312274983112065]], [[-65.63124481937237, 18.402040232103072], [-65.63029233003287, 18.401593859025372], [-65.6303676663684, 18.401109755913144], [-65.63049785815022, 18.40112050385952], [-65.63010727737988, 18.40108825957254], [-65.62994965816063, 18.400830088674343], [-65.63042928927094, 18.40050194390249], [-65.63036072039165, 18.39988338394546], [-65.62948356795913, 18.3989529129105], [-65.62825697562668, 18.3983613294388], [-65.62824326162225, 18.398237615385405], [-65.62772249449496, 18.398194623599895], [-65.62716058107237, 18.397780499516294], [-65.62637942495657, 18.39771601139018], [-65.62614646883036, 18.397941938449243], [-65.62588607984182, 18.39792044210864], [-65.62571474661814, 18.397538557157052], [-65.62584493839996, 18.39754930510343], [-65.62581751096253, 18.39730188215161], [-65.62628342806842, 18.396850023326362], [-65.62654381163206, 18.39687151921912], [-65.62677677318317, 18.396645592607904], [-65.62637924643607, 18.39538697635324], [-65.62628324954791, 18.394520988289422], [-65.62615305776609, 18.394510240343045], [-65.6266189754434, 18.394058386672768], [-65.62712602856627, 18.393977664404883], [-65.62809900479132, 18.39344508891457], [-65.62844843869492, 18.39310619574849], [-65.62896226527035, 18.391922816014166], [-65.6283659827156, 18.390034887148975], [-65.62837275017183, 18.388932224079717], [-65.62821513095258, 18.38867405318152], [-65.62833160930141, 18.388561092229473], [-65.62823561241326, 18.387695104165658], [-65.62846162256274, 18.38624280513891], [-65.62876992044936, 18.38553277541547], [-65.62873554646374, 18.384058975341], [-65.62911918125735, 18.382864847660297], [-65.62915337615102, 18.38200960754286], [-65.62948909662164, 18.381547005478353], [-65.62965348929345, 18.38070251891011], [-65.63058531865177, 18.379798805966733], [-65.63146923854053, 18.379626613932437], [-65.63145552510754, 18.379502905034013], [-65.63207906143266, 18.379309217106965], [-65.63273002576665, 18.3793629572867], [-65.63271631233366, 18.379239248388274], [-65.6329766958973, 18.37926074428103], [-65.63320965687696, 18.379034812514845], [-65.63374413800868, 18.37920151835375], [-65.63460758243309, 18.380008280938135], [-65.63481311055044, 18.379534925772287], [-65.63517625845847, 18.379319746659597], [-65.63547084291211, 18.378486008037733], [-65.63540227403283, 18.3778674480807], [-65.63482664603437, 18.377329604788738], [-65.63457997647517, 18.377431822949376], [-65.63397692103928, 18.376646556705595], [-65.63415502714409, 18.375925779035775], [-65.63403160281851, 18.37481236802014], [-65.63353131172703, 18.373790426770917], [-65.63338045996402, 18.372429592803464], [-65.63370247185509, 18.371843277133415], [-65.63383266363691, 18.37185402507979], [-65.63380523619948, 18.371606602127972], [-65.6339354279813, 18.37161735007435], [-65.63373666732019, 18.370988042170943], [-65.63402447832127, 18.371256961015515], [-65.63425743444748, 18.371031033956452], [-65.63411352866122, 18.37089657195668], [-65.63424372044304, 18.370907319903058], [-65.63421629300562, 18.37065989695124], [-65.63434649021232, 18.370670645345466], [-65.6347712610229, 18.369847654222127], [-65.63490145280473, 18.369858402168504], [-65.63557289802795, 18.368933188177408], [-65.63583328701647, 18.368954684518012], [-65.63676511637479, 18.36805097157464], [-65.63684045328175, 18.367566873617378], [-65.63697064506357, 18.367577621563754], [-65.63729265695464, 18.366991305893706], [-65.63894401952622, 18.3667598930871], [-65.6395127009765, 18.366071359256413], [-65.64048567177667, 18.36553878331825], [-65.6406912053189, 18.36506542860025], [-65.64141750655986, 18.364635070822725], [-65.64162303467721, 18.364161715656877], [-65.64213009379638, 18.36408099899181], [-65.6412253348345, 18.360574064813118], [-65.64151315126045, 18.360842984105542], [-65.64155429270231, 18.361214121110756], [-65.64168448448413, 18.361224869057132], [-65.64159543414416, 18.361585258115966], [-65.64173933993042, 18.361719720115737], [-65.6416228615816, 18.361832681067785], [-65.64202038347524, 18.363091302029567], [-65.6432537426925, 18.362580217277042], [-65.64354155426501, 18.362849141276584], [-65.64380193782866, 18.362870637169337], [-65.64389098816861, 18.362510248110503], [-65.64402118537532, 18.36252099650473], [-65.64399375793789, 18.362273573552912], [-65.6435620357257, 18.361870192260717], [-65.6439389024916, 18.361778722494307], [-65.64421976751592, 18.360821269371197], [-65.64434995929774, 18.360832017317573], [-65.64412377119922, 18.35995528646235], [-65.64425396298104, 18.359966034408725], [-65.64379481818484, 18.359315225457596], [-65.64440464164842, 18.358997833787086], [-65.64447997798395, 18.358513730674858], [-65.64450740542138, 18.358761153626677], [-65.6446375972032, 18.358771901573057], [-65.64508980087608, 18.358196333849385], [-65.64607648568068, 18.357787471964613], [-65.64617924945364, 18.357550791804204], [-65.64702202847198, 18.357007467919665], [-65.64687812325717, 18.356873011074864], [-65.64711108423683, 18.356647079308683], [-65.64725499002309, 18.35678154130845], [-65.6474879461493, 18.356555614249388], [-65.64689860471785, 18.355894062058997], [-65.64617230347689, 18.356324419836522], [-65.64591191991325, 18.35630292394377], [-65.6449663765505, 18.357082922833747], [-65.64445931800277, 18.357163644653784], [-65.64410987867427, 18.357502537372014], [-65.64413053865546, 18.35885262339309], [-65.64376739074741, 18.359067802505777], [-65.64333566853522, 18.358664421213582], [-65.64216393707395, 18.35856768924834], [-65.64217765107837, 18.35869140330173], [-65.64199260385026, 18.35818580429675], [-65.6417047874243, 18.357916885004325], [-65.64119773430146, 18.35799760727221], [-65.64040286418121, 18.357809405092702], [-65.63977932728464, 18.358003087864784], [-65.63979304128908, 18.35812680191818], [-65.63916950439251, 18.35832048469026], [-65.63918321839695, 18.358444198743655], [-65.63879263762661, 18.358411954456674], [-65.63864873184035, 18.358277492456903], [-65.63855273552363, 18.357411509548054], [-65.63842254374181, 18.357400761601674], [-65.63855273552363, 18.357411509548054], [-65.63848416664436, 18.35679294959102], [-65.63941599600267, 18.35588923664765], [-65.6393748545608, 18.35551809964244], [-65.63890199633163, 18.35474358179288], [-65.63988868056478, 18.354334714753147], [-65.64065612324761, 18.354275493980833], [-65.6412522321353, 18.353834383101965], [-65.6411562358186, 18.352968400193117], [-65.64086842481753, 18.35269948134854], [-65.6407861419338, 18.35195720733812], [-65.64065595015198, 18.35194645939174], [-65.64032699228417, 18.351306403094107], [-65.6400528947161, 18.35116119314796], [-65.63956632305393, 18.350262966399978], [-65.63900440905991, 18.349848837161407], [-65.63840135362402, 18.349063570917625], [-65.63759277007078, 18.348751659839692], [-65.63687323685751, 18.348079359702925], [-65.63551645816811, 18.3474770287327], [-65.63508473595591, 18.347073647440507], [-65.6344063441845, 18.346772484308953], [-65.63424872496525, 18.346514313410754], [-65.63371423840864, 18.346347607124002], [-65.6328233719717, 18.34529342203565], [-65.63278223052983, 18.344922285030435], [-65.63291242231165, 18.344933032976815], [-65.6329877646435, 18.344448935467405], [-65.6327204291068, 18.343201062004148], [-65.63280948487164, 18.342840673393166], [-65.63293967665346, 18.342851421339542], [-65.633001299556, 18.34224360932889], [-65.63336444746403, 18.342028430216203], [-65.63254892278749, 18.34049014246347], [-65.63241872558079, 18.34047939406924], [-65.63232272926408, 18.339613411160393], [-65.63245292647079, 18.33962415955462], [-65.63261731314628, 18.33877966738356], [-65.63248017538771, 18.337542547469496], [-65.63259665373654, 18.337429586517448], [-65.63213733041985, 18.33444974252938], [-65.63226057622492, 18.333234118508074], [-65.63256887411156, 18.33252408878463], [-65.6325277326697, 18.33215295177942], [-65.63280859769402, 18.33119549865631], [-65.63269888737287, 18.330205801694067], [-65.63234250749252, 18.329318322892462], [-65.6321642282921, 18.32771006597319], [-65.63239718384688, 18.32748413375916], [-65.63236975640945, 18.32723671080734], [-65.63258900395611, 18.32688707014273], [-65.63247234765822, 18.324671001212806], [-65.63214338979041, 18.324030944915172], [-65.6310058532228, 18.32307897283249], [-65.630210983674, 18.32289077580795], [-65.62905296564573, 18.32291775274113], [-65.62890905500602, 18.322783295448478], [-65.62871029434491, 18.322153987545068], [-65.6287307758056, 18.321175038529205], [-65.62936802613515, 18.321105064655548], [-65.62960098768626, 18.320879138044333], [-65.6296077551425, 18.319776474975075], [-65.62947756336068, 18.3197657270287], [-65.62926508327025, 18.31901270462405], [-65.62864831982627, 18.31810372992969], [-65.6280726918278, 18.317565886637727], [-65.62753820584264, 18.31739918550594], [-65.62736687261896, 18.317017300554355], [-65.62810688729292, 18.316710651675255], [-65.62831242083514, 18.316237296957254], [-65.6289222383024, 18.31591989968393], [-65.62902500807168, 18.31568322512634], [-65.62851777100344, 18.313434911909432], [-65.62875750001078, 18.31210632222896], [-65.62939475034034, 18.312036348355303], [-65.62938103690735, 18.311912639456878], [-65.62964142047099, 18.31193413534963], [-65.62987437602577, 18.3117082031356], [-65.62984694858834, 18.311460780183783], [-65.63007991013944, 18.311234853572568], [-65.63047725294115, 18.31016443434244], [-65.63108707583328, 18.309847037516967], [-65.63118984017768, 18.309610362511524], [-65.6314502291662, 18.30963185885213], [-65.63168318529242, 18.309405931793066], [-65.63221767127759, 18.309572632924848], [-65.6324506274038, 18.309346705865785], [-65.63321806951518, 18.309287479938504], [-65.6335675094151, 18.30894859237524], [-65.63358799030435, 18.307969638204412], [-65.63417038575905, 18.307404818427116], [-65.63456096110451, 18.30743706226625], [-65.63463629801149, 18.306952964308987], [-65.63497202333554, 18.306490357537363], [-65.63573946601836, 18.306431136765053], [-65.6365959584697, 18.306011521778938], [-65.63668500880966, 18.305651132720104], [-65.6372948317018, 18.305333735894628], [-65.63725369025994, 18.304962598889418], [-65.637575702151, 18.30437628321937], [-65.63726722574387, 18.30275727790587], [-65.63647235562362, 18.302569075726364], [-65.63645864219063, 18.302445366827936], [-65.63735628150872, 18.302396889294887], [-65.63708894654344, 18.301149020986596], [-65.63695875476162, 18.30113827304022], [-65.63675999410052, 18.300508965136814], [-65.6366298023187, 18.300498217190434], [-65.63667771121679, 18.29976669112639], [-65.63640361364872, 18.299621481180242], [-65.63620485298762, 18.298992173276833], [-65.6357731307754, 18.298588791984642], [-65.63496454722217, 18.29827688090671], [-65.63380652976532, 18.298303862994857], [-65.63383395720275, 18.298551285946676], [-65.6340943407664, 18.29857278183943], [-65.63412176820383, 18.298820204791248], [-65.63373118743347, 18.298787960504267], [-65.63344337643241, 18.29851904165969], [-65.63292260388025, 18.298476049426334], [-65.63242926419038, 18.298680480592644], [-65.63240183675295, 18.298433057640825], [-65.63316927886433, 18.298373831713544], [-65.63351871276794, 18.298034938547467], [-65.63425872744189, 18.297728289668367], [-65.63517007533952, 18.297803525740857], [-65.63501245612028, 18.29754535484266], [-65.63553322867244, 18.297588347076022], [-65.63628018989458, 18.298508075319575], [-65.636773529013, 18.2983036389983], [-65.6373080155696, 18.29847034528505], [-65.63804803024355, 18.29816369640595], [-65.63856880279573, 18.298206688639308], [-65.63872642201497, 18.298464859537507], [-65.63898680557861, 18.29848635543026], [-65.63958291503775, 18.29804524970636], [-65.64023387937175, 18.298098989886096], [-65.64082998825944, 18.297657879007225], [-65.64109037182308, 18.29767937489998], [-65.64119313616749, 18.29744269989454], [-65.64103551694824, 18.297184528996343], [-65.64115199472562, 18.29707156288933], [-65.64141238371415, 18.297093059229933], [-65.64184410050147, 18.297496440074276], [-65.64209077548556, 18.297394222361486], [-65.64204963461515, 18.297023090511242], [-65.64137124227229, 18.29672192222472], [-65.64160419839851, 18.296495995165657], [-65.6427896492891, 18.296716441632146], [-65.64326927497453, 18.29638829641244], [-65.64365985574487, 18.296420540699422], [-65.64392023930851, 18.29644203659218], [-65.64394766674594, 18.296689459543998], [-65.64420805573447, 18.296710955884603], [-65.64442729785625, 18.296361314772145], [-65.64471510885731, 18.296630233616717], [-65.64497549784585, 18.296651729957322], [-65.64507826219024, 18.29641505495188], [-65.64659943298, 18.296172894198897], [-65.64704486377175, 18.29669998909663], [-65.64766840009688, 18.296506301169583], [-65.64875108664307, 18.29696342264151], [-65.64892241986676, 18.2973453075931], [-65.64957338420075, 18.29739904777284], [-65.64973100399143, 18.297657223826], [-65.65013529276989, 18.297813176563558], [-65.65108084155752, 18.297033178121428], [-65.65135493855415, 18.297178382912605], [-65.65139607999602, 18.29754951991782], [-65.65181408877523, 18.297829192311585], [-65.65232114189808, 18.297748470043704], [-65.65339011443984, 18.298081877462238], [-65.65518538279768, 18.297984926655403], [-65.65632291879385, 18.298936893583118], [-65.65763856146626, 18.299168087995984], [-65.65824161690215, 18.299953354239765], [-65.65880353089617, 18.300367483478336], [-65.65970116478937, 18.300319005497435], [-65.6605097483426, 18.30063091657537], [-65.660612512687, 18.300394241569926], [-65.66118814068547, 18.300932084861888], [-65.66155128802205, 18.300716900594235], [-65.66220225235605, 18.300770640773973], [-65.66264768857269, 18.301297736119558], [-65.66399075325765, 18.30177635303639], [-65.6639291303551, 18.302384165047044], [-65.66408674957435, 18.30264233594524], [-65.6658341090341, 18.30327691120245], [-65.66802690413903, 18.304438576650277], [-65.66825986511869, 18.304212644884096], [-65.66832148802122, 18.303604832873443], [-65.66902036125332, 18.302927046989133], [-65.66905455671842, 18.30207181202666], [-65.6696232381687, 18.301383278195974], [-65.67034953940966, 18.30095292041845], [-65.67134993764725, 18.300667767432106], [-65.67230242698675, 18.30111414050981], [-65.67295339132073, 18.301167880689544], [-65.6739537949832, 18.300882728151052], [-65.67454990387091, 18.30044161727218], [-65.67517343534259, 18.30024793405225], [-65.67581068567215, 18.300177960178594], [-65.67647536401057, 18.300355414411722], [-65.67590633094417, 18.296385878616377], [-65.6761871959685, 18.295428425493267], [-65.67650920785957, 18.294842109823218], [-65.67765351131197, 18.29469141368168], [-65.67977061846526, 18.2916791126157], [-65.68083958558213, 18.292012519586386], [-65.6819976090353, 18.291985543101056], [-65.68308029015661, 18.292442664125137], [-65.68368334502105, 18.29322792521395], [-65.6843754507969, 18.2936528023989], [-65.68556784223937, 18.295099620385223], [-65.68719872335026, 18.29584715659448], [-65.68836368735529, 18.29704655162898], [-65.68987809068882, 18.297907053945256], [-65.69074152968834, 18.29871381608179], [-65.69128972967793, 18.29900423126697], [-65.69144734889719, 18.299262402165166], [-65.69155705921833, 18.300252099127405], [-65.6920299228724, 18.30102661742481], [-65.69512729299383, 18.30336618156654], [-65.69716246830808, 18.3042696709612], [-65.69713504087065, 18.304022248009385], [-65.69748448019914, 18.303683355291152], [-65.69896450954704, 18.303070057532956], [-65.69912889679398, 18.302225570516864], [-65.69946462268948, 18.301762968900206], [-65.70056778470003, 18.301241135753454], [-65.70160915128386, 18.298998085183232], [-65.70288365251442, 18.298858142590884], [-65.70319194497615, 18.298148112419593], [-65.70208860444511, 18.296340910529405], [-65.70204746300325, 18.29596977352419], [-65.70145812100036, 18.29530821617884], [-65.70137583868808, 18.29456594732338], [-65.70201308901764, 18.294495973449724], [-65.70284910057974, 18.295055312634442], [-65.7033835865649, 18.295222013766228], [-65.70350006491373, 18.29510905281418], [-65.70327387624376, 18.294232316803985], [-65.70236929580237, 18.293054417662237], [-65.70128660982762, 18.292597301345275], [-65.70068355981661, 18.29181203554934], [-65.7019648285034, 18.29056942988774], [-65.70234168984445, 18.290477959673478], [-65.70244445418884, 18.290241284668035], [-65.70270484317736, 18.29026278100864], [-65.70317075485836, 18.289810921735544], [-65.7035613356287, 18.289843166022525], [-65.70426715540898, 18.290391757260867], [-65.7046646767312, 18.291650373067682], [-65.70547326085588, 18.29196228930058], [-65.70674776151499, 18.291822341553267], [-65.70730272953227, 18.291010098824156], [-65.70878275888018, 18.29039680106596], [-65.70913219278378, 18.29005790789988], [-65.70987220745774, 18.28975125902078], [-65.7113933782475, 18.289509098267796], [-65.71235958159141, 18.29007918539889], [-65.71315445171166, 18.290267387578396], [-65.71401094958789, 18.289847773040133], [-65.7148948700481, 18.289675586160804], [-65.71510039816545, 18.289202230994956], [-65.71492906494177, 18.288820346043366], [-65.71525107683283, 18.288234030373317], [-65.71634052541039, 18.28758848832814], [-65.71751226229655, 18.287685220741235], [-65.7186086574223, 18.288266055818706], [-65.71991753206702, 18.289599908145863], [-65.72008886529069, 18.289981793097454], [-65.71986961774402, 18.29033143376206], [-65.71989704518145, 18.29057885671388], [-65.72018486217885, 18.29084778116127], [-65.72119897384944, 18.29068633707335], [-65.72211032174707, 18.29076157314584], [-65.7238851140691, 18.29164357180272], [-65.72530351508959, 18.291638085607325], [-65.72852414186588, 18.292762026623446], [-65.72916138677054, 18.292692052301938], [-65.7305867397641, 18.293912943677046], [-65.73421860129558, 18.296419209398408], [-65.73497232997397, 18.296236274572703], [-65.73667854799184, 18.296499712824698], [-65.73692521755106, 18.29639749466406], [-65.73708961022287, 18.295553008095816], [-65.73732256577765, 18.295327075881787], [-65.73861078101264, 18.295310847342833], [-65.73930288678848, 18.29573572452778], [-65.73996079167433, 18.29701583622735], [-65.7400019331162, 18.29738697323256], [-65.73964573118491, 18.29882852431293], [-65.74011858941408, 18.299603042162484], [-65.74296928940487, 18.302044819309884], [-65.74086572915672, 18.30285180544298], [-65.7403656160143, 18.30415889407573], [-65.73985855746656, 18.304239615895764], [-65.73978322113103, 18.304723719007992], [-65.74033142112063, 18.30501413419317], [-65.7412564830227, 18.305213084319053], [-65.74167448580559, 18.305492751110002], [-65.74237353755818, 18.307144000262635], [-65.74296287898963, 18.307805552453022], [-65.7437509756573, 18.30909641209897], [-65.74505985087347, 18.310430269581094], [-65.74690997410616, 18.310828164677893], [-65.74840389597901, 18.31266761601003], [-65.74919199807157, 18.313958476103828], [-65.75289919651001, 18.315980643867928], [-65.7533857681722, 18.31687887061591], [-65.75503036328753, 18.31775012087856], [-65.75648991117475, 18.318115772136228], [-65.7570381117358, 18.318406192476374], [-65.75779878639092, 18.31944962961835], [-65.7582853580531, 18.320347856366332], [-65.75652446368088, 18.32191860724764], [-65.7562024517898, 18.322504922917688], [-65.75615454289171, 18.323236448981735], [-65.75526385497525, 18.324511298930318], [-65.75475679642751, 18.32459202075035], [-65.75366039587689, 18.324011185225032], [-65.75287923976107, 18.32394669709892], [-65.75202951476598, 18.323263649015775], [-65.75107702542648, 18.32281727593807], [-65.74937080740861, 18.322553837686073], [-65.74843203207355, 18.322231178661763], [-65.74758230707846, 18.32154813057862], [-65.7459581934238, 18.319697931300105], [-65.74471788765835, 18.31898263892998], [-65.74329254008968, 18.317761748002724], [-65.74278548154194, 18.317842469822757], [-65.74272385863941, 18.31845028183341], [-65.74208660830985, 18.318520255707067], [-65.74133964708771, 18.317600527463515], [-65.7409421257655, 18.3163419116567], [-65.7401403096685, 18.31492733750951], [-65.73942077645523, 18.314255037372742], [-65.73894791280117, 18.313480519075338], [-65.73766647101876, 18.31239409014785], [-65.73729637713397, 18.311382897292855], [-65.73689208235919, 18.31122693895248], [-65.73673446313994, 18.310968768054284], [-65.73659732538137, 18.30973164814022], [-65.73543930192821, 18.309758624625555], [-65.73520634637343, 18.309984556839584], [-65.73510358202904, 18.310221231845027], [-65.7352407197876, 18.311458351759086], [-65.73490499446355, 18.31192095853071], [-65.73244504776729, 18.311840455104416], [-65.73182151144216, 18.312034143031468], [-65.73154064641784, 18.31299159615458], [-65.73129397086231, 18.3130938087124], [-65.73027985919173, 18.313255252800317], [-65.73026614518729, 18.313131538746923], [-65.72960146684886, 18.312954084513795], [-65.72897793052374, 18.313147772440846], [-65.728635437172, 18.314713037126758], [-65.72890277213727, 18.315960905435045], [-65.72880000236799, 18.316197579992636], [-65.72807370169848, 18.31662794292513], [-65.7275529345712, 18.31658495113962], [-65.7265525309087, 18.316870103678113], [-65.72484631289083, 18.316606665426118], [-65.72435296777608, 18.316811096144576], [-65.7246682122109, 18.317327443543785], [-65.72477792253206, 18.31831714050603], [-65.7245861024228, 18.318914204122454], [-65.72521658529612, 18.319946893318054], [-65.72529886817983, 18.320689167328478], [-65.72479875560884, 18.321996261116194], [-65.72488103849257, 18.322738535126618], [-65.72556637624074, 18.324266070225857], [-65.72540198956524, 18.32511056239692], [-65.7248058801061, 18.32555166812082], [-65.72436739043765, 18.326250949897883], [-65.72447710075879, 18.327240646860126], [-65.72373708608484, 18.327547295739222], [-65.72321631353267, 18.327504303505865], [-65.72200344062954, 18.327036434535408], [-65.72175676564544, 18.327138652248195], [-65.72135247629555, 18.32698269435567], [-65.71993406985018, 18.326988180103214], [-65.71938586928914, 18.32669775976307], [-65.71852937683781, 18.327117374749182], [-65.71772079328457, 18.326805463671253], [-65.71724116217425, 18.327133608443106], [-65.71588438348486, 18.326531277472878], [-65.71458245481689, 18.326423797113407], [-65.71384244014294, 18.326730445992503], [-65.71349300081444, 18.327069338710732], [-65.71330118613008, 18.32766640277501], [-65.71163610955406, 18.327774101528224], [-65.71084818598202, 18.328812276471368], [-65.70992311865507, 18.328613325897635], [-65.70969016310029, 18.328839258111664], [-65.70958739875589, 18.329075933117107], [-65.70981358685442, 18.329952663972332], [-65.71043035629474, 18.330861644269508], [-65.71030016451292, 18.33085089632313], [-65.71021110874807, 18.331211284934117], [-65.7103345325022, 18.332324690794785], [-65.70996461713793, 18.33364253297673], [-65.71046490280453, 18.3346644737781], [-65.71067061001382, 18.33652015880416], [-65.71109556419835, 18.338026198010645], [-65.71103393587093, 18.338634009573447], [-65.71046525984553, 18.339322543851985], [-65.71052011529183, 18.33981739491059], [-65.71022553083819, 18.340651133532457], [-65.70864950517357, 18.3403984483818], [-65.70815616005883, 18.340602879100263], [-65.70757377002901, 18.341167699325407], [-65.70696394713688, 18.341485096150883], [-65.70694346025131, 18.3424640447189], [-65.70572381989194, 18.3430988388177], [-65.70550457234528, 18.343448479482305], [-65.70433284088399, 18.34335174751706], [-65.70383949576924, 18.34355617823552], [-65.70373673142485, 18.343792853240963], [-65.70261984998498, 18.34419097188647], [-65.70172221552035, 18.344239444712407], [-65.69984466485023, 18.34359412666379], [-65.69787805784382, 18.343309192071185], [-65.69284150872485, 18.340932121443643], [-65.6922042583953, 18.3410020953173], [-65.69186853792469, 18.341464697381806], [-65.69180690959726, 18.342072508944607], [-65.69050498635417, 18.341965029032988], [-65.69160850055228, 18.346101270667234], [-65.69294480320588, 18.347682551101176], [-65.69302708551815, 18.34842481995663], [-65.69016302313905, 18.350517398381875], [-65.68942995501328, 18.352050424383624], [-65.68965614311182, 18.35292715523885], [-65.68955337876741, 18.35316383024429], [-65.68908746166154, 18.353615689069535], [-65.6885941165468, 18.353820119787994], [-65.68837487442502, 18.35416976090045], [-65.6886970594117, 18.355912479819494], [-65.68841619438737, 18.356869932942605], [-65.68829971118511, 18.35698289860177], [-65.687648752276, 18.356929158869885], [-65.68715540716126, 18.357133589588344], [-65.68705264281687, 18.357370264593786], [-65.687162353138, 18.358359961556026], [-65.68673757747399, 18.359182957386484], [-65.68667595457144, 18.359790769397137], [-65.68631280123853, 18.360005948061975], [-65.68653899476195, 18.36088267936505], [-65.68738872032847, 18.36156573260316], [-65.68816310299172, 18.362732878195715], [-65.688416724524, 18.363857037605577], [-65.68832090073147, 18.365320084130854], [-65.68708077348653, 18.36693382679767], [-65.68636818625, 18.367487898628585], [-65.68599827088572, 18.36880574081053], [-65.6855872086547, 18.369752445539415], [-65.68513500555325, 18.370328018418054], [-65.68514195152999, 18.371554390385736], [-65.6849364228412, 18.372027740396618], [-65.68407993038986, 18.372447355382732], [-65.68352496237257, 18.373259598111844], [-65.68356610381444, 18.373630735117057], [-65.68294951346606, 18.37505079501179], [-65.68303179634978, 18.37579306902221], [-65.68272349789171, 18.37650309359069], [-65.68209996156658, 18.376696781517737], [-65.68201091122663, 18.37705717057657], [-65.68175052766298, 18.377035674683817], [-65.68115441820385, 18.37747678040772], [-65.68075706997725, 18.378547199189995], [-65.6809146891965, 18.37880537008819], [-65.68082563885653, 18.379165759147025], [-65.6802158159644, 18.3794831559725], [-65.68012676562444, 18.379843545031335], [-65.67999657384262, 18.37983279708496], [-65.68002400128005, 18.380080220036778], [-65.67972247627453, 18.37968758713881], [-65.67801625283178, 18.379424148438964], [-65.6770021411612, 18.37958559252688], [-65.67583040969991, 18.379488860561636], [-65.67519315879892, 18.379558829280324], [-65.67520687280336, 18.37968254333372], [-65.67365827457617, 18.379677281134885], [-65.67177395045348, 18.380134620552706], [-65.67178766388648, 18.38025832945113], [-65.67139708854101, 18.380226085612], [-65.67141080254544, 18.380349799665392], [-65.66986219889337, 18.380344537018708], [-65.66847122531031, 18.380597446165922], [-65.66810807197739, 18.380812624830757], [-65.66709395973535, 18.38097406376371], [-65.66513429927714, 18.38191550629376], [-65.66468209560426, 18.38249107401743], [-65.6641887559144, 18.38269550518374], [-65.66348988268231, 18.383373291068047], [-65.66283214546719, 18.38442221350972], [-65.66268147222469, 18.385390414579206], [-65.66300365663993, 18.387133128343283], [-65.66216087819302, 18.38767645738279], [-65.66150991385904, 18.387622717203055], [-65.66081104005549, 18.388300497932395], [-65.66068779482187, 18.38951612710867], [-65.66044112469122, 18.38961834011434], [-65.6602630185864, 18.39033911778416], [-65.65970805114057, 18.39115136566824], [-65.65877622178225, 18.392055078611612], [-65.6573989562073, 18.3924316962094], [-65.6568165607526, 18.392996515986695], [-65.65672751041264, 18.39335690504553], [-65.65615882896236, 18.394045438876216], [-65.65556271950322, 18.394486544600117], [-65.65547366916326, 18.394846933658954], [-65.65560386094508, 18.39485768160533], [-65.65626177182726, 18.396137798907716], [-65.65639196360908, 18.396148546854093], [-65.65643310505094, 18.396519683859307], [-65.65656329683276, 18.396530431805683], [-65.65659072427019, 18.396777854757502], [-65.65657701026575, 18.396654140704108], [-65.65646053248837, 18.396767106811126], [-65.65592604593176, 18.396600400524374], [-65.65589861849433, 18.396352977572555], [-65.65565194893513, 18.396455195733193], [-65.65549432914445, 18.396197019680027], [-65.65552175715331, 18.396444447786816], [-65.65539156537149, 18.396433699840436], [-65.65532299592076, 18.39581513472844], [-65.65506260693223, 18.395793638387836], [-65.6550900349411, 18.39604106649462], [-65.65495984315928, 18.396030318548245], [-65.65476108249817, 18.395401010644836], [-65.65419916850415, 18.394986881406265], [-65.65413059905342, 18.39436831629427], [-65.6539866938386, 18.394233859449464], [-65.654103171616, 18.39412089334245], [-65.65395926640119, 18.393986436497645], [-65.65433613316709, 18.393894966731235], [-65.65415108593899, 18.393389367726254], [-65.65341783929271, 18.392593358691062], [-65.65301354451793, 18.392437400350687], [-65.6518555270611, 18.392464382438835], [-65.65162256551, 18.39269030905005], [-65.65104694293642, 18.392152466205935], [-65.65116342128525, 18.392039505253887], [-65.65109485240596, 18.391420945296858], [-65.65158819152438, 18.391216508975578], [-65.65162239241438, 18.390361274460957], [-65.65186906197358, 18.39025905630032], [-65.65192373889938, 18.388424872321984], [-65.65173869167127, 18.387919273317], [-65.65129326145095, 18.38739218357423], [-65.6506011556751, 18.386967306389284], [-65.65037496700513, 18.38609057037909], [-65.64964172035886, 18.385294561343898], [-65.64801083924796, 18.38454702513464], [-65.64749006669578, 18.384504032901283], [-65.64582499011976, 18.384611731654495], [-65.64385161565713, 18.385429460131153], [-65.64359123209348, 18.385407964238397], [-65.64183033229637, 18.386978714671855], [-65.64162480360758, 18.387452064682737], [-65.64078202458923, 18.387995388567276], [-65.63943912757502, 18.389845805791683], [-65.6391924580158, 18.38994802395232], [-65.63865120400295, 18.390883980734827], [-65.63824014719681, 18.39183068591156], [-65.63819223287382, 18.392562211527757], [-65.63835679864125, 18.394046759548605], [-65.63867204250464, 18.394563101792844], [-65.63875432538835, 18.395305375803268], [-65.63863784703952, 18.395418336755316], [-65.63882289426763, 18.3959239357603], [-65.63847345493915, 18.39626282847853], [-65.63838440459918, 18.396623217537364], [-65.63758276702269, 18.397537678427113], [-65.63629455178771, 18.397553906966067], [-65.63606159623293, 18.3977798391801], [-65.63543805933637, 18.39797352195218], [-65.63533529499198, 18.398210196957624], [-65.63536272300084, 18.39845762506441], [-65.63565053400191, 18.39872654390898], [-65.63549986075941, 18.39969474497847], [-65.6358013857649, 18.400087377876435], [-65.6368840723111, 18.400544499348367], [-65.63731578909842, 18.40094788019271], [-65.63734321653585, 18.40119530314453], [-65.63708283297221, 18.401173807251773], [-65.6370965464052, 18.401297516150198], [-65.63682244398369, 18.40115231091117], [-65.63689101286296, 18.401770870868198], [-65.63677453508558, 18.401883836975216], [-65.63638395974012, 18.401851593136083], [-65.63615099818901, 18.402077519747298], [-65.63589061462537, 18.40205602385454], [-65.63590432805836, 18.40217973275297], [-65.63576042284355, 18.402045275908165], [-65.63551374728802, 18.40214748846599], [-65.6356165170573, 18.401910813908394], [-65.63548631985059, 18.40190006551417], [-65.63551374728802, 18.40214748846599], [-65.63512317194255, 18.402115244626856], [-65.63456125851997, 18.40170112054325], [-65.63417745063074, 18.400566213634864], [-65.6333825805105, 18.400378011455356], [-65.63339629451494, 18.40050172550875], [-65.63325238872868, 18.40036726350898], [-65.63274533018095, 18.400447985329013], [-65.63251237405473, 18.400673912388076], [-65.63242331828988, 18.40103430099906], [-65.63194369260445, 18.401362446218766], [-65.63207388438627, 18.401373194165142], [-65.63197112004188, 18.40160986917058], [-65.63211502582814, 18.401744331170352], [-65.63176558649965, 18.40208322388858], [-65.63124481937237, 18.402040232103072]], [[-65.73592670656734, 18.411908014761362], [-65.73509069557667, 18.41134868073161], [-65.73489193434413, 18.410719367673234], [-65.73476173713742, 18.41070861927901], [-65.73469316825815, 18.410090059321977], [-65.73480965203186, 18.40997709881778], [-65.73466574082072, 18.40984263637016], [-65.73452860306215, 18.4086055164561], [-65.73465880026885, 18.408616264850327], [-65.73473413660439, 18.4081321617381], [-65.73486432838621, 18.408142909684475], [-65.73483690094878, 18.407895486732656], [-65.7349670927306, 18.407906234679036], [-65.73527539061723, 18.407196204955593], [-65.73522053574237, 18.406701359051954], [-65.7346174803065, 18.405916092808173], [-65.7345626248602, 18.40542124174957], [-65.73443243307838, 18.405410493803192], [-65.73439129163653, 18.405039356797978], [-65.73410347521057, 18.404770437505558], [-65.73407604777314, 18.40452301455374], [-65.73350042519957, 18.403985171709625], [-65.73256164986451, 18.403662512685315], [-65.73254793586007, 18.40353879863192], [-65.73024560352961, 18.403716470810945], [-65.7301016983148, 18.40358201396614], [-65.73013589320847, 18.402726773848702], [-65.72956027120634, 18.402188936159554], [-65.72953284319748, 18.40194150805277], [-65.7296630349793, 18.401952255999145], [-65.72953961122516, 18.400838850138477], [-65.72965608900255, 18.400725884031463], [-65.72952589722073, 18.400715136085086], [-65.72947104234588, 18.400220290181448], [-65.72934085056406, 18.40020954223507], [-65.72899817869181, 18.399445771884043], [-65.72714110891093, 18.39782149966459], [-65.72653805889993, 18.39703623386866], [-65.72616119213401, 18.39712770363507], [-65.72597614547735, 18.396622109785056], [-65.72554442326513, 18.39621872849286], [-65.7199801550458, 18.39257228850931], [-65.71767088758837, 18.391523589616348], [-65.71723916537616, 18.391120208324157], [-65.7163003900411, 18.390797549299847], [-65.71517656205305, 18.389969290822705], [-65.71410759493617, 18.38963588385202], [-65.71285358059117, 18.38879687787635], [-65.71207241905049, 18.388732389302387], [-65.71138031869951, 18.388307512565287], [-65.70979057903047, 18.387931113361244], [-65.70937257025126, 18.387651440967474], [-65.70391124546826, 18.38609736617039], [-65.70130739355719, 18.385882405899295], [-65.70116348234605, 18.385747943451676], [-65.69906668955416, 18.385452266515514], [-65.69855963043497, 18.385532983180582], [-65.69625053607315, 18.386813318876708], [-65.69533918275064, 18.38673808235637], [-65.69347534551352, 18.386216473206176], [-65.69276275827698, 18.38677054503709], [-65.69202274360303, 18.38707719391619], [-65.69099491735658, 18.38711491879575], [-65.69015890636591, 18.386555584765997], [-65.6900766234822, 18.385813310755573], [-65.68973395160995, 18.385049540404548], [-65.68913090217039, 18.38426427976358], [-65.68842508239011, 18.383715688525243], [-65.68816469340159, 18.383694192184638], [-65.68817840740601, 18.38381790623803], [-65.68740401874645, 18.382650755042658], [-65.68570456875626, 18.38128465887637], [-65.68433407663387, 18.38055861900772], [-65.68326510352068, 18.380225206434215], [-65.68012676562444, 18.379843545031335], [-65.6802158159644, 18.3794831559725], [-65.68082563885653, 18.379165759147025], [-65.6809146891965, 18.37880537008819], [-65.68075706997725, 18.378547199189995], [-65.68115441820385, 18.37747678040772], [-65.68175052766298, 18.377035674683817], [-65.68201091122663, 18.37705717057657], [-65.68209996156658, 18.376696781517737], [-65.68272349789171, 18.37650309359069], [-65.68303179634978, 18.37579306902221], [-65.68294951346606, 18.37505079501179], [-65.68356610381444, 18.373630735117057], [-65.68352496237257, 18.373259598111844], [-65.68407993038986, 18.372447355382732], [-65.6849364228412, 18.372027740396618], [-65.68514195152999, 18.371554390385736], [-65.68513500555325, 18.370328018418054], [-65.6855872086547, 18.369752445539415], [-65.68599827088572, 18.36880574081053], [-65.68636818625, 18.367487898628585], [-65.68708077348653, 18.36693382679767], [-65.68832090073147, 18.365320084130854], [-65.688416724524, 18.363857037605577], [-65.68816310299172, 18.362732878195715], [-65.68738872032847, 18.36156573260316], [-65.68653899476195, 18.36088267936505], [-65.68631280123853, 18.360005948061975], [-65.68667595457144, 18.359790769397137], [-65.68673757747399, 18.359182957386484], [-65.687162353138, 18.358359961556026], [-65.68705264281687, 18.357370264593786], [-65.68715540716126, 18.357133589588344], [-65.687648752276, 18.356929158869885], [-65.68829971118511, 18.35698289860177], [-65.68841619438737, 18.356869932942605], [-65.6886970594117, 18.355912479819494], [-65.68837487442502, 18.35416976090045], [-65.6885941165468, 18.353820119787994], [-65.68908746166154, 18.353615689069535], [-65.68955337876741, 18.35316383024429], [-65.68965614311182, 18.35292715523885], [-65.68942995501328, 18.352050424383624], [-65.69016302313905, 18.350517398381875], [-65.69302708551815, 18.34842481995663], [-65.69294480320588, 18.347682551101176], [-65.69160850055228, 18.346101270667234], [-65.69050498635417, 18.341965029032988], [-65.69180690959726, 18.342072508944607], [-65.69186853792469, 18.341464697381806], [-65.6922042583953, 18.3410020953173], [-65.69284150872485, 18.340932121443643], [-65.69787805784382, 18.343309192071185], [-65.69984466485023, 18.34359412666379], [-65.70172221552035, 18.344239444712407], [-65.70261984998498, 18.34419097188647], [-65.70373673142485, 18.343792853240963], [-65.70383949576924, 18.34355617823552], [-65.70433284088399, 18.34335174751706], [-65.70550457234528, 18.343448479482305], [-65.70572381989194, 18.3430988388177], [-65.70694346025131, 18.3424640447189], [-65.70696394713688, 18.341485096150883], [-65.70757377002901, 18.341167699325407], [-65.70815616005883, 18.340602879100263], [-65.70864950517357, 18.3403984483818], [-65.71022553083819, 18.340651133532457], [-65.71052011529183, 18.33981739491059], [-65.71046525984553, 18.339322543851985], [-65.71103393587093, 18.338634009573447], [-65.71109556419835, 18.338026198010645], [-65.71067061001382, 18.33652015880416], [-65.71046490280453, 18.3346644737781], [-65.70996461713793, 18.33364253297673], [-65.7103345325022, 18.332324690794785], [-65.71021110874807, 18.331211284934117], [-65.71030016451292, 18.33085089632313], [-65.71043035629474, 18.330861644269508], [-65.70981358685442, 18.329952663972332], [-65.70958739875589, 18.329075933117107], [-65.70969016310029, 18.328839258111664], [-65.70992311865507, 18.328613325897635], [-65.71084818598202, 18.328812276471368], [-65.71163610955406, 18.327774101528224], [-65.71330118613008, 18.32766640277501], [-65.71349300081444, 18.327069338710732], [-65.71384244014294, 18.326730445992503], [-65.71458245481689, 18.326423797113407], [-65.71588438348486, 18.326531277472878], [-65.71724116217425, 18.327133608443106], [-65.71772079328457, 18.326805463671253], [-65.71852937683781, 18.327117374749182], [-65.71938586928914, 18.32669775976307], [-65.71993406985018, 18.326988180103214], [-65.72135247629555, 18.32698269435567], [-65.72175676564544, 18.327138652248195], [-65.72200344062954, 18.327036434535408], [-65.72321631353267, 18.327504303505865], [-65.72373708608484, 18.327547295739222], [-65.72447710075879, 18.327240646860126], [-65.72436739043765, 18.326250949897883], [-65.7248058801061, 18.32555166812082], [-65.72540198956524, 18.32511056239692], [-65.72556637624074, 18.324266070225857], [-65.72488103849257, 18.322738535126618], [-65.72479875560884, 18.321996261116194], [-65.72529886817983, 18.320689167328478], [-65.72521658529612, 18.319946893318054], [-65.7245861024228, 18.318914204122454], [-65.72477792253206, 18.31831714050603], [-65.7246682122109, 18.317327443543785], [-65.72435296777608, 18.316811096144576], [-65.72484631289083, 18.316606665426118], [-65.7265525309087, 18.316870103678113], [-65.72832037668256, 18.31652572521234], [-65.72890277213727, 18.315960905435045], [-65.728635437172, 18.314713037126758], [-65.72897793052374, 18.313147772440846], [-65.72960146684886, 18.312954084513795], [-65.73026614518729, 18.313131538746923], [-65.73027985919173, 18.313255252800317], [-65.73129397086231, 18.3130938087124], [-65.73154064641784, 18.31299159615458], [-65.73182151144216, 18.312034143031468], [-65.73244504776729, 18.311840455104416], [-65.73490499446355, 18.31192095853071], [-65.7352407197876, 18.311458351759086], [-65.73510358202904, 18.310221231845027], [-65.73520634637343, 18.309984556839584], [-65.73543930192821, 18.309758624625555], [-65.73646713359955, 18.309720900193845], [-65.73659732538137, 18.30973164814022], [-65.73673446313994, 18.310968768054284], [-65.73689208235919, 18.31122693895248], [-65.73729637713397, 18.311382897292855], [-65.73766647101876, 18.31239409014785], [-65.73894791280117, 18.313480519075338], [-65.73942077645523, 18.314255037372742], [-65.7401403096685, 18.31492733750951], [-65.7409421257655, 18.3163419116567], [-65.74133964708771, 18.317600527463515], [-65.74208660830985, 18.318520255707067], [-65.74272385863941, 18.31845028183341], [-65.74278548154194, 18.317842469822757], [-65.74329254008968, 18.317761748002724], [-65.74471788765835, 18.31898263892998], [-65.7459581934238, 18.319697931300105], [-65.74758230707846, 18.32154813057862], [-65.74843203207355, 18.322231178661763], [-65.74937080740861, 18.322553837686073], [-65.75107702542648, 18.32281727593807], [-65.75202951476598, 18.323263649015775], [-65.75287923976107, 18.32394669709892], [-65.75366039587689, 18.324011185225032], [-65.75475679642751, 18.32459202075035], [-65.75526385497525, 18.324511298930318], [-65.75571605322325, 18.323935730758798], [-65.75615454289171, 18.323236448981735], [-65.7562024517898, 18.322504922917688], [-65.75652446368088, 18.32191860724764], [-65.75851831960419, 18.320121929755118], [-65.75903214075474, 18.318938549572945], [-65.7604984560982, 18.318201537761354], [-65.76069027620744, 18.31760447414493], [-65.76140286344398, 18.317050402314013], [-65.76172486991015, 18.316464086196113], [-65.76173164279129, 18.315361423574707], [-65.76267718615402, 18.314581424684725], [-65.76293756971766, 18.314602920577478], [-65.76310890294135, 18.31498480552907], [-65.76303356603438, 18.315468903486327], [-65.76332155555595, 18.318066857367842], [-65.76277353408686, 18.320105477219606], [-65.76294486731054, 18.320487362171196], [-65.76292438584986, 18.32146631118706], [-65.76382896629124, 18.322644210328807], [-65.76417163759204, 18.32340797552487], [-65.76430182937386, 18.323418723471246], [-65.7645828729187, 18.324790305385076], [-65.76527497869453, 18.325215182570023], [-65.76658384848582, 18.3265490396043], [-65.76807100233098, 18.329491148850725], [-65.76831090443395, 18.330491593759344], [-65.76752298086188, 18.331529768702488], [-65.76777659696928, 18.332653927664502], [-65.76746829851122, 18.333363952232975], [-65.76742038961311, 18.334095478297023], [-65.76625560412857, 18.33522511829946], [-65.7664887387753, 18.337328226277336], [-65.76631757864723, 18.339275375914838], [-65.76615319197174, 18.3401198680859], [-65.765659846857, 18.34032429880436], [-65.76519392917969, 18.34077615247464], [-65.76487192328494, 18.341362473747505], [-65.7652283031653, 18.342249952549107], [-65.76502277504795, 18.34272330771496], [-65.7641799960296, 18.343266631599498], [-65.76315216435826, 18.343304356031208], [-65.76235729480945, 18.343116159006666], [-65.7621106246788, 18.343218372012338], [-65.76164470757293, 18.343670230837585], [-65.76145289288857, 18.344267294901858], [-65.76107602612265, 18.34435876466827], [-65.75963019166842, 18.34411682230903], [-65.75913685197855, 18.34432125347534], [-65.75882855409192, 18.34503128319878], [-65.75886969553379, 18.345402420203992], [-65.75899988731561, 18.34541316815037], [-65.75918493939716, 18.345918762448232], [-65.75912331164118, 18.346526579166003], [-65.75684841217303, 18.346951674744695], [-65.75645106879989, 18.348022088819853], [-65.75634153157436, 18.349361426446702], [-65.7565402928069, 18.349990739505078], [-65.75682810923286, 18.350259658797498], [-65.75801355412712, 18.35048009966117], [-65.7595690989025, 18.351711738982655], [-65.7608984550079, 18.352066642293945], [-65.7633858291416, 18.352394568672057], [-65.76406422091301, 18.35269573180361], [-65.76465356234446, 18.353357283994], [-65.76481118213515, 18.353615460047163], [-65.76493460588928, 18.35472886590783], [-65.76471536376751, 18.355078507020288], [-65.76456468510011, 18.356046707641926], [-65.76518840051719, 18.358182059906785], [-65.76447581328065, 18.3587361317377], [-65.76308483427272, 18.358989040437063], [-65.76348235559493, 18.360247656243878], [-65.76408558955131, 18.363361957524603], [-65.7639074834465, 18.364082735194422], [-65.76327717909369, 18.365379081035762], [-65.76334574797298, 18.36599764099279], [-65.76379118418961, 18.366524736338377], [-65.76433937875433, 18.366815151075706], [-65.76499034308831, 18.366868891255443], [-65.76636084063558, 18.367594931571944], [-65.7670873198256, 18.369493603676396], [-65.76708054694447, 18.370596266297802], [-65.7672381715886, 18.37085443764385], [-65.76846475849617, 18.371446020667697], [-65.77063707214043, 18.373586635131392], [-65.77132917791627, 18.37401151231634], [-65.77191851392284, 18.37467306405888], [-65.77302862790647, 18.375377608482626], [-65.77403597269225, 18.37631883261893], [-65.77521465013027, 18.37764193655186], [-65.77548197967066, 18.3788898044123], [-65.77608503510655, 18.37967507065608], [-65.77772963022188, 18.380546320918732], [-65.77843544943073, 18.381094907002105], [-65.77962090032132, 18.381315353468594], [-65.78016909488603, 18.381605768205922], [-65.78048433932085, 18.38212211560513], [-65.780395283556, 18.382482504216114], [-65.78060776307498, 18.3832355214658], [-65.7810943353086, 18.384133753368747], [-65.78097108950352, 18.385349377390053], [-65.78113565527096, 18.386833925410897], [-65.78145089370945, 18.387350267207292], [-65.78188955647352, 18.388980020019318], [-65.78345204722564, 18.391438031308486], [-65.78347947523451, 18.39168545941527], [-65.78327394654572, 18.392158809426157], [-65.78180763120224, 18.392895821237744], [-65.78117038030125, 18.392965789956435], [-65.78063589431609, 18.39279908882465], [-65.78038922418544, 18.39290130183032], [-65.77977263383706, 18.394321361725055], [-65.77982748871192, 18.39481620762869], [-65.77951919082528, 18.395526237352133], [-65.77815563925476, 18.396026569003315], [-65.77732657424085, 18.396693606941245], [-65.7770182817791, 18.397403637112536], [-65.77725818388207, 18.398404082021155], [-65.77642911886815, 18.39907111995909], [-65.77580558197158, 18.39926480273117], [-65.77512042217249, 18.400066297513906], [-65.77494231606768, 18.400787075183725], [-65.77508640037443, 18.403250572220436], [-65.77498363603004, 18.40348724722588], [-65.774620488122, 18.403702426338565], [-65.77346246524027, 18.403729407978865], [-65.77220167801416, 18.403993064624604], [-65.77048869254003, 18.404832289441863], [-65.7683439848537, 18.40526813296693], [-65.76782321230154, 18.40522514073357], [-65.76759025617531, 18.405451067792637], [-65.76743958293282, 18.406419268862123], [-65.7666790813733, 18.407704866309235], [-65.76674765025258, 18.408323426266268], [-65.76654212213523, 18.408796781432116], [-65.76595972668053, 18.40936160120941], [-65.76576791199618, 18.409958665273688], [-65.76505532475964, 18.410512737104604], [-65.76518551654146, 18.41052348505098], [-65.7651992305459, 18.410647199104375], [-65.7640479805453, 18.409571518123265], [-65.76243758089508, 18.40784503289814], [-65.7608820361197, 18.406613393576656], [-65.76020364434828, 18.406312230445103], [-65.76004602512904, 18.406054059546907], [-65.75801084924335, 18.405150564997275], [-65.75772303824228, 18.404881646152703], [-65.75531100044412, 18.404069616662362], [-65.75296753209669, 18.403876152284024], [-65.75208361220793, 18.40404834431832], [-65.75185065065682, 18.404274270929534], [-65.75146007531136, 18.4042420270904], [-65.75135731096697, 18.40447870209584], [-65.7506035768637, 18.404661636473698], [-65.75063100487256, 18.404909064580483], [-65.75035690730448, 18.404763854634336], [-65.75031576586262, 18.404392717629126], [-65.75005538229898, 18.40437122173637], [-65.75038433474191, 18.405011277586155], [-65.75064471830555, 18.405032773478908], [-65.75065843230999, 18.405156487532302], [-65.75011023774528, 18.404866072794974], [-65.75012395117827, 18.4049897816934], [-65.74973337040792, 18.404957537406418], [-65.74974708441235, 18.405081251459812], [-65.74896592829654, 18.4050167633337], [-65.74897964230098, 18.40514047738709], [-65.74858906695552, 18.40510823354796], [-65.74860278038851, 18.405231942446385], [-65.7477051464953, 18.405280420427285], [-65.74708160959874, 18.40547410319937], [-65.74649921414404, 18.406038922976663], [-65.74612234737812, 18.406130392743076], [-65.74601958303373, 18.406367067748516], [-65.74527956835978, 18.406673716627616], [-65.74423126122407, 18.407690395678003], [-65.74414220545923, 18.40805078428899], [-65.7440120136774, 18.408040036342612], [-65.74405315511926, 18.408411173347822], [-65.74345027820388, 18.40995494214098], [-65.7433956012781, 18.411789126119317], [-65.74316264029844, 18.4120150578855], [-65.74271720950668, 18.411487962987763], [-65.74102470549323, 18.41134823878916], [-65.74088079970697, 18.41121377678939], [-65.74009964359117, 18.411149288663275], [-65.73981182716521, 18.41088036937085], [-65.73968163538339, 18.410869621424474], [-65.73955144360157, 18.410858873478098], [-65.73995573295147, 18.411014831370622], [-65.73989411004894, 18.411622643381275], [-65.73937333749676, 18.411579651147918], [-65.7393870515012, 18.41170336520131], [-65.73813998313295, 18.412090731193324], [-65.73592670656734, 18.411908014761362]], [[-65.78765594469418, 18.43750743092106], [-65.787635284713, 18.436157344899982], [-65.788135397284, 18.434850251112266], [-65.78809425584214, 18.434479114107052], [-65.78832721196835, 18.43425318704799], [-65.78840255372876, 18.433769084383613], [-65.78853274551058, 18.43377983232999], [-65.78860808241755, 18.43329573437273], [-65.7893480970915, 18.43298908549363], [-65.78943714743147, 18.432628696434797], [-65.78947134289659, 18.431773461472325], [-65.78932743711033, 18.431638999472554], [-65.78917658534733, 18.4302781655051], [-65.78930677712916, 18.430288913451477], [-65.78935468602725, 18.429557387387433], [-65.78948488323395, 18.429568135781658], [-65.78934774547538, 18.4283310158676], [-65.78921754826868, 18.42832026747337], [-65.78873097603507, 18.427422035570423], [-65.78661351783711, 18.425776272165336], [-65.78635313427347, 18.42575477627258], [-65.78524302571472, 18.425050232296684], [-65.78485244494438, 18.4250179880097], [-65.78401643338228, 18.424458648824984], [-65.78362585803681, 18.42442640498585], [-65.78361214460382, 18.424302696087427], [-65.78309137205166, 18.424259703854066], [-65.78267336327244, 18.4239800314603], [-65.78085066747717, 18.42382955931532], [-65.77983655580658, 18.423991003403234], [-65.77878129669782, 18.423781304883125], [-65.7783974888086, 18.422646397974734], [-65.77725300683569, 18.420468059079333], [-65.77560146517216, 18.418370431694033], [-65.7714830319785, 18.414965939224693], [-65.76885852008624, 18.413400892932522], [-65.76739897162759, 18.413035236519885], [-65.7673852581946, 18.41291152762146], [-65.76604218808475, 18.412432910256776], [-65.76582971341921, 18.411679888299975], [-65.76518551654146, 18.41052348505098], [-65.76505532475964, 18.410512737104604], [-65.76576791199618, 18.409958665273688], [-65.76595972668053, 18.40936160120941], [-65.76654212213523, 18.408796781432116], [-65.76674765025258, 18.408323426266268], [-65.7666790813733, 18.407704866309235], [-65.76743958293282, 18.406419268862123], [-65.76759025617531, 18.405451067792637], [-65.76782321230154, 18.40522514073357], [-65.7683439848537, 18.40526813296693], [-65.77048869254003, 18.404832289441863], [-65.77220167801416, 18.403993064624604], [-65.77346246524027, 18.403729407978865], [-65.774620488122, 18.403702426338565], [-65.77498363603004, 18.40348724722588], [-65.77508640037443, 18.403250572220436], [-65.77494231606768, 18.400787075183725], [-65.77512042217249, 18.400066297513906], [-65.77580558197158, 18.39926480273117], [-65.77642911886815, 18.39907111995909], [-65.77725818388207, 18.398404082021155], [-65.7770182817791, 18.397403637112536], [-65.77732657424085, 18.396693606941245], [-65.77815563925476, 18.396026569003315], [-65.77951919082528, 18.395526237352133], [-65.77982748871192, 18.39481620762869], [-65.77977263383706, 18.394321361725055], [-65.78038922418544, 18.39290130183032], [-65.78076608609791, 18.392809836771026], [-65.78143076386489, 18.392987285849188], [-65.78230097032066, 18.392691384916468], [-65.78228725688767, 18.392567676018043], [-65.78327394654572, 18.392158809426157], [-65.78345204722564, 18.391438031308486], [-65.78188955647352, 18.388980020019318], [-65.78145089370945, 18.387350267207292], [-65.78113565527096, 18.386833925410897], [-65.78097108950352, 18.385349377390053], [-65.7810943353086, 18.384133753368747], [-65.78060776307498, 18.3832355214658], [-65.780395283556, 18.382482504216114], [-65.78048433932085, 18.38212211560513], [-65.78016909488603, 18.381605768205922], [-65.77962090032132, 18.381315353468594], [-65.77843544943073, 18.381094907002105], [-65.77772963022188, 18.380546320918732], [-65.77608503510655, 18.37967507065608], [-65.77548197967066, 18.3788898044123], [-65.77521465013027, 18.37764193655186], [-65.77403597269225, 18.37631883261893], [-65.77302862790647, 18.375377608482626], [-65.77191851392284, 18.37467306405888], [-65.77132917791627, 18.37401151231634], [-65.77063707214043, 18.373586635131392], [-65.76846475849617, 18.371446020667697], [-65.7672381715886, 18.37085443764385], [-65.76708054694447, 18.370596266297802], [-65.7670873198256, 18.369493603676396], [-65.76636084063558, 18.367594931571944], [-65.76499034308831, 18.366868891255443], [-65.76433937875433, 18.366815151075706], [-65.76379118418961, 18.366524736338377], [-65.76334574797298, 18.36599764099279], [-65.76327717909369, 18.365379081035762], [-65.7639074834465, 18.364082735194422], [-65.76408558955131, 18.363361957524603], [-65.76348235559493, 18.360247656243878], [-65.76308483427272, 18.358989040437063], [-65.76447581328065, 18.3587361317377], [-65.76518840051719, 18.358182059906785], [-65.76456468510011, 18.356046707641926], [-65.76471536376751, 18.355078507020288], [-65.76493460588928, 18.35472886590783], [-65.76481118213515, 18.353615460047163], [-65.76465356234446, 18.353357283994], [-65.76406422091301, 18.35269573180361], [-65.7633858291416, 18.352394568672057], [-65.7608984550079, 18.352066642293945], [-65.7595690989025, 18.351711738982655], [-65.75801355412712, 18.35048009966117], [-65.75682810923286, 18.350259658797498], [-65.7565402928069, 18.349990739505078], [-65.75634153157436, 18.349361426446702], [-65.75645106879989, 18.348022088819853], [-65.75684841217303, 18.346951674744695], [-65.75912331164118, 18.346526579166003], [-65.75918493939716, 18.345918762448232], [-65.75899988731561, 18.34541316815037], [-65.75886969553379, 18.345402420203992], [-65.75882855409192, 18.34503128319878], [-65.75913685197855, 18.34432125347534], [-65.75963019166842, 18.34411682230903], [-65.76107602612265, 18.34435876466827], [-65.76145289288857, 18.344267294901858], [-65.76164470757293, 18.343670230837585], [-65.76235729480945, 18.343116159006666], [-65.7635427451286, 18.34333660031819], [-65.76467333514802, 18.343062195278222], [-65.7652283031653, 18.342249952549107], [-65.76487192328494, 18.341362473747505], [-65.76507745140229, 18.340889118581654], [-65.765659846857, 18.34032429880436], [-65.76615319197174, 18.3401198680859], [-65.7664887387753, 18.337328226277336], [-65.76625560412857, 18.33522511829946], [-65.7675231539575, 18.33385880329158], [-65.76746829851122, 18.333363952232975], [-65.76777659696928, 18.332653927664502], [-65.76752298086188, 18.331529768702488], [-65.76831090443395, 18.330491593759344], [-65.76825604955908, 18.329996747855706], [-65.76658384848582, 18.3265490396043], [-65.76527497869453, 18.325215182570023], [-65.7645828729187, 18.324790305385076], [-65.76430182937386, 18.323418723471246], [-65.76417163759204, 18.32340797552487], [-65.76382896629124, 18.322644210328807], [-65.76292438584986, 18.32146631118706], [-65.76294486731054, 18.320487362171196], [-65.76277353408686, 18.320105477219606], [-65.76332155555595, 18.318066857367842], [-65.76303356603438, 18.315468903486327], [-65.76310890294135, 18.31498480552907], [-65.76293756971766, 18.314602920577478], [-65.76421883840447, 18.313360314915876], [-65.76446550796368, 18.313258096755238], [-65.76539057529062, 18.31345704732897], [-65.76576743663166, 18.31336557711471], [-65.76623335430898, 18.31291372344443], [-65.76643888242633, 18.31244036827858], [-65.76634288610961, 18.31157438536973], [-65.76644564988257, 18.311337705209322], [-65.7672884343258, 18.310794381772634], [-65.7677406325738, 18.31021881360111], [-65.76888476350203, 18.307739088025446], [-65.76938487607302, 18.30643199423773], [-65.76936421609184, 18.305081908216653], [-65.76958346363851, 18.304732267552048], [-65.76955603620108, 18.30448484460023], [-65.7698027057603, 18.30438262643959], [-65.77022070854319, 18.30466229323054], [-65.77137873199635, 18.30463531674521], [-65.77205712376777, 18.304936479876762], [-65.77270808810175, 18.3049902200565], [-65.77312609088465, 18.30526988684745], [-65.77403743878227, 18.30534512291994], [-65.77513383933291, 18.305925958445265], [-65.77591499544872, 18.30599044657138], [-65.77689491222563, 18.306684242600898], [-65.77768978234587, 18.306872444780403], [-65.78058162377853, 18.309685358933013], [-65.78255517676168, 18.3111966654933], [-65.78337747431935, 18.311632290624622], [-65.78411072096561, 18.312428299659818], [-65.78413814897448, 18.312675727766603], [-65.78586502640209, 18.31428924688471], [-65.78616655140759, 18.314681879782675], [-65.78624883429131, 18.3154241537931], [-65.78655036472169, 18.315816787138914], [-65.78659150616356, 18.316187924144124], [-65.78788666137896, 18.31739806197004], [-65.78909276682586, 18.318968594009753], [-65.7895793439129, 18.319866821205583], [-65.78999734726725, 18.3201464931515], [-65.79051811981941, 18.320189485384862], [-65.79240938991884, 18.320958517934724], [-65.79340978815644, 18.32067336494838], [-65.79504066926734, 18.321420901157637], [-65.79547239147955, 18.32182428244983], [-65.79625354759536, 18.321888770575942], [-65.79733622871667, 18.322345891600023], [-65.79765146715516, 18.322862233396414], [-65.7982133811492, 18.323276362634985], [-65.79885063205019, 18.323206393916294], [-65.79938511803535, 18.32337309504808], [-65.79957016526346, 18.32387869405306], [-65.79970035704528, 18.323889441999437], [-65.79961130670533, 18.324249831058275], [-65.80052960057971, 18.325551439098447], [-65.800584456026, 18.326046290157052], [-65.80059140200274, 18.327272662124734], [-65.80031729900978, 18.32712745173074], [-65.80013919832986, 18.327848229848406], [-65.80041329589794, 18.327993439794554], [-65.80035167299539, 18.328601251805207], [-65.80088615898056, 18.328767952936992], [-65.80133158977232, 18.32929504783473], [-65.80141387265603, 18.33003732184515], [-65.8011330076317, 18.33099477496826], [-65.80202387406867, 18.332048960056618], [-65.80122900394842, 18.331860757877113], [-65.80124271795285, 18.331984471930504], [-65.80181833995499, 18.33252230961965], [-65.80198967860355, 18.33290419501909], [-65.8019006228387, 18.333264583630076], [-65.80211310292913, 18.334017606034724], [-65.80202404716428, 18.33437799464571], [-65.80177737703363, 18.33448020765138], [-65.80135260136962, 18.33530320348184], [-65.8014211702489, 18.33592176343887], [-65.80046191345316, 18.336578053430422], [-65.79969447077035, 18.336637274202737], [-65.79948894265299, 18.337110629368585], [-65.7992422676689, 18.337212847081375], [-65.79870778653718, 18.33704614124247], [-65.79812539108248, 18.337610961019767], [-65.79759090509731, 18.33744425988798], [-65.79437046226641, 18.33864935435665], [-65.7923628929101, 18.340322322950747], [-65.79133523975926, 18.342689082419398], [-65.79077368280623, 18.346933023254707], [-65.79131546153081, 18.352984170687325], [-65.79187755404534, 18.355727334962836], [-65.79172705389847, 18.359024570621415], [-65.79089157304442, 18.365452341254638], [-65.79081640923307, 18.36826547380099], [-65.79055620418993, 18.370573012945176], [-65.78953531906677, 18.371837114499534], [-65.78831567870739, 18.372471908598335], [-65.78924074003803, 18.372670853569254], [-65.79219403127759, 18.37254692112212], [-65.79600381553993, 18.372003378843836], [-65.79882691499768, 18.371868698450324], [-65.79999864645895, 18.371965430415568], [-65.80095113579844, 18.37241180349327], [-65.80200639490721, 18.37262150201338], [-65.80446634103204, 18.372702000284708], [-65.80552159471593, 18.37291169835697], [-65.80687837825874, 18.37351402462008], [-65.80791991793821, 18.373600008638945], [-65.80820773436416, 18.37386892793137], [-65.80829001724787, 18.374611201941793], [-65.80929736203366, 18.375552426078098], [-65.8094207857878, 18.376665831938766], [-65.81012660556807, 18.377214423177108], [-65.8102088884518, 18.377956697187532], [-65.81049669945286, 18.378225616032104], [-65.81046250398775, 18.379080850994576], [-65.81109298686106, 18.380113540190177], [-65.81195642586059, 18.380920302326714], [-65.8121414730887, 18.381425901331696], [-65.81222375597241, 18.38216817534212], [-65.81166878795514, 18.38298041807123], [-65.81173735683443, 18.38359897802826], [-65.81149068727521, 18.3837011961889], [-65.81158668359193, 18.38456717909775], [-65.81273793359252, 18.38564286007886], [-65.81308060003988, 18.386406629982037], [-65.81321773779844, 18.387643749896096], [-65.8150885264372, 18.389391731461824], [-65.81565738155453, 18.391032237375196], [-65.81594519798048, 18.39130115666762], [-65.81676072265702, 18.39283944442035], [-65.81678138206676, 18.39418952528646], [-65.81654842651199, 18.394415457500493], [-65.81547945882367, 18.394082045374837], [-65.8145132506263, 18.39351196295086], [-65.81244388527183, 18.393463708966518], [-65.8110940471343, 18.394087749516125], [-65.81078574924767, 18.394797779239564], [-65.81063507600517, 18.39576598030905], [-65.81077221376374, 18.397003100223113], [-65.81060782166337, 18.397847591946324], [-65.80976504264501, 18.398390915830866], [-65.81163582585889, 18.400138896948743], [-65.81230050419731, 18.40031635118187], [-65.81245812884144, 18.400574522527915], [-65.81381490753083, 18.401176853498143], [-65.81395881274564, 18.401311310342948], [-65.81384233496826, 18.401424276449962], [-65.81413015139421, 18.401693195742386], [-65.81417129283606, 18.402064332747596], [-65.8149798763893, 18.40237624382553], [-65.81555549896288, 18.402914086669643], [-65.81521977849226, 18.40337668873415], [-65.8157816870614, 18.403790817524868], [-65.81567892328846, 18.404027497685277], [-65.81531577538041, 18.404242676797963], [-65.81467852447942, 18.404312645516654], [-65.81486357170753, 18.404818244521636], [-65.81569958326963, 18.405377583706354], [-65.81228037435275, 18.405953369823767], [-65.8096011855347, 18.406222507509934], [-65.80766200653717, 18.406185001024117], [-65.8060859803011, 18.405932310718498], [-65.80406452384474, 18.405152530670108], [-65.80184430130238, 18.40374344227046], [-65.8027763091812, 18.405168764364028], [-65.80284487806048, 18.405787324321057], [-65.80230362404764, 18.406723281103563], [-65.80239962093579, 18.40758926916738], [-65.80326305936387, 18.40839602614895], [-65.80357829837381, 18.40891237310031], [-65.8038249733579, 18.40881015538752], [-65.80411278435896, 18.409079074232096], [-65.80431154559152, 18.40970838729047], [-65.80513384314918, 18.410144012421796], [-65.80536680412884, 18.40991808065561], [-65.8057573794743, 18.409950324494744], [-65.80647691268759, 18.41062262463151], [-65.80641529035648, 18.41123044179713], [-65.80765559069704, 18.411945733719406], [-65.80817636324922, 18.411988725952767], [-65.80836140990588, 18.412494319802782], [-65.80864922690327, 18.412763244250172], [-65.80858759857585, 18.413371055812974], [-65.80963608965693, 18.414683412247374], [-65.80975274595482, 18.4168994811773], [-65.80989665174108, 18.41703394317707], [-65.8084647043869, 18.41924474946031], [-65.80729991890237, 18.42037438946275], [-65.80725201000426, 18.421105915526798], [-65.80765647787467, 18.423590908456262], [-65.80708779585295, 18.424279437131982], [-65.80621758939718, 18.424575338064702], [-65.80454556684441, 18.423456664850235], [-65.80225677542278, 18.42142901649356], [-65.79840567119807, 18.419272386729688], [-65.79666507976602, 18.417535153558187], [-65.79452714010738, 18.416868339168964], [-65.7933554086461, 18.416771607203717], [-65.79310873309056, 18.41687381976154], [-65.79275929918695, 18.41721271292762], [-65.7929169184062, 18.417470883825818], [-65.79266347596587, 18.418675764607862], [-65.79166307772827, 18.418960917594205], [-65.79167679116127, 18.41908462649263], [-65.79114230517611, 18.418917925360848], [-65.79071058838878, 18.418514544516505], [-65.78965533470489, 18.418304846444244], [-65.78949771006077, 18.418046675098196], [-65.78896322892905, 18.417879969259296], [-65.78870283994053, 18.41785847291869], [-65.7884698838143, 18.418084399977754], [-65.78784634748918, 18.418278087904802], [-65.78745577214372, 18.418245844065673], [-65.78699662249409, 18.41759503982166], [-65.78663347458605, 18.417810218934346], [-65.78632517669942, 18.41852024865779], [-65.78659927369605, 18.41866545344897], [-65.7884219749162, 18.418815926041802], [-65.78938817826013, 18.419386013172897], [-65.79182105398853, 18.423877158566285], [-65.79303392689165, 18.42434502753674], [-65.79363698232754, 18.425130293780523], [-65.79503490731223, 18.426103757048846], [-65.79724835697347, 18.4286155080699], [-65.79817341887554, 18.42881445819578], [-65.79846123530147, 18.429083377488205], [-65.79994821062613, 18.429696451697694], [-65.80162700120658, 18.42971246699787], [-65.80336064666189, 18.430223328201688], [-65.80412808877327, 18.430164102274407], [-65.80574525645117, 18.43078792958524], [-65.80680050956363, 18.430997622502534], [-65.80758167110432, 18.431062111076496], [-65.80819148857157, 18.430744713803172], [-65.80927417511776, 18.4312018352751], [-65.81024714591793, 18.430669259336938], [-65.81102830203375, 18.43073374746305], [-65.81267289714908, 18.431604997725703], [-65.81310461936128, 18.432008379017894], [-65.8136049050279, 18.43303031981927], [-65.81334452146426, 18.433008823926514], [-65.81276212600955, 18.43357364370381], [-65.81164524942312, 18.4339717576422], [-65.8084041417576, 18.433826770796912], [-65.80804099384957, 18.4340419499096], [-65.80675277918603, 18.43405818360352], [-65.80525903583369, 18.434547767308324], [-65.80398453460313, 18.43468770990067], [-65.80258678813894, 18.43604328166929], [-65.80220992679791, 18.43613475188355], [-65.8017440091206, 18.436586605553828], [-65.80125066400585, 18.43679103627229], [-65.80086008866039, 18.436758792433157], [-65.80087380266482, 18.43688250648655], [-65.79987339900234, 18.437167659025043], [-65.79977063465795, 18.437404334030486], [-65.79936634587949, 18.437248381292928], [-65.79874280898292, 18.43744206406501], [-65.79875652241591, 18.437565772963435], [-65.79836594164557, 18.437533528676454], [-65.79814669952378, 18.43788316978891], [-65.79750944919422, 18.43795314366257], [-65.79752316319866, 18.43807685771596], [-65.79701610407949, 18.438157574381027], [-65.7967968619577, 18.438507215493484], [-65.79554978873601, 18.438894586192617], [-65.79474815115952, 18.439809047082367], [-65.79320649890909, 18.441030156851216], [-65.79229515101144, 18.440954920778726], [-65.79147285345378, 18.4405192956474], [-65.79056150013126, 18.44044405912706], [-65.78962272422477, 18.440121394947784], [-65.78891690501592, 18.439572808864412], [-65.78831385500492, 18.43878754306848], [-65.78765594469418, 18.43750743092106]], [[-65.8586769579224, 18.43227947993224], [-65.85854816948533, 18.43202698575741], [-65.8580605904479, 18.432784925290758], [-65.85897503525507, 18.429894404375695], [-65.85841801672748, 18.430533594944574], [-65.85725313710147, 18.43252009912578], [-65.85735464725185, 18.43225825761187], [-65.85726382775687, 18.43239323483186], [-65.85362252413738, 18.439569500568744], [-65.85431551852201, 18.437840417543587], [-65.85693261871072, 18.43255255626174], [-65.8571811353023, 18.43138418490886], [-65.85543657624416, 18.43375502237608], [-65.85552671355649, 18.432999597101407], [-65.85545026117266, 18.43306883134861], [-65.85584633811197, 18.431825421605488], [-65.85556331775736, 18.432146172483137], [-65.85715950512346, 18.429440970523995], [-65.85724604898058, 18.42935673772378], [-65.8571911882542, 18.429693516091806], [-65.85738539802593, 18.42969341455568], [-65.85736983339153, 18.429982887760456], [-65.85760132950222, 18.429749810189378], [-65.85961463253317, 18.425237248323455], [-65.85984270878491, 18.424520962114514], [-65.85974821241369, 18.424594818638276], [-65.85986148069556, 18.42419342954944], [-65.85969313956966, 18.424410327854584], [-65.85976129816011, 18.424020493351726], [-65.8603326003778, 18.422583246639384], [-65.86077694942969, 18.422233579514707], [-65.86207087451008, 18.420077481566683], [-65.86248165941936, 18.419078553454895], [-65.8624103393378, 18.418563088446213], [-65.8633221303102, 18.416542119493734], [-65.86414592199942, 18.415251203293575], [-65.86634818102242, 18.40891525455913], [-65.86537529013839, 18.41019471593096], [-65.86367665300146, 18.41296339991589], [-65.8691791276626, 18.40014677395425], [-65.87215155369306, 18.394308627419726], [-65.87358658739781, 18.390477936605976], [-65.87500319047119, 18.387285002336505], [-65.87559488682308, 18.38633902997698], [-65.87553421119131, 18.38664006017113], [-65.8757663060636, 18.386295117484057], [-65.87647661646781, 18.384884322999493], [-65.87706330925862, 18.384312005348256], [-65.88139452914811, 18.375233670773987], [-65.88259442745728, 18.373250609406252], [-65.8827085075039, 18.37325862257466], [-65.88270136544861, 18.37365765095885], [-65.88282506643851, 18.373551487824848], [-65.88277875833836, 18.373786774421294], [-65.88308730559449, 18.37337259748702], [-65.88286885033057, 18.373974706864903], [-65.88340581558275, 18.37315446654733], [-65.88303004982164, 18.374156836319035], [-65.88339272941586, 18.373728792458802], [-65.88349017516053, 18.374038966294858], [-65.88360164757802, 18.37397317192909], [-65.88350107793357, 18.37443337115265], [-65.88363854685255, 18.37437333078678], [-65.88335240301863, 18.375464454099127], [-65.88406031791136, 18.37450112123211], [-65.88192545145465, 18.37909447486325], [-65.88110482130108, 18.38129069004631], [-65.88173046843956, 18.380360844406173], [-65.8806765458459, 18.383125733036938], [-65.88007001147689, 18.38403827071612], [-65.87903392070842, 18.38627726844724], [-65.87793296162633, 18.389600355116528], [-65.8783066731998, 18.389355670412932], [-65.87827580052785, 18.38951252950576], [-65.8774011671978, 18.391511566442254], [-65.87736922616426, 18.39168111059456], [-65.87758113859954, 18.39136616333131], [-65.87466916793394, 18.399001041434325], [-65.87203838281674, 18.404975093743637], [-65.86924464728828, 18.41015925369989], [-65.86519251297437, 18.4192778064204], [-65.86344055437861, 18.42246976136701], [-65.8586769579224, 18.43227947993224]], [[-65.87540842362553, 18.412750854174266], [-65.8743981181264, 18.414474334975086], [-65.87434304528236, 18.414289844191394], [-65.87412270984753, 18.414495236900148], [-65.873259365049, 18.416255546205196], [-65.8731234349771, 18.416402079789638], [-65.87322674141232, 18.415804642927736], [-65.87275331732386, 18.415975570865218], [-65.86837242387472, 18.421243592458314], [-65.86724970545217, 18.42283450991525], [-65.86553610244248, 18.42578080198896], [-65.86457813164607, 18.42782601414385], [-65.8648218567942, 18.427552566650974], [-65.86410419221703, 18.42884112036801], [-65.86414408618514, 18.428681951867237], [-65.86352545236079, 18.42942381367078], [-65.86387428115904, 18.428217331660896], [-65.86376447675026, 18.428158574072715], [-65.86345973553202, 18.4284228265307], [-65.86326886177773, 18.42817382415893], [-65.8628292593142, 18.428571923988322], [-65.86305934443347, 18.428041310429553], [-65.86114336613483, 18.430456060389695], [-65.86009970907577, 18.432051548201567], [-65.85998990508746, 18.431992789988467], [-65.85962876387528, 18.432507328220826], [-65.85940855718161, 18.43250167638198], [-65.8583606235992, 18.434147910392102], [-65.85815525403713, 18.434175695012076], [-65.85866579766703, 18.432307164169643], [-65.86344055437861, 18.42246976136701], [-65.86519251297437, 18.4192778064204], [-65.86931956040456, 18.410003526859033], [-65.8708632839063, 18.40718763871834], [-65.8720486864077, 18.405481364342346], [-65.8664075443743, 18.418581763208966], [-65.86919670104197, 18.414813795110884], [-65.86979348484105, 18.414226480060194], [-65.87300574656072, 18.40753249733841], [-65.87295858133112, 18.40830173992453], [-65.87403858468825, 18.4062749172145], [-65.87287626825675, 18.409278584869693], [-65.87368924054942, 18.40832557751106], [-65.87300278945847, 18.409767497268025], [-65.87250126801023, 18.41163371692404], [-65.8715590753164, 18.41391072209384], [-65.87184376325925, 18.413465419887157], [-65.8724850584086, 18.41297841474157], [-65.8731549590391, 18.41257096819801], [-65.8732832769907, 18.412724284094796], [-65.87433895143458, 18.410567156055848], [-65.87511322770285, 18.409549586341075], [-65.87587873969227, 18.408112238092606], [-65.87517372885287, 18.410402959037725], [-65.87660105928748, 18.408758834823963], [-65.87507046000898, 18.412676068470788], [-65.87504172583122, 18.412807553887713], [-65.87522751260337, 18.412697897797088], [-65.87512326566221, 18.413096976949344], [-65.87540842362553, 18.412750854174266]], [[-65.8708632839063, 18.40718763871834], [-65.8723916993705, 18.4042391364657], [-65.87466916793394, 18.399001041434325], [-65.87758113859954, 18.39136616333131], [-65.87736922616426, 18.39168111059456], [-65.8774011671978, 18.391511566442254], [-65.87827580052785, 18.38951252950576], [-65.8783066731998, 18.389355670412932], [-65.87793296162633, 18.389600355116528], [-65.87903392070842, 18.38627726844724], [-65.88007001147689, 18.38403827071612], [-65.8806765458459, 18.383125733036938], [-65.88173046843956, 18.380360844406173], [-65.88110482130108, 18.38129069004631], [-65.88192545145465, 18.37909447486325], [-65.88406031791136, 18.37450112123211], [-65.88335240301863, 18.375464454099127], [-65.88363854685255, 18.37437333078678], [-65.88350107793357, 18.37443337115265], [-65.88360164757802, 18.37397317192909], [-65.88349017516053, 18.374038966294858], [-65.88339272941586, 18.373728792458802], [-65.88303004982164, 18.374156836319035], [-65.88340581558275, 18.37315446654733], [-65.88286885033057, 18.373974706864903], [-65.88308730559449, 18.37337259748702], [-65.88277875833836, 18.373786774421294], [-65.88282506643851, 18.373551487824848], [-65.88270564150693, 18.373606905914162], [-65.88468653394891, 18.369164707615383], [-65.88805584779793, 18.362492555373453], [-65.88893197465491, 18.36152336937381], [-65.89121722209164, 18.357450052259846], [-65.89143007456782, 18.357333463859803], [-65.89135870916614, 18.357761356569398], [-65.89181054113213, 18.35732288566465], [-65.8916525027117, 18.358046056346982], [-65.89303177366095, 18.356029456984295], [-65.89354936824088, 18.355648614347793], [-65.8934955767616, 18.355972705877868], [-65.8944063823284, 18.3546967363091], [-65.8944146765868, 18.355017335411198], [-65.89458229020993, 18.35512334676965], [-65.89275400750648, 18.35817349256942], [-65.89098998662627, 18.362870444836467], [-65.89118966997954, 18.362595868023657], [-65.89037994259901, 18.36518648806451], [-65.88989176433496, 18.36605629386741], [-65.89012398794841, 18.365500306632736], [-65.88991528236893, 18.365777195160607], [-65.88856376019186, 18.36840730849008], [-65.88851484357706, 18.36856878933083], [-65.88882078320404, 18.368080804862377], [-65.88774868704088, 18.371061361567136], [-65.88650936431904, 18.373302772020807], [-65.88590552230619, 18.37502142800145], [-65.88515176886874, 18.37631922805008], [-65.88537484197985, 18.375976595924506], [-65.88453556861224, 18.378289299653677], [-65.88501673356217, 18.377607477687366], [-65.88325262884044, 18.381572117408652], [-65.88166810934149, 18.38602448713315], [-65.88291966110077, 18.38374270675768], [-65.88278988725811, 18.384235211966566], [-65.88310852594299, 18.38380603700792], [-65.88197319230405, 18.38607045750081], [-65.87938866996687, 18.392752580931955], [-65.87803253040762, 18.39512321585556], [-65.87810055979187, 18.394944427053858], [-65.87712869241435, 18.397154559930932], [-65.876452119749, 18.398060214290282], [-65.87744476836973, 18.395708220344748], [-65.87655889140784, 18.397002627819326], [-65.87382732452853, 18.402915610200477], [-65.8708632839063, 18.40718763871834]], [[-65.90630056851326, 18.3809569117139], [-65.85964238294005, 18.391013213329334], [-65.88947521246116, 18.385000977057253], [-65.92278682169173, 18.37785427587634], [-65.90974787224924, 18.380498213119896], [-65.9111345298722, 18.38019988428678], [-65.90796677548502, 18.380831830680833], [-65.91232580433513, 18.379782913588322], [-65.90630056851326, 18.3809569117139]], [[-65.90859636898102, 18.38061727300218], [-65.90909006497722, 18.38054073545021], [-65.90796677548502, 18.380831830680833], [-65.94297776659594, 18.37381386236267], [-65.94313038831623, 18.373784890772708], [-65.93685143892357, 18.3751653952886], [-65.95829538482472, 18.37098441424709], [-65.95709894444174, 18.3712415932299], [-65.95743376292893, 18.371177102219615], [-65.9843041473683, 18.365659807342325], [-65.99824646042188, 18.362999931868277], [-66.00745162171239, 18.36095808088372], [-65.99982109422896, 18.362221508825627], [-65.98443114109516, 18.365329094106787], [-65.98376326950476, 18.36543552045403], [-65.9877084862928, 18.364556278710914], [-65.98455935756911, 18.365047258103278], [-65.98596933321774, 18.364725456664342], [-65.98152145074569, 18.36560227233502], [-65.98325999015798, 18.365199054682005], [-65.97463663141178, 18.366910686015203], [-65.97555590325759, 18.36669174290804], [-65.96711834378826, 18.368209012860344], [-65.94142203321839, 18.373577194986705], [-65.94129572171714, 18.37360901475065], [-65.94171674231235, 18.373540857802777], [-65.93879780539508, 18.374189993110758], [-65.94817353730537, 18.372277095837124], [-65.93840220923808, 18.374481878263214], [-65.92659586639884, 18.37672956821398], [-65.90859636898102, 18.38061727300218]], [[-65.98703987027656, 18.363817717850196], [-65.96885137766623, 18.367795449915782], [-65.96908945600205, 18.367756231657534], [-65.96711834378826, 18.368209012860344], [-65.97555590325759, 18.36669174290804], [-65.97463663141178, 18.366910686015203], [-65.98325999015798, 18.365199054682005], [-65.98152145074569, 18.36560227233502], [-65.98596933321774, 18.364725456664342], [-65.98455935756911, 18.365047258103278], [-65.9877084862928, 18.364556278710914], [-65.98376326950476, 18.36543552045403], [-65.98443114109516, 18.365329094106787], [-66.00021580460515, 18.362150503703774], [-66.00652215232066, 18.360629981045065], [-66.00054280565836, 18.361750453618416], [-66.02845143396506, 18.355689133101222], [-66.02856496671625, 18.35565917885584], [-66.02826373113123, 18.355714307307757], [-66.04132545561339, 18.352699127300387], [-66.01005511747752, 18.35898143960539], [-66.00875792609052, 18.359266706691635], [-66.01120811719224, 18.358875540015482], [-65.98988150992396, 18.363364941433137], [-65.98968252178948, 18.36340514207399], [-65.994559313151, 18.362262794931], [-65.98693361074113, 18.363835461285472], [-65.98703987027656, 18.363817717850196]], [[-65.99047289000691, 18.363570410544558], [-65.91838309741192, 18.401126170691185], [-66.00199805777726, 18.357566281260606], [-65.99047289000691, 18.363570410544558]], [[-65.99721138380004, 18.360059937719722], [-65.99047289000691, 18.363570410544558], [-66.0409142806473, 18.33729256038769], [-65.99685972644238, 18.36024313646122], [-65.99721138380004, 18.360059937719722]], [[-65.95185356054688, 18.45112252195946], [-65.95161919335938, 18.45067660135135], [-65.95084578320314, 18.450717138513514], [-65.94986144140626, 18.45039283277027], [-65.949533328125, 18.44913614864865], [-65.94908803125, 18.448325383445944], [-65.94718965917968, 18.44690654560811], [-65.94683810839844, 18.446095780405404], [-65.9467209248047, 18.444068869932433], [-65.945900640625, 18.440420429054054], [-65.94653343164063, 18.434745077702704], [-65.94639281152344, 18.432596550675676], [-65.94585376757813, 18.431299327702703], [-65.94498661035156, 18.430650716216217], [-65.94329916796876, 18.43004264189189], [-65.94083831542969, 18.43020479560811], [-65.93966648144531, 18.43004264189189], [-65.93807278613282, 18.42797519256757], [-65.93765092578126, 18.42777250168919], [-65.93633847070313, 18.427934655405405], [-65.93565880664063, 18.42777250168919], [-65.93530725683594, 18.42679958445946], [-65.93488539648438, 18.424205138513514], [-65.93298702441406, 18.418610863175676], [-65.9326823466797, 18.41698933277027], [-65.93197924609376, 18.41674610472973], [-65.93153394921876, 18.417029871621622], [-65.93108865234376, 18.41767848310811], [-65.93069022851563, 18.41917839695946], [-65.92998712792969, 18.419624317567568], [-65.9292840263672, 18.419056782094597], [-65.928698109375, 18.418854091216218], [-65.92827624902344, 18.41743525337838], [-65.92740909179687, 18.416543412162163], [-65.92687004785157, 18.41605695439189], [-65.92576852343751, 18.415651570945947], [-65.92551071972656, 18.415408342905405], [-65.92389358789063, 18.408962763513514], [-65.92162022851564, 18.40442248310811], [-65.92241707617188, 18.397449907094597], [-65.92208896289063, 18.394814922297297], [-65.92347172753907, 18.39315285472973], [-65.92354203710939, 18.393801466216217], [-65.92520604296875, 18.39189617060811], [-65.92539353613282, 18.39185563175676], [-65.92504198535157, 18.389058494932435], [-65.92546384570313, 18.388855802364866], [-65.93125270898437, 18.388572035472976], [-65.93132301855469, 18.39359877533784], [-65.93190893652344, 18.393720390202702], [-65.93181518945313, 18.385937050675675], [-65.93261203710938, 18.381680537162165], [-65.93265891015625, 18.378721246621623], [-65.9318855, 18.37669433445946], [-65.93174487988281, 18.37564034121622], [-65.93183862597657, 18.374343116554055], [-65.9288387294922, 18.374545809121624], [-65.92874498339845, 18.36785700168919], [-65.92672942773439, 18.367938077702703], [-65.92663568066406, 18.362141111486487], [-65.93326826464845, 18.361735728040543], [-65.93425260546876, 18.361735728040543], [-65.93476821289063, 18.362019496621624], [-65.93760405273439, 18.358614285472974], [-65.93856495703126, 18.357195447635135], [-65.93886963378907, 18.35703329391892], [-65.93999459472657, 18.357925135135137], [-65.94062738574219, 18.356708988175676], [-65.94018208789063, 18.355979300675678], [-65.94018208789063, 18.355736070945948], [-65.94055707519531, 18.355209074324325], [-65.94058051171875, 18.354438847972975], [-65.94102580957032, 18.353992927364867], [-65.94083831542969, 18.352614626689192], [-65.94107268261719, 18.352249783783787], [-65.94137735937501, 18.351966015202706], [-65.94177578320313, 18.35188493918919], [-65.94203358691406, 18.3523308597973], [-65.94233826367189, 18.351925478040542], [-65.94238513769531, 18.35139847972973], [-65.9425257578125, 18.35131740371622], [-65.9427366875, 18.351722785472976], [-65.9431116748047, 18.35135794256757], [-65.94325229492188, 18.351439018581083], [-65.94407257910157, 18.35111471283784], [-65.94437725585938, 18.350709331081084], [-65.94468193261719, 18.349776951013514], [-65.94503348339845, 18.35038502533784], [-65.9458303310547, 18.35022287162162], [-65.94585376757813, 18.349371569256757], [-65.9460646982422, 18.349817489864865], [-65.94655686816407, 18.349249954391894], [-65.94641624804687, 18.348844572635137], [-65.94648655859375, 18.34847972804054], [-65.94679123535157, 18.34868241891892], [-65.9470490390625, 18.348277037162163], [-65.9474005888672, 18.348317574324327], [-65.94751777246094, 18.347223042229732], [-65.94768182910157, 18.347304119932435], [-65.94772870312501, 18.34669604560811], [-65.94800994335938, 18.346817660472976], [-65.94808025292969, 18.346047434121623], [-65.94822087304688, 18.345763667229733], [-65.94833805664062, 18.34596635810811], [-65.94845524023438, 18.345763667229733], [-65.94836149316407, 18.34547989864865], [-65.94854898730469, 18.345358283783785], [-65.94904115722656, 18.344142136824328], [-65.9488536640625, 18.343574603040544], [-65.94894741113282, 18.343371910472975], [-65.9501192451172, 18.343371910472975], [-65.9502129921875, 18.342398993243243], [-65.95124420703125, 18.34256114695946], [-65.95171294042969, 18.34300706756757], [-65.95199418066406, 18.342601684121625], [-65.95253322460938, 18.342601684121625], [-65.95389255273437, 18.343209758445948], [-65.95447846972657, 18.343817831081083], [-65.95527531738281, 18.34426375168919], [-65.95595498144532, 18.346290663851352], [-65.9571502529297, 18.347547347972974], [-65.9571502529297, 18.34819595945946], [-65.95757211328126, 18.34941210641892], [-65.957689296875, 18.350263410472973], [-65.95911893457031, 18.35326323817568], [-65.95911893457031, 18.355168535472973], [-65.95940017480468, 18.35581714695946], [-65.95935330175782, 18.356465758445946], [-65.95958766894532, 18.358006211148652], [-65.95942361230469, 18.359343972972976], [-65.95951735839844, 18.363884255067568], [-65.9592595546875, 18.364573403716218], [-65.95930642871095, 18.365911165540542], [-65.95911893457031, 18.366721930743246], [-65.95860332812501, 18.366519239864868], [-65.9579002265625, 18.365627398648652], [-65.95766586035157, 18.365708474662163], [-65.95757211328126, 18.367248927364866], [-65.95726743652344, 18.366519239864868], [-65.95707994238282, 18.366397625], [-65.95691588574219, 18.366478701013516], [-65.95640027832032, 18.367613771959462], [-65.95621278515625, 18.367694847972974], [-65.95548624804688, 18.367127312500003], [-65.95520500781251, 18.367492157094595], [-65.95501751367188, 18.368992070945946], [-65.95461908984376, 18.369275839527027], [-65.95290821191406, 18.3697622972973], [-65.95227542089845, 18.37024875675676], [-65.95171294042969, 18.37024875675676], [-65.95138482714844, 18.37081629222973], [-65.9506582890625, 18.371018983108108], [-65.95089265625, 18.37815371114865], [-65.95178325097656, 18.38301829898649], [-65.95213480078125, 18.38354529560811], [-65.9537519326172, 18.38451821283784], [-65.95696275976563, 18.387193736486488], [-65.95886113085938, 18.388288268581082], [-65.9597282890625, 18.388572035472976], [-65.96036107910156, 18.389301722972974], [-65.96099387011719, 18.38974764358108], [-65.96174384472657, 18.390720560810813], [-65.96307973535157, 18.391571864864865], [-65.96366565332032, 18.392301552364867], [-65.96532965820313, 18.395787839527028], [-65.96568120898438, 18.396193222972975], [-65.96589213867188, 18.39753098310811], [-65.96828268164063, 18.397449907094597], [-65.97097790039062, 18.39927412837838], [-65.97205598828126, 18.400328121621623], [-65.97367312011718, 18.402598261824323], [-65.97496213867187, 18.404787326013516], [-65.97793859765625, 18.408233076013513], [-65.97887606542969, 18.409976219594594], [-65.98037601367187, 18.416381260135136], [-65.98110255175781, 18.421975535472974], [-65.98185252539062, 18.423799755067567], [-65.98377433398437, 18.426191511824324], [-65.98492273242188, 18.42679958445946], [-65.98593050976562, 18.42777250168919], [-65.98897727929688, 18.43227224493243], [-65.98710234472657, 18.435474765202702], [-65.98534459277344, 18.435231535472973], [-65.98522740917969, 18.43762329054054], [-65.98473523828125, 18.43912320608108], [-65.984852421875, 18.43936643581081], [-65.98421963183594, 18.440460967905405], [-65.98405557421876, 18.440501505067566], [-65.98421963183594, 18.440420429054054], [-65.98414932128907, 18.440055584459458], [-65.9838680810547, 18.43989343243243], [-65.98379777050782, 18.43932589695946], [-65.98321185351563, 18.438677285472973], [-65.98290717675782, 18.43790705912162], [-65.98105567773437, 18.43588014695946], [-65.97887606542969, 18.434258618243245], [-65.97812609179688, 18.434055927364867], [-65.97596991601563, 18.43300193412162], [-65.97554805566406, 18.43300193412162], [-65.97437622070312, 18.432596550675676], [-65.97200911523437, 18.432839780405406], [-65.97022792675781, 18.434096466216218], [-65.96947795214844, 18.434826153716216], [-65.9692201484375, 18.43612337668919], [-65.9689154716797, 18.43588014695946], [-65.96863423144532, 18.434826153716216], [-65.9680951875, 18.4339343125], [-65.96659523925781, 18.433204625], [-65.96558746191407, 18.43247493581081], [-65.9646968671875, 18.43243439864865], [-65.96371252636719, 18.432637089527027], [-65.96181415429687, 18.433407315878377], [-65.96038451660156, 18.434380233108108], [-65.95787679003907, 18.436650373310812], [-65.95583779785157, 18.439163743243242], [-65.95492376757812, 18.440623119932432], [-65.95351756542969, 18.443622949324325], [-65.95279102832032, 18.445893089527026], [-65.95262697167969, 18.44913614864865], [-65.95232229394531, 18.450311756756758], [-65.95185356054688, 18.45112252195946]]]}